transaction_id,user_id,product_id,quantity,unit_price,total_amount,payment_method,transaction_date,status,payment_encoded
1,553,110,2,91.9,183.8,debit_card,2026-03-04 00:44:55,completed,2
2,190,21,3,311.61,934.83,credit_card,2026-06-08 09:13:17,pending,1
3,973,496,2,168.6,337.2,debit_card,2026-04-19 03:01:32,completed,2
4,764,351,1,429.96,429.96,cod,2026-06-02 19:12:50,completed,0
5,762,230,1,305.05,305.05,debit_card,2026-01-25 03:00:30,completed,2
6,884,55,3,261.29,783.87,credit_card,2026-07-04 06:10:01,pending,1
7,804,374,2,189.95,379.9,wallet,2026-03-17 06:10:27,completed,4
8,839,246,5,217.11,1085.55,debit_card,2026-05-04 14:37:31,completed,2
9,823,388,2,321.07,642.14,debit_card,2026-04-07 00:16:09,completed,2
10,222,412,1,442.0,442.0,cod,2026-06-05 08:15:22,completed,0
11,729,55,4,261.29,1045.16,wallet,2026-05-08 01:58:04,pending,4
12,331,250,4,38.75,155.0,wallet,2026-01-26 01:26:40,completed,4
13,175,326,4,177.31,709.24,cod,2026-04-24 17:34:25,completed,0
14,926,174,5,238.04,1190.2,cod,2026-05-21 01:59:12,completed,0
15,974,14,4,186.07,744.28,credit_card,2026-03-31 05:05:01,completed,1
16,864,397,2,97.38,194.76,debit_card,2026-02-09 23:52:39,completed,2
17,949,84,5,297.99,1489.95,credit_card,2026-05-02 11:41:46,completed,1
18,969,496,3,168.6,505.8,upi,2026-02-12 22:10:16,cancelled,3
19,426,202,4,54.41,217.64,wallet,2026-06-07 09:07:06,completed,4
20,719,130,5,207.59,1037.95,cod,2026-02-18 18:36:44,completed,0
21,754,153,4,365.76,1463.04,credit_card,2026-03-18 13:55:16,completed,1
22,362,385,2,195.47,390.94,debit_card,2026-07-02 00:45:53,completed,2
23,461,492,3,235.12,705.36,wallet,2026-05-13 09:56:38,completed,4
24,475,238,1,137.15,137.15,upi,2026-04-07 16:00:34,completed,3
25,973,103,5,175.3,876.5,wallet,2026-07-17 14:01:02,completed,4
26,264,328,3,255.59,766.77,cod,2026-07-15 08:59:58,cancelled,0
27,15,253,2,61.79,123.58,upi,2026-01-27 14:08:53,completed,3
28,863,156,5,440.27,2201.35,debit_card,2026-06-24 23:58:05,completed,2
29,422,239,1,346.84,346.84,wallet,2026-07-11 02:01:30,completed,4
30,290,262,2,197.08,394.16,debit_card,2026-06-12 12:08:25,completed,2
31,842,334,2,202.47,404.94,cod,2026-06-25 20:05:33,completed,0
32,683,385,4,195.47,781.88,credit_card,2026-07-09 22:59:45,refunded,1
33,788,58,1,185.88,185.88,upi,2026-04-14 14:38:47,completed,3
34,515,261,4,398.14,1592.56,debit_card,2026-04-04 13:46:17,completed,2
35,52,48,2,40.06,80.12,credit_card,2026-05-17 05:13:17,completed,1
36,932,136,2,27.09,54.18,upi,2026-02-25 20:53:42,completed,3
37,593,144,1,201.69,201.69,upi,2026-04-12 20:10:01,completed,3
38,261,400,1,311.77,311.77,debit_card,2026-01-31 22:14:11,completed,2
39,155,240,4,55.73,222.92,wallet,2026-03-07 01:10:46,completed,4
40,208,77,1,284.08,284.08,wallet,2026-04-18 21:26:34,completed,4
41,161,136,3,27.09,81.27,upi,2026-06-04 05:26:51,completed,3
42,723,467,4,98.98,395.92,credit_card,2026-03-27 04:32:39,completed,1
43,915,447,5,180.91,904.55,debit_card,2026-03-13 09:50:13,pending,2
44,680,452,4,70.23,280.92,upi,2026-01-23 05:22:04,completed,3
45,694,444,1,452.42,452.42,debit_card,2026-03-12 20:14:35,pending,2
46,842,470,4,165.11,660.44,debit_card,2026-06-13 12:01:07,completed,2
47,311,90,3,111.44,334.32,credit_card,2026-05-20 05:51:57,pending,1
48,387,18,2,95.61,191.22,cod,2026-04-29 12:13:06,completed,0
49,103,194,4,106.72,426.88,upi,2026-05-24 23:01:00,completed,3
50,403,455,5,420.56,2102.8,upi,2026-05-20 00:55:20,completed,3
51,99,473,3,475.13,1425.39,credit_card,2026-01-26 22:38:25,completed,1
52,811,21,3,311.61,934.83,upi,2026-02-10 08:22:10,completed,3
53,393,278,5,388.51,1942.55,debit_card,2026-03-07 23:05:35,completed,2
54,391,33,4,476.44,1905.76,debit_card,2026-04-06 06:51:19,refunded,2
55,399,28,5,152.37,761.85,credit_card,2026-05-18 18:01:07,completed,1
56,188,98,5,194.45,972.25,credit_card,2026-04-24 19:46:46,completed,1
57,862,352,3,407.84,1223.52,credit_card,2026-04-15 21:15:57,completed,1
58,174,364,1,81.86,81.86,wallet,2026-01-24 16:41:16,completed,4
59,535,42,5,13.06,65.3,debit_card,2026-02-18 07:26:46,pending,2
60,843,386,5,368.98,1844.9,debit_card,2026-01-26 01:41:21,completed,2
61,424,316,1,203.28,203.28,upi,2026-06-25 22:31:21,completed,3
62,176,216,5,255.93,1279.65,cod,2026-03-11 19:21:26,cancelled,0
63,280,50,1,283.83,283.83,cod,2026-05-07 20:56:18,completed,0
64,502,465,2,228.55,457.1,debit_card,2026-05-20 11:29:48,completed,2
65,892,267,1,340.26,340.26,cod,2026-02-05 10:51:18,completed,0
66,424,277,4,71.48,285.92,cod,2026-05-12 10:11:44,completed,0
67,201,278,1,388.51,388.51,wallet,2026-03-18 12:11:45,completed,4
68,368,156,1,440.27,440.27,cod,2026-05-24 08:29:28,completed,0
69,471,178,3,434.41,1303.23,upi,2026-05-23 20:17:33,completed,3
70,45,157,2,21.37,42.74,debit_card,2026-06-13 08:03:58,refunded,2
71,653,420,4,120.33,481.32,debit_card,2026-03-25 05:32:41,completed,2
72,383,460,5,239.55,1197.75,wallet,2026-01-29 01:41:50,pending,4
73,491,443,2,434.37,868.74,credit_card,2026-06-01 02:04:23,completed,1
74,928,301,2,135.94,271.88,credit_card,2026-02-11 22:44:09,completed,1
75,703,434,1,493.89,493.89,credit_card,2026-03-31 16:15:52,completed,1
76,980,354,1,65.01,65.01,credit_card,2026-01-21 10:58:09,completed,1
77,759,313,1,392.98,392.98,upi,2026-04-16 03:29:42,refunded,3
78,616,83,3,487.4,1462.2,debit_card,2026-04-10 05:13:16,completed,2
79,995,360,4,139.27,557.08,debit_card,2026-02-26 02:31:31,cancelled,2
80,544,15,3,483.13,1449.39,upi,2026-05-24 10:40:50,completed,3
81,504,433,1,185.81,185.81,wallet,2026-05-10 02:12:51,completed,4
82,133,382,5,498.99,2494.95,debit_card,2026-02-20 02:39:11,completed,2
83,295,190,2,364.95,729.9,debit_card,2026-03-24 04:45:09,pending,2
84,515,153,3,365.76,1097.28,cod,2026-07-15 23:58:23,completed,0
85,129,252,3,113.13,339.39,cod,2026-03-09 16:08:57,completed,0
86,492,484,2,183.29,366.58,credit_card,2026-04-04 10:59:44,completed,1
87,204,78,5,486.07,2430.35,wallet,2026-02-21 13:09:06,pending,4
88,537,404,1,245.26,245.26,credit_card,2026-04-25 03:03:39,completed,1
89,413,189,5,376.31,1881.55,wallet,2026-06-06 16:28:32,completed,4
90,884,378,1,59.63,59.63,debit_card,2026-02-21 07:16:55,pending,2
91,38,295,3,243.35,730.05,debit_card,2026-05-18 00:53:02,completed,2
92,646,499,3,279.81,839.43,wallet,2026-06-27 07:00:45,completed,4
93,762,398,1,84.37,84.37,wallet,2026-03-02 15:17:26,completed,4
94,229,72,5,185.17,925.85,debit_card,2026-01-22 12:43:34,completed,2
95,234,20,1,279.68,279.68,wallet,2026-02-22 12:33:37,completed,4
96,288,76,4,167.01,668.04,upi,2026-03-17 18:00:31,completed,3
97,747,455,4,420.56,1682.24,credit_card,2026-03-11 23:40:05,completed,1
98,245,393,3,352.16,1056.48,debit_card,2026-07-04 10:10:36,pending,2
99,154,337,1,105.37,105.37,cod,2026-06-06 10:27:45,completed,0
100,610,29,2,222.34,444.68,upi,2026-05-05 19:10:10,completed,3
101,821,174,5,238.04,1190.2,debit_card,2026-05-26 06:06:42,completed,2
102,201,180,1,431.89,431.89,upi,2026-03-04 21:55:51,completed,3
103,808,186,4,68.82,275.28,wallet,2026-01-31 09:14:19,completed,4
104,753,157,1,21.37,21.37,cod,2026-07-11 23:06:02,completed,0
105,346,496,4,168.6,674.4,wallet,2026-02-18 21:56:18,cancelled,4
106,577,481,3,32.26,96.78,credit_card,2026-03-22 01:29:37,completed,1
107,605,342,4,21.12,84.48,debit_card,2026-06-26 19:42:46,completed,2
108,606,91,5,201.14,1005.7,cod,2026-02-08 21:11:51,pending,0
109,649,279,5,421.69,2108.45,wallet,2026-05-12 17:03:50,completed,4
110,633,282,1,238.69,238.69,wallet,2026-05-02 07:34:48,completed,4
111,827,210,3,444.36,1333.08,debit_card,2026-04-24 04:09:08,completed,2
112,61,150,3,346.8,1040.4,cod,2026-02-13 06:11:37,completed,0
113,589,352,2,407.84,815.68,upi,2026-02-05 11:00:52,completed,3
114,501,36,3,318.04,954.12,debit_card,2026-07-05 02:55:40,completed,2
115,869,38,2,293.07,586.14,wallet,2026-03-20 07:43:25,completed,4
116,229,330,1,283.77,283.77,upi,2026-03-31 20:14:15,completed,3
117,274,19,1,73.24,73.24,debit_card,2026-05-08 01:57:41,completed,2
118,684,432,4,165.09,660.36,wallet,2026-02-01 09:00:35,completed,4
119,262,344,4,54.87,219.48,wallet,2026-01-22 18:31:40,completed,4
120,568,158,3,412.64,1237.92,debit_card,2026-01-28 02:35:07,completed,2
121,352,121,4,411.72,1646.88,debit_card,2026-04-13 06:31:52,completed,2
122,159,455,2,420.56,841.12,cod,2026-01-21 10:57:49,completed,0
123,777,54,3,302.49,907.47,cod,2026-01-27 20:37:29,completed,0
124,859,252,1,113.13,113.13,debit_card,2026-05-14 02:35:09,pending,2
125,656,108,1,162.41,162.41,wallet,2026-02-26 12:09:21,pending,4
126,487,354,3,65.01,195.03,wallet,2026-02-20 23:59:40,completed,4
127,505,326,2,177.31,354.62,wallet,2026-02-25 21:50:19,completed,4
128,181,246,4,217.11,868.44,credit_card,2026-05-14 23:04:47,completed,1
129,753,170,5,362.04,1810.2,wallet,2026-02-16 20:23:34,completed,4
130,662,228,3,267.53,802.59,wallet,2026-03-27 20:15:20,completed,4
131,277,457,2,70.12,140.24,debit_card,2026-06-30 10:09:53,completed,2
132,467,37,2,204.41,408.82,wallet,2026-07-05 07:10:45,refunded,4
133,560,204,4,167.69,670.76,credit_card,2026-06-24 15:47:20,completed,1
134,118,75,1,490.8,490.8,upi,2026-03-07 06:15:59,completed,3
135,228,232,4,209.31,837.24,cod,2026-06-16 17:19:31,completed,0
136,415,315,1,226.06,226.06,cod,2026-05-18 00:24:42,cancelled,0
137,463,194,2,106.72,213.44,upi,2026-04-11 06:13:31,pending,3
138,776,110,4,91.9,367.6,credit_card,2026-05-24 07:33:15,completed,1
139,409,338,4,460.49,1841.96,upi,2026-03-27 05:46:29,completed,3
140,778,419,5,232.88,1164.4,credit_card,2026-05-17 16:56:56,completed,1
141,734,251,1,114.49,114.49,upi,2026-05-23 23:24:39,pending,3
142,26,278,4,388.51,1554.04,wallet,2026-05-15 00:09:05,completed,4
143,855,127,3,444.53,1333.59,wallet,2026-01-26 04:33:25,refunded,4
144,179,304,1,92.82,92.82,upi,2026-07-08 23:47:36,completed,3
145,293,409,1,472.58,472.58,cod,2026-06-26 15:11:37,cancelled,0
146,443,436,3,371.09,1113.27,credit_card,2026-07-06 00:28:32,completed,1
147,205,298,5,260.74,1303.7,debit_card,2026-03-10 04:05:06,pending,2
148,867,64,5,33.66,168.3,wallet,2026-04-19 01:07:06,completed,4
149,560,49,1,441.09,441.09,credit_card,2026-01-28 01:11:16,completed,1
150,100,301,5,135.94,679.7,cod,2026-03-31 02:13:41,cancelled,0
151,110,311,3,81.62,244.86,wallet,2026-07-04 08:57:44,pending,4
152,613,438,2,108.46,216.92,wallet,2026-01-25 21:49:14,pending,4
153,261,132,5,183.61,918.05,cod,2026-03-02 17:36:14,completed,0
154,975,310,5,190.64,953.2,wallet,2026-05-18 07:40:49,completed,4
155,797,265,5,193.8,969.0,debit_card,2026-01-29 11:09:31,completed,2
156,138,378,2,59.63,119.26,cod,2026-01-21 13:03:16,completed,0
157,288,114,1,353.75,353.75,credit_card,2026-06-17 22:51:19,completed,1
158,573,129,3,445.43,1336.29,debit_card,2026-06-22 12:44:43,completed,2
159,622,246,1,217.11,217.11,debit_card,2026-07-16 02:26:50,pending,2
160,201,241,2,122.61,245.22,wallet,2026-04-02 18:42:42,cancelled,4
161,296,443,3,434.37,1303.11,debit_card,2026-03-10 14:43:53,completed,2
162,750,484,2,183.29,366.58,credit_card,2026-03-21 04:06:27,completed,1
163,606,367,1,467.75,467.75,upi,2026-01-23 08:58:54,completed,3
164,280,496,4,168.6,674.4,cod,2026-03-26 10:19:45,completed,0
165,785,71,2,6.27,12.54,wallet,2026-01-29 21:01:56,completed,4
166,786,488,1,493.66,493.66,credit_card,2026-05-23 15:29:24,completed,1
167,746,355,1,326.68,326.68,credit_card,2026-05-18 07:34:15,completed,1
168,240,322,5,393.06,1965.3,cod,2026-06-11 11:33:38,completed,0
169,329,121,4,411.72,1646.88,wallet,2026-05-15 04:37:43,completed,4
170,865,362,5,87.62,438.1,wallet,2026-06-25 05:24:08,completed,4
171,61,436,5,371.09,1855.45,wallet,2026-01-28 01:08:41,completed,4
172,779,56,1,249.97,249.97,debit_card,2026-03-19 10:10:40,pending,2
173,365,25,3,271.12,813.36,wallet,2026-02-27 14:34:24,completed,4
174,93,50,2,283.83,567.66,upi,2026-06-25 03:03:11,pending,3
175,449,205,2,95.52,191.04,wallet,2026-07-03 14:09:35,completed,4
176,806,159,2,246.95,493.9,debit_card,2026-05-24 10:33:50,completed,2
177,291,136,4,27.09,108.36,cod,2026-06-01 01:14:42,completed,0
178,229,35,5,357.14,1785.7,credit_card,2026-04-14 05:40:16,pending,1
179,257,155,3,396.79,1190.37,upi,2026-01-28 07:20:00,completed,3
180,291,19,5,73.24,366.2,upi,2026-05-15 13:26:49,pending,3
181,220,184,2,269.22,538.44,upi,2026-03-23 03:16:57,completed,3
182,597,372,5,269.87,1349.35,debit_card,2026-06-03 05:12:05,completed,2
183,131,307,3,395.83,1187.49,upi,2026-06-06 16:55:15,completed,3
184,324,330,3,283.77,851.31,upi,2026-06-19 02:55:49,completed,3
185,673,14,1,186.07,186.07,wallet,2026-03-25 05:10:39,completed,4
186,784,181,3,160.14,480.42,cod,2026-07-02 23:19:17,completed,0
187,690,476,5,315.09,1575.45,wallet,2026-04-07 01:44:32,completed,4
188,57,11,5,97.26,486.3,credit_card,2026-05-08 03:27:31,completed,1
189,162,322,1,393.06,393.06,upi,2026-04-12 10:52:13,completed,3
190,776,80,1,5.72,5.72,wallet,2026-03-13 12:03:33,completed,4
191,53,158,3,412.64,1237.92,wallet,2026-06-17 11:43:03,pending,4
192,497,314,5,290.94,1454.7,debit_card,2026-06-14 11:47:23,completed,2
193,221,284,1,253.57,253.57,credit_card,2026-06-02 06:28:59,completed,1
194,846,181,2,160.14,320.28,upi,2026-04-02 19:53:42,completed,3
195,593,100,1,208.94,208.94,upi,2026-06-12 18:13:58,completed,3
196,123,208,3,402.12,1206.36,wallet,2026-07-13 11:05:55,cancelled,4
197,127,399,5,186.72,933.6,cod,2026-07-10 03:45:24,completed,0
198,860,256,3,225.55,676.65,debit_card,2026-04-19 06:33:13,completed,2
199,652,220,5,107.39,536.95,debit_card,2026-05-14 04:57:57,completed,2
200,987,319,5,23.69,118.45,upi,2026-07-18 02:02:09,completed,3
201,779,350,3,269.32,807.96,upi,2026-04-25 20:55:35,completed,3
202,359,147,2,393.94,787.88,cod,2026-03-26 01:54:59,completed,0
203,160,291,1,260.6,260.6,debit_card,2026-07-10 02:35:27,completed,2
204,183,405,3,313.87,941.61,wallet,2026-05-05 08:49:55,completed,4
205,371,489,3,424.66,1273.98,upi,2026-07-07 07:08:22,completed,3
206,298,452,1,70.23,70.23,credit_card,2026-04-16 08:01:39,completed,1
207,185,121,4,411.72,1646.88,cod,2026-06-24 09:47:48,pending,0
208,284,497,1,243.34,243.34,debit_card,2026-07-13 12:57:40,refunded,2
209,686,210,4,444.36,1777.44,cod,2026-03-29 15:56:52,completed,0
210,318,337,3,105.37,316.11,wallet,2026-05-18 04:30:24,completed,4
211,876,282,1,238.69,238.69,upi,2026-05-17 01:37:23,completed,3
212,64,131,2,122.59,245.18,debit_card,2026-04-28 19:25:16,completed,2
213,314,106,5,330.15,1650.75,debit_card,2026-04-11 07:43:18,completed,2
214,872,323,1,123.43,123.43,debit_card,2026-06-26 11:50:32,completed,2
215,410,387,3,468.43,1405.29,debit_card,2026-02-17 00:25:14,completed,2
216,210,445,2,252.82,505.64,credit_card,2026-03-03 08:43:55,completed,1
217,97,365,1,370.11,370.11,credit_card,2026-02-23 14:56:35,cancelled,1
218,181,297,4,24.4,97.6,wallet,2026-02-10 10:33:03,completed,4
219,326,162,1,138.2,138.2,cod,2026-06-27 14:36:48,completed,0
220,496,280,3,365.08,1095.24,debit_card,2026-01-23 14:59:16,completed,2
221,457,164,5,403.52,2017.6,upi,2026-03-18 12:19:53,completed,3
222,249,24,2,20.28,40.56,cod,2026-03-19 04:11:53,completed,0
223,652,233,1,357.38,357.38,cod,2026-01-25 11:33:59,completed,0
224,876,392,3,172.52,517.56,credit_card,2026-03-02 21:24:16,pending,1
225,334,357,4,234.56,938.24,wallet,2026-02-17 15:19:10,completed,4
226,662,139,4,212.22,848.88,credit_card,2026-04-05 19:01:07,completed,1
227,672,353,3,183.68,551.04,upi,2026-05-26 03:11:37,completed,3
228,619,414,3,277.29,831.87,debit_card,2026-07-13 17:24:02,refunded,2
229,137,193,1,211.3,211.3,upi,2026-03-20 07:10:24,completed,3
230,310,5,4,243.97,975.88,upi,2026-02-21 13:05:27,completed,3
231,892,7,2,53.32,106.64,credit_card,2026-05-11 16:07:52,completed,1
232,671,149,2,204.47,408.94,cod,2026-03-02 09:03:40,completed,0
233,64,496,1,168.6,168.6,cod,2026-02-01 17:18:26,completed,0
234,831,295,1,243.35,243.35,debit_card,2026-04-16 23:41:10,completed,2
235,880,455,1,420.56,420.56,wallet,2026-07-16 13:27:12,pending,4
236,679,162,4,138.2,552.8,upi,2026-03-25 21:09:19,refunded,3
237,956,80,4,5.72,22.88,wallet,2026-07-01 15:57:48,completed,4
238,882,319,3,23.69,71.07,cod,2026-04-25 18:28:04,completed,0
239,415,139,1,212.22,212.22,cod,2026-02-13 18:04:27,refunded,0
240,847,324,2,179.8,359.6,upi,2026-06-11 05:29:10,completed,3
241,477,283,1,367.95,367.95,upi,2026-02-22 16:41:15,completed,3
242,44,120,4,168.93,675.72,credit_card,2026-06-08 10:11:07,completed,1
243,119,400,1,311.77,311.77,upi,2026-03-27 23:26:54,pending,3
244,331,77,3,284.08,852.24,cod,2026-06-12 22:25:03,completed,0
245,274,323,2,123.43,246.86,credit_card,2026-07-15 19:54:32,completed,1
246,889,423,3,43.85,131.55,debit_card,2026-03-07 13:45:44,completed,2
247,85,297,1,24.4,24.4,credit_card,2026-03-03 06:46:42,completed,1
248,723,45,4,201.19,804.76,credit_card,2026-07-10 22:15:04,cancelled,1
249,928,153,5,365.76,1828.8,wallet,2026-05-04 06:27:06,cancelled,4
250,756,50,1,283.83,283.83,debit_card,2026-06-14 07:07:21,completed,2
251,304,471,3,128.79,386.37,credit_card,2026-04-26 09:29:28,completed,1
252,542,286,3,113.32,339.96,credit_card,2026-04-06 21:53:36,completed,1
253,465,191,4,357.0,1428.0,debit_card,2026-06-03 10:56:48,completed,2
254,323,485,2,411.03,822.06,debit_card,2026-07-16 04:37:17,completed,2
255,959,345,4,122.38,489.52,cod,2026-04-11 04:26:13,completed,0
256,324,285,3,93.68,281.04,wallet,2026-04-19 12:19:34,completed,4
257,343,169,2,383.91,767.82,upi,2026-02-09 03:17:51,pending,3
258,735,419,5,232.88,1164.4,wallet,2026-04-02 00:05:42,completed,4
259,496,433,3,185.81,557.43,credit_card,2026-03-29 19:17:36,completed,1
260,61,166,1,8.64,8.64,credit_card,2026-05-28 05:57:38,completed,1
261,447,341,4,376.33,1505.32,upi,2026-03-03 04:42:58,completed,3
262,867,307,2,395.83,791.66,debit_card,2026-02-09 15:52:46,completed,2
263,543,101,3,72.93,218.79,cod,2026-02-25 10:57:30,completed,0
264,56,110,2,91.9,183.8,debit_card,2026-03-08 14:54:59,completed,2
265,639,166,2,8.64,17.28,credit_card,2026-01-25 08:39:51,completed,1
266,9,403,4,26.67,106.68,debit_card,2026-05-03 03:49:25,completed,2
267,916,212,1,263.94,263.94,wallet,2026-04-20 20:26:36,pending,4
268,98,372,3,269.87,809.61,credit_card,2026-05-07 19:12:46,completed,1
269,703,140,1,44.08,44.08,cod,2026-05-05 11:39:31,completed,0
270,530,334,3,202.47,607.41,upi,2026-04-28 07:05:48,completed,3
271,657,68,5,404.52,2022.6,upi,2026-04-25 21:57:25,completed,3
272,238,457,4,70.12,280.48,credit_card,2026-07-16 17:40:10,pending,1
273,172,301,2,135.94,271.88,cod,2026-06-13 23:28:08,completed,0
274,290,20,3,279.68,839.04,upi,2026-07-10 10:09:26,completed,3
275,640,173,3,423.48,1270.44,cod,2026-05-29 04:59:46,completed,0
276,426,393,2,352.16,704.32,wallet,2026-04-25 10:09:31,completed,4
277,620,180,5,431.89,2159.45,debit_card,2026-04-24 10:35:17,cancelled,2
278,209,267,2,340.26,680.52,upi,2026-02-11 23:24:41,refunded,3
279,636,77,4,284.08,1136.32,credit_card,2026-05-28 14:03:52,completed,1
280,100,469,3,49.77,149.31,wallet,2026-04-21 19:49:07,completed,4
281,422,57,3,493.51,1480.53,upi,2026-05-05 22:25:43,pending,3
282,510,145,2,295.85,591.7,credit_card,2026-06-02 21:37:00,completed,1
283,909,411,4,210.52,842.08,upi,2026-02-07 13:51:57,pending,3
284,871,71,4,6.27,25.08,upi,2026-02-13 05:47:18,completed,3
285,954,18,1,95.61,95.61,cod,2026-06-17 10:41:36,completed,0
286,902,450,5,480.5,2402.5,cod,2026-03-09 15:49:48,completed,0
287,994,454,4,458.97,1835.88,upi,2026-06-15 20:24:06,cancelled,3
288,893,132,2,183.61,367.22,credit_card,2026-05-17 19:52:18,completed,1
289,523,71,5,6.27,31.35,debit_card,2026-04-07 16:59:58,completed,2
290,509,126,2,150.98,301.96,wallet,2026-05-30 05:52:47,completed,4
291,370,228,3,267.53,802.59,credit_card,2026-03-13 16:38:00,completed,1
292,842,108,4,162.41,649.64,debit_card,2026-03-17 02:09:04,cancelled,2
293,937,248,4,300.46,1201.84,cod,2026-05-04 12:18:11,completed,0
294,788,392,4,172.52,690.08,upi,2026-02-24 08:50:26,pending,3
295,406,370,5,157.39,786.95,credit_card,2026-07-12 21:23:23,pending,1
296,381,419,3,232.88,698.64,cod,2026-04-18 15:55:03,completed,0
297,380,239,3,346.84,1040.52,upi,2026-03-12 22:14:55,pending,3
298,562,235,3,348.68,1046.04,debit_card,2026-05-13 13:13:18,completed,2
299,3,255,2,363.37,726.74,credit_card,2026-03-03 23:31:51,completed,1
300,182,340,3,247.95,743.85,debit_card,2026-03-11 18:01:20,completed,2
301,384,23,3,210.74,632.22,upi,2026-06-03 02:31:34,completed,3
302,32,488,4,493.66,1974.64,wallet,2026-04-05 09:44:12,completed,4
303,612,268,2,74.98,149.96,cod,2026-02-26 17:25:50,completed,0
304,293,271,5,337.13,1685.65,wallet,2026-06-02 14:50:59,completed,4
305,866,349,1,239.13,239.13,upi,2026-04-13 15:38:14,completed,3
306,50,403,1,26.67,26.67,cod,2026-05-02 10:51:44,completed,0
307,643,206,5,400.95,2004.75,debit_card,2026-06-20 03:23:59,completed,2
308,437,406,2,360.33,720.66,cod,2026-05-27 14:45:29,completed,0
309,746,395,1,346.18,346.18,upi,2026-07-10 19:39:03,completed,3
310,40,93,2,55.44,110.88,credit_card,2026-01-23 03:26:55,cancelled,1
311,322,152,5,486.39,2431.95,debit_card,2026-03-24 11:39:37,completed,2
312,848,42,3,13.06,39.18,cod,2026-04-12 13:31:54,completed,0
313,285,123,2,28.83,57.66,cod,2026-05-07 20:40:37,completed,0
314,432,218,3,161.45,484.35,debit_card,2026-03-12 16:51:46,completed,2
315,666,239,4,346.84,1387.36,wallet,2026-05-11 21:34:25,completed,4
316,586,262,2,197.08,394.16,wallet,2026-04-11 17:37:47,completed,4
317,830,472,4,354.58,1418.32,wallet,2026-05-01 11:40:46,completed,4
318,272,93,5,55.44,277.2,upi,2026-04-22 01:29:37,completed,3
319,933,409,1,472.58,472.58,credit_card,2026-06-09 07:55:49,completed,1
320,484,233,2,357.38,714.76,wallet,2026-01-29 17:13:18,completed,4
321,181,467,4,98.98,395.92,wallet,2026-02-13 00:10:30,completed,4
322,426,59,2,38.43,76.86,cod,2026-06-29 21:52:57,completed,0
323,867,186,3,68.82,206.46,upi,2026-06-24 04:57:43,completed,3
324,357,137,3,35.51,106.53,credit_card,2026-05-20 15:40:55,completed,1
325,148,461,3,463.09,1389.27,credit_card,2026-02-10 21:39:11,cancelled,1
326,898,81,5,491.64,2458.2,upi,2026-01-30 17:36:14,completed,3
327,584,338,4,460.49,1841.96,credit_card,2026-05-17 17:53:31,completed,1
328,85,467,5,98.98,494.9,cod,2026-07-10 09:03:50,completed,0
329,430,483,1,84.86,84.86,upi,2026-03-17 14:33:38,completed,3
330,462,458,5,119.3,596.5,wallet,2026-02-09 10:37:05,completed,4
331,352,461,2,463.09,926.18,cod,2026-03-30 00:58:38,cancelled,0
332,264,484,3,183.29,549.87,cod,2026-06-25 19:07:54,completed,0
333,409,147,3,393.94,1181.82,credit_card,2026-05-29 05:34:38,pending,1
334,354,71,3,6.27,18.81,wallet,2026-05-09 08:09:02,completed,4
335,152,273,1,476.01,476.01,upi,2026-05-05 08:25:30,completed,3
336,953,407,1,401.5,401.5,cod,2026-05-04 20:46:38,pending,0
337,370,471,1,128.79,128.79,debit_card,2026-02-24 07:01:08,completed,2
338,117,7,5,53.32,266.6,upi,2026-07-03 18:02:01,completed,3
339,642,439,3,313.41,940.23,debit_card,2026-06-18 07:36:41,completed,2
340,665,148,2,329.12,658.24,debit_card,2026-06-07 22:57:31,completed,2
341,94,387,1,468.43,468.43,cod,2026-01-27 14:11:05,completed,0
342,537,375,4,85.82,343.28,debit_card,2026-05-23 03:26:52,completed,2
343,374,401,2,410.43,820.86,debit_card,2026-03-16 06:25:46,completed,2
344,242,43,3,495.96,1487.88,cod,2026-05-22 09:37:37,completed,0
345,707,467,5,98.98,494.9,cod,2026-03-23 16:56:30,completed,0
346,729,350,4,269.32,1077.28,wallet,2026-01-28 22:14:46,completed,4
347,569,466,1,200.83,200.83,credit_card,2026-07-18 05:09:07,completed,1
348,777,123,1,28.83,28.83,wallet,2026-03-01 03:38:07,completed,4
349,540,99,2,143.53,287.06,wallet,2026-07-07 07:26:02,pending,4
350,1000,453,1,345.82,345.82,credit_card,2026-02-22 08:57:18,completed,1
351,224,93,5,55.44,277.2,cod,2026-04-04 04:26:32,completed,0
352,698,336,5,252.0,1260.0,credit_card,2026-02-11 07:58:46,completed,1
353,725,195,3,332.93,998.79,cod,2026-04-03 00:48:11,completed,0
354,771,254,5,193.78,968.9,debit_card,2026-02-22 16:00:59,pending,2
355,198,110,3,91.9,275.7,credit_card,2026-03-20 14:15:13,completed,1
356,694,114,2,353.75,707.5,debit_card,2026-01-22 21:04:17,completed,2
357,330,18,5,95.61,478.05,wallet,2026-03-24 21:41:34,refunded,4
358,383,224,4,448.95,1795.8,debit_card,2026-03-20 05:14:24,completed,2
359,854,353,1,183.68,183.68,cod,2026-02-04 23:11:12,completed,0
360,822,162,3,138.2,414.6,cod,2026-01-24 04:39:53,completed,0
361,917,112,1,359.88,359.88,wallet,2026-01-22 15:34:26,completed,4
362,805,255,3,363.37,1090.11,credit_card,2026-04-21 11:22:09,completed,1
363,987,206,4,400.95,1603.8,wallet,2026-05-28 02:37:58,pending,4
364,824,381,3,79.59,238.77,wallet,2026-02-26 13:54:01,completed,4
365,727,57,2,493.51,987.02,debit_card,2026-04-10 21:10:25,completed,2
366,33,159,4,246.95,987.8,cod,2026-06-22 05:10:34,pending,0
367,76,83,1,487.4,487.4,cod,2026-03-11 03:22:56,completed,0
368,839,34,5,496.28,2481.4,cod,2026-06-07 18:55:17,completed,0
369,106,413,4,330.48,1321.92,cod,2026-05-01 04:51:10,completed,0
370,441,298,4,260.74,1042.96,debit_card,2026-06-05 01:05:26,completed,2
371,328,178,5,434.41,2172.05,credit_card,2026-02-10 11:27:38,completed,1
372,941,169,3,383.91,1151.73,cod,2026-02-08 03:10:13,pending,0
373,523,84,1,297.99,297.99,upi,2026-01-21 21:28:39,completed,3
374,224,196,1,258.23,258.23,wallet,2026-07-01 22:01:05,refunded,4
375,225,66,1,352.24,352.24,upi,2026-03-14 17:16:53,completed,3
376,344,294,1,303.0,303.0,upi,2026-06-05 14:47:58,completed,3
377,604,379,1,97.96,97.96,upi,2026-04-28 13:34:00,completed,3
378,150,7,4,53.32,213.28,credit_card,2026-06-21 00:18:29,completed,1
379,35,88,3,270.28,810.84,wallet,2026-03-12 18:09:28,cancelled,4
380,229,467,4,98.98,395.92,credit_card,2026-04-11 19:36:53,completed,1
381,555,289,3,418.26,1254.78,cod,2026-07-09 21:22:17,completed,0
382,882,393,3,352.16,1056.48,credit_card,2026-07-02 10:16:33,completed,1
383,413,426,2,350.4,700.8,wallet,2026-06-22 17:43:40,completed,4
384,728,137,2,35.51,71.02,upi,2026-05-29 17:15:03,pending,3
385,227,306,4,213.24,852.96,credit_card,2026-03-19 19:43:42,completed,1
386,207,198,1,151.2,151.2,debit_card,2026-01-29 17:17:50,completed,2
387,689,339,4,424.77,1699.08,cod,2026-06-08 19:36:42,completed,0
388,610,6,2,159.39,318.78,debit_card,2026-05-24 06:47:32,completed,2
389,99,321,5,426.03,2130.1499999999996,debit_card,2026-02-18 04:23:53,completed,2
390,849,85,3,426.2,1278.6,cod,2026-06-02 03:58:38,cancelled,0
391,154,279,2,421.69,843.38,cod,2026-01-21 01:53:55,completed,0
392,690,206,2,400.95,801.9,credit_card,2026-07-16 07:06:33,refunded,1
393,12,478,1,305.95,305.95,cod,2026-04-05 08:42:19,cancelled,0
394,617,121,5,411.72,2058.6,debit_card,2026-04-10 10:09:32,completed,2
395,83,197,3,103.33,309.99,credit_card,2026-07-06 11:29:49,completed,1
396,163,36,4,318.04,1272.16,wallet,2026-01-31 20:18:22,completed,4
397,27,354,1,65.01,65.01,cod,2026-03-24 16:25:57,refunded,0
398,642,341,3,376.33,1128.99,cod,2026-05-09 13:18:35,completed,0
399,814,319,4,23.69,94.76,upi,2026-06-25 13:25:50,completed,3
400,555,142,1,214.57,214.57,debit_card,2026-06-21 12:23:24,completed,2
401,110,461,4,463.09,1852.36,debit_card,2026-04-22 10:15:45,completed,2
402,507,408,1,412.7,412.7,credit_card,2026-06-30 20:03:06,cancelled,1
403,7,148,3,329.12,987.36,wallet,2026-04-22 01:22:33,completed,4
404,236,367,5,467.75,2338.75,wallet,2026-02-18 19:31:56,completed,4
405,595,204,5,167.69,838.45,upi,2026-07-01 09:27:14,completed,3
406,435,452,5,70.23,351.15,debit_card,2026-07-04 09:08:57,completed,2
407,95,431,1,498.55,498.55,wallet,2026-06-18 08:15:11,completed,4
408,590,97,1,30.07,30.07,credit_card,2026-05-08 04:54:58,completed,1
409,982,203,4,215.87,863.48,upi,2026-06-21 07:05:26,cancelled,3
410,106,346,5,214.85,1074.25,debit_card,2026-02-16 15:45:04,completed,2
411,70,479,5,223.73,1118.65,debit_card,2026-04-08 11:05:12,completed,2
412,211,15,4,483.13,1932.52,credit_card,2026-02-09 07:14:17,completed,1
413,50,439,3,313.41,940.23,debit_card,2026-07-06 02:11:43,completed,2
414,435,229,2,347.45,694.9,wallet,2026-05-25 23:42:56,cancelled,4
415,813,52,1,448.81,448.81,cod,2026-03-23 18:31:22,completed,0
416,91,283,4,367.95,1471.8,upi,2026-01-30 06:51:28,completed,3
417,822,45,5,201.19,1005.95,credit_card,2026-06-06 02:19:04,completed,1
418,674,215,3,42.06,126.18,cod,2026-07-14 17:47:07,completed,0
419,695,327,4,230.11,920.44,upi,2026-03-09 03:56:16,completed,3
420,184,285,2,93.68,187.36,debit_card,2026-06-10 17:49:25,completed,2
421,478,141,5,90.58,452.9,credit_card,2026-04-23 17:13:29,completed,1
422,870,209,1,19.26,19.26,wallet,2026-02-26 18:26:40,completed,4
423,375,266,4,113.83,455.32,upi,2026-02-21 00:54:37,completed,3
424,279,129,1,445.43,445.43,wallet,2026-07-01 21:06:43,completed,4
425,67,91,4,201.14,804.56,debit_card,2026-04-24 00:11:16,completed,2
426,724,242,1,211.2,211.2,wallet,2026-02-06 03:43:54,completed,4
427,631,293,3,259.7,779.1,cod,2026-05-09 16:24:29,cancelled,0
428,593,8,4,27.12,108.48,cod,2026-04-25 04:57:50,completed,0
429,414,95,5,133.12,665.6,upi,2026-06-07 10:17:47,completed,3
430,593,88,1,270.28,270.28,credit_card,2026-03-05 10:19:00,completed,1
431,189,158,4,412.64,1650.56,cod,2026-05-20 02:00:42,completed,0
432,540,158,2,412.64,825.28,cod,2026-05-17 21:24:44,completed,0
433,605,110,3,91.9,275.7,debit_card,2026-03-12 22:26:49,completed,2
434,634,235,5,348.68,1743.4,upi,2026-06-30 19:17:23,completed,3
435,91,44,3,51.2,153.6,upi,2026-04-07 03:12:32,completed,3
436,83,352,1,407.84,407.84,wallet,2026-02-20 01:18:53,completed,4
437,896,364,4,81.86,327.44,wallet,2026-02-04 00:14:03,completed,4
438,443,463,4,444.36,1777.44,cod,2026-06-08 10:06:31,completed,0
439,594,236,1,293.49,293.49,wallet,2026-05-03 21:12:44,completed,4
440,73,172,2,344.73,689.46,wallet,2026-04-15 02:47:46,completed,4
441,387,360,5,139.27,696.35,cod,2026-04-15 18:27:29,completed,0
442,551,461,4,463.09,1852.36,credit_card,2026-02-11 13:35:00,pending,1
443,277,101,5,72.93,364.65,credit_card,2026-02-05 17:58:06,completed,1
444,42,283,2,367.95,735.9,credit_card,2026-01-25 23:46:23,refunded,1
445,305,15,3,483.13,1449.39,credit_card,2026-05-02 12:31:51,completed,1
446,719,200,2,78.83,157.66,cod,2026-03-08 11:10:50,completed,0
447,651,182,4,290.26,1161.04,wallet,2026-06-26 17:04:40,completed,4
448,826,245,5,491.81,2459.05,cod,2026-02-13 07:31:27,completed,0
449,851,480,4,311.78,1247.12,credit_card,2026-02-17 20:08:23,completed,1
450,685,87,1,81.93,81.93,upi,2026-03-20 11:22:37,completed,3
451,98,72,4,185.17,740.68,upi,2026-02-19 11:12:32,completed,3
452,84,343,3,232.73,698.19,cod,2026-01-21 07:35:42,completed,0
453,251,100,3,208.94,626.82,credit_card,2026-06-24 08:44:41,pending,1
454,853,281,3,205.54,616.62,wallet,2026-04-24 06:21:33,completed,4
455,671,219,2,22.74,45.48,cod,2026-02-02 13:18:19,pending,0
456,917,206,4,400.95,1603.8,debit_card,2026-02-02 10:27:05,completed,2
457,771,487,3,264.7,794.1,wallet,2026-02-19 15:58:11,completed,4
458,854,421,4,368.46,1473.84,cod,2026-07-10 16:43:12,completed,0
459,51,139,1,212.22,212.22,credit_card,2026-06-06 21:26:13,completed,1
460,530,459,1,423.84,423.84,upi,2026-03-08 19:48:14,completed,3
461,291,255,1,363.37,363.37,debit_card,2026-07-18 23:41:41,completed,2
462,79,201,4,323.95,1295.8,wallet,2026-02-21 05:35:36,completed,4
463,650,376,5,44.21,221.05,cod,2026-03-19 09:54:41,completed,0
464,168,309,2,207.28,414.56,credit_card,2026-02-10 10:39:37,completed,1
465,803,405,5,313.87,1569.35,upi,2026-04-21 02:35:26,completed,3
466,377,85,2,426.2,852.4,cod,2026-05-06 03:38:06,completed,0
467,242,388,2,321.07,642.14,debit_card,2026-06-30 16:31:51,completed,2
468,785,256,3,225.55,676.65,cod,2026-05-05 16:33:43,completed,0
469,292,43,4,495.96,1983.84,credit_card,2026-02-15 03:21:07,completed,1
470,880,184,3,269.22,807.66,upi,2026-04-26 20:55:47,pending,3
471,470,443,5,434.37,2171.85,debit_card,2026-06-29 05:10:41,completed,2
472,851,168,3,329.78,989.34,debit_card,2026-04-02 09:20:32,pending,2
473,509,187,5,412.8,2064.0,debit_card,2026-02-19 16:25:46,completed,2
474,207,331,2,431.7,863.4,cod,2026-05-14 13:29:41,completed,0
475,217,72,4,185.17,740.68,cod,2026-03-20 06:59:02,completed,0
476,590,98,2,194.45,388.9,credit_card,2026-05-30 00:37:25,completed,1
477,694,187,1,412.8,412.8,cod,2026-06-04 08:01:36,completed,0
478,710,431,4,498.55,1994.2,credit_card,2026-05-19 07:09:50,completed,1
479,390,222,3,61.44,184.32,cod,2026-02-01 03:36:43,completed,0
480,586,437,3,348.43,1045.29,cod,2026-07-09 15:34:04,completed,0
481,528,42,5,13.06,65.3,credit_card,2026-03-21 03:38:53,completed,1
482,979,439,2,313.41,626.82,upi,2026-02-21 10:53:12,completed,3
483,23,336,4,252.0,1008.0,debit_card,2026-06-23 09:52:09,completed,2
484,609,450,3,480.5,1441.5,debit_card,2026-06-05 04:31:06,completed,2
485,446,368,1,230.99,230.99,debit_card,2026-07-06 17:12:07,completed,2
486,96,254,4,193.78,775.12,cod,2026-07-13 08:53:18,completed,0
487,981,213,1,176.15,176.15,cod,2026-02-13 04:39:45,refunded,0
488,988,125,2,327.23,654.46,debit_card,2026-07-10 22:53:14,completed,2
489,82,472,5,354.58,1772.9,upi,2026-07-18 06:44:20,completed,3
490,396,233,3,357.38,1072.14,wallet,2026-04-05 07:04:09,completed,4
491,159,117,3,192.3,576.9,wallet,2026-02-18 21:07:32,completed,4
492,171,89,1,136.18,136.18,upi,2026-07-12 05:35:55,completed,3
493,766,494,5,130.94,654.7,debit_card,2026-04-13 13:31:28,completed,2
494,390,368,4,230.99,923.96,credit_card,2026-04-20 09:42:53,completed,1
495,258,45,4,201.19,804.76,upi,2026-02-16 11:14:49,completed,3
496,291,458,2,119.3,238.6,debit_card,2026-04-25 02:01:08,completed,2
497,312,17,5,46.95,234.75,upi,2026-05-08 15:39:48,completed,3
498,62,107,5,180.63,903.15,upi,2026-06-13 06:59:36,completed,3
499,52,60,3,146.81,440.43,upi,2026-03-27 06:52:57,completed,3
500,332,27,1,381.2,381.2,cod,2026-02-03 20:07:48,completed,0
501,617,261,3,398.14,1194.42,upi,2026-02-18 09:22:19,completed,3
502,872,342,3,21.12,63.36,credit_card,2026-04-02 18:55:24,completed,1
503,529,383,3,32.74,98.22,debit_card,2026-03-10 07:04:58,completed,2
504,850,472,3,354.58,1063.74,debit_card,2026-04-15 05:52:54,pending,2
505,546,26,2,61.04,122.08,debit_card,2026-04-10 11:58:51,completed,2
506,908,97,1,30.07,30.07,upi,2026-06-02 10:38:55,completed,3
507,981,152,1,486.39,486.39,cod,2026-05-04 12:41:22,completed,0
508,861,417,3,299.9,899.7,upi,2026-02-10 17:20:37,completed,3
509,18,232,1,209.31,209.31,credit_card,2026-04-14 19:34:59,completed,1
510,321,58,5,185.88,929.4,credit_card,2026-03-23 13:05:02,completed,1
511,572,491,2,120.2,240.4,credit_card,2026-06-10 14:10:06,completed,1
512,592,73,2,116.14,232.28,debit_card,2026-05-04 08:34:11,completed,2
513,558,293,2,259.7,519.4,wallet,2026-05-26 09:49:49,completed,4
514,626,317,2,482.46,964.92,cod,2026-03-20 03:58:30,completed,0
515,320,244,1,275.57,275.57,debit_card,2026-03-20 04:08:19,refunded,2
516,237,379,4,97.96,391.84,wallet,2026-03-17 15:04:21,completed,4
517,182,205,2,95.52,191.04,upi,2026-06-16 10:06:43,cancelled,3
518,300,236,4,293.49,1173.96,debit_card,2026-02-25 05:25:01,pending,2
519,643,387,1,468.43,468.43,cod,2026-03-08 00:11:25,completed,0
520,945,224,1,448.95,448.95,cod,2026-02-14 12:13:29,pending,0
521,683,305,3,377.43,1132.29,wallet,2026-06-03 22:28:47,completed,4
522,876,314,4,290.94,1163.76,upi,2026-02-08 11:13:35,completed,3
523,453,336,4,252.0,1008.0,wallet,2026-07-04 00:30:52,completed,4
524,901,83,5,487.4,2437.0,credit_card,2026-07-09 22:21:24,pending,1
525,947,154,1,457.15,457.15,wallet,2026-07-09 08:12:14,completed,4
526,997,68,5,404.52,2022.6,upi,2026-04-10 21:33:31,completed,3
527,54,336,4,252.0,1008.0,debit_card,2026-07-14 18:34:20,completed,2
528,143,168,1,329.78,329.78,credit_card,2026-04-30 02:55:04,completed,1
529,354,121,4,411.72,1646.88,upi,2026-05-01 05:37:32,cancelled,3
530,502,107,1,180.63,180.63,debit_card,2026-04-05 22:35:32,completed,2
531,661,52,2,448.81,897.62,debit_card,2026-07-15 07:24:29,completed,2
532,895,256,5,225.55,1127.75,debit_card,2026-02-23 06:55:18,completed,2
533,180,377,3,405.36,1216.08,wallet,2026-06-05 10:21:34,completed,4
534,582,74,5,189.54,947.7,wallet,2026-06-14 19:30:03,completed,4
535,375,262,1,197.08,197.08,upi,2026-03-17 23:20:22,pending,3
536,270,451,5,80.61,403.05,cod,2026-05-19 13:33:49,completed,0
537,32,372,5,269.87,1349.35,cod,2026-01-30 10:13:46,completed,0
538,8,385,5,195.47,977.35,upi,2026-04-11 18:53:51,completed,3
539,324,112,1,359.88,359.88,credit_card,2026-06-29 10:41:05,completed,1
540,794,115,5,164.69,823.45,upi,2026-05-14 13:09:13,completed,3
541,668,375,1,85.82,85.82,debit_card,2026-06-08 22:55:42,completed,2
542,815,166,5,8.64,43.2,credit_card,2026-07-01 13:19:13,completed,1
543,628,293,1,259.7,259.7,debit_card,2026-02-22 13:40:06,completed,2
544,199,191,3,357.0,1071.0,upi,2026-05-05 16:06:11,completed,3
545,695,454,4,458.97,1835.88,cod,2026-02-06 01:57:31,pending,0
546,607,448,3,439.95,1319.85,upi,2026-06-05 00:56:45,completed,3
547,688,23,5,210.74,1053.7,wallet,2026-05-24 02:19:20,completed,4
548,356,345,1,122.38,122.38,credit_card,2026-07-10 19:02:31,completed,1
549,744,11,3,97.26,291.78,cod,2026-01-29 01:20:48,completed,0
550,855,207,5,490.88,2454.4,debit_card,2026-02-04 08:58:07,pending,2
551,79,285,1,93.68,93.68,cod,2026-04-30 19:38:28,completed,0
552,883,265,1,193.8,193.8,wallet,2026-05-07 12:38:33,completed,4
553,110,159,4,246.95,987.8,credit_card,2026-04-28 07:45:24,completed,1
554,530,374,5,189.95,949.75,cod,2026-03-07 02:27:28,completed,0
555,978,20,3,279.68,839.04,upi,2026-04-16 12:57:24,completed,3
556,724,359,3,117.97,353.91,credit_card,2026-04-25 06:22:26,cancelled,1
557,147,66,1,352.24,352.24,credit_card,2026-04-18 19:41:03,pending,1
558,886,482,4,152.73,610.92,credit_card,2026-02-25 03:32:11,completed,1
559,305,354,1,65.01,65.01,wallet,2026-06-22 14:42:39,completed,4
560,153,170,2,362.04,724.08,upi,2026-05-11 06:43:16,completed,3
561,222,466,3,200.83,602.49,credit_card,2026-01-31 20:31:16,refunded,1
562,679,449,2,174.18,348.36,debit_card,2026-05-14 17:44:03,completed,2
563,336,199,1,121.08,121.08,credit_card,2026-06-03 15:06:33,completed,1
564,192,259,5,415.23,2076.15,cod,2026-02-18 22:22:10,completed,0
565,250,347,2,228.11,456.22,wallet,2026-07-01 00:04:45,completed,4
566,663,87,4,81.93,327.72,wallet,2026-05-13 21:12:32,completed,4
567,788,192,4,29.05,116.2,wallet,2026-02-24 10:01:51,completed,4
568,586,238,4,137.15,548.6,cod,2026-04-01 08:01:14,completed,0
569,314,472,1,354.58,354.58,wallet,2026-06-03 21:13:03,completed,4
570,97,28,2,152.37,304.74,wallet,2026-05-28 08:59:48,pending,4
571,504,82,1,26.73,26.73,cod,2026-05-13 03:51:13,completed,0
572,977,155,4,396.79,1587.16,credit_card,2026-03-13 07:31:20,completed,1
573,406,207,5,490.88,2454.4,upi,2026-04-16 20:59:18,completed,3
574,975,319,4,23.69,94.76,cod,2026-06-27 14:51:56,completed,0
575,773,288,3,441.37,1324.11,upi,2026-03-13 07:46:56,completed,3
576,514,358,1,287.96,287.96,debit_card,2026-02-13 07:53:32,completed,2
577,696,57,4,493.51,1974.04,upi,2026-07-15 20:43:01,completed,3
578,850,205,2,95.52,191.04,cod,2026-06-29 21:05:16,refunded,0
579,824,477,5,383.87,1919.35,debit_card,2026-02-01 02:12:09,completed,2
580,874,85,4,426.2,1704.8,upi,2026-05-15 19:58:52,completed,3
581,302,325,3,369.78,1109.34,debit_card,2026-04-08 01:34:05,completed,2
582,699,392,3,172.52,517.56,credit_card,2026-06-12 16:42:38,completed,1
583,477,376,3,44.21,132.63,credit_card,2026-07-01 15:49:32,completed,1
584,366,112,3,359.88,1079.64,credit_card,2026-06-06 22:45:35,pending,1
585,717,33,2,476.44,952.88,credit_card,2026-07-04 14:15:41,completed,1
586,561,29,1,222.34,222.34,debit_card,2026-01-27 17:32:32,completed,2
587,816,331,2,431.7,863.4,debit_card,2026-02-24 09:06:26,completed,2
588,694,375,4,85.82,343.28,upi,2026-04-06 08:00:06,completed,3
589,517,412,3,442.0,1326.0,credit_card,2026-02-08 10:01:11,completed,1
590,994,365,5,370.11,1850.55,credit_card,2026-04-25 12:22:13,completed,1
591,776,369,2,158.28,316.56,upi,2026-01-22 19:24:59,completed,3
592,605,248,2,300.46,600.92,wallet,2026-04-14 19:48:49,completed,4
593,715,212,1,263.94,263.94,cod,2026-05-01 15:39:43,pending,0
594,361,136,1,27.09,27.09,wallet,2026-02-01 15:41:40,completed,4
595,287,72,5,185.17,925.85,upi,2026-06-25 01:31:00,completed,3
596,394,4,1,198.61,198.61,upi,2026-03-21 21:44:05,pending,3
597,437,28,3,152.37,457.11,upi,2026-04-08 23:30:15,cancelled,3
598,418,444,1,452.42,452.42,upi,2026-05-18 11:39:52,completed,3
599,559,12,5,227.54,1137.7,cod,2026-05-12 23:07:27,completed,0
600,403,315,3,226.06,678.18,wallet,2026-06-18 13:18:35,pending,4
601,86,438,1,108.46,108.46,debit_card,2026-02-26 18:18:33,completed,2
602,605,485,4,411.03,1644.12,credit_card,2026-06-26 21:05:22,pending,1
603,972,218,5,161.45,807.25,wallet,2026-03-09 02:07:34,completed,4
604,922,402,4,164.69,658.76,debit_card,2026-03-08 17:55:00,completed,2
605,562,471,3,128.79,386.37,cod,2026-05-28 04:54:35,pending,0
606,727,203,3,215.87,647.61,upi,2026-01-25 02:56:26,completed,3
607,663,449,3,174.18,522.54,credit_card,2026-05-08 06:30:13,completed,1
608,713,118,3,474.65,1423.95,wallet,2026-05-03 08:56:22,pending,4
609,262,401,2,410.43,820.86,credit_card,2026-01-22 17:40:22,completed,1
610,756,405,2,313.87,627.74,credit_card,2026-04-16 19:09:37,pending,1
611,709,52,2,448.81,897.62,upi,2026-04-11 16:49:56,completed,3
612,322,62,3,44.12,132.36,upi,2026-02-11 08:56:28,completed,3
613,320,434,1,493.89,493.89,credit_card,2026-02-24 18:14:40,pending,1
614,112,244,4,275.57,1102.28,debit_card,2026-03-06 02:59:53,completed,2
615,674,317,5,482.46,2412.3,cod,2026-04-17 16:26:06,completed,0
616,733,469,5,49.77,248.85,upi,2026-02-06 20:55:05,completed,3
617,95,300,4,416.03,1664.12,upi,2026-03-09 12:13:02,completed,3
618,76,471,4,128.79,515.16,debit_card,2026-01-28 22:39:48,pending,2
619,231,150,4,346.8,1387.2,debit_card,2026-05-07 04:45:52,completed,2
620,654,122,2,108.79,217.58,credit_card,2026-06-13 23:34:32,completed,1
621,38,464,1,307.69,307.69,cod,2026-05-08 07:10:07,completed,0
622,700,220,4,107.39,429.56,debit_card,2026-06-21 14:08:04,completed,2
623,263,271,3,337.13,1011.39,credit_card,2026-05-03 03:51:36,completed,1
624,341,226,4,359.81,1439.24,credit_card,2026-04-22 09:36:24,completed,1
625,156,324,1,179.8,179.8,wallet,2026-03-05 12:43:30,refunded,4
626,294,85,1,426.2,426.2,upi,2026-03-02 23:43:27,pending,3
627,186,402,4,164.69,658.76,credit_card,2026-02-07 04:11:04,completed,1
628,795,229,3,347.45,1042.35,debit_card,2026-04-24 18:48:45,completed,2
629,698,183,4,318.58,1274.32,upi,2026-04-22 11:49:57,completed,3
630,130,296,1,125.62,125.62,credit_card,2026-02-14 11:11:13,completed,1
631,194,15,4,483.13,1932.52,wallet,2026-06-11 23:01:06,pending,4
632,911,307,5,395.83,1979.15,debit_card,2026-02-17 09:08:22,completed,2
633,277,197,1,103.33,103.33,debit_card,2026-07-02 17:15:21,completed,2
634,347,125,1,327.23,327.23,credit_card,2026-02-02 20:17:25,completed,1
635,602,453,1,345.82,345.82,wallet,2026-05-03 08:01:44,completed,4
636,5,254,3,193.78,581.34,wallet,2026-02-22 10:03:24,completed,4
637,874,302,1,39.08,39.08,debit_card,2026-05-30 05:30:01,completed,2
638,571,13,3,377.4,1132.2,debit_card,2026-04-19 08:49:07,completed,2
639,165,149,1,204.47,204.47,debit_card,2026-06-26 11:45:37,completed,2
640,17,284,3,253.57,760.71,debit_card,2026-03-04 17:30:46,completed,2
641,341,495,5,344.49,1722.45,debit_card,2026-02-09 15:28:01,completed,2
642,171,279,5,421.69,2108.45,upi,2026-04-24 02:14:08,completed,3
643,161,385,5,195.47,977.35,cod,2026-07-10 05:16:18,completed,0
644,959,308,4,130.99,523.96,upi,2026-03-31 15:12:19,pending,3
645,333,279,5,421.69,2108.45,credit_card,2026-05-18 07:27:14,completed,1
646,678,18,5,95.61,478.05,debit_card,2026-01-28 07:05:46,completed,2
647,754,396,4,354.78,1419.12,wallet,2026-02-22 15:34:22,completed,4
648,39,141,4,90.58,362.32,upi,2026-07-19 11:53:26,completed,3
649,191,83,4,487.4,1949.6,debit_card,2026-07-12 11:26:35,completed,2
650,70,417,5,299.9,1499.5,cod,2026-05-08 07:40:22,completed,0
651,492,48,2,40.06,80.12,upi,2026-04-27 15:09:32,completed,3
652,819,441,1,31.28,31.28,wallet,2026-07-07 03:55:12,pending,4
653,173,328,2,255.59,511.18,upi,2026-04-20 18:13:02,completed,3
654,223,266,4,113.83,455.32,debit_card,2026-04-16 15:52:09,completed,2
655,956,74,4,189.54,758.16,debit_card,2026-01-30 22:07:35,completed,2
656,699,229,3,347.45,1042.35,credit_card,2026-02-17 16:27:13,completed,1
657,407,49,4,441.09,1764.36,upi,2026-05-08 16:59:58,completed,3
658,515,279,4,421.69,1686.76,credit_card,2026-06-13 04:29:27,completed,1
659,481,478,3,305.95,917.85,credit_card,2026-03-28 20:56:32,completed,1
660,859,175,3,115.02,345.06,credit_card,2026-04-04 16:08:24,completed,1
661,592,189,1,376.31,376.31,upi,2026-03-21 06:40:57,completed,3
662,493,159,5,246.95,1234.75,wallet,2026-05-01 09:19:22,completed,4
663,343,5,2,243.97,487.94,wallet,2026-02-25 05:28:17,completed,4
664,336,274,4,39.56,158.24,cod,2026-01-25 10:55:15,completed,0
665,629,219,4,22.74,90.96,credit_card,2026-05-13 20:26:25,completed,1
666,150,75,4,490.8,1963.2,upi,2026-03-12 15:46:53,pending,3
667,914,228,3,267.53,802.59,credit_card,2026-02-10 01:03:40,completed,1
668,717,374,5,189.95,949.75,debit_card,2026-06-02 07:46:55,completed,2
669,725,463,3,444.36,1333.08,cod,2026-01-28 07:26:00,pending,0
670,522,35,1,357.14,357.14,credit_card,2026-02-24 23:09:27,pending,1
671,900,415,1,306.16,306.16,debit_card,2026-06-07 08:38:19,completed,2
672,936,497,2,243.34,486.68,debit_card,2026-03-29 13:20:03,completed,2
673,272,296,5,125.62,628.1,debit_card,2026-03-23 08:02:45,completed,2
674,820,263,5,338.28,1691.4,cod,2026-02-02 14:49:12,pending,0
675,351,415,1,306.16,306.16,wallet,2026-04-13 06:54:37,completed,4
676,843,417,2,299.9,599.8,credit_card,2026-04-12 13:31:46,completed,1
677,20,344,3,54.87,164.61,credit_card,2026-05-08 12:28:35,completed,1
678,315,428,5,171.4,857.0,wallet,2026-05-17 23:28:07,pending,4
679,982,326,5,177.31,886.55,credit_card,2026-04-07 14:54:54,completed,1
680,267,124,1,441.48,441.48,wallet,2026-02-22 00:59:50,completed,4
681,637,7,3,53.32,159.96,upi,2026-02-19 15:29:49,refunded,3
682,343,162,2,138.2,276.4,cod,2026-06-13 10:25:36,completed,0
683,821,101,5,72.93,364.65,wallet,2026-04-11 10:26:45,completed,4
684,573,182,4,290.26,1161.04,wallet,2026-03-27 04:08:57,completed,4
685,985,314,4,290.94,1163.76,debit_card,2026-03-12 11:39:26,completed,2
686,19,471,4,128.79,515.16,wallet,2026-07-10 12:57:05,completed,4
687,488,128,4,492.71,1970.84,debit_card,2026-05-29 18:16:38,completed,2
688,433,239,5,346.84,1734.2,upi,2026-04-23 09:15:20,cancelled,3
689,300,331,2,431.7,863.4,cod,2026-04-13 15:50:50,completed,0
690,242,440,4,26.52,106.08,wallet,2026-03-04 23:04:05,completed,4
691,245,372,5,269.87,1349.35,upi,2026-02-22 02:26:49,completed,3
692,433,225,5,101.98,509.9,credit_card,2026-02-13 22:41:55,completed,1
693,972,80,1,5.72,5.72,credit_card,2026-06-22 00:13:49,cancelled,1
694,23,237,5,263.75,1318.75,wallet,2026-04-14 03:04:26,completed,4
695,259,449,4,174.18,696.72,cod,2026-06-21 11:04:00,completed,0
696,727,395,4,346.18,1384.72,upi,2026-03-29 01:27:15,pending,3
697,598,159,3,246.95,740.85,cod,2026-03-05 15:13:27,completed,0
698,660,481,1,32.26,32.26,credit_card,2026-02-06 03:54:40,completed,1
699,288,136,4,27.09,108.36,wallet,2026-07-19 16:18:12,completed,4
700,238,371,2,264.04,528.08,debit_card,2026-06-20 02:33:34,pending,2
701,505,489,1,424.66,424.66,upi,2026-04-04 19:04:27,completed,3
702,259,208,4,402.12,1608.48,debit_card,2026-04-27 05:18:35,completed,2
703,108,409,1,472.58,472.58,wallet,2026-01-21 13:13:57,completed,4
704,99,382,4,498.99,1995.96,debit_card,2026-04-15 23:15:25,completed,2
705,641,481,2,32.26,64.52,wallet,2026-06-27 17:28:50,cancelled,4
706,752,57,1,493.51,493.51,cod,2026-03-02 23:21:08,completed,0
707,258,119,2,162.52,325.04,cod,2026-07-14 05:12:17,completed,0
708,340,34,5,496.28,2481.4,upi,2026-04-21 16:25:33,completed,3
709,382,332,1,340.07,340.07,cod,2026-05-09 23:56:30,completed,0
710,160,9,1,465.31,465.31,cod,2026-05-30 17:32:34,completed,0
711,452,391,3,188.84,566.52,credit_card,2026-07-09 12:29:48,completed,1
712,495,5,4,243.97,975.88,upi,2026-04-20 17:14:59,completed,3
713,338,442,4,333.18,1332.72,upi,2026-02-28 17:11:41,completed,3
714,111,184,2,269.22,538.44,cod,2026-03-03 21:23:37,completed,0
715,617,16,2,177.22,354.44,wallet,2026-02-08 15:10:39,completed,4
716,217,261,4,398.14,1592.56,wallet,2026-05-03 04:59:55,completed,4
717,312,437,2,348.43,696.86,credit_card,2026-07-09 00:29:09,cancelled,1
718,732,72,5,185.17,925.85,credit_card,2026-06-21 07:28:05,completed,1
719,758,387,3,468.43,1405.29,upi,2026-03-24 06:01:05,completed,3
720,457,161,3,29.58,88.74,cod,2026-06-02 06:34:49,completed,0
721,456,164,1,403.52,403.52,credit_card,2026-05-31 00:09:52,completed,1
722,635,472,3,354.58,1063.74,debit_card,2026-07-13 08:47:35,completed,2
723,654,389,5,318.29,1591.45,credit_card,2026-04-26 11:49:06,completed,1
724,363,196,5,258.23,1291.15,wallet,2026-07-04 05:28:27,completed,4
725,34,417,4,299.9,1199.6,credit_card,2026-05-24 16:33:59,completed,1
726,828,18,3,95.61,286.83,upi,2026-05-26 22:53:43,cancelled,3
727,200,177,2,292.25,584.5,cod,2026-05-09 15:31:53,completed,0
728,21,294,1,303.0,303.0,wallet,2026-06-18 02:28:01,completed,4
729,816,416,5,183.2,916.0,upi,2026-04-12 15:15:38,completed,3
730,766,345,5,122.38,611.9,debit_card,2026-07-02 02:17:41,completed,2
731,643,465,5,228.55,1142.75,cod,2026-07-06 21:35:16,pending,0
732,951,288,4,441.37,1765.48,credit_card,2026-03-03 19:19:06,completed,1
733,747,397,1,97.38,97.38,upi,2026-03-24 00:07:19,completed,3
734,820,16,2,177.22,354.44,credit_card,2026-06-19 08:54:22,completed,1
735,577,344,4,54.87,219.48,upi,2026-03-26 17:02:30,completed,3
736,649,174,3,238.04,714.12,credit_card,2026-04-20 01:36:44,completed,1
737,492,274,5,39.56,197.8,upi,2026-06-26 08:17:50,completed,3
738,143,279,4,421.69,1686.76,cod,2026-06-16 15:49:07,completed,0
739,539,103,4,175.3,701.2,cod,2026-01-31 02:18:56,pending,0
740,788,270,2,75.52,151.04,debit_card,2026-02-26 10:24:18,pending,2
741,956,404,3,245.26,735.78,debit_card,2026-05-02 07:24:17,completed,2
742,819,104,2,17.9,35.8,cod,2026-02-08 14:17:00,completed,0
743,315,371,5,264.04,1320.2,upi,2026-07-09 01:41:57,completed,3
744,901,210,5,444.36,2221.8,wallet,2026-03-20 20:06:07,completed,4
745,639,500,5,484.96,2424.8,credit_card,2026-03-16 11:51:51,pending,1
746,483,469,5,49.77,248.85,credit_card,2026-02-03 06:03:55,completed,1
747,415,243,4,105.53,422.12,wallet,2026-03-17 00:08:20,completed,4
748,27,103,5,175.3,876.5,credit_card,2026-07-07 10:44:53,completed,1
749,861,152,1,486.39,486.39,wallet,2026-03-10 16:46:57,completed,4
750,565,206,5,400.95,2004.75,debit_card,2026-03-13 10:40:30,completed,2
751,510,237,3,263.75,791.25,wallet,2026-06-11 21:10:34,completed,4
752,98,311,4,81.62,326.48,credit_card,2026-05-28 10:23:29,completed,1
753,213,266,4,113.83,455.32,upi,2026-05-08 01:01:50,completed,3
754,252,110,5,91.9,459.5,debit_card,2026-05-19 23:19:02,completed,2
755,999,221,4,422.94,1691.76,credit_card,2026-03-25 02:20:36,cancelled,1
756,697,196,1,258.23,258.23,debit_card,2026-05-09 19:31:45,cancelled,2
757,282,4,4,198.61,794.44,cod,2026-03-16 08:05:22,pending,0
758,468,134,2,157.63,315.26,upi,2026-06-02 15:37:02,completed,3
759,682,71,3,6.27,18.81,upi,2026-07-01 01:45:27,completed,3
760,788,195,5,332.93,1664.65,cod,2026-04-15 00:21:28,completed,0
761,947,396,3,354.78,1064.34,upi,2026-03-19 02:32:48,completed,3
762,321,303,3,263.74,791.22,credit_card,2026-05-27 06:04:32,completed,1
763,171,367,2,467.75,935.5,cod,2026-05-25 01:26:56,refunded,0
764,609,98,5,194.45,972.25,upi,2026-04-10 00:26:02,completed,3
765,62,383,4,32.74,130.96,debit_card,2026-02-11 16:47:27,cancelled,2
766,603,88,2,270.28,540.56,cod,2026-03-05 19:19:15,completed,0
767,378,402,2,164.69,329.38,cod,2026-07-17 10:53:54,pending,0
768,105,109,2,283.99,567.98,wallet,2026-02-02 23:59:35,completed,4
769,175,192,3,29.05,87.15,upi,2026-01-25 13:26:34,completed,3
770,682,161,5,29.58,147.9,credit_card,2026-02-17 11:42:36,refunded,1
771,866,488,4,493.66,1974.64,debit_card,2026-03-02 17:22:28,completed,2
772,970,457,1,70.12,70.12,upi,2026-03-13 01:27:49,completed,3
773,16,166,5,8.64,43.2,wallet,2026-04-18 14:39:08,cancelled,4
774,818,25,1,271.12,271.12,credit_card,2026-03-21 23:11:48,completed,1
775,624,316,1,203.28,203.28,debit_card,2026-05-13 17:38:16,cancelled,2
776,572,363,3,18.05,54.15,credit_card,2026-02-27 10:20:09,completed,1
777,752,172,2,344.73,689.46,debit_card,2026-04-26 17:07:43,cancelled,2
778,50,87,1,81.93,81.93,wallet,2026-03-01 02:14:30,completed,4
779,681,272,2,148.87,297.74,debit_card,2026-06-22 18:58:50,completed,2
780,653,214,3,32.01,96.03,cod,2026-06-23 14:47:05,completed,0
781,829,438,1,108.46,108.46,debit_card,2026-05-03 22:23:46,completed,2
782,342,233,4,357.38,1429.52,credit_card,2026-05-26 15:51:44,completed,1
783,469,246,1,217.11,217.11,wallet,2026-03-13 12:56:28,completed,4
784,383,153,1,365.76,365.76,upi,2026-05-31 12:56:27,completed,3
785,244,336,1,252.0,252.0,debit_card,2026-04-02 03:47:47,completed,2
786,165,34,1,496.28,496.28,cod,2026-05-01 20:37:57,cancelled,0
787,794,343,5,232.73,1163.65,credit_card,2026-05-12 05:01:17,pending,1
788,803,233,4,357.38,1429.52,wallet,2026-03-18 17:57:24,completed,4
789,845,285,5,93.68,468.4,cod,2026-05-20 22:01:31,cancelled,0
790,953,61,4,322.07,1288.28,debit_card,2026-05-08 23:26:23,completed,2
791,617,1,2,23.2,46.4,wallet,2026-05-23 02:00:35,refunded,4
792,354,351,4,429.96,1719.84,cod,2026-06-24 03:41:05,completed,0
793,904,93,3,55.44,166.32,cod,2026-04-21 03:43:34,completed,0
794,37,419,3,232.88,698.64,credit_card,2026-03-29 03:05:33,completed,1
795,864,7,5,53.32,266.6,cod,2026-04-18 09:06:56,completed,0
796,104,488,4,493.66,1974.64,cod,2026-05-02 03:11:45,completed,0
797,230,392,4,172.52,690.08,credit_card,2026-04-02 22:14:53,completed,1
798,241,61,2,322.07,644.14,debit_card,2026-03-17 21:56:35,completed,2
799,130,131,3,122.59,367.77,credit_card,2026-06-18 06:51:05,completed,1
800,656,213,3,176.15,528.45,credit_card,2026-07-11 09:09:28,completed,1
801,627,402,4,164.69,658.76,wallet,2026-02-18 03:21:01,completed,4
802,707,336,1,252.0,252.0,credit_card,2026-03-21 08:36:04,pending,1
803,109,239,5,346.84,1734.2,cod,2026-06-26 16:47:36,completed,0
804,303,254,2,193.78,387.56,wallet,2026-06-28 03:21:00,completed,4
805,424,255,1,363.37,363.37,wallet,2026-04-15 00:50:01,completed,4
806,850,346,2,214.85,429.7,cod,2026-02-08 23:46:58,cancelled,0
807,16,457,4,70.12,280.48,credit_card,2026-06-19 07:58:47,completed,1
808,11,314,2,290.94,581.88,upi,2026-04-09 18:02:03,completed,3
809,38,425,1,155.87,155.87,credit_card,2026-06-05 19:38:06,completed,1
810,14,438,5,108.46,542.3,upi,2026-03-05 13:48:34,completed,3
811,486,381,1,79.59,79.59,debit_card,2026-02-04 16:09:15,completed,2
812,783,241,4,122.61,490.44,credit_card,2026-05-07 16:38:09,completed,1
813,476,50,3,283.83,851.49,credit_card,2026-02-08 18:20:01,completed,1
814,207,157,5,21.37,106.85,cod,2026-03-13 06:25:53,completed,0
815,765,283,2,367.95,735.9,credit_card,2026-01-31 10:41:38,completed,1
816,595,223,4,415.79,1663.16,cod,2026-04-04 16:18:46,completed,0
817,213,151,3,172.24,516.72,credit_card,2026-06-08 08:06:31,completed,1
818,313,335,4,240.89,963.56,wallet,2026-02-22 23:08:53,completed,4
819,934,259,1,415.23,415.23,debit_card,2026-07-05 21:43:10,completed,2
820,894,375,3,85.82,257.46,debit_card,2026-06-24 14:53:06,pending,2
821,353,248,4,300.46,1201.84,wallet,2026-04-07 03:24:52,completed,4
822,851,195,1,332.93,332.93,cod,2026-07-08 11:47:03,completed,0
823,468,359,1,117.97,117.97,credit_card,2026-02-05 18:02:40,completed,1
824,650,178,3,434.41,1303.23,credit_card,2026-07-04 08:17:05,completed,1
825,837,291,2,260.6,521.2,debit_card,2026-07-03 06:34:07,completed,2
826,144,430,2,103.06,206.12,cod,2026-06-08 05:15:22,completed,0
827,911,467,4,98.98,395.92,credit_card,2026-03-23 21:36:26,completed,1
828,398,400,4,311.77,1247.08,upi,2026-06-24 10:06:09,completed,3
829,674,496,2,168.6,337.2,upi,2026-03-08 21:02:37,completed,3
830,812,346,5,214.85,1074.25,debit_card,2026-05-04 16:55:47,completed,2
831,890,270,1,75.52,75.52,wallet,2026-07-06 07:54:42,completed,4
832,774,64,3,33.66,100.98,wallet,2026-06-29 14:47:02,completed,4
833,519,9,3,465.31,1395.93,cod,2026-05-04 23:04:31,completed,0
834,433,115,4,164.69,658.76,wallet,2026-02-04 03:47:42,completed,4
835,141,472,1,354.58,354.58,wallet,2026-06-09 10:11:06,completed,4
836,830,230,3,305.05,915.15,credit_card,2026-02-25 09:17:16,completed,1
837,467,16,1,177.22,177.22,debit_card,2026-02-20 02:48:41,completed,2
838,499,350,1,269.32,269.32,cod,2026-02-14 13:50:59,cancelled,0
839,547,256,4,225.55,902.2,cod,2026-06-16 13:45:26,completed,0
840,635,131,3,122.59,367.77,credit_card,2026-04-06 14:56:23,completed,1
841,70,364,4,81.86,327.44,debit_card,2026-07-16 16:45:56,completed,2
842,156,185,4,13.87,55.48,wallet,2026-06-24 18:10:03,completed,4
843,160,161,5,29.58,147.9,cod,2026-05-01 14:49:15,refunded,0
844,158,114,5,353.75,1768.75,cod,2026-03-27 03:44:09,completed,0
845,284,205,4,95.52,382.08,wallet,2026-05-14 08:11:47,completed,4
846,465,131,1,122.59,122.59,wallet,2026-07-12 08:27:45,completed,4
847,761,386,5,368.98,1844.9,credit_card,2026-04-20 12:56:52,completed,1
848,114,265,2,193.8,387.6,credit_card,2026-03-10 16:55:20,pending,1
849,73,342,4,21.12,84.48,upi,2026-06-02 06:32:53,completed,3
850,858,393,5,352.16,1760.8,credit_card,2026-05-27 17:43:36,pending,1
851,958,233,3,357.38,1072.14,debit_card,2026-03-09 18:26:34,completed,2
852,205,427,1,254.84,254.84,cod,2026-03-19 22:44:04,completed,0
853,379,213,4,176.15,704.6,credit_card,2026-04-01 02:40:55,completed,1
854,985,179,4,73.0,292.0,wallet,2026-03-05 10:01:05,pending,4
855,137,245,1,491.81,491.81,upi,2026-07-02 16:01:23,completed,3
856,605,4,5,198.61,993.05,wallet,2026-04-18 02:36:04,cancelled,4
857,309,51,2,315.9,631.8,upi,2026-06-19 16:48:20,completed,3
858,499,182,2,290.26,580.52,credit_card,2026-03-25 04:28:07,completed,1
859,59,413,1,330.48,330.48,credit_card,2026-01-25 16:43:47,completed,1
860,339,472,2,354.58,709.16,upi,2026-02-09 02:38:59,completed,3
861,138,409,4,472.58,1890.32,cod,2026-04-25 02:58:06,completed,0
862,249,257,5,474.36,2371.8,upi,2026-03-03 05:32:24,completed,3
863,797,283,3,367.95,1103.85,credit_card,2026-07-04 15:40:57,completed,1
864,441,76,3,167.01,501.03,cod,2026-05-24 01:18:44,completed,0
865,648,77,4,284.08,1136.32,upi,2026-03-08 09:49:27,completed,3
866,528,479,1,223.73,223.73,upi,2026-06-26 02:52:35,refunded,3
867,112,152,2,486.39,972.78,wallet,2026-05-09 19:06:54,completed,4
868,706,5,1,243.97,243.97,wallet,2026-06-21 02:18:36,completed,4
869,989,490,1,283.5,283.5,cod,2026-06-10 04:19:41,completed,0
870,368,2,3,330.51,991.53,upi,2026-05-09 22:22:04,completed,3
871,71,347,1,228.11,228.11,debit_card,2026-06-01 17:57:14,completed,2
872,25,366,4,19.14,76.56,credit_card,2026-04-29 17:14:59,completed,1
873,291,371,3,264.04,792.12,upi,2026-07-15 17:12:14,completed,3
874,239,273,5,476.01,2380.05,cod,2026-05-02 06:10:34,completed,0
875,733,165,1,232.2,232.2,upi,2026-02-16 23:52:45,completed,3
876,770,196,4,258.23,1032.92,credit_card,2026-05-14 04:54:30,completed,1
877,258,299,3,112.21,336.63,upi,2026-02-26 17:20:35,completed,3
878,682,336,3,252.0,756.0,wallet,2026-04-11 06:53:32,completed,4
879,344,283,1,367.95,367.95,upi,2026-02-17 07:35:11,pending,3
880,54,265,4,193.8,775.2,upi,2026-02-23 14:16:27,completed,3
881,603,38,3,293.07,879.21,debit_card,2026-04-20 19:57:37,completed,2
882,332,318,4,220.51,882.04,cod,2026-02-28 07:12:22,completed,0
883,166,5,1,243.97,243.97,credit_card,2026-02-05 22:02:58,completed,1
884,230,446,5,155.94,779.7,debit_card,2026-01-24 10:58:22,cancelled,2
885,475,105,2,267.07,534.14,debit_card,2026-05-14 16:02:51,completed,2
886,766,69,1,250.59,250.59,debit_card,2026-04-25 23:01:27,completed,2
887,547,180,4,431.89,1727.56,debit_card,2026-05-09 21:22:12,completed,2
888,704,54,1,302.49,302.49,debit_card,2026-06-28 17:42:00,completed,2
889,965,495,1,344.49,344.49,debit_card,2026-02-14 23:07:49,pending,2
890,807,500,3,484.96,1454.88,upi,2026-06-28 08:33:20,completed,3
891,884,23,2,210.74,421.48,debit_card,2026-06-13 01:30:45,cancelled,2
892,526,443,4,434.37,1737.48,cod,2026-04-24 02:18:47,pending,0
893,678,269,1,473.75,473.75,upi,2026-03-31 11:23:49,refunded,3
894,43,107,3,180.63,541.89,debit_card,2026-07-05 10:34:51,cancelled,2
895,223,384,5,448.37,2241.85,upi,2026-05-11 02:40:57,completed,3
896,430,202,5,54.41,272.05,cod,2026-06-14 02:10:05,completed,0
897,110,150,3,346.8,1040.4,wallet,2026-03-21 19:54:50,completed,4
898,285,499,3,279.81,839.43,debit_card,2026-01-22 08:07:34,refunded,2
899,50,268,5,74.98,374.9,upi,2026-05-19 19:45:14,completed,3
900,905,260,5,232.32,1161.6,debit_card,2026-02-08 12:57:55,completed,2
901,572,321,3,426.03,1278.09,upi,2026-02-18 10:32:39,completed,3
902,317,22,5,408.53,2042.65,wallet,2026-06-27 09:48:30,pending,4
903,919,199,4,121.08,484.32,upi,2026-04-14 12:08:49,refunded,3
904,81,363,4,18.05,72.2,debit_card,2026-02-25 03:56:33,completed,2
905,344,158,2,412.64,825.28,debit_card,2026-01-22 05:14:23,completed,2
906,845,248,3,300.46,901.38,credit_card,2026-06-02 08:13:36,pending,1
907,157,469,5,49.77,248.85,cod,2026-04-04 09:55:12,completed,0
908,280,37,4,204.41,817.64,credit_card,2026-04-01 01:19:54,completed,1
909,734,234,3,358.62,1075.86,credit_card,2026-06-12 16:08:10,completed,1
910,242,354,3,65.01,195.03,wallet,2026-07-10 21:53:52,completed,4
911,985,17,3,46.95,140.85,credit_card,2026-04-07 20:31:08,pending,1
912,146,311,1,81.62,81.62,debit_card,2026-07-13 17:13:20,completed,2
913,631,458,2,119.3,238.6,upi,2026-06-03 00:21:12,completed,3
914,308,143,2,132.65,265.3,cod,2026-07-18 08:47:18,completed,0
915,89,28,2,152.37,304.74,cod,2026-02-27 17:06:44,pending,0
916,280,92,4,476.29,1905.16,wallet,2026-02-27 06:02:33,completed,4
917,448,461,5,463.09,2315.45,upi,2026-03-15 00:56:11,completed,3
918,780,379,2,97.96,195.92,credit_card,2026-06-09 23:23:24,completed,1
919,412,384,5,448.37,2241.85,upi,2026-05-13 00:25:17,completed,3
920,891,278,5,388.51,1942.55,credit_card,2026-06-01 10:52:28,completed,1
921,567,143,5,132.65,663.25,debit_card,2026-06-21 13:35:54,completed,2
922,171,184,1,269.22,269.22,wallet,2026-06-27 08:07:48,completed,4
923,186,42,4,13.06,52.24,upi,2026-04-05 08:49:17,pending,3
924,740,176,4,133.98,535.92,wallet,2026-06-08 18:10:46,completed,4
925,263,195,5,332.93,1664.65,upi,2026-03-16 20:23:12,completed,3
926,521,311,4,81.62,326.48,upi,2026-04-08 19:19:28,completed,3
927,925,212,5,263.94,1319.7,credit_card,2026-03-11 19:58:35,completed,1
928,628,326,2,177.31,354.62,upi,2026-02-28 06:19:09,completed,3
929,733,355,5,326.68,1633.4,wallet,2026-04-06 22:23:54,completed,4
930,93,69,5,250.59,1252.95,credit_card,2026-05-30 08:38:36,completed,1
931,632,87,2,81.93,163.86,credit_card,2026-06-15 17:57:38,completed,1
932,180,175,3,115.02,345.06,upi,2026-05-14 23:22:30,completed,3
933,446,433,2,185.81,371.62,wallet,2026-02-25 09:23:46,completed,4
934,3,425,1,155.87,155.87,cod,2026-04-15 10:27:31,completed,0
935,68,43,2,495.96,991.92,wallet,2026-07-09 05:45:04,completed,4
936,574,164,1,403.52,403.52,cod,2026-01-28 13:49:26,refunded,0
937,431,284,2,253.57,507.14,wallet,2026-07-03 21:10:05,completed,4
938,366,225,2,101.98,203.96,wallet,2026-05-14 18:45:41,completed,4
939,736,170,5,362.04,1810.2,wallet,2026-03-04 03:39:36,cancelled,4
940,326,439,2,313.41,626.82,cod,2026-05-31 11:57:20,completed,0
941,382,440,2,26.52,53.04,debit_card,2026-02-11 14:03:19,completed,2
942,693,442,4,333.18,1332.72,credit_card,2026-05-26 14:55:55,completed,1
943,886,36,3,318.04,954.12,credit_card,2026-03-17 14:36:37,completed,1
944,982,420,5,120.33,601.65,cod,2026-01-24 05:05:21,refunded,0
945,836,481,4,32.26,129.04,wallet,2026-04-22 12:08:22,refunded,4
946,365,96,3,405.6,1216.8,wallet,2026-03-14 16:20:55,completed,4
947,27,306,4,213.24,852.96,wallet,2026-02-27 18:09:30,completed,4
948,458,246,3,217.11,651.33,credit_card,2026-03-02 20:47:01,completed,1
949,201,204,4,167.69,670.76,wallet,2026-06-01 18:39:06,completed,4
950,485,62,2,44.12,88.24,credit_card,2026-04-08 03:16:11,completed,1
951,769,488,2,493.66,987.32,cod,2026-06-17 08:41:24,pending,0
952,72,240,1,55.73,55.73,wallet,2026-05-08 14:41:19,completed,4
953,452,122,4,108.79,435.16,wallet,2026-05-23 14:55:53,completed,4
954,902,178,2,434.41,868.82,debit_card,2026-03-21 16:01:43,completed,2
955,85,402,1,164.69,164.69,upi,2026-03-24 22:43:30,completed,3
956,731,239,1,346.84,346.84,cod,2026-06-22 18:48:20,completed,0
957,911,78,3,486.07,1458.21,upi,2026-06-11 04:11:37,completed,3
958,112,326,2,177.31,354.62,credit_card,2026-04-23 17:16:12,completed,1
959,849,41,2,395.21,790.42,cod,2026-01-22 22:09:55,completed,0
960,482,379,1,97.96,97.96,credit_card,2026-03-04 17:48:24,completed,1
961,770,92,5,476.29,2381.45,credit_card,2026-05-19 13:30:50,completed,1
962,98,471,2,128.79,257.58,upi,2026-03-19 18:37:28,completed,3
963,268,175,4,115.02,460.08,wallet,2026-07-10 02:47:56,completed,4
964,510,479,4,223.73,894.92,upi,2026-06-28 18:34:10,completed,3
965,14,323,2,123.43,246.86,upi,2026-04-04 02:04:38,completed,3
966,342,243,5,105.53,527.65,wallet,2026-01-29 04:01:36,completed,4
967,197,410,5,195.74,978.7,debit_card,2026-06-12 20:21:17,completed,2
968,48,328,5,255.59,1277.95,credit_card,2026-07-10 01:50:38,completed,1
969,773,182,5,290.26,1451.3,wallet,2026-02-23 20:01:52,completed,4
970,335,474,1,284.92,284.92,cod,2026-07-02 17:40:24,completed,0
971,275,105,3,267.07,801.21,upi,2026-04-12 10:24:27,pending,3
972,827,326,5,177.31,886.55,wallet,2026-05-19 11:52:26,completed,4
973,948,468,4,214.12,856.48,upi,2026-03-15 06:26:37,pending,3
974,117,461,3,463.09,1389.27,cod,2026-07-09 10:55:40,completed,0
975,545,101,3,72.93,218.79,cod,2026-03-19 22:06:41,pending,0
976,438,271,3,337.13,1011.39,wallet,2026-06-29 20:13:39,completed,4
977,770,126,2,150.98,301.96,upi,2026-02-17 06:24:44,completed,3
978,293,339,1,424.77,424.77,credit_card,2026-05-19 00:48:29,completed,1
979,130,421,4,368.46,1473.84,cod,2026-01-25 20:56:41,pending,0
980,792,77,3,284.08,852.24,credit_card,2026-05-11 22:57:28,completed,1
981,9,180,2,431.89,863.78,cod,2026-07-08 15:57:37,completed,0
982,325,426,1,350.4,350.4,cod,2026-04-01 02:23:25,completed,0
983,277,338,3,460.49,1381.47,cod,2026-02-01 11:48:26,completed,0
984,162,238,4,137.15,548.6,credit_card,2026-06-21 04:14:15,completed,1
985,353,24,3,20.28,60.84,debit_card,2026-06-03 18:45:40,completed,2
986,308,176,3,133.98,401.94,upi,2026-07-02 09:46:48,completed,3
987,692,74,5,189.54,947.7,wallet,2026-06-14 10:44:00,completed,4
988,57,144,5,201.69,1008.45,upi,2026-06-15 19:29:36,pending,3
989,555,87,1,81.93,81.93,wallet,2026-03-09 12:11:59,completed,4
990,240,308,4,130.99,523.96,debit_card,2026-04-24 23:29:05,completed,2
991,374,210,1,444.36,444.36,cod,2026-01-29 01:59:01,completed,0
992,293,42,1,13.06,13.06,credit_card,2026-01-28 12:05:36,cancelled,1
993,687,349,4,239.13,956.52,cod,2026-06-05 06:49:19,completed,0
994,120,206,3,400.95,1202.85,upi,2026-07-06 17:42:00,pending,3
995,842,79,1,466.54,466.54,upi,2026-01-30 01:42:00,completed,3
996,643,135,1,196.83,196.83,credit_card,2026-02-10 22:24:02,pending,1
997,328,338,3,460.49,1381.47,debit_card,2026-06-17 01:28:02,completed,2
998,171,160,3,419.64,1258.92,debit_card,2026-01-25 16:39:02,completed,2
999,856,433,5,185.81,929.05,upi,2026-05-16 06:29:04,completed,3
1000,758,225,4,101.98,407.92,credit_card,2026-04-12 18:39:44,completed,1
1001,771,215,3,42.06,126.18,wallet,2026-03-31 02:51:39,completed,4
1002,102,148,4,329.12,1316.48,wallet,2026-04-28 19:33:38,completed,4
1003,278,380,1,144.65,144.65,credit_card,2026-04-17 09:00:24,pending,1
1004,742,231,3,140.43,421.29,upi,2026-06-06 08:56:07,completed,3
1005,92,299,3,112.21,336.63,cod,2026-03-07 00:25:15,completed,0
1006,101,375,4,85.82,343.28,credit_card,2026-04-16 14:28:21,completed,1
1007,885,328,1,255.59,255.59,cod,2026-05-27 13:01:42,completed,0
1008,67,144,2,201.69,403.38,debit_card,2026-06-18 19:54:53,completed,2
1009,979,165,1,232.2,232.2,debit_card,2026-04-15 18:22:42,completed,2
1010,640,245,3,491.81,1475.43,credit_card,2026-04-01 14:39:01,completed,1
1011,970,383,1,32.74,32.74,cod,2026-04-26 16:59:35,completed,0
1012,949,369,4,158.28,633.12,wallet,2026-06-03 21:07:09,completed,4
1013,229,125,3,327.23,981.69,wallet,2026-07-19 08:07:58,completed,4
1014,974,274,3,39.56,118.68,upi,2026-06-10 03:01:00,completed,3
1015,867,64,4,33.66,134.64,wallet,2026-03-14 06:55:40,cancelled,4
1016,418,294,2,303.0,606.0,debit_card,2026-05-30 16:49:39,completed,2
1017,66,242,4,211.2,844.8,debit_card,2026-07-05 08:58:22,completed,2
1018,263,33,4,476.44,1905.76,debit_card,2026-06-17 16:15:15,completed,2
1019,167,120,2,168.93,337.86,cod,2026-06-20 19:06:51,completed,0
1020,83,490,3,283.5,850.5,credit_card,2026-04-18 00:00:11,pending,1
1021,892,439,2,313.41,626.82,debit_card,2026-01-26 02:04:33,completed,2
1022,739,18,3,95.61,286.83,wallet,2026-07-07 04:04:34,completed,4
1023,206,331,4,431.7,1726.8,upi,2026-03-06 14:27:10,completed,3
1024,658,14,1,186.07,186.07,debit_card,2026-03-07 01:25:38,completed,2
1025,552,366,1,19.14,19.14,cod,2026-03-20 04:36:41,completed,0
1026,362,102,2,494.75,989.5,credit_card,2026-07-03 19:24:24,completed,1
1027,153,325,5,369.78,1848.9,debit_card,2026-05-29 07:08:43,completed,2
1028,176,196,4,258.23,1032.92,credit_card,2026-06-18 08:48:24,pending,1
1029,966,436,2,371.09,742.18,upi,2026-01-31 04:47:07,completed,3
1030,233,48,3,40.06,120.18,cod,2026-05-21 20:50:43,completed,0
1031,609,425,4,155.87,623.48,wallet,2026-02-19 12:08:20,completed,4
1032,215,407,1,401.5,401.5,upi,2026-07-17 15:26:43,completed,3
1033,517,407,5,401.5,2007.5,upi,2026-04-22 04:47:49,refunded,3
1034,645,126,5,150.98,754.9,cod,2026-01-30 21:05:18,completed,0
1035,512,415,3,306.16,918.48,upi,2026-02-20 18:26:40,completed,3
1036,570,499,1,279.81,279.81,wallet,2026-03-06 22:48:20,completed,4
1037,673,65,5,306.37,1531.85,upi,2026-02-20 04:03:49,completed,3
1038,225,492,3,235.12,705.36,cod,2026-04-02 12:11:29,completed,0
1039,715,469,5,49.77,248.85000000000002,cod,2026-05-09 18:44:33,completed,0
1040,977,492,1,235.12,235.12,cod,2026-03-23 12:15:42,completed,0
1041,505,335,5,240.89,1204.45,cod,2026-02-23 05:15:32,pending,0
1042,995,323,5,123.43,617.15,upi,2026-06-27 11:05:36,cancelled,3
1043,922,15,1,483.13,483.13,credit_card,2026-05-16 05:25:23,completed,1
1044,927,391,5,188.84,944.2,credit_card,2026-05-06 03:26:35,completed,1
1045,940,314,3,290.94,872.82,cod,2026-06-24 10:15:22,completed,0
1046,806,254,1,193.78,193.78,cod,2026-02-16 07:25:34,completed,0
1047,337,240,3,55.73,167.19,cod,2026-04-14 04:52:31,completed,0
1048,472,500,1,484.96,484.96,credit_card,2026-07-03 23:37:10,completed,1
1049,359,103,1,175.3,175.3,wallet,2026-05-28 08:38:52,completed,4
1050,849,184,1,269.22,269.22,upi,2026-02-14 05:01:08,completed,3
1051,910,439,4,313.41,1253.64,upi,2026-06-14 16:24:12,completed,3
1052,919,65,4,306.37,1225.48,upi,2026-02-08 00:09:00,completed,3
1053,101,390,5,200.93,1004.65,wallet,2026-02-09 14:16:25,completed,4
1054,891,167,1,243.46,243.46,wallet,2026-05-27 11:37:38,completed,4
1055,985,72,3,185.17,555.51,cod,2026-02-06 11:09:49,pending,0
1056,489,229,4,347.45,1389.8,cod,2026-05-28 18:26:46,completed,0
1057,321,134,3,157.63,472.89,credit_card,2026-05-25 14:49:56,completed,1
1058,419,350,4,269.32,1077.28,credit_card,2026-03-11 14:48:56,completed,1
1059,5,470,5,165.11,825.55,wallet,2026-06-29 09:49:31,completed,4
1060,364,424,5,465.47,2327.35,debit_card,2026-06-04 06:08:41,pending,2
1061,665,205,5,95.52,477.6,wallet,2026-07-06 07:27:25,completed,4
1062,704,170,5,362.04,1810.2,wallet,2026-05-08 04:21:48,completed,4
1063,547,314,2,290.94,581.88,wallet,2026-04-03 18:34:25,completed,4
1064,241,83,5,487.4,2437.0,wallet,2026-01-21 18:55:54,completed,4
1065,530,256,5,225.55,1127.75,debit_card,2026-03-10 00:37:27,completed,2
1066,925,178,5,434.41,2172.05,upi,2026-05-28 01:40:07,pending,3
1067,195,423,5,43.85,219.25,cod,2026-02-19 21:57:08,completed,0
1068,158,277,1,71.48,71.48,wallet,2026-05-09 08:22:59,completed,4
1069,174,482,3,152.73,458.19,upi,2026-03-09 16:30:22,completed,3
1070,530,81,4,491.64,1966.56,upi,2026-07-03 11:14:03,completed,3
1071,725,275,4,331.41,1325.64,upi,2026-07-05 00:42:12,cancelled,3
1072,117,184,1,269.22,269.22,wallet,2026-04-02 04:43:37,pending,4
1073,271,325,3,369.78,1109.34,upi,2026-02-10 18:35:04,completed,3
1074,635,318,5,220.51,1102.55,debit_card,2026-07-17 07:59:19,completed,2
1075,460,277,3,71.48,214.44,credit_card,2026-01-23 05:39:43,pending,1
1076,351,277,1,71.48,71.48,wallet,2026-06-29 22:59:00,pending,4
1077,545,325,4,369.78,1479.12,cod,2026-04-15 10:34:40,completed,0
1078,788,276,1,88.48,88.48,upi,2026-07-14 20:14:38,completed,3
1079,483,342,4,21.12,84.48,wallet,2026-02-27 16:02:19,completed,4
1080,719,139,3,212.22,636.66,upi,2026-07-03 06:16:23,completed,3
1081,293,157,5,21.37,106.85,upi,2026-07-10 08:41:49,completed,3
1082,903,151,3,172.24,516.72,credit_card,2026-06-13 09:37:05,completed,1
1083,919,414,4,277.29,1109.16,upi,2026-02-06 19:05:10,completed,3
1084,493,5,4,243.97,975.88,debit_card,2026-04-04 22:26:16,completed,2
1085,259,323,1,123.43,123.43,upi,2026-04-13 18:00:46,completed,3
1086,776,47,3,9.6,28.8,credit_card,2026-05-03 01:14:26,completed,1
1087,312,284,3,253.57,760.71,cod,2026-07-06 18:03:20,completed,0
1088,213,67,5,67.83,339.15,upi,2026-05-09 14:43:10,completed,3
1089,115,269,2,473.75,947.5,cod,2026-05-09 02:11:20,completed,0
1090,915,318,1,220.51,220.51,wallet,2026-04-30 09:38:50,completed,4
1091,604,305,1,377.43,377.43,debit_card,2026-03-19 10:30:34,completed,2
1092,676,102,3,494.75,1484.25,cod,2026-02-15 13:48:28,cancelled,0
1093,282,446,2,155.94,311.88,cod,2026-02-17 18:39:08,completed,0
1094,935,422,3,410.66,1231.98,debit_card,2026-07-06 16:07:51,completed,2
1095,353,345,2,122.38,244.76,debit_card,2026-06-01 08:42:40,completed,2
1096,264,81,2,491.64,983.28,wallet,2026-06-03 07:43:46,completed,4
1097,612,117,5,192.3,961.5,wallet,2026-03-01 20:56:18,completed,4
1098,295,88,2,270.28,540.56,cod,2026-07-12 02:24:24,completed,0
1099,240,378,1,59.63,59.63,upi,2026-06-19 22:19:02,completed,3
1100,243,268,1,74.98,74.98,upi,2026-01-26 07:33:41,completed,3
1101,781,366,4,19.14,76.56,cod,2026-03-13 06:16:54,completed,0
1102,264,159,2,246.95,493.9,wallet,2026-03-16 08:35:51,completed,4
1103,447,278,5,388.51,1942.55,cod,2026-04-01 01:47:28,completed,0
1104,535,174,1,238.04,238.04,upi,2026-04-21 02:53:18,refunded,3
1105,203,103,1,175.3,175.3,debit_card,2026-07-17 02:13:58,completed,2
1106,419,296,3,125.62,376.86,wallet,2026-01-30 23:35:37,refunded,4
1107,443,95,4,133.12,532.48,wallet,2026-02-10 17:21:23,pending,4
1108,607,20,1,279.68,279.68,credit_card,2026-01-27 12:38:36,refunded,1
1109,716,87,1,81.93,81.93,cod,2026-07-02 19:04:05,refunded,0
1110,188,272,4,148.87,595.48,debit_card,2026-06-11 04:50:08,completed,2
1111,541,235,1,348.68,348.68,credit_card,2026-05-30 11:42:26,refunded,1
1112,585,326,2,177.31,354.62,debit_card,2026-05-14 01:31:38,completed,2
1113,478,259,2,415.23,830.46,wallet,2026-02-10 18:47:37,completed,4
1114,982,454,5,458.97,2294.85,credit_card,2026-01-21 08:09:22,completed,1
1115,184,196,2,258.23,516.46,debit_card,2026-02-27 00:56:13,completed,2
1116,574,112,4,359.88,1439.52,credit_card,2026-04-18 14:11:11,completed,1
1117,265,364,2,81.86,163.72,cod,2026-07-11 15:24:06,completed,0
1118,268,199,1,121.08,121.08,cod,2026-07-17 23:25:23,completed,0
1119,153,77,1,284.08,284.08,wallet,2026-07-01 16:25:08,completed,4
1120,573,429,1,202.27,202.27,upi,2026-03-08 18:32:19,completed,3
1121,915,257,4,474.36,1897.44,cod,2026-02-18 19:13:25,completed,0
1122,921,185,1,13.87,13.87,upi,2026-02-03 13:02:20,pending,3
1123,849,182,3,290.26,870.78,cod,2026-03-10 00:46:15,pending,0
1124,395,13,2,377.4,754.8,debit_card,2026-02-18 23:47:38,completed,2
1125,901,320,3,473.13,1419.39,wallet,2026-03-12 19:55:31,completed,4
1126,875,284,4,253.57,1014.28,cod,2026-05-08 07:00:26,completed,0
1127,758,189,4,376.31,1505.24,wallet,2026-07-08 04:21:53,completed,4
1128,701,23,2,210.74,421.48,wallet,2026-03-08 06:55:06,completed,4
1129,394,492,4,235.12,940.48,credit_card,2026-02-17 12:21:24,completed,1
1130,533,154,4,457.15,1828.6,cod,2026-04-10 23:40:59,completed,0
1131,600,472,2,354.58,709.16,debit_card,2026-04-07 08:58:38,completed,2
1132,528,97,3,30.07,90.21,cod,2026-06-25 22:11:17,completed,0
1133,366,268,4,74.98,299.92,wallet,2026-07-18 13:19:25,completed,4
1134,102,446,5,155.94,779.7,wallet,2026-03-15 01:30:14,completed,4
1135,647,111,4,14.86,59.44,wallet,2026-06-06 17:28:57,completed,4
1136,66,51,3,315.9,947.7,wallet,2026-01-29 00:48:34,completed,4
1137,298,164,2,403.52,807.04,cod,2026-05-03 17:11:07,completed,0
1138,762,204,1,167.69,167.69,wallet,2026-03-08 11:24:44,completed,4
1139,414,361,2,96.02,192.04,upi,2026-05-11 17:33:45,completed,3
1140,806,81,2,491.64,983.28,credit_card,2026-02-02 01:18:42,pending,1
1141,661,357,1,234.56,234.56,debit_card,2026-01-23 08:19:14,completed,2
1142,337,174,2,238.04,476.08,wallet,2026-03-02 08:53:42,refunded,4
1143,750,390,1,200.93,200.93,upi,2026-06-27 13:33:01,completed,3
1144,501,262,4,197.08,788.32,upi,2026-03-28 05:57:12,completed,3
1145,51,446,5,155.94,779.7,upi,2026-06-24 20:29:42,completed,3
1146,668,6,1,159.39,159.39,debit_card,2026-02-06 11:22:10,completed,2
1147,981,369,5,158.28,791.4,upi,2026-05-03 15:28:34,completed,3
1148,162,270,1,75.52,75.52,debit_card,2026-06-16 13:22:23,completed,2
1149,630,446,3,155.94,467.82,cod,2026-06-30 20:34:25,completed,0
1150,525,15,2,483.13,966.26,debit_card,2026-07-06 11:28:51,completed,2
1151,348,95,2,133.12,266.24,cod,2026-07-16 03:48:37,completed,0
1152,743,468,3,214.12,642.36,cod,2026-02-16 14:17:47,completed,0
1153,97,355,4,326.68,1306.72,wallet,2026-07-01 15:42:06,completed,4
1154,184,301,2,135.94,271.88,debit_card,2026-04-23 10:57:46,completed,2
1155,228,422,2,410.66,821.32,cod,2026-05-05 01:59:30,completed,0
1156,692,63,3,318.98,956.94,cod,2026-04-26 11:32:42,completed,0
1157,100,295,5,243.35,1216.75,debit_card,2026-05-20 16:23:57,completed,2
1158,288,26,2,61.04,122.08,upi,2026-02-22 22:44:02,completed,3
1159,197,480,2,311.78,623.56,wallet,2026-03-24 02:56:33,completed,4
1160,782,460,5,239.55,1197.75,debit_card,2026-03-27 17:44:35,pending,2
1161,150,486,1,71.6,71.6,upi,2026-07-05 04:37:34,completed,3
1162,613,400,4,311.77,1247.08,cod,2026-04-26 17:28:49,completed,0
1163,742,434,1,493.89,493.89,upi,2026-07-02 02:15:49,completed,3
1164,333,382,5,498.99,2494.95,debit_card,2026-01-21 06:51:33,completed,2
1165,503,88,4,270.28,1081.12,upi,2026-07-18 02:23:30,completed,3
1166,4,193,5,211.3,1056.5,upi,2026-05-10 11:16:27,completed,3
1167,965,416,5,183.2,916.0,cod,2026-07-16 17:00:46,completed,0
1168,807,137,1,35.51,35.51,wallet,2026-06-24 14:42:57,completed,4
1169,691,452,5,70.23,351.15,debit_card,2026-05-20 14:14:50,pending,2
1170,723,16,3,177.22,531.66,wallet,2026-05-16 02:37:01,completed,4
1171,624,143,3,132.65,397.95,credit_card,2026-05-07 11:26:00,completed,1
1172,631,236,2,293.49,586.98,upi,2026-05-10 13:28:59,completed,3
1173,74,403,2,26.67,53.34,debit_card,2026-03-17 10:16:50,completed,2
1174,837,435,5,462.49,2312.45,wallet,2026-06-10 08:27:35,completed,4
1175,175,349,4,239.13,956.52,credit_card,2026-07-01 09:22:53,completed,1
1176,716,381,5,79.59,397.95,credit_card,2026-05-17 16:57:49,completed,1
1177,543,234,4,358.62,1434.48,debit_card,2026-06-17 19:08:29,cancelled,2
1178,876,463,2,444.36,888.72,cod,2026-05-21 20:21:55,completed,0
1179,703,76,4,167.01,668.04,cod,2026-01-20 22:32:37,completed,0
1180,799,120,2,168.93,337.86,cod,2026-06-24 20:49:11,completed,0
1181,399,492,1,235.12,235.12,upi,2026-02-21 23:58:18,completed,3
1182,285,20,2,279.68,559.36,debit_card,2026-02-28 22:15:43,completed,2
1183,624,168,5,329.78,1648.9,cod,2026-04-25 04:21:20,completed,0
1184,253,174,3,238.04,714.12,upi,2026-06-28 04:51:58,completed,3
1185,794,303,1,263.74,263.74,wallet,2026-06-08 05:24:26,completed,4
1186,357,276,2,88.48,176.96,cod,2026-02-17 01:36:20,completed,0
1187,146,423,4,43.85,175.4,debit_card,2026-03-23 05:26:27,completed,2
1188,993,434,4,493.89,1975.56,upi,2026-04-12 16:31:22,completed,3
1189,42,178,4,434.41,1737.64,debit_card,2026-05-09 21:56:22,cancelled,2
1190,430,119,1,162.52,162.52,debit_card,2026-05-21 11:28:43,pending,2
1191,942,271,2,337.13,674.26,debit_card,2026-07-10 12:09:27,completed,2
1192,837,104,5,17.9,89.5,upi,2026-03-17 03:43:59,completed,3
1193,147,242,3,211.2,633.6,cod,2026-02-15 04:42:40,completed,0
1194,131,164,3,403.52,1210.56,credit_card,2026-05-02 16:06:07,pending,1
1195,581,171,4,197.2,788.8,cod,2026-06-12 16:59:09,completed,0
1196,212,81,5,491.64,2458.2,cod,2026-03-03 13:19:32,completed,0
1197,526,12,5,227.54,1137.7,credit_card,2026-05-23 14:05:37,pending,1
1198,998,57,4,493.51,1974.04,wallet,2026-05-07 14:24:59,completed,4
1199,74,218,2,161.45,322.9,credit_card,2026-04-02 19:01:50,refunded,1
1200,640,237,5,263.75,1318.75,upi,2026-07-12 03:14:56,completed,3
1201,159,450,1,480.5,480.5,debit_card,2026-06-19 21:16:08,completed,2
1202,393,221,3,422.94,1268.82,debit_card,2026-05-02 11:48:34,completed,2
1203,401,475,4,385.73,1542.92,cod,2026-01-29 01:08:12,completed,0
1204,447,278,5,388.51,1942.55,cod,2026-03-20 16:14:14,completed,0
1205,799,451,2,80.61,161.22,credit_card,2026-04-11 11:49:07,completed,1
1206,268,133,5,17.74,88.7,wallet,2026-06-15 15:11:35,pending,4
1207,195,492,2,235.12,470.24,upi,2026-03-06 02:43:21,completed,3
1208,122,208,1,402.12,402.12,cod,2026-02-13 00:04:29,pending,0
1209,215,89,5,136.18,680.9,credit_card,2026-01-31 08:34:22,completed,1
1210,596,480,4,311.78,1247.12,debit_card,2026-02-24 16:34:40,refunded,2
1211,990,353,4,183.68,734.72,upi,2026-06-29 15:33:37,completed,3
1212,135,354,4,65.01,260.04,wallet,2026-04-02 17:30:56,completed,4
1213,594,413,3,330.48,991.44,cod,2026-06-21 09:10:27,completed,0
1214,738,361,1,96.02,96.02,credit_card,2026-04-19 13:30:58,completed,1
1215,313,258,2,336.82,673.64,wallet,2026-05-03 06:27:31,completed,4
1216,735,161,5,29.58,147.9,cod,2026-03-14 14:28:08,refunded,0
1217,960,63,3,318.98,956.94,wallet,2026-05-09 04:43:09,completed,4
1218,281,5,1,243.97,243.97,credit_card,2026-04-27 04:02:35,completed,1
1219,181,254,3,193.78,581.34,credit_card,2026-06-25 03:27:05,completed,1
1220,220,211,5,353.76,1768.8,debit_card,2026-03-27 07:12:07,completed,2
1221,293,101,1,72.93,72.93,credit_card,2026-03-16 09:07:05,completed,1
1222,998,375,2,85.82,171.64,wallet,2026-07-01 23:24:02,completed,4
1223,820,376,5,44.21,221.05,debit_card,2026-06-23 22:30:04,completed,2
1224,739,375,4,85.82,343.28,cod,2026-02-11 18:57:01,cancelled,0
1225,312,237,4,263.75,1055.0,cod,2026-07-09 14:14:57,completed,0
1226,165,178,5,434.41,2172.05,debit_card,2026-05-03 12:10:01,completed,2
1227,449,87,4,81.93,327.72,credit_card,2026-05-24 00:33:42,completed,1
1228,480,477,4,383.87,1535.48,cod,2026-06-06 23:15:03,cancelled,0
1229,830,386,2,368.98,737.96,wallet,2026-04-10 08:54:48,completed,4
1230,799,157,3,21.37,64.11,debit_card,2026-05-08 08:22:50,completed,2
1231,439,58,1,185.88,185.88,credit_card,2026-02-08 04:55:22,refunded,1
1232,284,218,4,161.45,645.8,wallet,2026-03-01 02:52:31,completed,4
1233,505,316,2,203.28,406.56,upi,2026-05-21 04:56:33,completed,3
1234,129,116,1,355.06,355.06,credit_card,2026-01-27 16:52:07,completed,1
1235,640,411,5,210.52,1052.6,debit_card,2026-05-05 19:57:43,completed,2
1236,823,237,5,263.75,1318.75,upi,2026-07-07 12:36:59,completed,3
1237,151,39,2,398.86,797.72,debit_card,2026-03-19 16:08:39,completed,2
1238,391,15,3,483.13,1449.39,debit_card,2026-07-12 23:44:30,completed,2
1239,443,424,2,465.47,930.94,upi,2026-06-28 09:01:56,completed,3
1240,385,287,3,26.19,78.57000000000001,upi,2026-04-22 08:06:04,completed,3
1241,532,445,4,252.82,1011.28,cod,2026-07-06 10:58:47,pending,0
1242,685,18,2,95.61,191.22,wallet,2026-03-13 09:35:51,refunded,4
1243,792,22,1,408.53,408.53,cod,2026-03-08 09:59:38,completed,0
1244,43,307,5,395.83,1979.15,wallet,2026-04-12 10:07:04,completed,4
1245,379,485,5,411.03,2055.15,credit_card,2026-06-10 23:57:09,completed,1
1246,528,151,4,172.24,688.96,upi,2026-05-04 10:20:16,completed,3
1247,628,369,4,158.28,633.12,upi,2026-03-01 07:17:12,pending,3
1248,50,103,2,175.3,350.6,cod,2026-04-29 20:30:54,completed,0
1249,51,124,2,441.48,882.96,wallet,2026-03-29 14:03:36,completed,4
1250,630,80,3,5.72,17.16,wallet,2026-04-07 11:20:48,completed,4
1251,755,319,5,23.69,118.45,credit_card,2026-05-14 17:30:41,completed,1
1252,402,415,1,306.16,306.16,upi,2026-04-04 06:45:07,completed,3
1253,415,7,1,53.32,53.32,debit_card,2026-02-21 12:19:36,completed,2
1254,699,332,5,340.07,1700.35,debit_card,2026-01-22 06:42:31,completed,2
1255,253,33,4,476.44,1905.76,credit_card,2026-06-18 12:59:51,refunded,1
1256,431,435,3,462.49,1387.47,debit_card,2026-06-01 11:49:22,cancelled,2
1257,566,195,2,332.93,665.86,debit_card,2026-07-10 23:58:41,completed,2
1258,261,183,5,318.58,1592.9,upi,2026-07-04 07:11:19,completed,3
1259,637,119,1,162.52,162.52,cod,2026-05-10 23:05:21,pending,0
1260,24,191,5,357.0,1785.0,debit_card,2026-03-31 11:33:07,completed,2
1261,389,273,4,476.01,1904.04,debit_card,2026-06-19 19:05:43,completed,2
1262,540,351,2,429.96,859.92,cod,2026-03-08 00:24:23,cancelled,0
1263,900,225,5,101.98,509.9,credit_card,2026-05-10 20:37:42,cancelled,1
1264,851,395,5,346.18,1730.9,wallet,2026-03-27 17:06:03,completed,4
1265,560,457,1,70.12,70.12,upi,2026-04-29 01:16:00,completed,3
1266,36,206,1,400.95,400.95,wallet,2026-02-03 13:42:54,completed,4
1267,876,129,4,445.43,1781.72,credit_card,2026-05-17 00:56:26,refunded,1
1268,803,445,3,252.82,758.46,credit_card,2026-06-30 02:13:47,pending,1
1269,488,47,3,9.6,28.8,debit_card,2026-03-07 16:03:39,completed,2
1270,828,81,2,491.64,983.28,wallet,2026-06-23 01:48:03,completed,4
1271,910,326,4,177.31,709.24,credit_card,2026-06-25 00:25:22,completed,1
1272,525,471,2,128.79,257.58,credit_card,2026-03-19 01:15:36,completed,1
1273,751,12,1,227.54,227.54,upi,2026-04-22 14:32:36,pending,3
1274,487,182,3,290.26,870.78,cod,2026-04-06 07:30:36,completed,0
1275,665,275,2,331.41,662.82,wallet,2026-03-17 17:36:05,completed,4
1276,511,289,3,418.26,1254.78,credit_card,2026-03-27 01:54:42,completed,1
1277,66,292,4,8.27,33.08,upi,2026-01-25 16:05:01,completed,3
1278,139,464,1,307.69,307.69,debit_card,2026-07-14 21:19:35,completed,2
1279,280,206,1,400.95,400.95,upi,2026-04-04 02:17:29,completed,3
1280,491,1,4,23.2,92.8,cod,2026-06-24 18:00:47,completed,0
1281,659,62,1,44.12,44.12,credit_card,2026-05-22 01:35:38,refunded,1
1282,519,209,5,19.26,96.3,upi,2026-06-08 19:01:49,completed,3
1283,876,193,4,211.3,845.2,wallet,2026-03-31 11:07:23,completed,4
1284,48,491,5,120.2,601.0,wallet,2026-04-13 09:34:46,completed,4
1285,498,273,3,476.01,1428.03,debit_card,2026-05-31 19:46:50,completed,2
1286,478,154,2,457.15,914.3,cod,2026-07-12 05:20:44,completed,0
1287,688,411,3,210.52,631.56,wallet,2026-05-15 13:27:53,completed,4
1288,215,409,1,472.58,472.58,cod,2026-06-14 09:42:53,completed,0
1289,586,318,3,220.51,661.53,upi,2026-05-21 23:12:33,pending,3
1290,349,166,2,8.64,17.28,debit_card,2026-06-02 16:34:21,completed,2
1291,494,41,5,395.21,1976.05,upi,2026-02-16 00:30:01,pending,3
1292,25,375,2,85.82,171.64,credit_card,2026-03-03 23:45:24,completed,1
1293,444,193,2,211.3,422.6,cod,2026-05-29 08:52:48,completed,0
1294,966,211,5,353.76,1768.8,wallet,2026-07-07 00:59:50,completed,4
1295,716,211,5,353.76,1768.8,cod,2026-05-14 02:25:13,completed,0
1296,213,443,3,434.37,1303.11,debit_card,2026-06-07 10:25:48,completed,2
1297,281,424,1,465.47,465.47,upi,2026-05-23 13:24:01,completed,3
1298,800,455,2,420.56,841.12,debit_card,2026-03-26 19:32:27,pending,2
1299,56,424,2,465.47,930.94,cod,2026-02-21 01:59:02,completed,0
1300,906,197,4,103.33,413.32,upi,2026-07-07 23:19:49,completed,3
1301,271,128,1,492.71,492.71,cod,2026-04-24 22:28:50,pending,0
1302,232,61,2,322.07,644.14,wallet,2026-05-21 21:27:18,completed,4
1303,776,37,2,204.41,408.82,debit_card,2026-03-08 06:39:41,pending,2
1304,791,27,2,381.2,762.4,debit_card,2026-01-30 12:41:15,completed,2
1305,915,466,5,200.83,1004.15,cod,2026-03-11 21:26:59,completed,0
1306,947,141,3,90.58,271.74,wallet,2026-03-15 04:37:16,cancelled,4
1307,271,92,3,476.29,1428.87,wallet,2026-07-13 03:50:39,completed,4
1308,281,208,2,402.12,804.24,debit_card,2026-02-04 14:18:15,completed,2
1309,108,253,1,61.79,61.79,cod,2026-05-08 03:32:09,completed,0
1310,677,23,4,210.74,842.96,wallet,2026-02-11 09:47:31,pending,4
1311,849,347,1,228.11,228.11,cod,2026-03-25 18:45:32,completed,0
1312,210,450,2,480.5,961.0,debit_card,2026-06-07 19:42:04,completed,2
1313,328,159,2,246.95,493.9,cod,2026-04-27 20:03:42,completed,0
1314,418,144,2,201.69,403.38,upi,2026-07-13 20:49:35,completed,3
1315,459,301,5,135.94,679.7,credit_card,2026-02-02 22:10:45,completed,1
1316,687,476,2,315.09,630.18,debit_card,2026-07-10 06:53:37,completed,2
1317,918,197,3,103.33,309.99,debit_card,2026-01-22 03:26:27,completed,2
1318,305,345,2,122.38,244.76,cod,2026-05-31 18:00:35,pending,0
1319,880,101,4,72.93,291.72,debit_card,2026-02-27 21:45:57,completed,2
1320,732,95,5,133.12,665.6,debit_card,2026-06-21 23:33:53,completed,2
1321,846,419,4,232.88,931.52,credit_card,2026-06-09 13:14:57,completed,1
1322,225,5,4,243.97,975.88,cod,2026-05-04 07:12:45,completed,0
1323,424,34,4,496.28,1985.12,wallet,2026-02-05 22:31:41,completed,4
1324,202,121,2,411.72,823.44,cod,2026-06-05 14:39:19,refunded,0
1325,151,368,5,230.99,1154.95,debit_card,2026-03-15 08:48:32,cancelled,2
1326,931,166,5,8.64,43.2,debit_card,2026-04-02 03:38:02,completed,2
1327,98,397,4,97.38,389.52,cod,2026-04-03 19:06:13,completed,0
1328,971,177,1,292.25,292.25,cod,2026-06-12 14:45:31,cancelled,0
1329,954,430,3,103.06,309.18,debit_card,2026-04-06 19:15:58,completed,2
1330,410,116,3,355.06,1065.18,upi,2026-04-26 23:10:01,completed,3
1331,134,10,2,168.84,337.68,wallet,2026-03-23 02:17:45,completed,4
1332,230,114,5,353.75,1768.75,cod,2026-05-02 03:12:26,completed,0
1333,824,210,3,444.36,1333.08,cod,2026-02-21 07:05:17,completed,0
1334,864,256,4,225.55,902.2,credit_card,2026-01-25 23:17:13,completed,1
1335,592,47,3,9.6,28.8,cod,2026-05-02 05:05:50,completed,0
1336,324,386,1,368.98,368.98,cod,2026-06-30 03:42:57,pending,0
1337,321,120,5,168.93,844.65,cod,2026-01-23 04:48:28,completed,0
1338,639,351,1,429.96,429.96,credit_card,2026-05-18 13:40:57,refunded,1
1339,587,93,4,55.44,221.76,debit_card,2026-05-10 08:23:33,pending,2
1340,49,468,5,214.12,1070.6,credit_card,2026-02-20 06:52:19,completed,1
1341,883,70,3,187.01,561.03,cod,2026-06-29 02:40:44,completed,0
1342,288,215,4,42.06,168.24,cod,2026-06-27 16:49:13,pending,0
1343,333,77,5,284.08,1420.4,debit_card,2026-07-08 12:51:12,completed,2
1344,322,350,5,269.32,1346.6,wallet,2026-04-28 13:59:00,completed,4
1345,453,427,1,254.84,254.84,debit_card,2026-03-14 04:27:06,completed,2
1346,532,300,5,416.03,2080.15,credit_card,2026-04-29 03:40:34,completed,1
1347,397,490,1,283.5,283.5,upi,2026-03-02 21:57:14,completed,3
1348,891,10,3,168.84,506.52,upi,2026-04-21 09:16:14,pending,3
1349,992,410,3,195.74,587.22,upi,2026-03-17 07:45:24,completed,3
1350,300,31,5,393.5,1967.5,upi,2026-05-20 09:16:43,completed,3
1351,966,472,4,354.58,1418.32,credit_card,2026-07-15 21:28:02,completed,1
1352,373,200,1,78.83,78.83,wallet,2026-07-17 04:38:12,completed,4
1353,776,494,2,130.94,261.88,wallet,2026-02-14 10:34:38,cancelled,4
1354,137,201,5,323.95,1619.75,credit_card,2026-05-18 23:19:36,completed,1
1355,910,140,2,44.08,88.16,wallet,2026-02-21 06:07:47,completed,4
1356,692,127,1,444.53,444.53,credit_card,2026-04-28 19:24:45,completed,1
1357,111,224,4,448.95,1795.8,cod,2026-04-13 07:29:45,completed,0
1358,716,45,2,201.19,402.38,debit_card,2026-07-11 17:08:16,completed,2
1359,511,11,1,97.26,97.26,wallet,2026-07-05 17:06:47,refunded,4
1360,156,474,5,284.92,1424.6,wallet,2026-04-03 06:14:15,completed,4
1361,105,40,4,164.82,659.28,wallet,2026-02-12 02:42:58,completed,4
1362,636,486,2,71.6,143.2,cod,2026-07-09 02:10:20,completed,0
1363,904,147,4,393.94,1575.76,credit_card,2026-06-19 02:26:20,completed,1
1364,151,476,1,315.09,315.09,debit_card,2026-07-14 02:51:32,completed,2
1365,969,39,3,398.86,1196.58,cod,2026-04-08 10:29:01,pending,0
1366,892,4,4,198.61,794.44,wallet,2026-01-26 07:17:40,completed,4
1367,273,303,1,263.74,263.74,debit_card,2026-07-12 09:01:45,refunded,2
1368,615,379,1,97.96,97.96,debit_card,2026-03-09 22:19:48,completed,2
1369,971,331,5,431.7,2158.5,cod,2026-05-18 07:53:53,completed,0
1370,814,277,3,71.48,214.44,debit_card,2026-02-24 03:59:50,pending,2
1371,683,108,1,162.41,162.41,upi,2026-06-13 13:37:36,completed,3
1372,398,32,4,300.44,1201.76,credit_card,2026-01-26 13:49:49,completed,1
1373,889,170,4,362.04,1448.16,wallet,2026-06-20 20:25:33,completed,4
1374,33,447,5,180.91,904.55,upi,2026-05-14 19:16:15,completed,3
1375,710,346,1,214.85,214.85,wallet,2026-02-19 20:31:34,completed,4
1376,172,311,1,81.62,81.62,credit_card,2026-06-20 04:40:27,completed,1
1377,426,377,1,405.36,405.36,debit_card,2026-04-23 13:24:06,cancelled,2
1378,143,161,2,29.58,59.16,wallet,2026-06-10 22:18:49,completed,4
1379,66,22,1,408.53,408.53,debit_card,2026-04-24 10:33:39,completed,2
1380,186,251,4,114.49,457.96,debit_card,2026-04-02 11:03:01,pending,2
1381,895,51,3,315.9,947.7,cod,2026-04-03 23:04:06,completed,0
1382,695,236,1,293.49,293.49,upi,2026-02-23 05:43:23,completed,3
1383,10,230,3,305.05,915.15,upi,2026-05-19 11:42:29,completed,3
1384,814,62,3,44.12,132.36,cod,2026-06-26 04:28:00,completed,0
1385,63,467,3,98.98,296.94,cod,2026-03-10 11:38:47,completed,0
1386,95,43,4,495.96,1983.84,cod,2026-03-11 05:45:09,completed,0
1387,461,313,5,392.98,1964.9,credit_card,2026-05-05 16:04:15,refunded,1
1388,641,420,3,120.33,360.99,wallet,2026-04-28 20:53:07,completed,4
1389,820,118,1,474.65,474.65,cod,2026-04-30 01:01:18,completed,0
1390,463,144,1,201.69,201.69,cod,2026-02-24 07:52:36,completed,0
1391,824,97,2,30.07,60.14,debit_card,2026-05-21 21:03:27,completed,2
1392,789,414,5,277.29,1386.45,cod,2026-07-12 12:55:18,completed,0
1393,294,247,1,7.79,7.79,debit_card,2026-06-13 01:56:40,completed,2
1394,298,499,1,279.81,279.81,credit_card,2026-06-05 10:50:54,completed,1
1395,927,125,3,327.23,981.69,wallet,2026-03-24 05:24:44,completed,4
1396,224,42,5,13.06,65.3,wallet,2026-04-10 13:22:06,completed,4
1397,502,90,5,111.44,557.2,debit_card,2026-02-28 06:45:21,completed,2
1398,238,411,2,210.52,421.04,upi,2026-04-12 12:41:00,completed,3
1399,824,299,1,112.21,112.21,upi,2026-05-19 01:28:30,completed,3
1400,659,60,2,146.81,293.62,upi,2026-07-18 01:59:11,completed,3
1401,567,143,4,132.65,530.6,credit_card,2026-03-22 17:49:06,completed,1
1402,316,250,3,38.75,116.25,cod,2026-04-03 17:25:25,completed,0
1403,79,199,2,121.08,242.16,wallet,2026-04-20 00:44:45,completed,4
1404,856,406,3,360.33,1080.99,credit_card,2026-07-13 04:16:07,pending,1
1405,849,449,5,174.18,870.9,cod,2026-04-12 02:37:31,refunded,0
1406,88,487,1,264.7,264.7,upi,2026-06-02 09:54:24,completed,3
1407,509,294,4,303.0,1212.0,cod,2026-04-10 23:25:09,cancelled,0
1408,455,260,2,232.32,464.64,upi,2026-02-26 19:17:07,completed,3
1409,340,59,5,38.43,192.15,upi,2026-02-03 06:10:55,completed,3
1410,877,165,4,232.2,928.8,credit_card,2026-07-13 01:02:54,completed,1
1411,687,435,5,462.49,2312.45,credit_card,2026-06-28 05:20:39,refunded,1
1412,98,54,2,302.49,604.98,cod,2026-07-09 17:47:27,completed,0
1413,970,193,1,211.3,211.3,wallet,2026-03-11 17:20:03,completed,4
1414,210,22,2,408.53,817.06,wallet,2026-03-09 22:47:30,completed,4
1415,382,37,1,204.41,204.41,upi,2026-04-15 06:57:49,completed,3
1416,287,162,4,138.2,552.8,upi,2026-05-24 21:29:34,pending,3
1417,625,407,4,401.5,1606.0,upi,2026-02-23 05:01:10,pending,3
1418,871,196,1,258.23,258.23,upi,2026-07-03 19:49:54,pending,3
1419,633,131,4,122.59,490.36,cod,2026-05-17 15:51:04,pending,0
1420,381,486,4,71.6,286.4,cod,2026-01-24 04:47:57,completed,0
1421,38,371,3,264.04,792.12,cod,2026-02-07 13:22:58,completed,0
1422,441,285,1,93.68,93.68,debit_card,2026-05-31 06:39:04,completed,2
1423,702,180,1,431.89,431.89,upi,2026-06-20 11:24:05,completed,3
1424,967,261,4,398.14,1592.56,debit_card,2026-05-02 11:55:29,pending,2
1425,465,184,2,269.22,538.44,credit_card,2026-03-31 05:35:29,completed,1
1426,952,142,1,214.57,214.57,debit_card,2026-04-21 14:58:12,completed,2
1427,691,461,5,463.09,2315.45,upi,2026-02-05 19:20:57,completed,3
1428,98,436,4,371.09,1484.36,credit_card,2026-07-04 01:11:16,cancelled,1
1429,884,181,2,160.14,320.28,credit_card,2026-07-09 22:56:58,completed,1
1430,33,206,3,400.95,1202.85,credit_card,2026-02-08 05:05:11,completed,1
1431,861,399,5,186.72,933.6,debit_card,2026-07-02 00:05:27,completed,2
1432,873,384,5,448.37,2241.85,cod,2026-06-22 02:39:55,completed,0
1433,436,124,2,441.48,882.96,cod,2026-01-31 04:49:10,completed,0
1434,970,290,3,185.82,557.46,upi,2026-06-13 02:17:14,completed,3
1435,87,222,5,61.44,307.2,credit_card,2026-05-13 23:30:18,refunded,1
1436,150,268,4,74.98,299.92,cod,2026-01-23 01:27:12,completed,0
1437,320,52,1,448.81,448.81,cod,2026-03-02 21:32:33,completed,0
1438,729,336,5,252.0,1260.0,upi,2026-02-06 11:22:20,completed,3
1439,508,224,2,448.95,897.9,wallet,2026-03-16 15:51:30,completed,4
1440,468,362,2,87.62,175.24,debit_card,2026-02-09 07:19:47,completed,2
1441,97,448,1,439.95,439.95,credit_card,2026-06-19 22:39:35,refunded,1
1442,914,366,1,19.14,19.14,upi,2026-07-15 09:29:13,completed,3
1443,925,332,1,340.07,340.07,debit_card,2026-07-13 19:18:41,completed,2
1444,535,287,2,26.19,52.38,cod,2026-05-16 16:25:36,completed,0
1445,263,333,5,270.15,1350.75,wallet,2026-04-15 11:44:00,completed,4
1446,558,300,1,416.03,416.03,wallet,2026-07-12 11:05:30,completed,4
1447,432,107,3,180.63,541.89,credit_card,2026-02-25 18:36:40,completed,1
1448,171,190,3,364.95,1094.85,upi,2026-06-09 04:03:47,completed,3
1449,774,410,3,195.74,587.22,cod,2026-04-01 13:28:16,completed,0
1450,75,175,2,115.02,230.04,upi,2026-03-27 20:12:09,completed,3
1451,774,483,3,84.86,254.58,debit_card,2026-03-10 04:44:49,completed,2
1452,392,52,3,448.81,1346.43,cod,2026-02-12 12:36:20,completed,0
1453,337,266,3,113.83,341.49,credit_card,2026-03-14 08:15:34,completed,1
1454,743,26,4,61.04,244.16,debit_card,2026-04-17 12:33:04,completed,2
1455,831,309,2,207.28,414.56,credit_card,2026-03-01 18:45:09,cancelled,1
1456,571,384,2,448.37,896.74,cod,2026-03-31 22:00:56,completed,0
1457,162,369,1,158.28,158.28,upi,2026-07-14 21:39:58,completed,3
1458,221,446,5,155.94,779.7,upi,2026-02-09 05:00:05,refunded,3
1459,921,89,2,136.18,272.36,cod,2026-03-10 12:51:18,completed,0
1460,130,122,4,108.79,435.16,debit_card,2026-05-07 17:57:45,completed,2
1461,196,463,2,444.36,888.72,credit_card,2026-03-01 21:32:15,cancelled,1
1462,406,465,4,228.55,914.2,wallet,2026-06-23 17:17:21,completed,4
1463,511,282,1,238.69,238.69,wallet,2026-04-16 13:03:23,completed,4
1464,38,300,1,416.03,416.03,debit_card,2026-03-11 11:03:34,completed,2
1465,608,143,5,132.65,663.25,upi,2026-07-05 15:26:16,completed,3
1466,625,437,3,348.43,1045.29,credit_card,2026-05-26 04:40:10,completed,1
1467,8,481,3,32.26,96.78,cod,2026-06-30 02:48:03,pending,0
1468,116,374,1,189.95,189.95,upi,2026-05-14 10:24:27,completed,3
1469,975,195,4,332.93,1331.72,wallet,2026-03-25 15:20:55,cancelled,4
1470,716,140,2,44.08,88.16,wallet,2026-06-06 04:38:47,pending,4
1471,980,409,5,472.58,2362.9,upi,2026-03-12 20:41:39,completed,3
1472,943,78,2,486.07,972.14,wallet,2026-06-10 02:48:45,completed,4
1473,328,113,5,295.37,1476.85,credit_card,2026-04-11 16:50:40,completed,1
1474,540,489,3,424.66,1273.98,wallet,2026-06-10 08:53:45,refunded,4
1475,352,413,4,330.48,1321.92,upi,2026-07-14 13:08:06,completed,3
1476,696,46,1,5.54,5.54,credit_card,2026-06-01 08:48:00,pending,1
1477,139,21,1,311.61,311.61,debit_card,2026-03-02 22:20:09,completed,2
1478,54,463,1,444.36,444.36,cod,2026-04-23 15:54:11,cancelled,0
1479,384,304,2,92.82,185.64,debit_card,2026-02-14 06:26:01,completed,2
1480,867,258,1,336.82,336.82,debit_card,2026-05-21 13:31:57,completed,2
1481,115,305,5,377.43,1887.15,debit_card,2026-07-05 10:12:45,pending,2
1482,550,202,2,54.41,108.82,cod,2026-03-17 07:06:18,completed,0
1483,915,212,4,263.94,1055.76,credit_card,2026-07-14 01:38:27,completed,1
1484,554,86,3,139.62,418.86,credit_card,2026-05-28 08:21:13,completed,1
1485,446,406,4,360.33,1441.32,cod,2026-02-20 10:35:15,completed,0
1486,348,493,2,170.23,340.46,cod,2026-04-20 17:48:43,completed,0
1487,461,284,3,253.57,760.71,debit_card,2026-06-04 20:09:10,refunded,2
1488,483,414,4,277.29,1109.16,wallet,2026-04-11 03:41:47,completed,4
1489,991,403,3,26.67,80.01,cod,2026-02-10 19:10:59,completed,0
1490,904,267,1,340.26,340.26,wallet,2026-03-17 00:14:29,pending,4
1491,121,420,1,120.33,120.33,cod,2026-07-12 12:43:21,completed,0
1492,345,231,4,140.43,561.72,cod,2026-05-15 06:08:48,completed,0
1493,548,467,5,98.98,494.9,debit_card,2026-05-14 13:01:34,completed,2
1494,428,89,1,136.18,136.18,cod,2026-03-31 11:47:15,completed,0
1495,772,225,1,101.98,101.98,wallet,2026-01-22 02:45:09,completed,4
1496,655,246,4,217.11,868.44,cod,2026-02-03 00:30:43,refunded,0
1497,894,470,3,165.11,495.33,credit_card,2026-03-28 05:08:12,completed,1
1498,421,306,4,213.24,852.96,wallet,2026-02-09 09:11:45,completed,4
1499,397,500,4,484.96,1939.84,credit_card,2026-06-24 03:41:39,cancelled,1
1500,735,499,3,279.81,839.43,cod,2026-03-13 14:05:08,completed,0
1501,529,28,1,152.37,152.37,cod,2026-04-16 21:24:10,completed,0
1502,643,355,4,326.68,1306.72,upi,2026-04-16 19:34:53,refunded,3
1503,838,65,1,306.37,306.37,debit_card,2026-05-12 09:16:27,cancelled,2
1504,60,114,2,353.75,707.5,wallet,2026-07-03 07:10:59,completed,4
1505,17,224,5,448.95,2244.75,wallet,2026-03-17 05:35:57,completed,4
1506,944,266,5,113.83,569.15,wallet,2026-03-07 01:17:09,completed,4
1507,289,414,2,277.29,554.58,debit_card,2026-06-11 03:45:11,completed,2
1508,325,383,5,32.74,163.7,wallet,2026-06-13 17:54:34,completed,4
1509,699,486,2,71.6,143.2,wallet,2026-03-30 05:36:11,completed,4
1510,394,316,2,203.28,406.56,debit_card,2026-05-28 14:55:05,completed,2
1511,573,90,3,111.44,334.32,wallet,2026-07-08 18:46:39,completed,4
1512,295,130,4,207.59,830.36,upi,2026-03-15 17:46:54,completed,3
1513,581,208,1,402.12,402.12,wallet,2026-06-19 05:08:16,completed,4
1514,484,23,3,210.74,632.22,cod,2026-06-17 20:27:11,completed,0
1515,895,69,5,250.59,1252.95,upi,2026-04-24 14:16:10,cancelled,3
1516,856,482,4,152.73,610.92,credit_card,2026-03-30 15:53:13,completed,1
1517,229,345,2,122.38,244.76,credit_card,2026-05-13 04:52:46,completed,1
1518,659,39,4,398.86,1595.44,upi,2026-07-19 14:17:14,completed,3
1519,201,447,5,180.91,904.55,upi,2026-04-18 05:15:47,completed,3
1520,501,196,2,258.23,516.46,upi,2026-04-20 06:51:04,completed,3
1521,242,405,3,313.87,941.61,debit_card,2026-06-27 06:19:30,completed,2
1522,599,92,2,476.29,952.58,wallet,2026-05-25 15:12:33,pending,4
1523,522,300,4,416.03,1664.12,debit_card,2026-01-30 09:51:41,pending,2
1524,232,304,3,92.82,278.46,debit_card,2026-07-04 14:25:41,completed,2
1525,652,355,5,326.68,1633.4,debit_card,2026-02-20 19:57:33,completed,2
1526,869,387,5,468.43,2342.15,credit_card,2026-04-30 10:28:07,pending,1
1527,593,115,5,164.69,823.45,upi,2026-04-28 00:14:09,completed,3
1528,275,8,4,27.12,108.48,wallet,2026-05-17 16:25:33,completed,4
1529,526,243,1,105.53,105.53,debit_card,2026-07-13 13:40:38,completed,2
1530,673,155,5,396.79,1983.95,cod,2026-06-30 21:50:32,completed,0
1531,468,500,2,484.96,969.92,upi,2026-03-01 12:10:00,completed,3
1532,259,386,2,368.98,737.96,upi,2026-01-21 16:54:42,completed,3
1533,156,304,5,92.82,464.1,upi,2026-06-08 21:42:32,completed,3
1534,738,105,4,267.07,1068.28,cod,2026-07-05 01:25:50,completed,0
1535,268,475,5,385.73,1928.65,wallet,2026-05-17 10:46:30,completed,4
1536,187,151,3,172.24,516.72,cod,2026-05-02 06:33:04,completed,0
1537,676,327,4,230.11,920.44,debit_card,2026-06-15 04:25:15,completed,2
1538,783,182,5,290.26,1451.3,upi,2026-06-26 01:38:54,refunded,3
1539,713,31,2,393.5,787.0,wallet,2026-06-12 04:06:35,completed,4
1540,951,39,2,398.86,797.72,debit_card,2026-03-22 17:45:08,pending,2
1541,114,477,3,383.87,1151.61,cod,2026-03-08 13:09:10,completed,0
1542,509,146,3,285.46,856.38,cod,2026-04-30 04:30:34,refunded,0
1543,76,409,3,472.58,1417.74,credit_card,2026-06-06 14:54:37,pending,1
1544,231,119,4,162.52,650.08,wallet,2026-05-20 03:31:59,completed,4
1545,494,81,5,491.64,2458.2,wallet,2026-03-13 04:10:40,completed,4
1546,88,382,2,498.99,997.98,wallet,2026-06-05 14:37:25,completed,4
1547,497,325,1,369.78,369.78,credit_card,2026-02-27 20:59:29,completed,1
1548,476,146,5,285.46,1427.3,upi,2026-05-08 03:14:56,completed,3
1549,542,60,3,146.81,440.43,wallet,2026-02-01 15:49:07,completed,4
1550,740,269,3,473.75,1421.25,debit_card,2026-06-24 11:34:22,completed,2
1551,287,463,5,444.36,2221.8,upi,2026-03-20 20:55:10,completed,3
1552,353,106,4,330.15,1320.6,wallet,2026-06-27 05:23:29,completed,4
1553,850,285,1,93.68,93.68,wallet,2026-02-03 00:10:28,pending,4
1554,144,159,3,246.95,740.85,debit_card,2026-01-20 21:47:14,completed,2
1555,917,10,3,168.84,506.52,upi,2026-05-24 23:21:12,completed,3
1556,838,234,2,358.62,717.24,cod,2026-07-13 20:44:54,refunded,0
1557,647,300,3,416.03,1248.09,debit_card,2026-02-11 10:09:21,refunded,2
1558,72,124,3,441.48,1324.44,wallet,2026-04-07 18:47:47,completed,4
1559,775,175,3,115.02,345.06,credit_card,2026-07-14 17:48:49,completed,1
1560,867,466,4,200.83,803.32,credit_card,2026-02-01 04:51:04,completed,1
1561,862,242,2,211.2,422.4,debit_card,2026-04-10 21:23:55,completed,2
1562,216,483,3,84.86,254.58,debit_card,2026-02-12 10:19:47,completed,2
1563,610,405,5,313.87,1569.35,wallet,2026-05-19 22:36:14,completed,4
1564,744,264,4,464.38,1857.52,cod,2026-02-05 09:41:11,completed,0
1565,874,341,2,376.33,752.66,wallet,2026-05-24 05:17:41,completed,4
1566,25,323,3,123.43,370.29,cod,2026-04-30 02:40:16,completed,0
1567,647,312,5,284.51,1422.55,upi,2026-05-07 20:40:39,completed,3
1568,835,370,3,157.39,472.17,upi,2026-05-13 14:36:59,completed,3
1569,159,447,4,180.91,723.64,credit_card,2026-05-21 16:11:30,pending,1
1570,286,313,5,392.98,1964.9,credit_card,2026-05-20 09:03:53,completed,1
1571,72,25,2,271.12,542.24,credit_card,2026-04-21 05:04:19,completed,1
1572,256,375,4,85.82,343.28,upi,2026-04-22 09:02:33,completed,3
1573,671,24,4,20.28,81.12,debit_card,2026-05-31 07:20:23,completed,2
1574,244,251,5,114.49,572.45,credit_card,2026-02-27 05:55:42,completed,1
1575,783,257,5,474.36,2371.8,credit_card,2026-07-11 15:09:17,completed,1
1576,904,189,3,376.31,1128.93,upi,2026-06-04 07:29:42,completed,3
1577,928,86,3,139.62,418.86,upi,2026-01-23 12:48:34,completed,3
1578,676,206,3,400.95,1202.85,debit_card,2026-06-11 22:34:22,completed,2
1579,644,497,3,243.34,730.02,wallet,2026-05-22 00:46:24,pending,4
1580,303,163,4,325.45,1301.8,upi,2026-05-12 20:45:00,completed,3
1581,593,296,5,125.62,628.1,credit_card,2026-06-16 11:45:48,completed,1
1582,294,338,2,460.49,920.98,upi,2026-05-06 11:07:54,completed,3
1583,749,441,3,31.28,93.84,upi,2026-07-06 12:09:49,completed,3
1584,668,283,5,367.95,1839.75,upi,2026-07-14 20:09:04,completed,3
1585,115,292,4,8.27,33.08,wallet,2026-05-29 17:40:21,completed,4
1586,329,297,4,24.4,97.6,debit_card,2026-02-22 00:08:50,cancelled,2
1587,223,79,4,466.54,1866.16,upi,2026-06-15 11:12:23,completed,3
1588,785,206,2,400.95,801.9,upi,2026-03-22 23:31:40,completed,3
1589,864,25,2,271.12,542.24,wallet,2026-02-11 17:12:56,completed,4
1590,29,128,2,492.71,985.42,credit_card,2026-06-30 12:38:09,completed,1
1591,222,324,1,179.8,179.8,wallet,2026-02-20 03:39:29,completed,4
1592,678,361,5,96.02,480.1,credit_card,2026-04-23 16:06:25,completed,1
1593,776,185,3,13.87,41.61,upi,2026-04-02 22:59:12,refunded,3
1594,80,270,5,75.52,377.6,wallet,2026-04-07 10:13:02,completed,4
1595,942,201,1,323.95,323.95,cod,2026-03-30 15:01:28,pending,0
1596,668,382,5,498.99,2494.95,upi,2026-04-01 12:10:51,completed,3
1597,630,125,3,327.23,981.69,debit_card,2026-04-07 10:00:48,cancelled,2
1598,616,236,3,293.49,880.47,debit_card,2026-02-04 12:57:13,completed,2
1599,206,444,2,452.42,904.84,cod,2026-04-09 07:47:06,completed,0
1600,665,193,1,211.3,211.3,cod,2026-07-04 03:24:09,refunded,0
1601,977,167,4,243.46,973.84,cod,2026-06-30 06:31:00,completed,0
1602,542,458,4,119.3,477.2,upi,2026-04-01 11:53:37,completed,3
1603,208,346,3,214.85,644.55,debit_card,2026-03-26 09:38:58,completed,2
1604,904,343,3,232.73,698.19,wallet,2026-06-03 04:02:01,pending,4
1605,417,338,3,460.49,1381.47,wallet,2026-07-14 08:19:44,completed,4
1606,627,259,3,415.23,1245.69,credit_card,2026-06-25 23:23:37,pending,1
1607,403,242,5,211.2,1056.0,cod,2026-02-17 20:01:08,completed,0
1608,432,183,2,318.58,637.16,upi,2026-05-02 07:20:13,completed,3
1609,70,395,3,346.18,1038.54,wallet,2026-06-14 13:57:39,completed,4
1610,895,391,4,188.84,755.36,debit_card,2026-07-04 03:13:28,completed,2
1611,403,247,3,7.79,23.37,cod,2026-01-31 02:52:50,pending,0
1612,248,96,2,405.6,811.2,credit_card,2026-06-17 14:19:13,completed,1
1613,710,455,3,420.56,1261.68,wallet,2026-01-29 05:52:35,completed,4
1614,855,22,2,408.53,817.06,upi,2026-06-29 22:19:38,completed,3
1615,905,327,1,230.11,230.11,debit_card,2026-03-18 17:46:37,completed,2
1616,251,108,3,162.41,487.23,credit_card,2026-07-06 22:18:23,completed,1
1617,659,236,4,293.49,1173.96,credit_card,2026-03-08 05:44:20,completed,1
1618,476,236,2,293.49,586.98,debit_card,2026-01-21 16:00:11,completed,2
1619,173,346,3,214.85,644.55,upi,2026-01-25 01:55:59,completed,3
1620,118,461,5,463.09,2315.45,cod,2026-06-15 15:22:05,completed,0
1621,423,373,5,384.11,1920.55,debit_card,2026-07-09 07:14:33,completed,2
1622,574,313,5,392.98,1964.9,credit_card,2026-03-24 00:59:11,completed,1
1623,944,150,5,346.8,1734.0,debit_card,2026-03-20 12:17:24,completed,2
1624,817,243,1,105.53,105.53,cod,2026-05-24 12:53:04,completed,0
1625,99,335,1,240.89,240.89,wallet,2026-04-09 17:26:05,completed,4
1626,210,122,1,108.79,108.79,credit_card,2026-04-12 02:14:45,completed,1
1627,733,211,3,353.76,1061.28,debit_card,2026-03-13 15:02:44,completed,2
1628,561,66,3,352.24,1056.72,wallet,2026-05-14 10:08:38,completed,4
1629,975,457,4,70.12,280.48,credit_card,2026-07-04 07:09:56,completed,1
1630,361,282,4,238.69,954.76,cod,2026-05-29 01:17:42,completed,0
1631,504,187,3,412.8,1238.4,credit_card,2026-03-21 21:19:33,refunded,1
1632,883,304,2,92.82,185.64,wallet,2026-01-28 08:33:18,refunded,4
1633,715,181,5,160.14,800.7,debit_card,2026-03-08 21:13:12,completed,2
1634,678,143,1,132.65,132.65,cod,2026-01-26 21:57:31,completed,0
1635,586,443,5,434.37,2171.85,debit_card,2026-02-22 12:33:36,completed,2
1636,466,73,1,116.14,116.14,credit_card,2026-07-09 10:27:58,completed,1
1637,801,108,1,162.41,162.41,cod,2026-02-20 18:42:21,refunded,0
1638,131,48,1,40.06,40.06,upi,2026-04-11 02:57:35,completed,3
1639,875,148,3,329.12,987.36,cod,2026-03-29 05:45:19,completed,0
1640,334,479,1,223.73,223.73,wallet,2026-07-01 01:35:31,completed,4
1641,227,137,2,35.51,71.02,credit_card,2026-07-10 06:00:53,completed,1
1642,532,461,1,463.09,463.09,debit_card,2026-02-07 18:00:43,completed,2
1643,607,368,4,230.99,923.96,debit_card,2026-03-14 14:52:59,refunded,2
1644,915,8,5,27.12,135.6,credit_card,2026-07-12 00:54:24,completed,1
1645,312,165,5,232.2,1161.0,debit_card,2026-07-02 04:57:34,completed,2
1646,486,67,5,67.83,339.15,wallet,2026-07-04 03:07:54,pending,4
1647,503,130,5,207.59,1037.95,wallet,2026-03-24 00:02:54,completed,4
1648,550,457,1,70.12,70.12,wallet,2026-03-22 05:09:33,completed,4
1649,884,314,3,290.94,872.82,cod,2026-05-26 12:57:39,completed,0
1650,17,290,1,185.82,185.82,wallet,2026-02-06 18:19:02,completed,4
1651,55,307,4,395.83,1583.32,upi,2026-01-26 14:31:26,completed,3
1652,886,29,3,222.34,667.02,upi,2026-04-26 05:36:42,refunded,3
1653,609,111,3,14.86,44.58,credit_card,2026-01-27 08:11:15,completed,1
1654,724,162,4,138.2,552.8,upi,2026-07-11 09:49:44,completed,3
1655,369,476,2,315.09,630.18,debit_card,2026-07-06 05:02:50,completed,2
1656,519,306,4,213.24,852.96,cod,2026-05-17 04:49:03,pending,0
1657,533,338,1,460.49,460.49,debit_card,2026-06-30 04:01:58,completed,2
1658,970,59,1,38.43,38.43,credit_card,2026-01-31 10:11:10,completed,1
1659,415,260,5,232.32,1161.6,wallet,2026-04-27 09:02:56,completed,4
1660,145,179,1,73.0,73.0,upi,2026-06-05 05:16:18,completed,3
1661,327,160,5,419.64,2098.2,wallet,2026-07-19 06:14:40,completed,4
1662,882,106,4,330.15,1320.6,cod,2026-03-24 06:01:52,pending,0
1663,972,482,4,152.73,610.92,credit_card,2026-05-13 09:32:20,completed,1
1664,12,222,1,61.44,61.44,debit_card,2026-04-19 02:13:44,completed,2
1665,268,496,4,168.6,674.4,credit_card,2026-03-06 01:13:38,completed,1
1666,168,469,3,49.77,149.31,credit_card,2026-05-05 12:06:37,cancelled,1
1667,389,18,5,95.61,478.05,credit_card,2026-02-25 06:25:02,completed,1
1668,844,321,5,426.03,2130.15,debit_card,2026-05-07 12:42:48,completed,2
1669,169,34,4,496.28,1985.12,upi,2026-04-12 13:00:15,pending,3
1670,928,203,5,215.87,1079.35,credit_card,2026-02-23 10:27:17,pending,1
1671,339,362,1,87.62,87.62,debit_card,2026-07-10 15:02:19,completed,2
1672,622,159,1,246.95,246.95,wallet,2026-02-04 06:14:10,completed,4
1673,226,103,2,175.3,350.6,debit_card,2026-07-12 13:55:53,completed,2
1674,374,74,4,189.54,758.16,upi,2026-02-13 23:09:19,completed,3
1675,318,206,1,400.95,400.95,cod,2026-03-29 13:19:47,completed,0
1676,865,263,2,338.28,676.56,wallet,2026-06-15 02:38:12,completed,4
1677,865,168,3,329.78,989.34,credit_card,2026-03-17 14:06:52,completed,1
1678,989,385,5,195.47,977.35,cod,2026-06-13 08:01:12,completed,0
1679,614,34,5,496.28,2481.3999999999996,cod,2026-02-05 07:46:03,completed,0
1680,993,478,2,305.95,611.9,credit_card,2026-03-21 08:29:55,completed,1
1681,668,4,1,198.61,198.61,upi,2026-03-02 05:45:59,completed,3
1682,933,285,5,93.68,468.4,wallet,2026-04-03 20:54:56,completed,4
1683,178,378,5,59.63,298.15,upi,2026-01-22 00:24:55,completed,3
1684,283,443,3,434.37,1303.1100000000001,debit_card,2026-05-22 18:52:14,completed,2
1685,306,489,3,424.66,1273.98,cod,2026-04-05 06:47:13,completed,0
1686,799,23,1,210.74,210.74,debit_card,2026-02-27 03:34:39,completed,2
1687,569,359,3,117.97,353.90999999999997,credit_card,2026-02-19 05:32:41,completed,1
1688,460,395,2,346.18,692.36,credit_card,2026-01-21 05:20:17,refunded,1
1689,622,260,2,232.32,464.64,wallet,2026-05-26 15:33:11,completed,4
1690,713,185,3,13.87,41.61,wallet,2026-05-27 15:31:22,completed,4
1691,259,270,4,75.52,302.08,wallet,2026-04-09 16:03:38,completed,4
1692,373,74,2,189.54,379.08,cod,2026-07-15 06:53:18,completed,0
1693,546,491,2,120.2,240.4,debit_card,2026-03-29 22:38:02,completed,2
1694,667,302,2,39.08,78.16,cod,2026-03-13 11:19:49,completed,0
1695,575,178,3,434.41,1303.23,upi,2026-05-28 23:36:06,pending,3
1696,284,365,4,370.11,1480.44,debit_card,2026-05-08 19:26:47,cancelled,2
1697,802,64,1,33.66,33.66,upi,2026-02-20 16:47:54,completed,3
1698,893,18,5,95.61,478.05,upi,2026-01-30 06:22:44,pending,3
1699,261,136,1,27.09,27.09,upi,2026-01-26 21:22:56,completed,3
1700,182,76,2,167.01,334.02,debit_card,2026-06-05 19:31:35,completed,2
1701,644,474,3,284.92,854.76,cod,2026-04-13 10:39:50,completed,0
1702,498,347,3,228.11,684.33,credit_card,2026-05-02 16:17:27,completed,1
1703,223,200,5,78.83,394.15,wallet,2026-04-26 17:10:29,refunded,4
1704,188,402,4,164.69,658.76,cod,2026-04-08 02:10:56,completed,0
1705,97,475,4,385.73,1542.92,cod,2026-07-06 06:05:32,completed,0
1706,337,164,4,403.52,1614.08,cod,2026-03-21 11:35:59,completed,0
1707,432,203,2,215.87,431.74,wallet,2026-04-28 04:14:34,refunded,4
1708,171,259,4,415.23,1660.92,wallet,2026-04-06 21:22:02,completed,4
1709,156,276,2,88.48,176.96,debit_card,2026-06-16 13:32:03,completed,2
1710,658,271,1,337.13,337.13,credit_card,2026-05-21 05:28:32,completed,1
1711,38,219,2,22.74,45.48,credit_card,2026-04-19 23:40:44,completed,1
1712,394,422,3,410.66,1231.98,upi,2026-05-26 20:47:35,completed,3
1713,412,432,4,165.09,660.36,credit_card,2026-06-20 18:33:52,completed,1
1714,578,494,2,130.94,261.88,wallet,2026-06-29 23:25:47,completed,4
1715,639,396,3,354.78,1064.34,credit_card,2026-02-03 14:52:46,completed,1
1716,260,69,2,250.59,501.18,wallet,2026-04-24 11:03:40,refunded,4
1717,146,195,2,332.93,665.86,upi,2026-05-26 05:55:30,completed,3
1718,810,200,1,78.83,78.83,cod,2026-03-10 11:10:14,completed,0
1719,106,312,3,284.51,853.53,upi,2026-03-03 03:49:31,completed,3
1720,792,356,5,246.31,1231.55,debit_card,2026-02-26 11:15:41,completed,2
1721,430,211,5,353.76,1768.8,debit_card,2026-07-15 11:05:12,completed,2
1722,420,12,5,227.54,1137.7,wallet,2026-07-10 16:36:54,completed,4
1723,58,370,3,157.39,472.17,cod,2026-07-14 15:25:07,cancelled,0
1724,756,499,3,279.81,839.43,credit_card,2026-04-26 22:44:17,pending,1
1725,888,90,5,111.44,557.2,upi,2026-05-16 02:09:04,completed,3
1726,741,300,1,416.03,416.03,wallet,2026-04-26 09:37:44,completed,4
1727,325,6,5,159.39,796.95,wallet,2026-02-07 10:17:46,completed,4
1728,272,114,5,353.75,1768.75,credit_card,2026-03-25 10:49:30,completed,1
1729,650,498,5,464.26,2321.3,debit_card,2026-06-03 08:43:06,cancelled,2
1730,842,343,5,232.73,1163.65,wallet,2026-02-15 00:15:25,completed,4
1731,962,66,1,352.24,352.24,upi,2026-07-17 20:58:45,completed,3
1732,671,140,2,44.08,88.16,wallet,2026-03-15 22:23:44,completed,4
1733,565,456,4,155.16,620.64,credit_card,2026-04-23 21:04:06,pending,1
1734,696,366,3,19.14,57.42,debit_card,2026-03-02 23:12:42,completed,2
1735,322,460,3,239.55,718.65,upi,2026-04-08 03:17:40,completed,3
1736,825,472,5,354.58,1772.9,upi,2026-03-09 07:48:59,completed,3
1737,992,388,1,321.07,321.07,upi,2026-04-11 05:09:02,completed,3
1738,242,376,5,44.21,221.05,cod,2026-06-21 03:29:38,completed,0
1739,289,490,1,283.5,283.5,credit_card,2026-03-10 21:18:16,completed,1
1740,824,38,4,293.07,1172.28,upi,2026-05-26 16:49:34,completed,3
1741,156,15,5,483.13,2415.65,wallet,2026-06-13 08:12:38,refunded,4
1742,452,122,1,108.79,108.79,debit_card,2026-03-09 07:21:13,completed,2
1743,434,260,2,232.32,464.64,debit_card,2026-02-08 03:25:11,completed,2
1744,121,12,2,227.54,455.08,debit_card,2026-04-13 08:32:56,completed,2
1745,882,340,5,247.95,1239.75,debit_card,2026-05-11 22:13:58,completed,2
1746,194,146,5,285.46,1427.3,upi,2026-03-06 07:28:30,refunded,3
1747,33,219,2,22.74,45.48,upi,2026-04-07 11:09:40,completed,3
1748,846,109,2,283.99,567.98,upi,2026-06-18 04:21:45,completed,3
1749,292,285,4,93.68,374.72,upi,2026-06-08 04:22:44,completed,3
1750,695,272,1,148.87,148.87,debit_card,2026-06-01 04:08:14,completed,2
1751,476,158,4,412.64,1650.56,cod,2026-02-02 04:56:08,completed,0
1752,488,3,5,57.44,287.2,credit_card,2026-06-09 13:58:43,completed,1
1753,528,27,5,381.2,1906.0,debit_card,2026-05-22 09:20:13,completed,2
1754,841,429,4,202.27,809.08,debit_card,2026-04-19 06:37:42,completed,2
1755,46,423,5,43.85,219.25,upi,2026-03-28 05:20:49,pending,3
1756,213,441,3,31.28,93.84,wallet,2026-05-13 12:21:04,completed,4
1757,561,30,2,431.22,862.44,cod,2026-02-09 23:55:45,completed,0
1758,818,49,1,441.09,441.09,cod,2026-03-23 14:51:01,completed,0
1759,600,491,5,120.2,601.0,cod,2026-06-06 13:51:51,completed,0
1760,883,238,5,137.15,685.75,upi,2026-06-12 17:24:43,completed,3
1761,567,19,5,73.24,366.2,wallet,2026-02-17 04:24:47,completed,4
1762,818,198,5,151.2,756.0,debit_card,2026-02-24 10:50:00,completed,2
1763,122,498,5,464.26,2321.3,debit_card,2026-07-17 22:37:53,pending,2
1764,669,493,1,170.23,170.23,wallet,2026-05-07 09:05:57,completed,4
1765,943,372,5,269.87,1349.35,credit_card,2026-03-25 18:17:39,completed,1
1766,99,311,5,81.62,408.1,cod,2026-06-21 05:02:19,completed,0
1767,26,464,1,307.69,307.69,upi,2026-03-03 05:26:03,refunded,3
1768,319,120,5,168.93,844.65,debit_card,2026-04-27 13:55:48,completed,2
1769,178,226,2,359.81,719.62,upi,2026-03-22 20:10:34,completed,3
1770,102,484,4,183.29,733.16,debit_card,2026-04-05 05:14:46,completed,2
1771,14,312,2,284.51,569.02,upi,2026-04-02 14:26:41,completed,3
1772,321,100,1,208.94,208.94,cod,2026-06-02 20:44:02,completed,0
1773,977,430,4,103.06,412.24,credit_card,2026-03-28 16:10:57,completed,1
1774,94,375,3,85.82,257.46,debit_card,2026-04-28 00:08:41,completed,2
1775,139,254,4,193.78,775.12,credit_card,2026-05-16 02:40:10,completed,1
1776,489,327,2,230.11,460.22,credit_card,2026-05-12 15:51:29,completed,1
1777,487,48,3,40.06,120.18,cod,2026-07-09 22:45:06,completed,0
1778,552,360,3,139.27,417.81,cod,2026-07-03 16:01:57,pending,0
1779,866,500,5,484.96,2424.8,upi,2026-04-14 20:56:52,completed,3
1780,528,413,4,330.48,1321.92,wallet,2026-03-02 11:35:11,completed,4
1781,684,371,3,264.04,792.12,debit_card,2026-07-19 04:42:56,completed,2
1782,402,17,4,46.95,187.8,wallet,2026-03-17 22:13:54,completed,4
1783,226,316,4,203.28,813.12,upi,2026-01-21 18:07:41,cancelled,3
1784,85,74,2,189.54,379.08,upi,2026-03-05 12:41:51,completed,3
1785,614,228,5,267.53,1337.65,cod,2026-05-07 20:19:09,completed,0
1786,222,478,2,305.95,611.9,wallet,2026-06-16 11:14:41,completed,4
1787,251,334,1,202.47,202.47,cod,2026-01-31 17:39:47,pending,0
1788,135,447,1,180.91,180.91,debit_card,2026-01-23 04:58:56,completed,2
1789,352,219,5,22.74,113.7,wallet,2026-07-07 11:41:12,completed,4
1790,28,185,2,13.87,27.74,wallet,2026-02-20 21:43:22,completed,4
1791,326,492,3,235.12,705.36,debit_card,2026-01-28 22:47:33,completed,2
1792,392,2,4,330.51,1322.04,credit_card,2026-04-08 07:38:32,pending,1
1793,425,484,2,183.29,366.58,cod,2026-06-20 08:29:23,pending,0
1794,98,425,5,155.87,779.35,cod,2026-03-24 00:36:21,completed,0
1795,573,467,3,98.98,296.94,debit_card,2026-02-18 13:54:39,completed,2
1796,128,484,3,183.29,549.87,wallet,2026-02-28 14:01:24,completed,4
1797,6,380,2,144.65,289.3,credit_card,2026-05-10 09:06:01,cancelled,1
1798,559,95,5,133.12,665.6,cod,2026-03-29 09:43:48,pending,0
1799,525,184,4,269.22,1076.88,upi,2026-03-29 11:57:36,completed,3
1800,606,132,3,183.61,550.83,cod,2026-03-02 08:16:36,completed,0
1801,301,404,2,245.26,490.52,wallet,2026-07-08 00:44:31,completed,4
1802,735,102,4,494.75,1979.0,upi,2026-06-06 23:18:00,cancelled,3
1803,922,18,3,95.61,286.83,wallet,2026-04-11 05:35:07,cancelled,4
1804,274,289,4,418.26,1673.04,upi,2026-06-13 10:41:24,completed,3
1805,868,109,3,283.99,851.97,upi,2026-06-06 21:43:58,completed,3
1806,218,332,5,340.07,1700.35,credit_card,2026-04-14 18:57:14,completed,1
1807,490,404,4,245.26,981.04,credit_card,2026-06-11 21:51:56,completed,1
1808,158,158,4,412.64,1650.56,cod,2026-04-05 08:16:55,completed,0
1809,58,173,5,423.48,2117.4,credit_card,2026-07-09 22:38:17,completed,1
1810,324,287,4,26.19,104.76,debit_card,2026-06-13 23:52:40,completed,2
1811,311,318,1,220.51,220.51,wallet,2026-03-03 04:31:20,completed,4
1812,477,122,2,108.79,217.58,wallet,2026-02-05 22:02:03,completed,4
1813,173,368,1,230.99,230.99,wallet,2026-04-24 19:12:07,pending,4
1814,881,46,1,5.54,5.54,upi,2026-03-27 15:58:55,completed,3
1815,317,77,2,284.08,568.16,upi,2026-05-26 21:01:30,completed,3
1816,792,313,4,392.98,1571.92,wallet,2026-04-30 06:27:45,completed,4
1817,172,110,1,91.9,91.9,credit_card,2026-02-07 18:08:47,completed,1
1818,474,264,3,464.38,1393.14,credit_card,2026-05-15 14:13:39,completed,1
1819,316,57,2,493.51,987.02,credit_card,2026-01-24 05:30:53,completed,1
1820,283,458,2,119.3,238.6,upi,2026-07-19 07:05:46,pending,3
1821,789,34,3,496.28,1488.84,upi,2026-06-15 09:29:25,completed,3
1822,411,241,1,122.61,122.61,debit_card,2026-04-19 15:31:56,completed,2
1823,753,209,4,19.26,77.04,credit_card,2026-01-29 11:16:39,refunded,1
1824,993,342,2,21.12,42.24,cod,2026-04-16 19:12:07,completed,0
1825,490,186,2,68.82,137.64,debit_card,2026-05-01 10:05:35,completed,2
1826,981,229,4,347.45,1389.8,cod,2026-07-02 00:01:33,completed,0
1827,318,253,4,61.79,247.16,upi,2026-02-03 07:06:24,completed,3
1828,62,132,5,183.61,918.05,wallet,2026-02-06 01:58:04,cancelled,4
1829,155,416,2,183.2,366.4,debit_card,2026-04-08 14:38:53,completed,2
1830,366,133,2,17.74,35.48,credit_card,2026-06-23 12:03:28,completed,1
1831,215,454,3,458.97,1376.91,debit_card,2026-04-15 02:55:10,completed,2
1832,264,110,2,91.9,183.8,cod,2026-03-06 19:13:49,completed,0
1833,917,213,4,176.15,704.6,cod,2026-05-18 02:21:11,pending,0
1834,445,8,5,27.12,135.6,cod,2026-03-18 08:32:08,completed,0
1835,43,386,4,368.98,1475.92,debit_card,2026-02-11 22:45:09,completed,2
1836,609,363,3,18.05,54.150000000000006,wallet,2026-06-06 00:45:10,completed,4
1837,818,75,3,490.8,1472.4,upi,2026-04-10 11:43:18,completed,3
1838,750,135,3,196.83,590.49,wallet,2026-03-07 18:51:26,completed,4
1839,826,139,3,212.22,636.66,cod,2026-02-11 02:02:35,completed,0
1840,157,319,2,23.69,47.38,cod,2026-05-16 22:42:47,completed,0
1841,773,10,2,168.84,337.68,upi,2026-06-06 12:29:47,completed,3
1842,34,267,2,340.26,680.52,upi,2026-05-28 07:19:33,completed,3
1843,907,402,3,164.69,494.07,wallet,2026-01-28 22:39:53,completed,4
1844,236,398,5,84.37,421.85,upi,2026-01-24 00:48:44,completed,3
1845,207,306,1,213.24,213.24,upi,2026-04-04 10:29:35,completed,3
1846,387,14,5,186.07,930.35,credit_card,2026-05-29 10:25:05,pending,1
1847,281,433,5,185.81,929.05,cod,2026-04-09 00:41:57,completed,0
1848,109,477,4,383.87,1535.48,upi,2026-05-25 22:59:05,completed,3
1849,44,8,3,27.12,81.36,debit_card,2026-05-31 14:09:55,completed,2
1850,467,384,1,448.37,448.37,wallet,2026-02-17 22:27:57,completed,4
1851,864,104,5,17.9,89.5,upi,2026-03-08 06:37:08,completed,3
1852,64,161,1,29.58,29.58,debit_card,2026-07-12 21:12:19,completed,2
1853,391,241,2,122.61,245.22,credit_card,2026-01-23 11:45:15,pending,1
1854,656,445,4,252.82,1011.28,debit_card,2026-03-25 23:58:06,cancelled,2
1855,845,16,1,177.22,177.22,debit_card,2026-03-28 07:15:19,completed,2
1856,147,199,4,121.08,484.32,debit_card,2026-03-05 22:42:25,completed,2
1857,525,84,2,297.99,595.98,wallet,2026-03-02 11:11:15,completed,4
1858,65,169,4,383.91,1535.64,upi,2026-05-10 02:25:48,completed,3
1859,381,465,1,228.55,228.55,debit_card,2026-05-30 15:13:54,refunded,2
1860,176,204,2,167.69,335.38,cod,2026-06-27 22:51:33,completed,0
1861,836,123,5,28.83,144.15,upi,2026-04-18 23:15:19,completed,3
1862,643,17,3,46.95,140.85,cod,2026-03-11 01:40:28,completed,0
1863,775,466,3,200.83,602.49,cod,2026-04-12 22:12:45,completed,0
1864,986,469,1,49.77,49.77,wallet,2026-07-10 03:52:51,completed,4
1865,123,191,4,357.0,1428.0,debit_card,2026-03-18 13:38:46,pending,2
1866,458,233,2,357.38,714.76,cod,2026-05-19 18:23:36,completed,0
1867,814,166,3,8.64,25.92,cod,2026-02-27 03:38:49,completed,0
1868,129,365,3,370.11,1110.33,credit_card,2026-03-06 20:14:15,completed,1
1869,296,30,4,431.22,1724.88,cod,2026-05-24 07:30:29,completed,0
1870,904,282,2,238.69,477.38,wallet,2026-01-28 11:43:37,completed,4
1871,622,427,3,254.84,764.52,debit_card,2026-02-17 06:20:17,completed,2
1872,901,420,3,120.33,360.99,credit_card,2026-06-07 06:29:35,completed,1
1873,874,272,5,148.87,744.35,upi,2026-01-26 12:32:49,cancelled,3
1874,954,452,3,70.23,210.69,debit_card,2026-04-10 18:40:53,completed,2
1875,977,145,4,295.85,1183.4,wallet,2026-03-21 11:32:06,completed,4
1876,747,38,4,293.07,1172.28,wallet,2026-06-25 18:26:59,completed,4
1877,824,62,3,44.12,132.36,wallet,2026-03-22 16:07:28,completed,4
1878,972,310,3,190.64,571.92,cod,2026-04-16 07:24:41,completed,0
1879,656,301,2,135.94,271.88,credit_card,2026-03-07 14:30:53,completed,1
1880,450,372,2,269.87,539.74,cod,2026-03-26 14:53:08,cancelled,0
1881,501,240,3,55.73,167.19,wallet,2026-03-30 01:50:36,completed,4
1882,622,396,2,354.78,709.56,credit_card,2026-02-07 05:02:16,pending,1
1883,527,127,5,444.53,2222.65,wallet,2026-05-19 08:07:39,completed,4
1884,312,227,5,387.21,1936.05,debit_card,2026-04-24 05:30:22,completed,2
1885,662,228,4,267.53,1070.12,upi,2026-05-24 02:08:01,cancelled,3
1886,368,325,1,369.78,369.78,wallet,2026-02-25 00:56:50,completed,4
1887,862,424,4,465.47,1861.88,debit_card,2026-07-04 23:45:46,completed,2
1888,524,187,1,412.8,412.8,debit_card,2026-07-13 16:06:38,completed,2
1889,215,222,2,61.44,122.88,cod,2026-04-05 09:38:39,completed,0
1890,127,200,2,78.83,157.66,cod,2026-02-09 04:18:52,pending,0
1891,189,308,3,130.99,392.97,upi,2026-07-11 07:28:14,completed,3
1892,98,249,2,182.25,364.5,wallet,2026-07-07 23:53:02,completed,4
1893,323,86,2,139.62,279.24,cod,2026-02-16 03:24:52,completed,0
1894,516,153,1,365.76,365.76,cod,2026-07-06 12:38:52,completed,0
1895,458,185,4,13.87,55.48,debit_card,2026-06-26 20:18:55,pending,2
1896,59,378,3,59.63,178.89,upi,2026-05-15 08:28:42,refunded,3
1897,218,404,5,245.26,1226.3,wallet,2026-04-16 06:08:18,completed,4
1898,823,29,1,222.34,222.34,debit_card,2026-04-15 07:37:36,completed,2
1899,1000,94,1,69.7,69.7,wallet,2026-06-17 23:10:27,refunded,4
1900,133,203,2,215.87,431.74,upi,2026-01-31 11:49:11,refunded,3
1901,352,53,4,160.68,642.72,wallet,2026-06-02 05:24:53,completed,4
1902,507,483,1,84.86,84.86,credit_card,2026-04-04 17:12:36,completed,1
1903,195,305,5,377.43,1887.15,credit_card,2026-02-14 12:59:42,pending,1
1904,841,249,4,182.25,729.0,wallet,2026-03-01 04:26:55,completed,4
1905,500,424,4,465.47,1861.88,cod,2026-05-06 09:06:29,completed,0
1906,135,170,4,362.04,1448.16,credit_card,2026-06-30 03:35:03,completed,1
1907,471,265,1,193.8,193.8,wallet,2026-05-05 01:21:56,completed,4
1908,801,94,2,69.7,139.4,debit_card,2026-06-07 01:18:55,completed,2
1909,626,253,3,61.79,185.37,credit_card,2026-04-16 03:17:13,completed,1
1910,960,482,4,152.73,610.92,wallet,2026-07-12 20:00:21,completed,4
1911,986,148,3,329.12,987.36,cod,2026-05-16 19:19:41,completed,0
1912,745,19,2,73.24,146.48,debit_card,2026-06-30 09:30:04,completed,2
1913,957,114,4,353.75,1415.0,wallet,2026-06-12 18:03:18,completed,4
1914,985,415,2,306.16,612.32,debit_card,2026-04-26 12:23:37,completed,2
1915,404,316,2,203.28,406.56,credit_card,2026-05-17 09:00:17,completed,1
1916,808,292,5,8.27,41.35,wallet,2026-04-05 11:20:28,completed,4
1917,347,364,1,81.86,81.86,debit_card,2026-04-17 06:19:02,completed,2
1918,621,404,3,245.26,735.78,cod,2026-02-15 10:05:49,completed,0
1919,897,8,1,27.12,27.12,wallet,2026-03-03 01:55:39,completed,4
1920,719,237,3,263.75,791.25,credit_card,2026-06-07 03:04:20,pending,1
1921,640,376,3,44.21,132.63,upi,2026-02-27 19:13:21,completed,3
1922,571,336,2,252.0,504.0,upi,2026-03-05 12:26:05,completed,3
1923,897,273,3,476.01,1428.03,upi,2026-03-04 02:38:25,completed,3
1924,415,388,2,321.07,642.14,debit_card,2026-05-01 07:34:43,pending,2
1925,775,107,4,180.63,722.52,upi,2026-04-02 23:54:13,completed,3
1926,842,239,5,346.84,1734.2,wallet,2026-04-06 02:54:53,completed,4
1927,60,230,4,305.05,1220.2,wallet,2026-03-26 19:51:29,completed,4
1928,519,497,1,243.34,243.34,upi,2026-07-12 05:31:35,pending,3
1929,921,388,1,321.07,321.07,debit_card,2026-04-02 16:02:30,completed,2
1930,904,269,5,473.75,2368.75,cod,2026-06-03 05:39:38,cancelled,0
1931,620,160,1,419.64,419.64,credit_card,2026-01-21 05:00:33,completed,1
1932,517,9,3,465.31,1395.93,upi,2026-06-30 06:59:28,completed,3
1933,904,434,5,493.89,2469.45,wallet,2026-03-29 13:10:23,pending,4
1934,843,420,2,120.33,240.66,wallet,2026-07-14 21:10:57,pending,4
1935,200,116,3,355.06,1065.18,debit_card,2026-01-23 11:45:43,completed,2
1936,173,367,5,467.75,2338.75,cod,2026-05-31 17:36:56,completed,0
1937,311,421,5,368.46,1842.3,upi,2026-02-11 05:01:50,completed,3
1938,736,472,4,354.58,1418.32,credit_card,2026-01-23 23:10:32,completed,1
1939,995,123,4,28.83,115.32,upi,2026-06-15 05:16:11,cancelled,3
1940,333,334,4,202.47,809.88,wallet,2026-02-15 20:32:13,completed,4
1941,556,357,4,234.56,938.24,wallet,2026-07-11 16:06:38,completed,4
1942,489,208,2,402.12,804.24,upi,2026-04-25 20:22:11,completed,3
1943,817,316,5,203.28,1016.4,credit_card,2026-04-11 18:29:35,cancelled,1
1944,200,12,5,227.54,1137.7,upi,2026-07-11 10:02:48,pending,3
1945,621,455,3,420.56,1261.68,upi,2026-01-26 23:28:49,completed,3
1946,257,481,1,32.26,32.26,debit_card,2026-07-14 22:40:00,pending,2
1947,538,306,1,213.24,213.24,cod,2026-06-01 10:23:16,completed,0
1948,285,280,1,365.08,365.08,credit_card,2026-02-07 13:52:39,completed,1
1949,690,323,2,123.43,246.86,cod,2026-06-21 01:07:26,pending,0
1950,766,353,2,183.68,367.36,credit_card,2026-06-11 19:40:20,completed,1
1951,64,216,5,255.93,1279.65,upi,2026-06-22 05:15:11,completed,3
1952,922,476,5,315.09,1575.45,credit_card,2026-05-23 00:43:14,completed,1
1953,260,238,3,137.15,411.45,debit_card,2026-05-12 20:11:26,pending,2
1954,366,23,2,210.74,421.48,debit_card,2026-06-30 06:52:56,completed,2
1955,833,480,2,311.78,623.56,credit_card,2026-02-09 09:22:05,completed,1
1956,638,195,5,332.93,1664.65,debit_card,2026-07-01 01:32:53,completed,2
1957,55,431,5,498.55,2492.75,credit_card,2026-05-26 16:06:53,completed,1
1958,569,136,2,27.09,54.18,cod,2026-03-16 18:43:13,completed,0
1959,575,138,3,209.92,629.76,debit_card,2026-04-20 17:40:16,completed,2
1960,40,419,4,232.88,931.52,cod,2026-02-27 13:17:48,completed,0
1961,716,283,2,367.95,735.9,upi,2026-05-09 22:21:53,completed,3
1962,108,471,4,128.79,515.16,credit_card,2026-04-08 20:06:29,completed,1
1963,229,380,5,144.65,723.25,upi,2026-03-01 04:59:42,pending,3
1964,114,315,2,226.06,452.12,debit_card,2026-04-15 03:46:23,completed,2
1965,157,79,2,466.54,933.08,wallet,2026-05-02 22:20:15,completed,4
1966,169,170,3,362.04,1086.12,credit_card,2026-05-23 17:02:27,pending,1
1967,595,13,1,377.4,377.4,upi,2026-03-20 04:52:24,cancelled,3
1968,122,62,1,44.12,44.12,credit_card,2026-05-14 04:00:55,completed,1
1969,896,407,4,401.5,1606.0,wallet,2026-04-04 05:08:03,pending,4
1970,612,179,5,73.0,365.0,wallet,2026-04-15 15:31:02,completed,4
1971,566,83,1,487.4,487.4,credit_card,2026-06-14 17:32:51,completed,1
1972,896,286,2,113.32,226.64,upi,2026-01-26 01:42:02,completed,3
1973,77,246,2,217.11,434.22,credit_card,2026-06-12 14:28:45,completed,1
1974,506,197,1,103.33,103.33,debit_card,2026-07-04 20:47:32,completed,2
1975,598,52,1,448.81,448.81,credit_card,2026-07-09 02:46:14,refunded,1
1976,727,88,1,270.28,270.28,wallet,2026-06-23 20:09:48,completed,4
1977,167,113,5,295.37,1476.85,credit_card,2026-03-17 09:38:25,completed,1
1978,830,324,4,179.8,719.2,cod,2026-02-20 10:08:08,completed,0
1979,720,293,2,259.7,519.4,debit_card,2026-03-12 11:07:59,cancelled,2
1980,186,281,2,205.54,411.08,cod,2026-02-28 08:19:56,completed,0
1981,446,227,5,387.21,1936.05,upi,2026-02-23 18:11:15,refunded,3
1982,381,419,3,232.88,698.64,debit_card,2026-07-01 03:27:04,completed,2
1983,238,473,3,475.13,1425.39,cod,2026-02-03 22:06:01,completed,0
1984,403,214,2,32.01,64.02,credit_card,2026-05-07 01:49:44,completed,1
1985,549,83,1,487.4,487.4,credit_card,2026-05-06 15:28:54,pending,1
1986,765,37,2,204.41,408.82,wallet,2026-06-10 16:03:53,completed,4
1987,665,224,3,448.95,1346.85,debit_card,2026-01-29 19:09:19,completed,2
1988,854,322,3,393.06,1179.18,debit_card,2026-06-09 11:47:21,pending,2
1989,140,431,5,498.55,2492.75,wallet,2026-07-18 01:38:18,completed,4
1990,868,184,3,269.22,807.66,cod,2026-02-02 06:50:48,pending,0
1991,906,76,2,167.01,334.02,cod,2026-03-10 13:29:56,completed,0
1992,379,282,4,238.69,954.76,cod,2026-04-09 19:54:40,completed,0
1993,637,204,1,167.69,167.69,debit_card,2026-04-17 17:53:49,completed,2
1994,373,47,2,9.6,19.2,credit_card,2026-03-21 03:31:08,completed,1
1995,108,304,5,92.82,464.1,debit_card,2026-05-02 14:10:10,completed,2
1996,147,151,4,172.24,688.96,credit_card,2026-05-30 21:32:30,completed,1
1997,851,23,3,210.74,632.22,cod,2026-04-12 11:23:28,completed,0
1998,329,370,2,157.39,314.78,upi,2026-02-05 03:00:46,completed,3
1999,170,224,4,448.95,1795.8,cod,2026-02-22 21:47:01,pending,0
2000,757,3,3,57.44,172.32,cod,2026-06-24 14:49:40,completed,0
2001,345,114,2,353.75,707.5,debit_card,2026-06-06 14:55:34,completed,2
2002,890,93,5,55.44,277.2,cod,2026-03-30 09:02:45,pending,0
2003,562,204,3,167.69,503.07,debit_card,2026-04-09 12:57:46,refunded,2
2004,473,353,1,183.68,183.68,debit_card,2026-02-21 15:08:17,completed,2
2005,315,433,2,185.81,371.62,credit_card,2026-05-23 00:45:14,completed,1
2006,70,73,2,116.14,232.28,credit_card,2026-04-18 22:03:53,pending,1
2007,179,12,4,227.54,910.16,cod,2026-02-26 02:58:43,refunded,0
2008,320,43,1,495.96,495.96,credit_card,2026-06-27 14:20:28,refunded,1
2009,174,243,4,105.53,422.12,upi,2026-06-15 20:42:52,completed,3
2010,621,192,4,29.05,116.2,debit_card,2026-05-09 07:11:38,completed,2
2011,309,46,1,5.54,5.54,credit_card,2026-05-17 01:13:55,completed,1
2012,892,253,5,61.79,308.95,credit_card,2026-06-12 19:21:25,cancelled,1
2013,993,358,3,287.96,863.88,debit_card,2026-04-12 21:48:59,completed,2
2014,978,320,4,473.13,1892.52,wallet,2026-07-09 17:31:00,completed,4
2015,597,315,5,226.06,1130.3,wallet,2026-04-12 03:39:54,completed,4
2016,634,414,5,277.29,1386.45,credit_card,2026-04-01 10:00:32,completed,1
2017,322,396,2,354.78,709.56,wallet,2026-04-05 16:27:49,completed,4
2018,432,200,1,78.83,78.83,debit_card,2026-07-08 08:24:01,completed,2
2019,58,307,4,395.83,1583.32,debit_card,2026-06-03 07:07:12,completed,2
2020,351,343,5,232.73,1163.65,cod,2026-04-22 19:24:54,completed,0
2021,482,298,4,260.74,1042.96,cod,2026-04-17 08:57:36,completed,0
2022,571,109,1,283.99,283.99,cod,2026-05-20 04:53:53,completed,0
2023,892,307,1,395.83,395.83,wallet,2026-04-29 09:29:11,completed,4
2024,173,234,3,358.62,1075.86,cod,2026-02-22 01:34:45,completed,0
2025,796,149,5,204.47,1022.35,upi,2026-06-14 08:01:28,completed,3
2026,664,210,4,444.36,1777.44,upi,2026-03-26 04:37:04,completed,3
2027,53,317,4,482.46,1929.84,credit_card,2026-02-23 19:30:18,completed,1
2028,555,26,4,61.04,244.16,credit_card,2026-07-03 05:17:13,cancelled,1
2029,453,115,1,164.69,164.69,credit_card,2026-06-26 16:48:42,completed,1
2030,138,136,3,27.09,81.27,cod,2026-04-13 10:29:06,pending,0
2031,359,336,2,252.0,504.0,wallet,2026-07-01 09:18:38,completed,4
2032,10,406,3,360.33,1080.99,upi,2026-06-25 06:18:44,completed,3
2033,712,147,5,393.94,1969.7,upi,2026-03-18 18:57:58,completed,3
2034,766,274,3,39.56,118.68,credit_card,2026-06-23 21:14:03,cancelled,1
2035,44,86,1,139.62,139.62,cod,2026-05-25 15:13:52,completed,0
2036,796,408,5,412.7,2063.5,cod,2026-02-12 08:38:43,pending,0
2037,694,140,2,44.08,88.16,wallet,2026-04-05 10:21:32,completed,4
2038,495,235,3,348.68,1046.04,cod,2026-05-01 09:24:56,completed,0
2039,653,259,2,415.23,830.46,credit_card,2026-03-06 03:35:28,completed,1
2040,788,464,1,307.69,307.69,upi,2026-04-10 16:32:50,completed,3
2041,707,100,4,208.94,835.76,credit_card,2026-05-14 17:32:40,completed,1
2042,255,96,5,405.6,2028.0,upi,2026-06-01 13:01:59,completed,3
2043,541,444,5,452.42,2262.1,cod,2026-05-12 20:08:44,completed,0
2044,436,112,5,359.88,1799.4,wallet,2026-02-28 09:52:10,completed,4
2045,10,300,1,416.03,416.03,upi,2026-06-06 07:58:06,completed,3
2046,1,205,4,95.52,382.08,upi,2026-05-10 04:58:54,completed,3
2047,333,402,1,164.69,164.69,upi,2026-02-22 10:07:56,completed,3
2048,67,190,4,364.95,1459.8,upi,2026-05-27 20:29:40,completed,3
2049,588,356,4,246.31,985.24,cod,2026-02-21 13:08:00,completed,0
2050,959,91,1,201.14,201.14,credit_card,2026-02-21 11:11:06,completed,1
2051,672,169,1,383.91,383.91,debit_card,2026-05-06 20:13:25,completed,2
2052,897,393,5,352.16,1760.8,cod,2026-03-15 02:42:00,completed,0
2053,797,435,2,462.49,924.98,credit_card,2026-02-01 14:06:59,completed,1
2054,91,272,4,148.87,595.48,upi,2026-06-01 14:44:00,completed,3
2055,888,235,2,348.68,697.36,credit_card,2026-04-21 05:12:41,completed,1
2056,814,291,5,260.6,1303.0,upi,2026-06-02 18:38:51,pending,3
2057,424,179,1,73.0,73.0,debit_card,2026-05-10 04:52:32,completed,2
2058,870,254,4,193.78,775.12,upi,2026-03-07 06:25:09,completed,3
2059,153,295,5,243.35,1216.75,upi,2026-06-17 17:07:00,completed,3
2060,369,459,3,423.84,1271.52,upi,2026-03-13 19:00:27,completed,3
2061,193,186,3,68.82,206.46,credit_card,2026-06-24 17:32:17,completed,1
2062,149,478,3,305.95,917.85,debit_card,2026-04-03 08:56:15,completed,2
2063,74,441,3,31.28,93.84,credit_card,2026-03-07 08:29:26,completed,1
2064,52,345,3,122.38,367.14,debit_card,2026-05-27 11:53:23,completed,2
2065,372,158,4,412.64,1650.56,debit_card,2026-06-21 12:50:57,completed,2
2066,985,348,1,403.02,403.02,wallet,2026-02-01 21:58:38,completed,4
2067,449,457,1,70.12,70.12,upi,2026-03-24 07:04:19,completed,3
2068,51,71,2,6.27,12.54,debit_card,2026-04-24 22:53:18,pending,2
2069,264,107,3,180.63,541.89,upi,2026-03-28 12:58:32,completed,3
2070,891,135,2,196.83,393.66,credit_card,2026-02-17 15:34:44,completed,1
2071,989,342,5,21.12,105.6,debit_card,2026-06-11 15:22:21,completed,2
2072,840,58,4,185.88,743.52,credit_card,2026-04-18 10:45:23,pending,1
2073,319,129,5,445.43,2227.15,upi,2026-02-10 15:31:39,cancelled,3
2074,165,96,3,405.6,1216.8,cod,2026-06-24 21:14:42,completed,0
2075,963,88,5,270.28,1351.4,debit_card,2026-02-19 05:19:46,completed,2
2076,773,474,2,284.92,569.84,cod,2026-04-10 18:30:40,completed,0
2077,916,34,3,496.28,1488.84,upi,2026-02-26 06:27:37,completed,3
2078,387,17,4,46.95,187.8,upi,2026-07-12 20:06:12,completed,3
2079,121,136,5,27.09,135.45,wallet,2026-04-22 16:13:10,completed,4
2080,88,314,3,290.94,872.82,cod,2026-03-08 17:51:59,completed,0
2081,92,205,1,95.52,95.52,debit_card,2026-04-05 08:04:54,pending,2
2082,789,167,3,243.46,730.38,upi,2026-04-08 22:19:10,completed,3
2083,741,366,4,19.14,76.56,credit_card,2026-03-20 09:59:55,completed,1
2084,882,84,4,297.99,1191.96,upi,2026-07-14 06:42:27,completed,3
2085,278,26,1,61.04,61.04,upi,2026-02-27 10:38:25,completed,3
2086,601,331,1,431.7,431.7,upi,2026-03-06 00:47:15,completed,3
2087,437,444,4,452.42,1809.68,cod,2026-05-28 12:27:11,completed,0
2088,534,361,1,96.02,96.02,upi,2026-02-12 01:50:06,completed,3
2089,898,52,5,448.81,2244.05,debit_card,2026-04-12 08:38:52,completed,2
2090,354,183,1,318.58,318.58,debit_card,2026-05-15 23:06:23,completed,2
2091,693,220,1,107.39,107.39,wallet,2026-06-23 17:51:41,pending,4
2092,455,488,1,493.66,493.66,cod,2026-02-05 05:13:55,pending,0
2093,575,130,3,207.59,622.77,debit_card,2026-02-22 09:41:47,cancelled,2
2094,880,123,1,28.83,28.83,cod,2026-03-05 09:39:45,completed,0
2095,803,143,3,132.65,397.95,cod,2026-06-12 23:44:32,completed,0
2096,192,349,4,239.13,956.52,wallet,2026-06-13 00:54:40,completed,4
2097,972,189,4,376.31,1505.24,credit_card,2026-06-21 23:29:11,completed,1
2098,292,3,4,57.44,229.76,upi,2026-05-25 03:54:15,refunded,3
2099,594,459,1,423.84,423.84,cod,2026-04-10 20:38:46,completed,0
2100,363,115,1,164.69,164.69,debit_card,2026-06-05 19:32:48,completed,2
2101,908,427,1,254.84,254.84,wallet,2026-05-02 15:55:58,pending,4
2102,44,281,2,205.54,411.08,cod,2026-03-19 12:08:11,completed,0
2103,992,270,3,75.52,226.56,cod,2026-07-07 19:44:19,completed,0
2104,938,138,3,209.92,629.76,cod,2026-01-30 12:26:39,pending,0
2105,94,248,4,300.46,1201.84,debit_card,2026-02-13 13:37:43,pending,2
2106,311,380,3,144.65,433.95,wallet,2026-03-04 15:46:19,completed,4
2107,535,178,3,434.41,1303.23,upi,2026-04-20 16:55:10,completed,3
2108,961,161,2,29.58,59.16,cod,2026-07-18 06:40:31,completed,0
2109,795,493,1,170.23,170.23,upi,2026-06-02 23:02:44,completed,3
2110,23,279,3,421.69,1265.07,credit_card,2026-01-31 21:51:00,completed,1
2111,227,490,5,283.5,1417.5,wallet,2026-07-01 09:36:59,cancelled,4
2112,702,416,3,183.2,549.6,upi,2026-03-30 05:01:48,completed,3
2113,531,2,4,330.51,1322.04,wallet,2026-05-05 21:58:29,cancelled,4
2114,30,358,3,287.96,863.88,credit_card,2026-04-21 17:54:42,completed,1
2115,929,324,1,179.8,179.8,upi,2026-04-11 18:08:25,completed,3
2116,732,51,1,315.9,315.9,upi,2026-03-12 04:53:42,completed,3
2117,50,471,1,128.79,128.79,debit_card,2026-04-03 22:07:37,completed,2
2118,38,240,5,55.73,278.65,cod,2026-05-03 09:04:03,completed,0
2119,818,92,1,476.29,476.29,cod,2026-06-06 14:56:41,completed,0
2120,981,55,4,261.29,1045.16,upi,2026-03-11 05:49:28,cancelled,3
2121,331,297,5,24.4,122.0,upi,2026-01-23 12:39:55,completed,3
2122,699,263,4,338.28,1353.12,cod,2026-02-02 13:46:01,completed,0
2123,970,352,2,407.84,815.68,upi,2026-06-16 04:58:28,completed,3
2124,430,354,3,65.01,195.03,cod,2026-05-27 12:29:20,completed,0
2125,459,327,5,230.11,1150.55,debit_card,2026-05-24 00:53:57,completed,2
2126,55,33,2,476.44,952.88,debit_card,2026-03-09 20:36:31,completed,2
2127,451,270,1,75.52,75.52,cod,2026-06-18 20:52:12,completed,0
2128,986,195,2,332.93,665.86,wallet,2026-02-16 06:26:28,completed,4
2129,112,427,1,254.84,254.84,cod,2026-07-05 13:08:21,completed,0
2130,892,346,1,214.85,214.85,upi,2026-05-15 01:39:52,completed,3
2131,264,404,3,245.26,735.78,wallet,2026-07-11 20:23:47,completed,4
2132,703,252,3,113.13,339.39,debit_card,2026-05-29 06:01:19,completed,2
2133,103,210,4,444.36,1777.44,upi,2026-04-28 11:15:13,completed,3
2134,667,215,2,42.06,84.12,credit_card,2026-04-16 22:06:21,completed,1
2135,428,115,3,164.69,494.07,upi,2026-05-23 04:47:47,pending,3
2136,940,49,1,441.09,441.09,cod,2026-02-17 08:13:00,completed,0
2137,133,91,4,201.14,804.56,upi,2026-05-19 17:15:12,completed,3
2138,530,32,2,300.44,600.88,credit_card,2026-04-07 17:14:28,cancelled,1
2139,912,122,1,108.79,108.79,credit_card,2026-03-18 20:45:01,completed,1
2140,418,246,5,217.11,1085.55,debit_card,2026-04-20 13:22:06,pending,2
2141,382,201,3,323.95,971.85,cod,2026-06-16 21:27:54,completed,0
2142,489,211,3,353.76,1061.28,upi,2026-07-12 18:40:08,completed,3
2143,69,30,5,431.22,2156.1,credit_card,2026-04-29 22:35:07,completed,1
2144,999,205,3,95.52,286.56,wallet,2026-07-04 09:49:46,completed,4
2145,92,235,1,348.68,348.68,wallet,2026-04-08 09:53:32,completed,4
2146,436,470,2,165.11,330.22,debit_card,2026-06-07 06:48:35,pending,2
2147,821,257,3,474.36,1423.08,cod,2026-03-19 07:14:27,pending,0
2148,549,112,5,359.88,1799.4,upi,2026-06-08 16:38:07,completed,3
2149,496,95,3,133.12,399.36,credit_card,2026-03-08 11:44:18,completed,1
2150,494,378,4,59.63,238.52,wallet,2026-01-21 03:53:16,completed,4
2151,761,190,4,364.95,1459.8,debit_card,2026-03-24 21:36:57,refunded,2
2152,222,9,2,465.31,930.62,upi,2026-01-22 23:10:33,completed,3
2153,310,299,5,112.21,561.05,cod,2026-01-26 00:26:48,completed,0
2154,137,138,2,209.92,419.84,debit_card,2026-02-27 01:03:21,completed,2
2155,471,172,4,344.73,1378.92,credit_card,2026-03-20 11:08:59,completed,1
2156,696,5,5,243.97,1219.85,wallet,2026-07-05 00:07:46,completed,4
2157,817,60,4,146.81,587.24,debit_card,2026-07-09 23:59:26,cancelled,2
2158,356,27,2,381.2,762.4,upi,2026-03-30 08:09:53,completed,3
2159,379,444,5,452.42,2262.1,wallet,2026-03-18 01:04:36,pending,4
2160,927,343,5,232.73,1163.65,upi,2026-06-18 12:35:50,completed,3
2161,591,411,2,210.52,421.04,upi,2026-03-26 18:11:01,completed,3
2162,715,343,4,232.73,930.92,upi,2026-02-11 14:14:28,completed,3
2163,652,66,5,352.24,1761.2,wallet,2026-06-23 20:35:11,completed,4
2164,736,467,5,98.98,494.9,credit_card,2026-06-01 20:00:30,completed,1
2165,712,15,1,483.13,483.13,cod,2026-06-24 19:29:54,completed,0
2166,515,225,4,101.98,407.92,credit_card,2026-03-28 14:04:08,cancelled,1
2167,547,319,4,23.69,94.76,wallet,2026-02-03 11:29:07,completed,4
2168,476,328,1,255.59,255.59,debit_card,2026-03-02 22:07:23,pending,2
2169,29,408,2,412.7,825.4,wallet,2026-06-23 23:15:00,completed,4
2170,369,11,3,97.26,291.78,cod,2026-02-28 20:08:21,completed,0
2171,912,361,5,96.02,480.1,credit_card,2026-04-20 18:56:49,pending,1
2172,700,343,3,232.73,698.19,debit_card,2026-03-28 21:42:54,completed,2
2173,344,287,1,26.19,26.19,cod,2026-03-06 07:38:59,refunded,0
2174,673,159,3,246.95,740.85,cod,2026-05-25 04:45:46,completed,0
2175,241,399,2,186.72,373.44,cod,2026-06-01 14:27:56,completed,0
2176,853,329,4,402.46,1609.84,credit_card,2026-05-07 03:54:50,completed,1
2177,529,139,3,212.22,636.66,credit_card,2026-07-03 17:30:20,completed,1
2178,779,304,4,92.82,371.28,cod,2026-03-12 06:14:29,completed,0
2179,599,253,5,61.79,308.95,wallet,2026-05-12 23:17:59,completed,4
2180,555,156,2,440.27,880.54,debit_card,2026-03-19 03:32:09,completed,2
2181,446,147,3,393.94,1181.82,upi,2026-02-26 01:48:40,completed,3
2182,971,362,4,87.62,350.48,upi,2026-04-17 16:10:25,completed,3
2183,268,189,5,376.31,1881.55,debit_card,2026-03-18 10:10:37,completed,2
2184,117,358,1,287.96,287.96,credit_card,2026-01-25 17:56:55,completed,1
2185,826,121,1,411.72,411.72,upi,2026-05-05 00:05:02,refunded,3
2186,619,340,5,247.95,1239.75,credit_card,2026-05-14 16:04:14,completed,1
2187,343,229,2,347.45,694.9,wallet,2026-07-05 01:56:41,completed,4
2188,905,98,2,194.45,388.9,debit_card,2026-06-06 00:09:31,completed,2
2189,328,119,2,162.52,325.04,upi,2026-06-20 11:22:38,refunded,3
2190,909,280,2,365.08,730.16,debit_card,2026-02-21 17:12:12,completed,2
2191,778,212,5,263.94,1319.7,upi,2026-04-06 18:02:30,completed,3
2192,203,343,2,232.73,465.46,wallet,2026-04-19 22:17:40,completed,4
2193,633,80,3,5.72,17.16,debit_card,2026-06-25 08:52:52,completed,2
2194,859,296,1,125.62,125.62,debit_card,2026-05-02 13:10:02,completed,2
2195,576,188,5,264.44,1322.2,debit_card,2026-04-18 01:51:44,completed,2
2196,342,80,1,5.72,5.72,upi,2026-05-05 00:02:19,completed,3
2197,930,387,3,468.43,1405.29,cod,2026-06-08 19:49:15,pending,0
2198,650,345,5,122.38,611.9,debit_card,2026-01-22 22:41:36,completed,2
2199,333,210,2,444.36,888.72,wallet,2026-05-14 21:01:41,completed,4
2200,335,170,5,362.04,1810.2,wallet,2026-03-19 04:11:44,completed,4
2201,549,241,2,122.61,245.22,credit_card,2026-07-01 12:44:25,completed,1
2202,743,31,3,393.5,1180.5,debit_card,2026-06-03 11:00:45,completed,2
2203,299,224,3,448.95,1346.85,wallet,2026-02-08 19:20:05,completed,4
2204,18,260,1,232.32,232.32,debit_card,2026-07-15 15:22:25,completed,2
2205,835,228,2,267.53,535.06,debit_card,2026-07-18 07:40:38,cancelled,2
2206,798,281,2,205.54,411.08,debit_card,2026-04-26 13:59:33,completed,2
2207,876,498,5,464.26,2321.3,cod,2026-02-18 21:23:24,completed,0
2208,460,254,4,193.78,775.12,debit_card,2026-05-27 14:35:26,completed,2
2209,652,141,4,90.58,362.32,cod,2026-02-05 06:36:00,completed,0
2210,560,160,5,419.64,2098.2,credit_card,2026-03-05 02:27:10,cancelled,1
2211,113,396,4,354.78,1419.12,credit_card,2026-06-22 01:12:20,completed,1
2212,710,49,4,441.09,1764.36,credit_card,2026-02-23 01:44:12,completed,1
2213,699,454,1,458.97,458.97,debit_card,2026-02-08 09:15:11,completed,2
2214,138,471,2,128.79,257.58,wallet,2026-06-08 23:49:03,completed,4
2215,10,48,4,40.06,160.24,debit_card,2026-07-03 02:43:36,completed,2
2216,598,284,1,253.57,253.57,debit_card,2026-07-09 20:39:51,completed,2
2217,64,494,3,130.94,392.82,cod,2026-07-10 13:35:58,completed,0
2218,379,471,3,128.79,386.37,upi,2026-05-18 07:14:15,completed,3
2219,707,8,2,27.12,54.24,cod,2026-04-29 17:51:42,pending,0
2220,196,119,1,162.52,162.52,debit_card,2026-03-02 15:35:02,completed,2
2221,927,437,3,348.43,1045.29,credit_card,2026-04-29 13:48:43,completed,1
2222,350,43,5,495.96,2479.8,upi,2026-03-08 23:24:56,completed,3
2223,253,208,4,402.12,1608.48,debit_card,2026-02-04 21:17:44,completed,2
2224,340,30,3,431.22,1293.66,cod,2026-06-08 13:03:28,refunded,0
2225,771,139,5,212.22,1061.1,debit_card,2026-06-11 22:25:51,completed,2
2226,195,189,3,376.31,1128.93,upi,2026-06-05 09:13:26,completed,3
2227,264,41,4,395.21,1580.84,credit_card,2026-03-13 02:26:18,completed,1
2228,262,317,2,482.46,964.92,upi,2026-03-30 07:56:36,completed,3
2229,241,98,1,194.45,194.45,debit_card,2026-03-15 00:52:00,completed,2
2230,861,250,1,38.75,38.75,wallet,2026-05-03 08:11:30,completed,4
2231,151,325,3,369.78,1109.34,cod,2026-03-10 12:35:46,completed,0
2232,746,250,2,38.75,77.5,credit_card,2026-04-01 23:57:58,completed,1
2233,579,271,5,337.13,1685.65,wallet,2026-05-03 16:05:24,completed,4
2234,654,206,5,400.95,2004.75,wallet,2026-02-24 17:48:16,completed,4
2235,674,465,2,228.55,457.1,credit_card,2026-03-16 16:49:22,pending,1
2236,55,210,4,444.36,1777.44,upi,2026-05-23 03:33:15,completed,3
2237,950,55,1,261.29,261.29,upi,2026-06-08 23:52:22,completed,3
2238,694,338,2,460.49,920.98,wallet,2026-06-10 14:32:16,completed,4
2239,835,482,3,152.73,458.19,credit_card,2026-03-20 19:17:49,completed,1
2240,436,25,5,271.12,1355.6,credit_card,2026-04-16 05:57:39,completed,1
2241,704,488,5,493.66,2468.3,credit_card,2026-03-15 19:25:11,pending,1
2242,920,71,1,6.27,6.27,wallet,2026-07-02 07:04:05,completed,4
2243,777,450,4,480.5,1922.0,credit_card,2026-01-20 23:08:44,completed,1
2244,102,362,5,87.62,438.1,cod,2026-05-01 16:14:06,completed,0
2245,62,445,5,252.82,1264.1,debit_card,2026-02-21 16:05:34,completed,2
2246,131,419,4,232.88,931.52,wallet,2026-04-25 22:06:15,completed,4
2247,140,102,2,494.75,989.5,upi,2026-02-22 23:41:32,completed,3
2248,353,19,4,73.24,292.96,wallet,2026-05-07 19:36:41,cancelled,4
2249,144,391,4,188.84,755.36,credit_card,2026-06-19 00:56:07,pending,1
2250,193,48,5,40.06,200.3,wallet,2026-02-27 00:53:24,completed,4
2251,378,166,2,8.64,17.28,cod,2026-05-23 11:50:06,completed,0
2252,906,465,2,228.55,457.1,debit_card,2026-06-13 09:01:15,completed,2
2253,965,466,4,200.83,803.32,debit_card,2026-01-26 14:31:22,completed,2
2254,539,239,4,346.84,1387.36,cod,2026-04-07 14:49:09,completed,0
2255,513,50,1,283.83,283.83,credit_card,2026-03-10 04:38:16,completed,1
2256,673,498,4,464.26,1857.04,upi,2026-05-25 19:20:34,completed,3
2257,213,37,2,204.41,408.82,credit_card,2026-03-28 12:25:05,completed,1
2258,98,439,4,313.41,1253.64,credit_card,2026-02-19 02:46:19,completed,1
2259,61,338,3,460.49,1381.47,wallet,2026-06-16 14:17:56,completed,4
2260,154,412,3,442.0,1326.0,cod,2026-03-03 11:13:15,completed,0
2261,624,468,5,214.12,1070.6,upi,2026-06-20 22:58:30,completed,3
2262,514,68,4,404.52,1618.08,credit_card,2026-02-20 00:57:50,completed,1
2263,173,137,1,35.51,35.51,credit_card,2026-01-27 07:14:31,completed,1
2264,493,80,3,5.72,17.16,wallet,2026-07-09 01:57:27,pending,4
2265,821,159,5,246.95,1234.75,cod,2026-02-01 04:54:11,refunded,0
2266,358,325,5,369.78,1848.9,wallet,2026-05-09 21:06:38,completed,4
2267,534,42,4,13.06,52.24,credit_card,2026-05-26 06:16:21,refunded,1
2268,933,451,1,80.61,80.61,upi,2026-02-05 23:30:57,completed,3
2269,883,185,3,13.87,41.61,credit_card,2026-05-02 08:02:45,cancelled,1
2270,218,38,4,293.07,1172.28,cod,2026-03-26 09:51:52,completed,0
2271,868,21,1,311.61,311.61,debit_card,2026-06-29 13:49:41,completed,2
2272,52,331,5,431.7,2158.5,credit_card,2026-05-02 15:39:07,completed,1
2273,345,129,1,445.43,445.43,upi,2026-01-25 08:44:12,completed,3
2274,563,243,3,105.53,316.59,cod,2026-02-17 14:01:16,completed,0
2275,353,498,1,464.26,464.26,upi,2026-02-02 00:22:11,completed,3
2276,718,197,5,103.33,516.65,credit_card,2026-05-20 16:26:15,cancelled,1
2277,524,74,5,189.54,947.7,credit_card,2026-02-14 03:06:48,pending,1
2278,66,151,4,172.24,688.96,wallet,2026-02-27 11:33:43,refunded,4
2279,560,314,4,290.94,1163.76,wallet,2026-05-16 10:15:55,refunded,4
2280,835,234,5,358.62,1793.1,upi,2026-05-17 04:02:10,pending,3
2281,14,354,5,65.01,325.05,cod,2026-04-15 13:15:56,completed,0
2282,746,137,1,35.51,35.51,wallet,2026-07-02 01:11:45,completed,4
2283,243,188,4,264.44,1057.76,credit_card,2026-06-24 01:56:39,pending,1
2284,95,359,1,117.97,117.97,cod,2026-02-18 11:13:33,pending,0
2285,364,364,2,81.86,163.72,upi,2026-04-19 13:09:45,completed,3
2286,841,7,5,53.32,266.6,wallet,2026-06-10 18:53:36,completed,4
2287,73,191,1,357.0,357.0,upi,2026-07-13 12:39:42,completed,3
2288,279,198,4,151.2,604.8,debit_card,2026-03-14 22:05:06,completed,2
2289,838,123,4,28.83,115.32,credit_card,2026-02-14 05:21:49,completed,1
2290,482,34,5,496.28,2481.4,wallet,2026-04-27 12:48:54,completed,4
2291,799,316,2,203.28,406.56,credit_card,2026-02-24 19:46:08,completed,1
2292,412,129,4,445.43,1781.72,debit_card,2026-05-17 07:36:22,pending,2
2293,498,288,3,441.37,1324.11,wallet,2026-04-27 02:31:17,refunded,4
2294,206,139,1,212.22,212.22,wallet,2026-02-13 03:42:36,refunded,4
2295,850,61,1,322.07,322.07,credit_card,2026-04-08 19:15:48,completed,1
2296,159,101,3,72.93,218.79,credit_card,2026-02-25 22:24:06,completed,1
2297,997,321,2,426.03,852.06,upi,2026-05-10 17:41:25,completed,3
2298,608,395,5,346.18,1730.9,credit_card,2026-04-08 06:12:03,completed,1
2299,245,426,1,350.4,350.4,upi,2026-02-02 21:26:25,completed,3
2300,218,451,5,80.61,403.05,cod,2026-06-27 16:56:29,pending,0
2301,942,330,4,283.77,1135.08,wallet,2026-07-12 20:26:09,completed,4
2302,292,460,3,239.55,718.65,debit_card,2026-05-08 17:49:02,completed,2
2303,636,342,5,21.12,105.6,cod,2026-01-31 14:19:43,cancelled,0
2304,49,401,5,410.43,2052.15,credit_card,2026-06-30 06:27:59,completed,1
2305,557,475,4,385.73,1542.92,debit_card,2026-07-01 02:39:53,completed,2
2306,752,67,4,67.83,271.32,wallet,2026-03-01 18:02:03,refunded,4
2307,404,472,5,354.58,1772.9,debit_card,2026-05-14 05:30:56,completed,2
2308,505,476,2,315.09,630.18,cod,2026-07-09 19:14:03,completed,0
2309,103,94,1,69.7,69.7,wallet,2026-04-09 01:25:45,pending,4
2310,176,296,1,125.62,125.62,wallet,2026-02-05 12:48:28,refunded,4
2311,1000,119,5,162.52,812.6,upi,2026-07-02 11:19:55,completed,3
2312,458,483,1,84.86,84.86,upi,2026-06-06 07:35:44,completed,3
2313,135,42,3,13.06,39.18,upi,2026-03-18 09:09:41,pending,3
2314,945,354,1,65.01,65.01,debit_card,2026-02-18 04:34:10,completed,2
2315,752,7,3,53.32,159.96,upi,2026-06-20 16:52:27,completed,3
2316,18,145,2,295.85,591.7,debit_card,2026-03-06 04:10:27,pending,2
2317,279,104,3,17.9,53.7,wallet,2026-04-02 05:25:03,completed,4
2318,68,395,3,346.18,1038.54,credit_card,2026-05-12 14:05:14,completed,1
2319,80,389,3,318.29,954.87,credit_card,2026-06-27 13:47:55,completed,1
2320,149,79,1,466.54,466.54,cod,2026-06-28 02:36:42,completed,0
2321,982,436,5,371.09,1855.45,debit_card,2026-03-08 05:26:51,refunded,2
2322,689,89,5,136.18,680.9,debit_card,2026-02-24 00:11:56,completed,2
2323,466,496,3,168.6,505.79999999999995,upi,2026-06-04 17:50:46,completed,3
2324,420,63,5,318.98,1594.9,upi,2026-04-17 22:43:44,completed,3
2325,538,357,4,234.56,938.24,upi,2026-04-20 14:37:23,completed,3
2326,269,304,4,92.82,371.28,upi,2026-05-22 13:06:48,completed,3
2327,274,233,1,357.38,357.38,upi,2026-06-23 07:10:07,pending,3
2328,218,76,1,167.01,167.01,upi,2026-02-02 09:00:27,completed,3
2329,730,339,4,424.77,1699.08,credit_card,2026-02-14 06:31:17,completed,1
2330,271,142,4,214.57,858.28,cod,2026-03-11 08:31:43,completed,0
2331,252,281,2,205.54,411.08,wallet,2026-04-10 21:18:55,completed,4
2332,106,258,2,336.82,673.64,debit_card,2026-03-14 22:13:56,completed,2
2333,949,451,4,80.61,322.44,cod,2026-04-30 14:16:21,completed,0
2334,485,338,3,460.49,1381.47,credit_card,2026-06-24 18:29:27,completed,1
2335,612,240,1,55.73,55.73,cod,2026-04-01 20:24:31,completed,0
2336,469,442,5,333.18,1665.9,upi,2026-07-18 09:09:01,completed,3
2337,78,267,3,340.26,1020.78,credit_card,2026-04-18 20:19:02,refunded,1
2338,881,253,2,61.79,123.58,cod,2026-06-01 21:40:34,completed,0
2339,369,384,5,448.37,2241.85,upi,2026-04-22 13:58:08,completed,3
2340,296,117,3,192.3,576.9,debit_card,2026-04-18 02:38:43,completed,2
2341,73,352,1,407.84,407.84,credit_card,2026-05-08 06:21:09,completed,1
2342,812,186,1,68.82,68.82,debit_card,2026-06-01 20:19:57,completed,2
2343,227,446,3,155.94,467.82,credit_card,2026-03-03 12:48:11,completed,1
2344,134,104,4,17.9,71.6,wallet,2026-03-11 18:48:48,completed,4
2345,237,272,5,148.87,744.35,upi,2026-04-12 21:42:50,cancelled,3
2346,634,136,4,27.09,108.36,upi,2026-06-29 02:18:55,completed,3
2347,253,322,4,393.06,1572.24,wallet,2026-01-22 11:13:31,completed,4
2348,495,494,1,130.94,130.94,debit_card,2026-07-18 11:29:23,completed,2
2349,404,249,3,182.25,546.75,debit_card,2026-04-09 06:46:00,refunded,2
2350,550,209,5,19.26,96.3,debit_card,2026-05-15 00:54:20,refunded,2
2351,83,23,3,210.74,632.22,credit_card,2026-03-26 01:38:51,completed,1
2352,597,259,1,415.23,415.23,wallet,2026-03-07 04:28:31,cancelled,4
2353,184,77,1,284.08,284.08,wallet,2026-07-19 18:49:44,completed,4
2354,804,92,5,476.29,2381.45,wallet,2026-03-18 16:46:36,completed,4
2355,519,369,4,158.28,633.12,debit_card,2026-03-06 08:49:44,completed,2
2356,437,147,1,393.94,393.94,credit_card,2026-02-11 22:12:44,completed,1
2357,857,452,3,70.23,210.69,wallet,2026-06-15 18:29:46,completed,4
2358,598,54,4,302.49,1209.96,cod,2026-03-23 11:42:59,completed,0
2359,720,121,3,411.72,1235.16,wallet,2026-04-07 08:21:53,completed,4
2360,426,293,1,259.7,259.7,cod,2026-06-03 16:04:54,completed,0
2361,707,120,3,168.93,506.79,upi,2026-01-29 19:29:02,pending,3
2362,322,98,4,194.45,777.8,upi,2026-02-16 22:04:59,completed,3
2363,779,260,1,232.32,232.32,debit_card,2026-05-16 12:31:22,completed,2
2364,899,475,1,385.73,385.73,credit_card,2026-06-17 09:35:42,completed,1
2365,295,451,4,80.61,322.44,credit_card,2026-07-10 04:10:16,completed,1
2366,463,365,3,370.11,1110.33,upi,2026-03-21 15:46:36,completed,3
2367,896,349,5,239.13,1195.65,wallet,2026-06-25 02:58:38,completed,4
2368,220,32,2,300.44,600.88,cod,2026-06-06 13:29:32,completed,0
2369,513,292,5,8.27,41.35,debit_card,2026-06-20 00:48:01,completed,2
2370,775,325,1,369.78,369.78,cod,2026-06-27 21:42:48,pending,0
2371,555,436,4,371.09,1484.36,cod,2026-07-05 20:15:10,completed,0
2372,355,417,2,299.9,599.8,wallet,2026-06-04 15:33:13,completed,4
2373,886,118,3,474.65,1423.95,upi,2026-04-29 13:59:34,cancelled,3
2374,35,250,2,38.75,77.5,debit_card,2026-02-13 09:05:37,completed,2
2375,365,19,2,73.24,146.48,upi,2026-03-21 17:57:43,completed,3
2376,118,275,1,331.41,331.41,wallet,2026-06-07 21:24:01,completed,4
2377,485,233,5,357.38,1786.9,upi,2026-02-22 05:09:26,completed,3
2378,810,222,5,61.44,307.2,upi,2026-04-07 19:34:03,completed,3
2379,602,363,1,18.05,18.05,upi,2026-05-06 19:09:48,completed,3
2380,971,496,1,168.6,168.6,upi,2026-03-02 07:35:31,completed,3
2381,17,103,4,175.3,701.2,cod,2026-03-24 14:26:11,cancelled,0
2382,722,9,2,465.31,930.62,credit_card,2026-03-17 02:03:36,completed,1
2383,823,206,3,400.95,1202.85,credit_card,2026-07-08 17:04:17,completed,1
2384,145,345,2,122.38,244.76,credit_card,2026-04-21 11:51:23,refunded,1
2385,652,230,4,305.05,1220.2,upi,2026-06-18 22:29:37,completed,3
2386,898,440,1,26.52,26.52,wallet,2026-06-13 07:17:10,refunded,4
2387,128,484,3,183.29,549.87,debit_card,2026-05-06 02:57:18,pending,2
2388,963,71,1,6.27,6.27,credit_card,2026-07-04 22:58:38,completed,1
2389,962,157,2,21.37,42.74,cod,2026-01-29 00:08:47,completed,0
2390,233,89,2,136.18,272.36,upi,2026-07-18 22:37:30,cancelled,3
2391,308,316,5,203.28,1016.4,wallet,2026-02-28 02:06:53,completed,4
2392,898,335,2,240.89,481.78,cod,2026-03-03 21:48:38,completed,0
2393,136,312,2,284.51,569.02,cod,2026-06-10 13:36:22,completed,0
2394,779,499,1,279.81,279.81,debit_card,2026-04-02 21:49:57,completed,2
2395,156,19,5,73.24,366.2,wallet,2026-06-30 16:41:21,pending,4
2396,693,336,5,252.0,1260.0,wallet,2026-02-17 22:10:05,completed,4
2397,916,237,5,263.75,1318.75,upi,2026-04-06 03:18:18,cancelled,3
2398,397,430,4,103.06,412.24,upi,2026-03-16 04:39:00,completed,3
2399,788,481,1,32.26,32.26,wallet,2026-05-15 03:06:46,completed,4
2400,124,382,2,498.99,997.98,upi,2026-07-11 03:33:12,completed,3
2401,698,180,4,431.89,1727.56,wallet,2026-05-16 13:21:17,completed,4
2402,26,330,1,283.77,283.77,wallet,2026-07-07 06:34:48,completed,4
2403,457,29,2,222.34,444.68,credit_card,2026-05-01 06:37:56,pending,1
2404,435,374,4,189.95,759.8,wallet,2026-05-30 01:42:18,completed,4
2405,240,378,3,59.63,178.89,wallet,2026-02-11 22:59:45,refunded,4
2406,407,201,2,323.95,647.9,upi,2026-06-03 14:04:04,refunded,3
2407,196,178,3,434.41,1303.23,upi,2026-07-11 12:51:48,pending,3
2408,649,220,2,107.39,214.78,cod,2026-06-04 05:44:09,pending,0
2409,297,189,1,376.31,376.31,debit_card,2026-05-03 22:46:03,pending,2
2410,638,457,5,70.12,350.6,cod,2026-05-06 00:15:04,refunded,0
2411,809,62,3,44.12,132.36,wallet,2026-05-18 23:02:52,pending,4
2412,209,124,2,441.48,882.96,debit_card,2026-02-15 01:36:50,completed,2
2413,51,282,4,238.69,954.76,wallet,2026-05-13 03:17:09,completed,4
2414,499,104,4,17.9,71.6,credit_card,2026-02-24 18:40:03,completed,1
2415,912,357,5,234.56,1172.8,wallet,2026-06-29 18:50:53,completed,4
2416,228,384,1,448.37,448.37,cod,2026-05-15 02:10:06,completed,0
2417,317,226,3,359.81,1079.43,cod,2026-05-30 22:31:05,completed,0
2418,929,469,1,49.77,49.77,debit_card,2026-01-22 08:03:56,refunded,2
2419,946,167,2,243.46,486.92,credit_card,2026-03-22 14:05:10,pending,1
2420,247,138,4,209.92,839.68,debit_card,2026-06-12 20:53:53,completed,2
2421,665,1,1,23.2,23.2,cod,2026-05-19 00:14:29,completed,0
2422,711,120,4,168.93,675.72,debit_card,2026-02-09 06:23:33,completed,2
2423,480,411,3,210.52,631.56,cod,2026-01-29 14:06:30,completed,0
2424,201,27,5,381.2,1906.0,wallet,2026-01-22 10:25:56,completed,4
2425,509,238,4,137.15,548.6,credit_card,2026-04-18 06:28:49,cancelled,1
2426,431,29,4,222.34,889.36,wallet,2026-04-18 17:15:04,pending,4
2427,295,20,1,279.68,279.68,wallet,2026-02-22 01:01:55,completed,4
2428,657,155,5,396.79,1983.95,cod,2026-07-05 13:42:13,completed,0
2429,94,418,3,111.34,334.02,upi,2026-02-01 06:39:15,completed,3
2430,748,79,5,466.54,2332.7,upi,2026-06-09 10:49:18,completed,3
2431,148,475,2,385.73,771.46,cod,2026-05-09 01:06:09,completed,0
2432,969,82,4,26.73,106.92,wallet,2026-02-24 01:18:32,pending,4
2433,633,304,1,92.82,92.82,credit_card,2026-05-13 20:55:30,completed,1
2434,508,84,2,297.99,595.98,debit_card,2026-04-28 22:55:57,completed,2
2435,473,299,4,112.21,448.84,credit_card,2026-07-01 01:10:54,completed,1
2436,679,160,1,419.64,419.64,upi,2026-04-28 05:01:58,completed,3
2437,697,425,3,155.87,467.61,wallet,2026-01-21 10:06:54,completed,4
2438,983,115,2,164.69,329.38,credit_card,2026-04-09 09:31:26,completed,1
2439,220,297,4,24.4,97.6,cod,2026-06-15 14:26:19,completed,0
2440,810,305,5,377.43,1887.15,debit_card,2026-07-06 02:20:41,completed,2
2441,492,243,1,105.53,105.53,debit_card,2026-04-21 04:51:13,completed,2
2442,798,92,1,476.29,476.29,wallet,2026-07-05 16:04:10,completed,4
2443,598,40,5,164.82,824.1,wallet,2026-06-10 09:10:24,completed,4
2444,350,200,5,78.83,394.15,wallet,2026-02-26 08:21:09,refunded,4
2445,620,274,5,39.56,197.8,credit_card,2026-06-05 08:38:43,completed,1
2446,6,328,5,255.59,1277.95,upi,2026-05-07 18:23:21,pending,3
2447,276,260,2,232.32,464.64,upi,2026-02-27 22:15:23,completed,3
2448,165,273,3,476.01,1428.03,cod,2026-04-08 04:40:08,completed,0
2449,275,433,5,185.81,929.05,credit_card,2026-02-08 08:20:38,refunded,1
2450,223,68,5,404.52,2022.6,cod,2026-02-28 17:11:17,completed,0
2451,89,271,5,337.13,1685.65,upi,2026-04-20 03:22:16,completed,3
2452,367,345,4,122.38,489.52,credit_card,2026-06-14 16:01:34,completed,1
2453,702,192,2,29.05,58.1,wallet,2026-03-21 15:20:39,refunded,4
2454,25,91,1,201.14,201.14,cod,2026-06-15 05:41:13,pending,0
2455,103,17,4,46.95,187.8,cod,2026-07-12 23:15:02,completed,0
2456,80,166,2,8.64,17.28,upi,2026-05-28 03:26:18,pending,3
2457,894,349,4,239.13,956.52,upi,2026-02-26 08:21:54,completed,3
2458,281,139,2,212.22,424.44,cod,2026-06-04 03:23:57,completed,0
2459,901,90,2,111.44,222.88,debit_card,2026-04-04 07:32:37,completed,2
2460,374,34,5,496.28,2481.4,upi,2026-07-04 04:37:46,pending,3
2461,827,230,2,305.05,610.1,upi,2026-05-05 11:32:28,pending,3
2462,676,180,5,431.89,2159.45,cod,2026-07-16 20:45:18,completed,0
2463,793,260,3,232.32,696.96,upi,2026-01-28 00:46:40,completed,3
2464,124,445,2,252.82,505.64,upi,2026-02-14 17:37:13,completed,3
2465,618,43,4,495.96,1983.84,credit_card,2026-07-10 00:18:32,cancelled,1
2466,502,309,4,207.28,829.12,debit_card,2026-02-20 20:23:15,completed,2
2467,341,232,1,209.31,209.31,cod,2026-06-04 14:23:59,completed,0
2468,562,187,3,412.8,1238.4,cod,2026-06-12 00:50:27,completed,0
2469,969,239,1,346.84,346.84,upi,2026-05-16 15:49:32,completed,3
2470,523,476,3,315.09,945.27,credit_card,2026-04-14 09:43:20,completed,1
2471,423,143,4,132.65,530.6,debit_card,2026-02-25 14:36:44,completed,2
2472,207,38,2,293.07,586.14,cod,2026-07-04 11:40:53,pending,0
2473,82,421,3,368.46,1105.38,upi,2026-06-16 22:11:50,completed,3
2474,801,262,3,197.08,591.24,cod,2026-07-08 02:06:35,completed,0
2475,439,194,4,106.72,426.88,upi,2026-02-13 20:46:56,completed,3
2476,260,22,4,408.53,1634.12,credit_card,2026-02-19 21:59:28,completed,1
2477,325,130,3,207.59,622.77,wallet,2026-04-26 13:39:20,completed,4
2478,272,453,2,345.82,691.64,wallet,2026-05-13 06:01:58,pending,4
2479,255,158,2,412.64,825.28,cod,2026-03-26 10:35:23,completed,0
2480,341,53,3,160.68,482.04,wallet,2026-07-04 10:12:41,completed,4
2481,677,347,2,228.11,456.22,cod,2026-05-19 15:58:17,completed,0
2482,495,310,4,190.64,762.56,cod,2026-06-05 14:41:19,refunded,0
2483,878,84,4,297.99,1191.96,wallet,2026-04-16 13:22:16,completed,4
2484,139,219,1,22.74,22.74,credit_card,2026-05-23 21:24:00,completed,1
2485,61,285,4,93.68,374.72,debit_card,2026-07-08 07:51:52,completed,2
2486,367,418,5,111.34,556.7,debit_card,2026-05-29 13:25:53,refunded,2
2487,340,142,1,214.57,214.57,cod,2026-02-19 03:23:29,completed,0
2488,847,263,3,338.28,1014.84,wallet,2026-05-30 13:41:24,completed,4
2489,683,408,3,412.7,1238.1,debit_card,2026-03-21 20:00:20,completed,2
2490,647,479,3,223.73,671.19,credit_card,2026-03-07 11:50:42,completed,1
2491,599,147,1,393.94,393.94,wallet,2026-04-02 14:27:49,completed,4
2492,635,23,5,210.74,1053.7,credit_card,2026-06-08 04:28:09,pending,1
2493,809,402,1,164.69,164.69,debit_card,2026-05-16 10:16:37,completed,2
2494,320,435,3,462.49,1387.47,credit_card,2026-05-10 00:06:13,pending,1
2495,937,323,4,123.43,493.72,cod,2026-06-09 13:48:03,pending,0
2496,819,148,3,329.12,987.36,credit_card,2026-02-18 07:52:56,cancelled,1
2497,670,139,4,212.22,848.88,wallet,2026-06-06 21:27:06,completed,4
2498,690,463,2,444.36,888.72,cod,2026-04-09 10:34:32,completed,0
2499,969,290,5,185.82,929.1,cod,2026-03-20 04:29:12,refunded,0
2500,648,361,1,96.02,96.02,credit_card,2026-06-17 13:17:22,completed,1
2501,326,407,3,401.5,1204.5,cod,2026-03-15 19:24:08,refunded,0
2502,640,67,2,67.83,135.66,cod,2026-02-01 11:11:40,refunded,0
2503,156,377,3,405.36,1216.08,upi,2026-06-25 14:41:50,completed,3
2504,435,372,4,269.87,1079.48,cod,2026-07-08 02:49:31,completed,0
2505,734,382,3,498.99,1496.97,upi,2026-03-05 02:40:23,completed,3
2506,741,82,4,26.73,106.92,credit_card,2026-06-21 10:51:35,cancelled,1
2507,469,411,2,210.52,421.04,wallet,2026-02-08 06:01:47,completed,4
2508,268,103,4,175.3,701.2,upi,2026-02-04 21:55:10,completed,3
2509,549,126,4,150.98,603.92,cod,2026-07-13 05:26:51,pending,0
2510,491,249,2,182.25,364.5,upi,2026-01-21 19:04:20,completed,3
2511,874,366,1,19.14,19.14,wallet,2026-03-18 04:59:32,completed,4
2512,114,215,3,42.06,126.18,upi,2026-06-17 07:17:00,completed,3
2513,880,12,3,227.54,682.62,debit_card,2026-06-10 22:38:16,cancelled,2
2514,865,301,5,135.94,679.7,upi,2026-06-02 08:33:25,completed,3
2515,412,423,4,43.85,175.4,upi,2026-03-31 15:22:40,completed,3
2516,892,167,1,243.46,243.46,debit_card,2026-05-21 06:32:46,completed,2
2517,106,148,1,329.12,329.12,cod,2026-03-07 11:41:26,cancelled,0
2518,338,6,3,159.39,478.17,upi,2026-04-29 12:39:36,completed,3
2519,573,275,5,331.41,1657.05,cod,2026-01-29 18:45:02,completed,0
2520,912,312,3,284.51,853.53,credit_card,2026-02-05 02:00:05,completed,1
2521,898,348,5,403.02,2015.1,credit_card,2026-01-28 16:43:25,completed,1
2522,113,171,5,197.2,986.0,wallet,2026-03-25 18:29:03,completed,4
2523,370,295,1,243.35,243.35,credit_card,2026-03-28 11:28:13,completed,1
2524,763,411,5,210.52,1052.6,upi,2026-02-01 17:04:56,completed,3
2525,766,384,2,448.37,896.74,debit_card,2026-03-24 01:36:31,completed,2
2526,693,29,5,222.34,1111.7,debit_card,2026-07-19 08:41:02,cancelled,2
2527,804,349,2,239.13,478.26,wallet,2026-03-25 01:32:01,completed,4
2528,71,208,5,402.12,2010.6,cod,2026-06-10 05:55:20,completed,0
2529,240,494,3,130.94,392.82,cod,2026-03-16 21:56:49,completed,0
2530,563,173,3,423.48,1270.44,debit_card,2026-02-14 16:22:34,completed,2
2531,704,346,1,214.85,214.85,upi,2026-06-06 18:44:44,completed,3
2532,129,302,2,39.08,78.16,upi,2026-07-12 00:24:43,completed,3
2533,838,78,1,486.07,486.07,upi,2026-01-23 22:52:49,refunded,3
2534,12,85,5,426.2,2131.0,cod,2026-04-23 00:01:35,completed,0
2535,782,173,5,423.48,2117.4,credit_card,2026-06-24 20:38:35,completed,1
2536,486,89,5,136.18,680.9,cod,2026-01-23 15:47:02,pending,0
2537,356,437,2,348.43,696.86,wallet,2026-04-14 18:21:15,completed,4
2538,344,151,5,172.24,861.2,cod,2026-03-15 01:44:15,refunded,0
2539,576,378,1,59.63,59.63,cod,2026-02-22 20:59:59,completed,0
2540,590,21,3,311.61,934.83,cod,2026-04-05 00:36:10,completed,0
2541,978,402,2,164.69,329.38,cod,2026-04-24 21:51:15,completed,0
2542,560,212,2,263.94,527.88,credit_card,2026-03-27 10:58:51,completed,1
2543,977,321,2,426.03,852.06,debit_card,2026-04-30 20:43:39,completed,2
2544,581,467,1,98.98,98.98,debit_card,2026-01-30 20:45:59,pending,2
2545,25,235,1,348.68,348.68,cod,2026-02-04 05:49:37,completed,0
2546,93,32,3,300.44,901.32,upi,2026-05-15 22:31:32,completed,3
2547,959,118,2,474.65,949.3,cod,2026-01-24 17:46:38,refunded,0
2548,673,309,2,207.28,414.56,debit_card,2026-01-31 12:41:40,refunded,2
2549,751,244,3,275.57,826.71,credit_card,2026-04-13 10:34:31,completed,1
2550,781,414,1,277.29,277.29,credit_card,2026-06-24 02:23:26,completed,1
2551,96,263,1,338.28,338.28,credit_card,2026-03-10 00:31:32,completed,1
2552,701,120,2,168.93,337.86,cod,2026-01-28 05:29:40,completed,0
2553,347,112,5,359.88,1799.4,cod,2026-07-01 11:07:07,completed,0
2554,406,105,2,267.07,534.14,credit_card,2026-04-19 11:33:30,completed,1
2555,440,11,4,97.26,389.04,debit_card,2026-01-22 02:45:43,completed,2
2556,524,277,4,71.48,285.92,wallet,2026-07-08 02:34:35,completed,4
2557,164,383,4,32.74,130.96,credit_card,2026-02-18 02:37:40,pending,1
2558,725,123,3,28.83,86.49,wallet,2026-03-28 05:00:05,completed,4
2559,936,374,3,189.95,569.85,upi,2026-05-24 03:09:57,pending,3
2560,186,239,1,346.84,346.84,debit_card,2026-03-12 08:53:08,completed,2
2561,97,221,2,422.94,845.88,wallet,2026-03-13 08:08:04,completed,4
2562,916,154,4,457.15,1828.6,upi,2026-04-16 08:04:31,completed,3
2563,963,98,5,194.45,972.25,wallet,2026-07-05 22:52:53,completed,4
2564,875,254,2,193.78,387.56,credit_card,2026-04-15 07:50:49,completed,1
2565,588,109,1,283.99,283.99,cod,2026-06-18 01:11:54,refunded,0
2566,317,372,5,269.87,1349.35,upi,2026-03-31 17:24:43,completed,3
2567,896,274,4,39.56,158.24,credit_card,2026-04-24 04:13:47,completed,1
2568,116,68,3,404.52,1213.56,upi,2026-03-13 20:26:15,completed,3
2569,199,20,3,279.68,839.04,cod,2026-03-03 08:12:40,completed,0
2570,204,346,1,214.85,214.85,debit_card,2026-02-01 01:10:02,refunded,2
2571,404,132,1,183.61,183.61,wallet,2026-04-21 08:18:06,pending,4
2572,235,92,5,476.29,2381.45,debit_card,2026-07-03 17:24:08,completed,2
2573,703,144,3,201.69,605.07,credit_card,2026-07-18 18:13:17,completed,1
2574,735,233,5,357.38,1786.9,debit_card,2026-03-08 18:04:00,completed,2
2575,955,133,5,17.74,88.7,debit_card,2026-02-23 23:30:03,refunded,2
2576,490,104,1,17.9,17.9,wallet,2026-06-13 18:50:37,completed,4
2577,360,28,5,152.37,761.85,upi,2026-05-28 00:36:24,completed,3
2578,544,208,3,402.12,1206.36,cod,2026-05-10 04:12:57,pending,0
2579,168,354,1,65.01,65.01,credit_card,2026-07-05 20:05:11,refunded,1
2580,132,280,1,365.08,365.08,upi,2026-01-30 21:15:30,pending,3
2581,779,152,4,486.39,1945.56,credit_card,2026-04-27 07:05:31,pending,1
2582,664,333,2,270.15,540.3,upi,2026-03-14 20:40:38,refunded,3
2583,552,263,3,338.28,1014.84,wallet,2026-01-22 14:04:59,completed,4
2584,679,489,4,424.66,1698.64,cod,2026-06-18 13:32:24,completed,0
2585,953,477,4,383.87,1535.48,cod,2026-01-31 19:16:33,completed,0
2586,377,466,3,200.83,602.49,cod,2026-04-28 08:07:12,completed,0
2587,881,404,1,245.26,245.26,debit_card,2026-03-29 01:58:20,completed,2
2588,700,60,1,146.81,146.81,upi,2026-03-17 06:49:50,completed,3
2589,330,257,2,474.36,948.72,upi,2026-04-17 03:23:47,completed,3
2590,537,229,3,347.45,1042.35,cod,2026-05-18 19:18:01,completed,0
2591,763,373,4,384.11,1536.44,credit_card,2026-04-09 08:40:46,pending,1
2592,130,91,3,201.14,603.42,upi,2026-05-31 05:10:19,completed,3
2593,806,404,3,245.26,735.78,wallet,2026-02-07 07:45:41,completed,4
2594,7,272,4,148.87,595.48,credit_card,2026-06-22 20:59:59,completed,1
2595,254,50,2,283.83,567.66,cod,2026-03-02 22:25:58,completed,0
2596,726,473,5,475.13,2375.65,cod,2026-05-28 04:58:00,refunded,0
2597,877,429,5,202.27,1011.35,credit_card,2026-07-12 20:11:56,completed,1
2598,119,417,5,299.9,1499.5,upi,2026-05-16 12:40:36,completed,3
2599,95,392,2,172.52,345.04,credit_card,2026-03-12 17:39:11,completed,1
2600,908,155,5,396.79,1983.95,debit_card,2026-05-09 23:10:49,completed,2
2601,882,461,5,463.09,2315.45,cod,2026-01-31 04:19:40,completed,0
2602,142,476,4,315.09,1260.36,cod,2026-07-17 22:18:52,completed,0
2603,269,189,1,376.31,376.31,credit_card,2026-04-12 19:28:53,completed,1
2604,61,117,1,192.3,192.3,debit_card,2026-05-01 08:29:05,completed,2
2605,648,76,3,167.01,501.03,cod,2026-04-28 17:03:55,cancelled,0
2606,767,321,4,426.03,1704.12,upi,2026-05-27 21:01:45,completed,3
2607,723,50,5,283.83,1419.15,credit_card,2026-05-19 18:24:34,completed,1
2608,296,338,3,460.49,1381.47,credit_card,2026-06-02 21:47:27,completed,1
2609,256,10,1,168.84,168.84,debit_card,2026-05-12 09:07:08,completed,2
2610,210,448,2,439.95,879.9,debit_card,2026-04-20 20:19:56,completed,2
2611,424,283,2,367.95,735.9,cod,2026-02-03 01:33:30,completed,0
2612,352,423,4,43.85,175.4,wallet,2026-01-27 22:08:32,completed,4
2613,196,307,2,395.83,791.66,cod,2026-04-19 21:59:59,completed,0
2614,67,487,3,264.7,794.1,cod,2026-06-08 21:24:13,completed,0
2615,612,230,3,305.05,915.15,wallet,2026-07-03 11:09:25,cancelled,4
2616,699,474,3,284.92,854.76,cod,2026-07-14 20:46:05,completed,0
2617,912,190,4,364.95,1459.8,credit_card,2026-03-18 22:18:38,completed,1
2618,61,227,1,387.21,387.21,wallet,2026-05-11 21:09:07,completed,4
2619,201,366,1,19.14,19.14,credit_card,2026-06-24 08:33:51,refunded,1
2620,291,163,3,325.45,976.35,cod,2026-02-25 15:40:19,completed,0
2621,757,227,4,387.21,1548.84,upi,2026-02-19 02:16:41,completed,3
2622,64,19,1,73.24,73.24,upi,2026-04-22 01:00:33,completed,3
2623,128,450,1,480.5,480.5,wallet,2026-03-02 22:32:27,completed,4
2624,623,50,3,283.83,851.49,credit_card,2026-03-28 05:27:43,completed,1
2625,165,258,5,336.82,1684.1,upi,2026-02-21 12:52:34,completed,3
2626,73,434,4,493.89,1975.56,debit_card,2026-05-29 19:52:34,completed,2
2627,412,440,5,26.52,132.6,wallet,2026-05-04 03:23:18,pending,4
2628,33,438,3,108.46,325.38,cod,2026-07-04 20:56:07,completed,0
2629,987,80,5,5.72,28.6,wallet,2026-05-27 20:55:33,completed,4
2630,174,353,2,183.68,367.36,upi,2026-03-26 20:43:51,completed,3
2631,428,123,2,28.83,57.66,cod,2026-04-13 16:13:20,completed,0
2632,921,98,3,194.45,583.35,upi,2026-04-23 05:49:36,completed,3
2633,482,455,2,420.56,841.12,cod,2026-04-07 03:47:44,pending,0
2634,414,274,1,39.56,39.56,cod,2026-03-23 05:52:51,completed,0
2635,154,413,4,330.48,1321.92,wallet,2026-06-14 09:17:36,completed,4
2636,449,15,1,483.13,483.13,upi,2026-03-30 09:28:38,completed,3
2637,702,285,3,93.68,281.04,credit_card,2026-04-19 03:42:08,completed,1
2638,99,92,5,476.29,2381.45,cod,2026-05-14 09:40:49,pending,0
2639,607,301,3,135.94,407.82,credit_card,2026-04-25 02:04:21,completed,1
2640,127,162,5,138.2,691.0,debit_card,2026-06-21 11:01:21,completed,2
2641,118,377,1,405.36,405.36,cod,2026-03-18 09:59:47,completed,0
2642,921,228,3,267.53,802.59,upi,2026-05-09 11:18:01,completed,3
2643,935,143,3,132.65,397.95,debit_card,2026-05-23 09:20:55,completed,2
2644,219,271,1,337.13,337.13,upi,2026-03-08 05:13:45,refunded,3
2645,484,74,4,189.54,758.16,cod,2026-05-18 12:11:14,completed,0
2646,583,2,2,330.51,661.02,cod,2026-07-04 14:33:56,completed,0
2647,181,119,1,162.52,162.52,wallet,2026-06-05 23:24:44,completed,4
2648,106,392,2,172.52,345.04,wallet,2026-03-12 16:32:29,completed,4
2649,527,421,1,368.46,368.46,upi,2026-06-23 20:42:16,completed,3
2650,174,332,5,340.07,1700.35,wallet,2026-04-14 13:07:18,completed,4
2651,828,27,2,381.2,762.4,wallet,2026-04-30 23:05:29,completed,4
2652,653,487,5,264.7,1323.5,debit_card,2026-04-25 06:17:07,completed,2
2653,188,321,1,426.03,426.03,credit_card,2026-03-22 04:48:30,completed,1
2654,891,165,1,232.2,232.2,wallet,2026-03-19 23:18:48,pending,4
2655,398,124,5,441.48,2207.4,wallet,2026-02-02 16:45:10,pending,4
2656,216,164,2,403.52,807.04,wallet,2026-04-13 07:22:09,cancelled,4
2657,185,158,2,412.64,825.28,wallet,2026-07-05 07:24:00,completed,4
2658,846,409,1,472.58,472.58,cod,2026-02-11 17:48:04,refunded,0
2659,118,255,2,363.37,726.74,debit_card,2026-04-07 17:18:20,completed,2
2660,286,54,2,302.49,604.98,cod,2026-06-08 00:55:53,completed,0
2661,522,91,4,201.14,804.56,wallet,2026-04-05 21:03:25,completed,4
2662,672,328,2,255.59,511.18,upi,2026-05-05 13:38:27,completed,3
2663,920,396,3,354.78,1064.34,credit_card,2026-04-21 01:26:44,completed,1
2664,918,280,1,365.08,365.08,wallet,2026-05-28 10:32:58,completed,4
2665,113,157,1,21.37,21.37,wallet,2026-07-09 14:52:04,refunded,4
2666,719,194,5,106.72,533.6,upi,2026-05-26 20:59:56,completed,3
2667,258,54,5,302.49,1512.45,upi,2026-07-12 06:09:51,completed,3
2668,393,175,4,115.02,460.08,wallet,2026-03-04 02:14:09,completed,4
2669,128,105,2,267.07,534.14,credit_card,2026-07-16 12:33:16,completed,1
2670,554,495,4,344.49,1377.96,cod,2026-06-11 21:46:31,completed,0
2671,54,259,5,415.23,2076.15,upi,2026-05-13 10:49:06,completed,3
2672,608,246,5,217.11,1085.55,credit_card,2026-02-27 01:36:01,completed,1
2673,860,366,2,19.14,38.28,debit_card,2026-03-30 15:26:08,pending,2
2674,387,316,5,203.28,1016.4,debit_card,2026-02-12 15:10:41,completed,2
2675,347,174,3,238.04,714.12,upi,2026-06-26 19:43:59,completed,3
2676,536,43,3,495.96,1487.88,wallet,2026-05-10 13:17:45,completed,4
2677,509,438,1,108.46,108.46,credit_card,2026-05-25 04:52:56,pending,1
2678,674,252,5,113.13,565.65,upi,2026-06-05 14:38:23,completed,3
2679,924,356,5,246.31,1231.55,credit_card,2026-01-30 11:50:14,completed,1
2680,35,30,3,431.22,1293.66,wallet,2026-03-10 10:40:18,refunded,4
2681,46,162,2,138.2,276.4,cod,2026-06-19 20:27:13,completed,0
2682,163,400,1,311.77,311.77,wallet,2026-01-26 05:06:02,completed,4
2683,968,366,5,19.14,95.7,cod,2026-02-04 00:08:47,completed,0
2684,172,337,5,105.37,526.85,wallet,2026-01-24 02:29:43,completed,4
2685,619,120,2,168.93,337.86,wallet,2026-03-29 08:26:04,pending,4
2686,917,480,2,311.78,623.56,debit_card,2026-03-08 02:16:08,refunded,2
2687,559,297,3,24.4,73.2,upi,2026-04-21 23:02:05,completed,3
2688,45,271,3,337.13,1011.39,debit_card,2026-05-07 12:23:02,completed,2
2689,993,177,3,292.25,876.75,debit_card,2026-04-09 07:52:27,completed,2
2690,393,301,4,135.94,543.76,cod,2026-04-04 04:26:11,completed,0
2691,50,268,4,74.98,299.92,debit_card,2026-04-30 01:19:43,completed,2
2692,53,164,1,403.52,403.52,wallet,2026-02-24 11:51:39,refunded,4
2693,531,210,5,444.36,2221.8,wallet,2026-03-10 09:16:11,completed,4
2694,393,140,1,44.08,44.08,credit_card,2026-02-14 19:58:05,completed,1
2695,407,430,3,103.06,309.18,upi,2026-05-12 16:54:11,completed,3
2696,878,169,4,383.91,1535.64,debit_card,2026-06-21 14:37:41,completed,2
2697,238,60,3,146.81,440.43,upi,2026-07-06 12:27:39,completed,3
2698,202,119,5,162.52,812.6,credit_card,2026-05-28 21:43:18,completed,1
2699,537,32,1,300.44,300.44,credit_card,2026-05-29 05:30:26,completed,1
2700,348,38,2,293.07,586.14,cod,2026-07-17 19:59:58,completed,0
2701,169,125,4,327.23,1308.92,credit_card,2026-02-03 00:46:38,completed,1
2702,705,89,3,136.18,408.54,cod,2026-06-25 19:06:51,pending,0
2703,976,312,3,284.51,853.53,cod,2026-05-23 16:46:29,completed,0
2704,585,243,3,105.53,316.59,upi,2026-07-19 05:05:52,pending,3
2705,905,346,2,214.85,429.7,wallet,2026-07-03 05:04:33,completed,4
2706,109,192,4,29.05,116.2,debit_card,2026-05-25 18:17:59,completed,2
2707,587,439,3,313.41,940.23,cod,2026-06-14 07:57:34,refunded,0
2708,690,43,4,495.96,1983.84,credit_card,2026-05-29 05:27:54,completed,1
2709,13,83,3,487.4,1462.2,credit_card,2026-03-30 07:18:57,completed,1
2710,158,408,1,412.7,412.7,upi,2026-04-25 15:01:33,completed,3
2711,158,134,5,157.63,788.15,credit_card,2026-02-13 15:50:09,completed,1
2712,804,185,4,13.87,55.48,wallet,2026-06-22 08:21:27,completed,4
2713,538,114,2,353.75,707.5,credit_card,2026-07-08 19:37:43,completed,1
2714,582,164,2,403.52,807.04,wallet,2026-03-15 04:47:30,completed,4
2715,566,17,1,46.95,46.95,cod,2026-01-29 22:21:31,cancelled,0
2716,69,308,1,130.99,130.99,wallet,2026-04-28 19:12:49,refunded,4
2717,468,63,2,318.98,637.96,wallet,2026-04-18 22:14:53,cancelled,4
2718,360,287,3,26.19,78.57,cod,2026-03-14 23:09:50,completed,0
2719,14,194,1,106.72,106.72,credit_card,2026-03-12 20:22:35,cancelled,1
2720,820,161,5,29.58,147.9,debit_card,2026-04-19 07:55:33,completed,2
2721,547,38,5,293.07,1465.35,cod,2026-05-07 01:14:31,completed,0
2722,298,4,5,198.61,993.05,wallet,2026-03-21 17:32:25,completed,4
2723,516,413,1,330.48,330.48,upi,2026-06-02 18:04:55,completed,3
2724,280,350,3,269.32,807.96,debit_card,2026-01-23 01:49:00,completed,2
2725,779,32,5,300.44,1502.2,credit_card,2026-04-21 09:32:34,pending,1
2726,190,342,4,21.12,84.48,wallet,2026-07-04 21:14:40,completed,4
2727,620,158,5,412.64,2063.2,upi,2026-07-17 14:16:14,pending,3
2728,194,47,4,9.6,38.4,upi,2026-04-24 01:38:05,completed,3
2729,545,309,3,207.28,621.84,debit_card,2026-07-10 15:45:33,completed,2
2730,785,348,2,403.02,806.04,debit_card,2026-06-03 19:43:26,completed,2
2731,338,289,5,418.26,2091.3,debit_card,2026-03-05 00:01:08,pending,2
2732,682,10,3,168.84,506.52,upi,2026-04-14 20:57:44,completed,3
2733,636,151,2,172.24,344.48,cod,2026-07-06 12:01:03,completed,0
2734,315,7,2,53.32,106.64,debit_card,2026-02-14 18:19:29,completed,2
2735,358,423,5,43.85,219.25,upi,2026-07-15 15:37:37,refunded,3
2736,737,359,4,117.97,471.88,debit_card,2026-02-16 04:10:36,completed,2
2737,137,166,5,8.64,43.2,debit_card,2026-05-03 19:24:37,completed,2
2738,439,331,2,431.7,863.4,cod,2026-02-05 19:51:51,completed,0
2739,923,370,4,157.39,629.56,wallet,2026-07-05 04:12:41,completed,4
2740,341,443,1,434.37,434.37,wallet,2026-04-19 17:05:11,completed,4
2741,379,276,3,88.48,265.44,cod,2026-06-07 16:46:13,completed,0
2742,593,298,3,260.74,782.22,credit_card,2026-02-03 20:37:51,completed,1
2743,664,144,5,201.69,1008.45,debit_card,2026-04-25 19:12:55,completed,2
2744,257,356,1,246.31,246.31,cod,2026-02-19 07:34:50,completed,0
2745,549,153,1,365.76,365.76,cod,2026-05-12 21:13:23,completed,0
2746,717,475,4,385.73,1542.92,credit_card,2026-02-26 09:59:42,completed,1
2747,609,498,1,464.26,464.26,credit_card,2026-02-26 22:53:44,completed,1
2748,400,160,4,419.64,1678.56,credit_card,2026-04-27 20:23:42,completed,1
2749,158,29,4,222.34,889.36,cod,2026-05-10 06:03:49,completed,0
2750,779,92,5,476.29,2381.45,credit_card,2026-03-14 18:48:46,completed,1
2751,944,110,1,91.9,91.9,upi,2026-03-09 09:59:31,cancelled,3
2752,514,92,5,476.29,2381.45,debit_card,2026-04-06 09:09:10,completed,2
2753,216,304,1,92.82,92.82,upi,2026-05-15 04:04:58,completed,3
2754,684,161,3,29.58,88.74,wallet,2026-07-01 03:53:26,refunded,4
2755,402,150,4,346.8,1387.2,wallet,2026-05-12 08:42:43,completed,4
2756,992,164,1,403.52,403.52,credit_card,2026-06-22 02:43:42,pending,1
2757,939,489,1,424.66,424.66,cod,2026-03-07 20:18:57,completed,0
2758,76,491,1,120.2,120.2,wallet,2026-06-07 09:19:58,completed,4
2759,787,401,2,410.43,820.86,credit_card,2026-02-13 06:47:33,completed,1
2760,478,14,5,186.07,930.35,debit_card,2026-02-01 06:05:48,completed,2
2761,35,68,1,404.52,404.52,upi,2026-05-12 09:03:15,completed,3
2762,98,436,5,371.09,1855.45,debit_card,2026-05-06 21:37:47,refunded,2
2763,778,461,4,463.09,1852.36,wallet,2026-05-14 01:03:27,completed,4
2764,532,143,3,132.65,397.95000000000005,wallet,2026-07-18 00:49:35,completed,4
2765,166,235,3,348.68,1046.04,upi,2026-05-15 03:51:58,refunded,3
2766,666,115,3,164.69,494.07,debit_card,2026-05-21 22:34:08,completed,2
2767,610,123,2,28.83,57.66,cod,2026-01-27 08:47:58,completed,0
2768,201,206,1,400.95,400.95,wallet,2026-07-02 18:08:21,completed,4
2769,982,51,1,315.9,315.9,upi,2026-02-11 14:26:29,completed,3
2770,231,335,1,240.89,240.89,debit_card,2026-06-30 05:41:50,completed,2
2771,704,480,1,311.78,311.78,upi,2026-05-16 09:13:22,completed,3
2772,234,355,3,326.68,980.04,credit_card,2026-04-12 22:20:26,completed,1
2773,924,66,3,352.24,1056.72,upi,2026-01-28 04:29:41,refunded,3
2774,36,314,2,290.94,581.88,upi,2026-05-13 06:55:48,completed,3
2775,102,276,5,88.48,442.4,debit_card,2026-05-27 10:20:57,completed,2
2776,393,136,3,27.09,81.27,cod,2026-05-18 01:01:58,completed,0
2777,949,247,4,7.79,31.16,wallet,2026-02-21 09:40:09,completed,4
2778,149,425,1,155.87,155.87,debit_card,2026-02-04 03:21:11,pending,2
2779,648,276,5,88.48,442.4,upi,2026-04-02 18:57:16,completed,3
2780,138,328,4,255.59,1022.36,debit_card,2026-06-29 17:39:23,completed,2
2781,63,363,3,18.05,54.15,upi,2026-02-10 02:52:54,completed,3
2782,174,127,2,444.53,889.06,upi,2026-05-07 04:00:55,completed,3
2783,91,97,1,30.07,30.07,credit_card,2026-07-05 14:54:43,completed,1
2784,597,287,4,26.19,104.76,cod,2026-06-17 23:08:43,completed,0
2785,754,433,4,185.81,743.24,upi,2026-02-28 13:35:06,completed,3
2786,673,106,5,330.15,1650.75,wallet,2026-03-15 18:37:23,completed,4
2787,341,227,5,387.21,1936.05,upi,2026-04-09 10:30:36,completed,3
2788,214,390,5,200.93,1004.65,cod,2026-04-23 16:32:23,cancelled,0
2789,269,493,2,170.23,340.46,debit_card,2026-04-06 05:11:54,cancelled,2
2790,645,108,2,162.41,324.82,wallet,2026-03-19 10:16:06,completed,4
2791,814,59,2,38.43,76.86,upi,2026-02-11 01:03:23,completed,3
2792,369,205,2,95.52,191.04,cod,2026-03-31 20:35:40,completed,0
2793,182,57,5,493.51,2467.55,upi,2026-02-13 23:36:52,completed,3
2794,392,308,4,130.99,523.96,debit_card,2026-07-13 00:22:59,completed,2
2795,703,178,2,434.41,868.82,cod,2026-06-22 09:48:59,completed,0
2796,594,371,4,264.04,1056.16,wallet,2026-05-08 03:27:35,completed,4
2797,42,455,1,420.56,420.56,wallet,2026-04-12 02:20:12,completed,4
2798,59,291,5,260.6,1303.0,upi,2026-04-10 11:44:28,completed,3
2799,93,365,1,370.11,370.11,cod,2026-06-27 14:06:43,completed,0
2800,130,122,1,108.79,108.79,upi,2026-03-09 16:55:57,completed,3
2801,375,27,4,381.2,1524.8,cod,2026-05-07 09:47:47,pending,0
2802,313,63,3,318.98,956.94,cod,2026-03-05 05:29:57,pending,0
2803,265,491,5,120.2,601.0,debit_card,2026-03-19 15:54:26,pending,2
2804,906,292,1,8.27,8.27,cod,2026-04-07 13:55:52,completed,0
2805,350,279,2,421.69,843.38,debit_card,2026-01-27 14:56:14,completed,2
2806,794,369,5,158.28,791.4,upi,2026-05-18 16:01:26,completed,3
2807,737,425,4,155.87,623.48,cod,2026-03-10 14:45:56,completed,0
2808,108,316,5,203.28,1016.4,debit_card,2026-01-21 04:12:53,completed,2
2809,567,487,5,264.7,1323.5,credit_card,2026-06-11 18:00:20,completed,1
2810,136,243,1,105.53,105.53,debit_card,2026-03-13 16:35:01,completed,2
2811,978,74,1,189.54,189.54,wallet,2026-03-18 03:20:46,completed,4
2812,589,198,4,151.2,604.8,upi,2026-04-08 06:48:55,completed,3
2813,808,414,2,277.29,554.58,cod,2026-03-31 22:59:30,completed,0
2814,721,244,4,275.57,1102.28,wallet,2026-03-03 23:41:34,completed,4
2815,487,415,1,306.16,306.16,cod,2026-06-16 09:55:43,completed,0
2816,76,350,4,269.32,1077.28,wallet,2026-02-02 10:08:01,completed,4
2817,493,119,5,162.52,812.6,credit_card,2026-03-15 04:19:53,completed,1
2818,38,410,4,195.74,782.96,upi,2026-07-19 07:54:50,completed,3
2819,355,355,4,326.68,1306.72,debit_card,2026-04-25 18:03:13,refunded,2
2820,247,499,5,279.81,1399.05,upi,2026-02-01 05:13:32,completed,3
2821,717,323,5,123.43,617.15,debit_card,2026-03-10 01:24:17,completed,2
2822,622,128,3,492.71,1478.13,cod,2026-06-14 19:43:07,completed,0
2823,255,23,2,210.74,421.48,cod,2026-02-01 07:09:18,completed,0
2824,294,57,5,493.51,2467.55,wallet,2026-02-15 07:28:07,completed,4
2825,466,329,2,402.46,804.92,credit_card,2026-04-29 18:52:09,pending,1
2826,790,250,4,38.75,155.0,debit_card,2026-04-28 19:18:54,completed,2
2827,367,32,1,300.44,300.44,credit_card,2026-05-24 16:00:01,completed,1
2828,887,137,1,35.51,35.51,credit_card,2026-07-14 15:14:12,completed,1
2829,686,301,1,135.94,135.94,debit_card,2026-06-17 00:30:01,completed,2
2830,281,341,3,376.33,1128.99,wallet,2026-04-24 03:14:57,refunded,4
2831,62,62,4,44.12,176.48,upi,2026-05-06 07:12:03,completed,3
2832,342,461,5,463.09,2315.45,debit_card,2026-07-04 07:12:15,completed,2
2833,967,459,3,423.84,1271.52,upi,2026-01-31 00:08:06,completed,3
2834,959,340,3,247.95,743.85,cod,2026-05-28 02:15:03,pending,0
2835,487,290,4,185.82,743.28,wallet,2026-04-19 11:25:19,completed,4
2836,292,327,5,230.11,1150.55,debit_card,2026-06-14 00:25:20,refunded,2
2837,90,349,5,239.13,1195.65,credit_card,2026-05-30 22:10:19,completed,1
2838,623,312,2,284.51,569.02,wallet,2026-02-25 02:30:42,pending,4
2839,314,349,3,239.13,717.39,debit_card,2026-02-23 17:07:25,completed,2
2840,24,267,5,340.26,1701.3,cod,2026-03-24 09:23:19,completed,0
2841,582,432,1,165.09,165.09,upi,2026-07-17 23:32:38,completed,3
2842,664,5,1,243.97,243.97,credit_card,2026-02-10 02:14:20,completed,1
2843,490,212,2,263.94,527.88,credit_card,2026-02-01 20:09:45,completed,1
2844,376,325,4,369.78,1479.12,debit_card,2026-06-23 12:31:48,completed,2
2845,723,285,3,93.68,281.04,upi,2026-04-04 01:21:35,pending,3
2846,693,219,5,22.74,113.7,wallet,2026-05-20 23:02:01,cancelled,4
2847,297,406,3,360.33,1080.99,upi,2026-01-27 13:27:23,completed,3
2848,58,50,3,283.83,851.49,upi,2026-03-27 14:56:08,completed,3
2849,780,295,5,243.35,1216.75,credit_card,2026-01-29 21:58:57,completed,1
2850,623,477,2,383.87,767.74,credit_card,2026-06-24 21:51:22,completed,1
2851,163,307,5,395.83,1979.15,credit_card,2026-05-23 16:22:25,completed,1
2852,644,242,1,211.2,211.2,upi,2026-06-21 03:30:39,completed,3
2853,261,111,3,14.86,44.58,upi,2026-05-25 19:32:18,completed,3
2854,205,424,5,465.47,2327.35,debit_card,2026-04-25 23:05:12,completed,2
2855,643,388,5,321.07,1605.35,debit_card,2026-07-13 06:03:15,completed,2
2856,155,130,1,207.59,207.59,cod,2026-01-24 10:15:17,completed,0
2857,185,113,3,295.37,886.11,upi,2026-04-25 12:52:06,completed,3
2858,922,495,4,344.49,1377.96,upi,2026-03-30 12:39:07,completed,3
2859,216,169,1,383.91,383.91,upi,2026-07-06 06:48:57,completed,3
2860,744,291,4,260.6,1042.4,cod,2026-07-15 07:42:54,completed,0
2861,491,390,4,200.93,803.72,upi,2026-06-27 00:18:11,completed,3
2862,147,260,5,232.32,1161.6,cod,2026-02-09 04:00:20,completed,0
2863,991,48,4,40.06,160.24,debit_card,2026-02-13 00:01:06,completed,2
2864,836,463,1,444.36,444.36,credit_card,2026-03-06 06:35:02,completed,1
2865,858,23,3,210.74,632.22,wallet,2026-04-30 03:37:35,completed,4
2866,675,304,2,92.82,185.64,wallet,2026-05-05 14:44:46,cancelled,4
2867,794,84,1,297.99,297.99,cod,2026-05-14 04:43:12,completed,0
2868,283,361,4,96.02,384.08,cod,2026-02-18 06:47:19,completed,0
2869,605,120,3,168.93,506.79,upi,2026-05-06 20:07:04,completed,3
2870,49,440,1,26.52,26.52,credit_card,2026-07-18 19:00:27,cancelled,1
2871,317,100,2,208.94,417.88,debit_card,2026-03-05 00:23:27,completed,2
2872,704,285,4,93.68,374.72,cod,2026-06-05 13:22:42,completed,0
2873,879,245,4,491.81,1967.24,wallet,2026-03-14 23:21:33,cancelled,4
2874,884,364,4,81.86,327.44,upi,2026-03-12 00:47:15,completed,3
2875,704,486,1,71.6,71.6,debit_card,2026-04-08 09:13:58,completed,2
2876,147,345,1,122.38,122.38,credit_card,2026-04-23 18:15:43,completed,1
2877,78,118,4,474.65,1898.6,credit_card,2026-03-26 04:27:56,completed,1
2878,162,294,2,303.0,606.0,credit_card,2026-01-25 04:56:03,pending,1
2879,603,469,3,49.77,149.31,wallet,2026-06-22 08:05:49,completed,4
2880,367,324,3,179.8,539.4,wallet,2026-05-10 19:47:14,completed,4
2881,582,312,1,284.51,284.51,credit_card,2026-06-15 09:13:01,completed,1
2882,704,331,4,431.7,1726.8,credit_card,2026-03-01 11:42:20,completed,1
2883,143,159,1,246.95,246.95,upi,2026-03-28 04:07:48,cancelled,3
2884,563,442,4,333.18,1332.72,cod,2026-06-29 06:18:04,completed,0
2885,79,243,1,105.53,105.53,wallet,2026-06-03 15:13:17,completed,4
2886,139,32,2,300.44,600.88,cod,2026-02-22 20:39:53,completed,0
2887,908,98,2,194.45,388.9,debit_card,2026-06-20 05:20:30,completed,2
2888,655,392,4,172.52,690.08,credit_card,2026-01-30 11:26:45,completed,1
2889,225,380,3,144.65,433.95,upi,2026-04-01 06:00:54,completed,3
2890,299,29,2,222.34,444.68,upi,2026-02-13 14:12:41,completed,3
2891,215,344,2,54.87,109.74,upi,2026-04-10 19:24:45,completed,3
2892,333,245,4,491.81,1967.24,cod,2026-03-03 08:51:08,completed,0
2893,26,197,4,103.33,413.32,credit_card,2026-01-30 16:47:18,completed,1
2894,708,157,2,21.37,42.74,credit_card,2026-02-12 14:59:26,completed,1
2895,718,379,1,97.96,97.96,debit_card,2026-07-17 11:03:17,completed,2
2896,542,143,5,132.65,663.25,upi,2026-05-22 06:41:12,pending,3
2897,205,57,1,493.51,493.51,wallet,2026-05-25 16:43:14,refunded,4
2898,998,351,4,429.96,1719.84,upi,2026-07-02 00:38:56,completed,3
2899,764,186,5,68.82,344.1,wallet,2026-07-05 19:01:45,completed,4
2900,845,150,2,346.8,693.6,debit_card,2026-06-17 10:14:16,completed,2
2901,779,233,3,357.38,1072.14,wallet,2026-02-23 09:26:35,completed,4
2902,187,164,3,403.52,1210.56,credit_card,2026-03-01 22:10:02,refunded,1
2903,245,440,5,26.52,132.6,debit_card,2026-06-08 18:22:50,completed,2
2904,166,114,3,353.75,1061.25,credit_card,2026-03-28 20:41:45,completed,1
2905,937,393,1,352.16,352.16,credit_card,2026-06-29 21:07:00,completed,1
2906,279,156,1,440.27,440.27,cod,2026-05-23 19:13:40,completed,0
2907,758,199,2,121.08,242.16,wallet,2026-02-07 17:48:43,completed,4
2908,371,15,3,483.13,1449.39,upi,2026-03-27 10:07:12,completed,3
2909,555,420,3,120.33,360.99,upi,2026-01-28 17:54:00,completed,3
2910,964,491,1,120.2,120.2,upi,2026-02-22 08:10:01,pending,3
2911,300,149,1,204.47,204.47,credit_card,2026-04-09 06:18:18,completed,1
2912,93,209,1,19.26,19.26,debit_card,2026-06-25 06:49:16,completed,2
2913,746,46,3,5.54,16.62,credit_card,2026-02-18 20:17:59,completed,1
2914,671,293,1,259.7,259.7,wallet,2026-06-23 04:24:27,completed,4
2915,933,137,5,35.51,177.55,credit_card,2026-07-03 16:38:00,cancelled,1
2916,946,281,5,205.54,1027.7,upi,2026-03-17 11:09:28,refunded,3
2917,37,462,2,92.65,185.3,upi,2026-02-07 06:14:37,completed,3
2918,795,276,5,88.48,442.4,cod,2026-01-26 12:05:15,completed,0
2919,718,413,1,330.48,330.48,cod,2026-04-03 20:41:40,completed,0
2920,592,145,5,295.85,1479.25,credit_card,2026-03-16 01:20:26,completed,1
2921,388,189,4,376.31,1505.24,cod,2026-07-14 03:17:10,completed,0
2922,723,469,5,49.77,248.85,wallet,2026-06-16 02:30:03,completed,4
2923,227,271,3,337.13,1011.39,upi,2026-07-17 14:10:18,completed,3
2924,716,310,5,190.64,953.2,wallet,2026-03-23 19:13:40,pending,4
2925,520,203,2,215.87,431.74,credit_card,2026-01-25 04:00:38,completed,1
2926,24,3,4,57.44,229.76,wallet,2026-05-23 09:16:34,cancelled,4
2927,244,59,4,38.43,153.72,debit_card,2026-06-07 13:35:11,pending,2
2928,985,281,4,205.54,822.16,cod,2026-05-25 23:33:07,completed,0
2929,330,292,1,8.27,8.27,upi,2026-04-24 17:53:20,completed,3
2930,690,126,3,150.98,452.94,cod,2026-05-21 12:01:39,completed,0
2931,159,419,3,232.88,698.64,wallet,2026-03-06 03:21:45,completed,4
2932,83,320,1,473.13,473.13,wallet,2026-02-15 19:19:34,completed,4
2933,571,425,3,155.87,467.61,wallet,2026-07-07 14:15:28,completed,4
2934,729,335,2,240.89,481.78,debit_card,2026-01-22 23:15:47,completed,2
2935,342,327,3,230.11,690.33,upi,2026-05-12 07:07:55,refunded,3
2936,750,387,2,468.43,936.86,debit_card,2026-06-05 08:57:40,completed,2
2937,837,137,4,35.51,142.04,credit_card,2026-03-28 02:24:50,completed,1
2938,78,199,3,121.08,363.24,debit_card,2026-03-05 09:04:58,completed,2
2939,310,82,4,26.73,106.92,cod,2026-05-27 20:31:44,refunded,0
2940,837,175,4,115.02,460.08,upi,2026-02-23 02:42:47,completed,3
2941,63,284,2,253.57,507.14,credit_card,2026-06-05 23:24:42,completed,1
2942,870,248,4,300.46,1201.84,debit_card,2026-02-27 16:25:11,completed,2
2943,542,252,1,113.13,113.13,credit_card,2026-03-10 08:36:25,completed,1
2944,544,317,5,482.46,2412.3,credit_card,2026-04-21 06:37:15,completed,1
2945,565,264,4,464.38,1857.52,cod,2026-04-28 09:45:44,completed,0
2946,65,276,1,88.48,88.48,debit_card,2026-04-21 01:38:32,completed,2
2947,818,367,2,467.75,935.5,cod,2026-02-01 04:55:03,completed,0
2948,106,329,5,402.46,2012.3,upi,2026-02-13 23:02:37,completed,3
2949,323,472,3,354.58,1063.74,credit_card,2026-04-11 04:37:06,completed,1
2950,597,174,4,238.04,952.16,credit_card,2026-06-15 15:03:32,completed,1
2951,31,10,2,168.84,337.68,cod,2026-01-25 07:13:59,completed,0
2952,130,387,3,468.43,1405.29,credit_card,2026-03-15 22:08:14,completed,1
2953,186,247,3,7.79,23.37,wallet,2026-06-28 06:58:42,refunded,4
2954,638,143,2,132.65,265.3,cod,2026-03-24 19:10:39,completed,0
2955,861,312,5,284.51,1422.55,upi,2026-07-06 02:58:15,completed,3
2956,786,236,1,293.49,293.49,debit_card,2026-06-21 06:36:26,completed,2
2957,858,65,5,306.37,1531.85,cod,2026-06-19 04:52:42,completed,0
2958,668,479,3,223.73,671.19,debit_card,2026-07-04 08:53:34,completed,2
2959,328,177,3,292.25,876.75,wallet,2026-06-23 03:54:36,completed,4
2960,376,415,4,306.16,1224.64,debit_card,2026-05-15 09:58:28,completed,2
2961,452,349,4,239.13,956.52,upi,2026-07-09 21:47:49,completed,3
2962,690,316,4,203.28,813.12,cod,2026-07-11 07:46:55,completed,0
2963,141,376,1,44.21,44.21,credit_card,2026-03-18 19:38:45,completed,1
2964,76,369,2,158.28,316.56,upi,2026-01-31 00:08:52,completed,3
2965,592,135,2,196.83,393.66,credit_card,2026-03-24 18:26:19,completed,1
2966,566,101,3,72.93,218.79,cod,2026-06-23 21:10:39,completed,0
2967,879,212,5,263.94,1319.7,cod,2026-04-26 00:26:39,pending,0
2968,377,464,5,307.69,1538.45,debit_card,2026-06-25 12:26:26,completed,2
2969,637,448,4,439.95,1759.8,cod,2026-07-04 01:30:23,completed,0
2970,402,114,3,353.75,1061.25,debit_card,2026-01-27 21:58:44,cancelled,2
2971,892,432,5,165.09,825.45,cod,2026-05-17 06:09:29,completed,0
2972,75,61,2,322.07,644.14,upi,2026-04-07 20:14:21,completed,3
2973,180,94,3,69.7,209.1,upi,2026-05-16 11:36:45,completed,3
2974,432,167,5,243.46,1217.3,upi,2026-03-22 17:41:01,completed,3
2975,320,127,2,444.53,889.06,credit_card,2026-06-17 13:52:01,completed,1
2976,317,103,2,175.3,350.6,debit_card,2026-05-25 10:39:31,completed,2
2977,202,197,5,103.33,516.65,cod,2026-02-06 15:22:44,completed,0
2978,162,1,3,23.2,69.6,credit_card,2026-02-01 09:30:29,refunded,1
2979,462,481,4,32.26,129.04,upi,2026-07-02 02:33:36,completed,3
2980,993,69,3,250.59,751.77,credit_card,2026-07-11 03:50:03,completed,1
2981,2,70,4,187.01,748.04,debit_card,2026-01-29 04:25:48,refunded,2
2982,708,103,1,175.3,175.3,debit_card,2026-06-09 18:36:31,completed,2
2983,403,419,2,232.88,465.76,upi,2026-05-26 12:12:36,completed,3
2984,317,341,1,376.33,376.33,debit_card,2026-02-19 09:01:37,completed,2
2985,211,300,1,416.03,416.03,credit_card,2026-03-26 09:40:31,completed,1
2986,528,463,3,444.36,1333.08,debit_card,2026-05-21 03:49:29,completed,2
2987,867,41,2,395.21,790.42,cod,2026-03-30 13:16:58,completed,0
2988,255,114,4,353.75,1415.0,wallet,2026-04-04 23:38:22,completed,4
2989,941,321,5,426.03,2130.15,wallet,2026-04-26 02:46:07,pending,4
2990,879,12,4,227.54,910.16,credit_card,2026-01-24 17:27:57,completed,1
2991,948,37,1,204.41,204.41,cod,2026-04-14 23:38:56,completed,0
2992,483,261,3,398.14,1194.42,wallet,2026-06-24 07:20:29,completed,4
2993,272,210,1,444.36,444.36,upi,2026-03-08 16:24:13,completed,3
2994,922,120,5,168.93,844.65,wallet,2026-04-10 02:48:01,completed,4
2995,87,73,1,116.14,116.14,upi,2026-01-27 05:35:37,cancelled,3
2996,258,438,4,108.46,433.84,credit_card,2026-06-14 06:55:06,completed,1
2997,513,401,3,410.43,1231.29,wallet,2026-01-29 18:49:28,completed,4
2998,798,186,2,68.82,137.64,wallet,2026-03-04 10:40:28,completed,4
2999,94,202,2,54.41,108.82,cod,2026-04-08 04:44:17,pending,0
3000,62,117,1,192.3,192.3,cod,2026-02-19 08:53:12,completed,0
3001,855,76,5,167.01,835.05,upi,2026-05-11 05:19:42,pending,3
3002,997,141,3,90.58,271.74,upi,2026-07-03 23:37:14,completed,3
3003,552,291,3,260.6,781.8,cod,2026-05-31 08:11:52,completed,0
3004,962,33,1,476.44,476.44,cod,2026-06-25 06:32:41,completed,0
3005,942,79,2,466.54,933.08,wallet,2026-05-01 12:20:45,completed,4
3006,577,209,4,19.26,77.04,cod,2026-03-19 00:25:40,cancelled,0
3007,194,432,2,165.09,330.18,debit_card,2026-05-12 20:11:52,completed,2
3008,726,194,4,106.72,426.88,upi,2026-03-29 03:47:44,completed,3
3009,898,376,2,44.21,88.42,upi,2026-02-18 19:21:38,completed,3
3010,604,264,4,464.38,1857.52,upi,2026-02-26 05:38:50,cancelled,3
3011,792,77,2,284.08,568.16,credit_card,2026-06-30 22:11:59,completed,1
3012,457,29,3,222.34,667.02,credit_card,2026-01-20 20:40:45,completed,1
3013,803,248,1,300.46,300.46,debit_card,2026-04-13 18:20:10,completed,2
3014,355,302,2,39.08,78.16,wallet,2026-02-12 05:48:12,refunded,4
3015,125,311,5,81.62,408.1,wallet,2026-07-18 14:48:47,completed,4
3016,381,275,3,331.41,994.23,cod,2026-06-30 21:54:29,refunded,0
3017,361,288,3,441.37,1324.11,credit_card,2026-07-10 10:53:49,completed,1
3018,759,424,2,465.47,930.94,upi,2026-02-06 13:51:48,completed,3
3019,485,10,2,168.84,337.68,cod,2026-03-25 02:01:30,completed,0
3020,801,83,4,487.4,1949.6,upi,2026-03-02 02:51:00,completed,3
3021,599,470,2,165.11,330.22,credit_card,2026-05-28 01:46:54,completed,1
3022,69,268,2,74.98,149.96,wallet,2026-02-07 02:16:04,pending,4
3023,518,349,4,239.13,956.52,credit_card,2026-04-28 05:09:21,cancelled,1
3024,516,360,5,139.27,696.35,debit_card,2026-01-27 12:46:44,completed,2
3025,582,384,2,448.37,896.74,upi,2026-03-06 13:54:09,completed,3
3026,671,129,5,445.43,2227.15,upi,2026-06-04 21:25:45,pending,3
3027,413,432,5,165.09,825.45,credit_card,2026-01-21 07:34:49,completed,1
3028,80,270,1,75.52,75.52,wallet,2026-05-22 07:24:18,completed,4
3029,257,13,4,377.4,1509.6,upi,2026-05-10 18:04:58,completed,3
3030,910,212,2,263.94,527.88,debit_card,2026-06-09 08:55:27,completed,2
3031,130,285,2,93.68,187.36,credit_card,2026-06-30 03:28:43,refunded,1
3032,296,382,1,498.99,498.99,upi,2026-04-08 19:31:51,cancelled,3
3033,718,4,5,198.61,993.05,upi,2026-05-14 07:00:01,completed,3
3034,564,438,3,108.46,325.38,debit_card,2026-03-20 15:26:45,pending,2
3035,151,410,1,195.74,195.74,debit_card,2026-04-06 18:16:34,completed,2
3036,454,440,4,26.52,106.08,wallet,2026-02-02 05:23:39,refunded,4
3037,114,261,5,398.14,1990.6999999999998,cod,2026-06-20 10:38:59,refunded,0
3038,88,436,1,371.09,371.09,wallet,2026-06-25 10:13:53,completed,4
3039,555,88,5,270.28,1351.4,debit_card,2026-04-13 08:45:54,completed,2
3040,196,432,3,165.09,495.27,debit_card,2026-05-14 15:39:04,completed,2
3041,162,371,3,264.04,792.12,credit_card,2026-04-25 23:53:06,completed,1
3042,500,339,4,424.77,1699.08,wallet,2026-01-27 21:04:14,completed,4
3043,926,285,5,93.68,468.4,upi,2026-06-30 15:07:49,completed,3
3044,976,480,3,311.78,935.34,upi,2026-05-10 00:27:42,pending,3
3045,706,9,5,465.31,2326.55,cod,2026-06-18 16:10:51,completed,0
3046,538,315,1,226.06,226.06,cod,2026-02-12 01:25:46,completed,0
3047,173,220,5,107.39,536.95,cod,2026-03-21 15:00:57,completed,0
3048,826,29,5,222.34,1111.7,credit_card,2026-06-10 14:09:25,completed,1
3049,321,301,5,135.94,679.7,credit_card,2026-04-09 08:39:01,completed,1
3050,626,283,5,367.95,1839.75,upi,2026-03-01 02:53:05,completed,3
3051,837,305,1,377.43,377.43,wallet,2026-06-29 17:45:53,pending,4
3052,350,499,1,279.81,279.81,wallet,2026-04-15 11:10:14,completed,4
3053,762,490,4,283.5,1134.0,upi,2026-02-05 16:53:45,completed,3
3054,872,112,4,359.88,1439.52,debit_card,2026-02-17 07:06:31,pending,2
3055,274,32,1,300.44,300.44,credit_card,2026-02-22 17:44:19,completed,1
3056,893,158,3,412.64,1237.92,cod,2026-06-20 16:27:43,completed,0
3057,837,5,1,243.97,243.97,wallet,2026-04-10 03:19:24,completed,4
3058,61,395,3,346.18,1038.54,upi,2026-04-02 04:42:13,completed,3
3059,403,84,3,297.99,893.97,debit_card,2026-06-12 18:56:16,cancelled,2
3060,268,487,2,264.7,529.4,debit_card,2026-03-14 20:05:10,completed,2
3061,957,386,1,368.98,368.98,cod,2026-07-09 21:50:09,pending,0
3062,132,140,3,44.08,132.24,cod,2026-06-04 23:10:22,completed,0
3063,996,114,5,353.75,1768.75,upi,2026-05-25 21:04:41,completed,3
3064,342,113,4,295.37,1181.48,cod,2026-05-20 14:12:50,pending,0
3065,212,145,4,295.85,1183.4,cod,2026-03-17 04:48:20,pending,0
3066,650,321,4,426.03,1704.12,cod,2026-06-23 23:45:57,completed,0
3067,870,107,1,180.63,180.63,wallet,2026-03-17 05:32:11,completed,4
3068,159,129,4,445.43,1781.72,cod,2026-04-10 18:03:03,completed,0
3069,339,35,3,357.14,1071.42,credit_card,2026-02-01 11:03:22,pending,1
3070,816,165,4,232.2,928.8,cod,2026-07-11 23:14:43,completed,0
3071,910,219,2,22.74,45.48,upi,2026-02-22 14:32:16,cancelled,3
3072,626,442,5,333.18,1665.9,wallet,2026-04-07 11:10:08,cancelled,4
3073,648,421,1,368.46,368.46,debit_card,2026-03-23 20:05:46,pending,2
3074,59,390,4,200.93,803.72,wallet,2026-03-22 07:54:09,completed,4
3075,996,422,1,410.66,410.66,debit_card,2026-02-12 03:19:55,completed,2
3076,872,270,4,75.52,302.08,cod,2026-02-06 14:30:32,completed,0
3077,379,332,5,340.07,1700.35,cod,2026-02-16 02:05:02,completed,0
3078,996,65,5,306.37,1531.85,upi,2026-05-18 08:09:43,completed,3
3079,519,213,5,176.15,880.75,upi,2026-04-04 10:52:29,completed,3
3080,783,140,4,44.08,176.32,upi,2026-05-31 04:23:14,pending,3
3081,47,203,4,215.87,863.48,upi,2026-05-28 13:55:22,completed,3
3082,110,490,3,283.5,850.5,credit_card,2026-02-11 10:10:45,refunded,1
3083,671,171,1,197.2,197.2,credit_card,2026-04-17 23:41:19,completed,1
3084,424,442,4,333.18,1332.72,upi,2026-05-24 15:14:29,completed,3
3085,971,398,1,84.37,84.37,debit_card,2026-02-26 02:47:30,completed,2
3086,330,341,2,376.33,752.66,credit_card,2026-05-19 06:28:12,completed,1
3087,345,493,1,170.23,170.23,upi,2026-02-19 03:15:45,completed,3
3088,728,212,2,263.94,527.88,upi,2026-02-11 04:48:22,completed,3
3089,949,82,3,26.73,80.19,debit_card,2026-07-04 01:10:21,completed,2
3090,507,204,4,167.69,670.76,credit_card,2026-03-17 09:52:57,completed,1
3091,890,184,1,269.22,269.22,upi,2026-02-28 07:36:15,completed,3
3092,537,195,5,332.93,1664.65,upi,2026-06-19 20:48:29,completed,3
3093,70,153,4,365.76,1463.04,upi,2026-06-19 01:34:26,completed,3
3094,241,108,3,162.41,487.23,cod,2026-04-29 06:29:40,completed,0
3095,359,262,5,197.08,985.4,credit_card,2026-03-20 22:09:57,pending,1
3096,969,18,3,95.61,286.83,cod,2026-04-15 16:39:23,completed,0
3097,301,385,3,195.47,586.41,credit_card,2026-05-03 23:25:30,completed,1
3098,751,414,4,277.29,1109.16,upi,2026-01-21 16:30:36,completed,3
3099,756,118,4,474.65,1898.6,wallet,2026-02-07 15:35:20,completed,4
3100,110,118,4,474.65,1898.6,wallet,2026-02-11 22:29:06,completed,4
3101,583,484,1,183.29,183.29,wallet,2026-05-05 09:22:06,completed,4
3102,585,205,5,95.52,477.6,credit_card,2026-06-04 21:24:00,completed,1
3103,627,44,1,51.2,51.2,cod,2026-04-27 22:36:17,cancelled,0
3104,649,353,1,183.68,183.68,upi,2026-01-30 17:50:15,completed,3
3105,491,481,3,32.26,96.78,wallet,2026-07-04 09:10:15,completed,4
3106,635,159,3,246.95,740.85,cod,2026-02-01 00:39:51,completed,0
3107,548,36,1,318.04,318.04,debit_card,2026-06-14 10:33:57,completed,2
3108,350,485,2,411.03,822.06,credit_card,2026-07-16 14:19:50,completed,1
3109,232,433,3,185.81,557.43,cod,2026-04-10 22:35:51,completed,0
3110,137,276,5,88.48,442.4,cod,2026-06-13 12:30:23,refunded,0
3111,8,19,4,73.24,292.96,wallet,2026-02-16 22:56:05,completed,4
3112,316,88,1,270.28,270.28,wallet,2026-03-24 20:55:44,completed,4
3113,624,291,3,260.6,781.8,upi,2026-04-15 02:50:37,completed,3
3114,863,320,4,473.13,1892.52,credit_card,2026-06-27 16:36:35,completed,1
3115,863,369,5,158.28,791.4,upi,2026-03-25 07:19:32,pending,3
3116,196,233,4,357.38,1429.52,credit_card,2026-01-21 21:36:28,completed,1
3117,111,492,5,235.12,1175.6,cod,2026-04-03 07:17:24,pending,0
3118,270,156,4,440.27,1761.08,wallet,2026-06-26 20:02:18,completed,4
3119,845,86,2,139.62,279.24,upi,2026-07-11 16:06:01,completed,3
3120,753,148,2,329.12,658.24,wallet,2026-02-09 19:24:13,completed,4
3121,959,485,5,411.03,2055.15,debit_card,2026-02-21 04:58:42,completed,2
3122,742,197,3,103.33,309.99,debit_card,2026-04-21 09:09:03,completed,2
3123,787,113,1,295.37,295.37,credit_card,2026-02-01 21:57:46,completed,1
3124,65,430,1,103.06,103.06,debit_card,2026-05-30 01:43:57,completed,2
3125,634,56,4,249.97,999.88,credit_card,2026-07-03 05:33:54,completed,1
3126,725,347,4,228.11,912.44,upi,2026-06-09 14:47:25,completed,3
3127,244,229,5,347.45,1737.25,debit_card,2026-05-09 12:30:47,refunded,2
3128,933,382,4,498.99,1995.96,credit_card,2026-05-30 03:03:15,completed,1
3129,735,493,2,170.23,340.46,debit_card,2026-05-30 00:26:17,completed,2
3130,911,375,3,85.82,257.46,upi,2026-05-19 00:13:49,completed,3
3131,699,444,3,452.42,1357.26,debit_card,2026-06-04 20:39:08,refunded,2
3132,174,242,3,211.2,633.6,credit_card,2026-03-16 09:24:25,completed,1
3133,811,204,4,167.69,670.76,debit_card,2026-02-07 18:52:31,pending,2
3134,111,130,5,207.59,1037.95,upi,2026-05-26 19:14:51,completed,3
3135,627,262,3,197.08,591.24,wallet,2026-02-02 10:44:28,completed,4
3136,273,263,5,338.28,1691.4,upi,2026-04-10 21:02:38,completed,3
3137,983,226,3,359.81,1079.43,debit_card,2026-04-06 22:42:00,completed,2
3138,262,246,1,217.11,217.11,debit_card,2026-04-01 16:11:00,completed,2
3139,60,280,5,365.08,1825.4,cod,2026-02-24 17:34:57,completed,0
3140,396,55,4,261.29,1045.16,credit_card,2026-03-25 18:44:57,completed,1
3141,388,334,4,202.47,809.88,wallet,2026-07-19 18:07:27,completed,4
3142,448,434,3,493.89,1481.67,debit_card,2026-06-26 13:33:44,cancelled,2
3143,333,14,2,186.07,372.14,upi,2026-07-10 07:00:31,completed,3
3144,240,198,5,151.2,756.0,debit_card,2026-03-04 17:00:52,completed,2
3145,529,325,5,369.78,1848.9,cod,2026-02-11 10:48:25,completed,0
3146,146,318,4,220.51,882.04,wallet,2026-07-12 12:18:11,completed,4
3147,553,374,1,189.95,189.95,wallet,2026-03-13 23:58:40,refunded,4
3148,76,471,3,128.79,386.37,cod,2026-04-17 04:21:58,pending,0
3149,382,219,4,22.74,90.96,credit_card,2026-07-02 02:20:07,cancelled,1
3150,469,309,2,207.28,414.56,credit_card,2026-03-11 04:19:54,completed,1
3151,567,147,3,393.94,1181.82,debit_card,2026-06-28 17:31:14,completed,2
3152,566,153,2,365.76,731.52,credit_card,2026-03-06 07:01:42,completed,1
3153,780,274,5,39.56,197.8,cod,2026-06-06 16:37:23,pending,0
3154,184,37,2,204.41,408.82,debit_card,2026-04-18 08:16:11,completed,2
3155,49,420,2,120.33,240.66,upi,2026-02-01 20:20:24,completed,3
3156,297,90,5,111.44,557.2,debit_card,2026-05-14 03:17:05,pending,2
3157,215,484,3,183.29,549.87,cod,2026-07-17 10:00:41,completed,0
3158,319,411,2,210.52,421.04,upi,2026-02-07 05:39:08,completed,3
3159,392,343,2,232.73,465.46,credit_card,2026-03-27 12:17:51,pending,1
3160,479,250,3,38.75,116.25,cod,2026-07-14 08:57:13,completed,0
3161,271,452,3,70.23,210.69,cod,2026-04-18 19:36:39,completed,0
3162,206,91,2,201.14,402.28,credit_card,2026-02-26 00:33:20,completed,1
3163,220,225,3,101.98,305.94,wallet,2026-02-12 03:28:06,completed,4
3164,781,405,1,313.87,313.87,debit_card,2026-04-02 14:51:17,refunded,2
3165,66,453,3,345.82,1037.46,wallet,2026-06-26 12:20:19,completed,4
3166,999,259,4,415.23,1660.92,credit_card,2026-07-17 18:16:31,completed,1
3167,131,50,2,283.83,567.66,wallet,2026-02-12 03:45:31,completed,4
3168,877,396,1,354.78,354.78,cod,2026-07-01 18:50:45,completed,0
3169,948,39,3,398.86,1196.58,cod,2026-03-03 23:45:32,completed,0
3170,6,46,5,5.54,27.7,debit_card,2026-05-06 09:57:47,completed,2
3171,631,385,3,195.47,586.41,credit_card,2026-03-14 12:32:05,completed,1
3172,58,23,4,210.74,842.96,wallet,2026-03-26 17:02:25,completed,4
3173,863,269,4,473.75,1895.0,cod,2026-03-17 06:54:37,completed,0
3174,142,374,4,189.95,759.8,wallet,2026-02-13 08:38:41,completed,4
3175,667,369,2,158.28,316.56,debit_card,2026-01-27 23:45:31,completed,2
3176,479,46,1,5.54,5.54,wallet,2026-07-18 17:06:39,completed,4
3177,754,151,4,172.24,688.96,credit_card,2026-02-19 23:04:02,completed,1
3178,810,226,3,359.81,1079.43,wallet,2026-03-27 01:50:57,completed,4
3179,504,383,5,32.74,163.7,wallet,2026-03-02 05:55:18,completed,4
3180,528,163,3,325.45,976.35,upi,2026-02-18 18:52:13,completed,3
3181,865,380,2,144.65,289.3,credit_card,2026-04-23 21:42:02,completed,1
3182,410,405,5,313.87,1569.35,cod,2026-07-02 05:11:25,completed,0
3183,763,68,3,404.52,1213.56,wallet,2026-03-27 06:58:07,completed,4
3184,9,452,2,70.23,140.46,credit_card,2026-04-19 19:02:34,completed,1
3185,914,440,3,26.52,79.56,wallet,2026-01-29 07:42:31,completed,4
3186,10,95,1,133.12,133.12,upi,2026-02-11 14:02:21,completed,3
3187,723,414,2,277.29,554.58,wallet,2026-02-25 20:43:34,completed,4
3188,259,388,2,321.07,642.14,wallet,2026-06-22 14:39:08,completed,4
3189,31,160,3,419.64,1258.92,wallet,2026-06-10 21:56:48,completed,4
3190,495,138,5,209.92,1049.6,wallet,2026-06-17 17:11:39,completed,4
3191,775,427,2,254.84,509.68,debit_card,2026-04-09 15:23:51,completed,2
3192,346,63,3,318.98,956.94,cod,2026-05-09 11:21:01,completed,0
3193,986,36,1,318.04,318.04,debit_card,2026-02-18 02:57:06,cancelled,2
3194,707,442,4,333.18,1332.72,upi,2026-02-18 07:25:32,completed,3
3195,719,278,3,388.51,1165.53,credit_card,2026-01-27 22:37:40,completed,1
3196,972,354,2,65.01,130.02,upi,2026-07-19 01:31:18,refunded,3
3197,271,28,4,152.37,609.48,credit_card,2026-01-26 04:18:08,refunded,1
3198,173,284,3,253.57,760.71,debit_card,2026-05-29 19:52:02,completed,2
3199,581,136,1,27.09,27.09,cod,2026-07-16 09:14:29,completed,0
3200,555,50,1,283.83,283.83,credit_card,2026-05-10 12:54:35,completed,1
3201,579,189,1,376.31,376.31,upi,2026-04-25 07:57:05,completed,3
3202,281,6,1,159.39,159.39,debit_card,2026-04-19 15:58:30,completed,2
3203,212,361,2,96.02,192.04,debit_card,2026-04-12 05:44:09,completed,2
3204,404,491,2,120.2,240.4,wallet,2026-05-18 10:52:23,completed,4
3205,259,236,3,293.49,880.47,cod,2026-05-29 22:36:28,completed,0
3206,805,148,5,329.12,1645.6,wallet,2026-06-05 12:55:11,completed,4
3207,276,409,4,472.58,1890.32,wallet,2026-03-26 21:12:26,completed,4
3208,681,286,2,113.32,226.64,wallet,2026-03-19 23:48:17,completed,4
3209,859,369,2,158.28,316.56,credit_card,2026-02-25 16:49:20,completed,1
3210,472,378,1,59.63,59.63,cod,2026-03-07 00:58:42,completed,0
3211,312,488,2,493.66,987.32,credit_card,2026-04-14 10:22:43,completed,1
3212,303,127,2,444.53,889.06,credit_card,2026-02-10 23:09:48,completed,1
3213,144,495,4,344.49,1377.96,credit_card,2026-06-03 04:56:17,completed,1
3214,98,226,2,359.81,719.62,credit_card,2026-07-06 12:22:34,completed,1
3215,466,13,4,377.4,1509.6,credit_card,2026-03-09 05:32:13,pending,1
3216,336,453,3,345.82,1037.46,credit_card,2026-02-05 18:09:50,completed,1
3217,558,209,3,19.26,57.78,credit_card,2026-02-01 14:54:07,completed,1
3218,738,134,1,157.63,157.63,cod,2026-06-13 05:33:53,completed,0
3219,785,16,5,177.22,886.1,debit_card,2026-06-05 07:46:24,completed,2
3220,458,207,2,490.88,981.76,wallet,2026-04-20 07:19:33,completed,4
3221,464,25,5,271.12,1355.6,credit_card,2026-04-14 00:36:27,completed,1
3222,309,46,3,5.54,16.62,credit_card,2026-03-28 04:26:52,pending,1
3223,257,434,3,493.89,1481.67,cod,2026-02-28 11:40:28,completed,0
3224,263,53,4,160.68,642.72,upi,2026-01-26 06:13:16,pending,3
3225,948,420,1,120.33,120.33,cod,2026-03-27 05:41:12,completed,0
3226,541,432,2,165.09,330.18,debit_card,2026-02-24 23:57:29,completed,2
3227,888,373,1,384.11,384.11,debit_card,2026-03-31 22:41:15,completed,2
3228,142,103,3,175.3,525.9,wallet,2026-05-07 02:32:55,pending,4
3229,266,21,4,311.61,1246.44,credit_card,2026-05-15 21:10:26,completed,1
3230,971,136,4,27.09,108.36,debit_card,2026-03-04 00:38:30,completed,2
3231,534,434,2,493.89,987.78,cod,2026-01-23 01:27:38,completed,0
3232,341,487,5,264.7,1323.5,cod,2026-07-18 14:02:45,completed,0
3233,194,208,5,402.12,2010.6,upi,2026-02-25 12:25:24,cancelled,3
3234,854,345,2,122.38,244.76,credit_card,2026-06-04 08:49:43,completed,1
3235,111,49,3,441.09,1323.27,debit_card,2026-04-28 10:51:10,pending,2
3236,244,346,2,214.85,429.7,upi,2026-03-02 16:47:45,completed,3
3237,485,54,5,302.49,1512.45,cod,2026-03-23 20:10:30,completed,0
3238,205,325,5,369.78,1848.9,credit_card,2026-03-17 13:56:46,completed,1
3239,9,244,3,275.57,826.71,credit_card,2026-05-03 22:04:43,completed,1
3240,132,189,2,376.31,752.62,cod,2026-03-21 10:23:24,refunded,0
3241,178,309,2,207.28,414.56,wallet,2026-02-15 08:00:49,completed,4
3242,534,196,4,258.23,1032.92,wallet,2026-04-29 01:54:06,completed,4
3243,916,440,5,26.52,132.6,debit_card,2026-04-04 09:53:54,completed,2
3244,861,464,2,307.69,615.38,cod,2026-05-30 08:37:53,completed,0
3245,678,447,2,180.91,361.82,debit_card,2026-02-06 01:02:53,completed,2
3246,901,102,3,494.75,1484.25,upi,2026-06-01 17:16:17,completed,3
3247,408,124,1,441.48,441.48,upi,2026-02-09 13:34:38,completed,3
3248,922,8,5,27.12,135.6,upi,2026-02-01 01:34:53,completed,3
3249,657,282,3,238.69,716.07,upi,2026-06-16 19:56:22,completed,3
3250,712,238,2,137.15,274.3,cod,2026-02-25 16:22:11,completed,0
3251,510,411,1,210.52,210.52,debit_card,2026-04-24 11:12:32,completed,2
3252,130,214,1,32.01,32.01,wallet,2026-04-08 15:41:18,completed,4
3253,561,360,4,139.27,557.08,upi,2026-05-19 16:11:45,completed,3
3254,286,32,1,300.44,300.44,cod,2026-05-06 12:47:44,pending,0
3255,840,366,4,19.14,76.56,credit_card,2026-06-20 21:19:39,refunded,1
3256,900,452,4,70.23,280.92,debit_card,2026-02-05 08:04:55,completed,2
3257,677,200,1,78.83,78.83,cod,2026-04-26 01:42:21,completed,0
3258,921,6,4,159.39,637.56,cod,2026-04-25 07:45:06,cancelled,0
3259,257,364,2,81.86,163.72,debit_card,2026-03-17 05:15:08,completed,2
3260,342,110,3,91.9,275.7,debit_card,2026-07-06 03:16:11,completed,2
3261,991,94,3,69.7,209.1,debit_card,2026-07-19 10:40:34,cancelled,2
3262,335,490,4,283.5,1134.0,debit_card,2026-04-28 09:21:45,completed,2
3263,981,437,3,348.43,1045.29,cod,2026-06-30 07:20:57,pending,0
3264,976,310,2,190.64,381.28,cod,2026-02-01 20:04:17,cancelled,0
3265,726,417,5,299.9,1499.5,debit_card,2026-06-28 03:11:15,completed,2
3266,607,496,4,168.6,674.4,upi,2026-02-15 16:28:30,completed,3
3267,753,231,1,140.43,140.43,credit_card,2026-06-22 01:58:41,refunded,1
3268,988,313,4,392.98,1571.92,credit_card,2026-01-28 23:26:39,cancelled,1
3269,101,115,5,164.69,823.45,credit_card,2026-03-21 06:05:35,pending,1
3270,841,166,1,8.64,8.64,debit_card,2026-01-21 20:28:33,pending,2
3271,819,429,2,202.27,404.54,upi,2026-06-14 11:44:20,completed,3
3272,214,234,2,358.62,717.24,wallet,2026-02-04 14:41:11,completed,4
3273,1,52,2,448.81,897.62,upi,2026-04-01 16:38:59,completed,3
3274,428,115,3,164.69,494.07,upi,2026-01-26 13:31:06,completed,3
3275,558,399,2,186.72,373.44,cod,2026-04-29 03:46:26,completed,0
3276,83,343,1,232.73,232.73,upi,2026-03-24 01:51:41,completed,3
3277,847,199,1,121.08,121.08,cod,2026-02-17 09:41:13,completed,0
3278,138,6,3,159.39,478.17,debit_card,2026-03-31 02:29:21,completed,2
3279,757,325,2,369.78,739.56,upi,2026-05-22 12:24:50,cancelled,3
3280,315,295,5,243.35,1216.75,credit_card,2026-01-21 10:47:31,pending,1
3281,120,423,1,43.85,43.85,upi,2026-02-01 10:29:29,completed,3
3282,264,193,3,211.3,633.9,upi,2026-07-15 00:51:39,completed,3
3283,329,324,1,179.8,179.8,upi,2026-04-16 01:54:42,pending,3
3284,581,480,3,311.78,935.34,debit_card,2026-05-12 19:54:49,completed,2
3285,66,263,2,338.28,676.56,cod,2026-07-17 04:30:46,completed,0
3286,924,194,3,106.72,320.16,debit_card,2026-07-14 13:25:49,completed,2
3287,361,409,2,472.58,945.16,wallet,2026-03-01 03:48:33,pending,4
3288,452,265,2,193.8,387.6,upi,2026-05-23 03:21:33,completed,3
3289,238,29,3,222.34,667.02,debit_card,2026-04-07 13:18:26,completed,2
3290,438,104,3,17.9,53.7,debit_card,2026-05-28 22:54:56,completed,2
3291,899,250,2,38.75,77.5,debit_card,2026-01-23 18:17:40,completed,2
3292,104,391,5,188.84,944.2,credit_card,2026-04-03 02:43:51,completed,1
3293,862,224,1,448.95,448.95,debit_card,2026-03-15 03:15:34,completed,2
3294,78,93,3,55.44,166.32,debit_card,2026-02-12 07:23:15,completed,2
3295,67,432,3,165.09,495.27,debit_card,2026-02-20 15:41:37,completed,2
3296,97,104,1,17.9,17.9,credit_card,2026-02-12 16:04:46,completed,1
3297,209,200,2,78.83,157.66,credit_card,2026-05-22 10:08:12,completed,1
3298,222,97,3,30.07,90.21,wallet,2026-05-12 15:28:42,completed,4
3299,251,165,5,232.2,1161.0,wallet,2026-03-20 16:47:08,completed,4
3300,716,140,5,44.08,220.4,credit_card,2026-07-16 14:05:17,completed,1
3301,45,82,2,26.73,53.46,cod,2026-03-12 19:02:20,completed,0
3302,565,306,4,213.24,852.96,upi,2026-05-26 07:35:06,completed,3
3303,982,28,2,152.37,304.74,credit_card,2026-03-31 00:55:47,completed,1
3304,599,158,5,412.64,2063.2,upi,2026-02-19 13:57:58,pending,3
3305,532,290,2,185.82,371.64,upi,2026-03-23 01:42:50,cancelled,3
3306,453,291,2,260.6,521.2,debit_card,2026-07-08 10:27:49,completed,2
3307,326,27,1,381.2,381.2,upi,2026-07-03 19:23:19,completed,3
3308,949,202,1,54.41,54.41,credit_card,2026-04-02 01:22:16,pending,1
3309,464,158,3,412.64,1237.92,cod,2026-04-23 01:39:40,pending,0
3310,787,282,4,238.69,954.76,credit_card,2026-04-10 09:41:41,completed,1
3311,125,83,4,487.4,1949.6,wallet,2026-06-12 02:12:54,completed,4
3312,662,494,5,130.94,654.7,credit_card,2026-05-10 09:58:35,cancelled,1
3313,690,211,4,353.76,1415.04,credit_card,2026-05-17 21:23:30,completed,1
3314,995,423,4,43.85,175.4,debit_card,2026-03-29 12:48:05,completed,2
3315,28,176,4,133.98,535.92,wallet,2026-06-21 16:17:27,completed,4
3316,56,481,2,32.26,64.52,debit_card,2026-04-21 18:18:41,completed,2
3317,219,65,5,306.37,1531.85,upi,2026-04-11 04:26:30,pending,3
3318,810,224,3,448.95,1346.85,wallet,2026-07-10 03:00:29,completed,4
3319,381,131,3,122.59,367.77,debit_card,2026-07-09 15:14:19,completed,2
3320,464,383,1,32.74,32.74,cod,2026-07-17 13:43:16,completed,0
3321,73,91,5,201.14,1005.7,credit_card,2026-03-15 13:37:06,completed,1
3322,991,256,2,225.55,451.1,debit_card,2026-07-06 20:25:32,pending,2
3323,573,245,3,491.81,1475.43,credit_card,2026-07-07 19:36:01,completed,1
3324,759,88,3,270.28,810.84,cod,2026-02-22 02:11:47,completed,0
3325,294,360,1,139.27,139.27,cod,2026-03-20 06:33:07,completed,0
3326,980,280,3,365.08,1095.24,cod,2026-07-05 07:47:46,pending,0
3327,100,75,2,490.8,981.6,cod,2026-02-08 20:33:39,completed,0
3328,783,328,2,255.59,511.18,debit_card,2026-03-24 07:26:20,completed,2
3329,501,120,5,168.93,844.65,upi,2026-07-17 23:41:20,completed,3
3330,270,245,2,491.81,983.62,debit_card,2026-02-12 19:09:00,completed,2
3331,705,138,2,209.92,419.84,wallet,2026-04-16 23:21:51,completed,4
3332,509,135,1,196.83,196.83,debit_card,2026-06-10 07:05:55,completed,2
3333,464,428,5,171.4,857.0,credit_card,2026-03-16 13:51:37,completed,1
3334,25,458,1,119.3,119.3,debit_card,2026-03-25 17:21:47,completed,2
3335,194,26,1,61.04,61.04,wallet,2026-07-12 21:28:54,completed,4
3336,954,435,4,462.49,1849.96,cod,2026-02-03 23:29:25,completed,0
3337,567,19,3,73.24,219.72,upi,2026-06-06 04:57:56,completed,3
3338,216,168,4,329.78,1319.12,wallet,2026-01-24 21:40:51,completed,4
3339,993,388,5,321.07,1605.35,upi,2026-07-05 07:52:49,refunded,3
3340,584,282,4,238.69,954.76,cod,2026-03-29 01:38:25,completed,0
3341,792,124,4,441.48,1765.92,debit_card,2026-03-17 19:09:07,completed,2
3342,269,184,2,269.22,538.44,credit_card,2026-02-28 13:27:20,completed,1
3343,69,194,1,106.72,106.72,wallet,2026-02-02 23:15:45,completed,4
3344,672,407,1,401.5,401.5,upi,2026-04-15 05:48:02,completed,3
3345,2,34,5,496.28,2481.4,upi,2026-06-26 18:53:16,cancelled,3
3346,101,162,1,138.2,138.2,credit_card,2026-04-28 02:43:45,completed,1
3347,101,208,3,402.12,1206.36,upi,2026-07-19 07:28:53,completed,3
3348,881,316,1,203.28,203.28,wallet,2026-06-14 04:05:20,completed,4
3349,609,460,1,239.55,239.55,wallet,2026-03-22 22:37:16,pending,4
3350,945,171,3,197.2,591.6,debit_card,2026-05-06 10:24:33,pending,2
3351,640,172,4,344.73,1378.92,wallet,2026-03-13 04:07:22,completed,4
3352,553,36,5,318.04,1590.2,debit_card,2026-03-20 19:46:33,completed,2
3353,780,348,2,403.02,806.04,wallet,2026-06-15 11:32:59,completed,4
3354,938,175,2,115.02,230.04,wallet,2026-03-22 14:43:55,completed,4
3355,468,108,5,162.41,812.05,credit_card,2026-04-25 23:48:05,completed,1
3356,873,442,1,333.18,333.18,credit_card,2026-02-03 03:13:53,completed,1
3357,107,231,5,140.43,702.15,cod,2026-05-12 17:39:51,completed,0
3358,685,86,5,139.62,698.1,debit_card,2026-05-27 15:16:45,completed,2
3359,183,364,2,81.86,163.72,upi,2026-04-01 13:03:30,completed,3
3360,80,259,3,415.23,1245.69,cod,2026-07-08 11:36:52,completed,0
3361,211,37,2,204.41,408.82,upi,2026-05-04 08:48:44,completed,3
3362,695,167,3,243.46,730.38,upi,2026-02-04 23:25:38,pending,3
3363,557,200,2,78.83,157.66,upi,2026-04-13 04:02:48,completed,3
3364,96,50,2,283.83,567.66,credit_card,2026-04-15 08:54:08,completed,1
3365,671,344,3,54.87,164.61,cod,2026-02-27 14:45:11,cancelled,0
3366,369,105,3,267.07,801.21,credit_card,2026-05-23 00:33:46,completed,1
3367,93,254,3,193.78,581.34,upi,2026-02-20 15:33:17,completed,3
3368,6,140,5,44.08,220.4,cod,2026-05-05 04:21:41,completed,0
3369,872,360,1,139.27,139.27,cod,2026-02-17 11:21:54,pending,0
3370,818,102,5,494.75,2473.75,upi,2026-06-05 13:59:03,completed,3
3371,692,18,4,95.61,382.44,upi,2026-05-13 05:12:52,completed,3
3372,402,214,3,32.01,96.03,cod,2026-05-27 15:26:45,completed,0
3373,387,261,2,398.14,796.28,credit_card,2026-03-13 17:08:19,completed,1
3374,746,81,4,491.64,1966.56,debit_card,2026-05-20 05:57:57,pending,2
3375,194,115,2,164.69,329.38,debit_card,2026-04-13 05:57:20,completed,2
3376,673,480,5,311.78,1558.9,credit_card,2026-05-20 15:56:29,completed,1
3377,918,47,3,9.6,28.8,debit_card,2026-06-02 03:16:35,completed,2
3378,643,21,1,311.61,311.61,cod,2026-05-29 17:48:20,completed,0
3379,752,477,5,383.87,1919.35,debit_card,2026-06-01 16:16:29,completed,2
3380,704,167,1,243.46,243.46,upi,2026-02-15 16:26:14,completed,3
3381,410,320,2,473.13,946.26,upi,2026-04-21 09:57:30,completed,3
3382,237,179,2,73.0,146.0,cod,2026-06-09 03:06:15,completed,0
3383,257,253,1,61.79,61.79,debit_card,2026-03-26 23:52:03,completed,2
3384,397,188,3,264.44,793.32,wallet,2026-06-21 10:50:09,completed,4
3385,509,38,2,293.07,586.14,cod,2026-05-26 18:06:08,completed,0
3386,733,337,4,105.37,421.48,cod,2026-07-17 10:36:12,completed,0
3387,644,105,2,267.07,534.14,debit_card,2026-05-11 10:28:32,completed,2
3388,577,422,3,410.66,1231.98,debit_card,2026-06-22 11:38:51,completed,2
3389,260,405,2,313.87,627.74,cod,2026-02-14 20:56:23,completed,0
3390,288,179,2,73.0,146.0,debit_card,2026-06-08 22:46:31,completed,2
3391,531,259,1,415.23,415.23,wallet,2026-01-28 11:40:03,completed,4
3392,720,259,3,415.23,1245.69,upi,2026-04-03 10:30:29,completed,3
3393,762,473,1,475.13,475.13,debit_card,2026-03-04 16:50:53,completed,2
3394,19,455,4,420.56,1682.24,credit_card,2026-01-31 21:56:02,completed,1
3395,131,418,5,111.34,556.7,wallet,2026-05-30 15:23:37,completed,4
3396,964,434,5,493.89,2469.45,credit_card,2026-05-19 15:04:33,completed,1
3397,717,496,4,168.6,674.4,cod,2026-06-19 19:59:24,completed,0
3398,567,216,2,255.93,511.86,wallet,2026-03-29 16:36:39,completed,4
3399,991,344,1,54.87,54.87,credit_card,2026-05-03 23:31:33,completed,1
3400,531,164,2,403.52,807.04,debit_card,2026-02-04 12:36:05,completed,2
3401,421,54,4,302.49,1209.96,wallet,2026-03-11 12:59:49,cancelled,4
3402,413,135,1,196.83,196.83,wallet,2026-04-18 18:30:58,cancelled,4
3403,82,157,5,21.37,106.85,debit_card,2026-03-01 12:42:49,completed,2
3404,994,14,2,186.07,372.14,wallet,2026-02-16 15:16:40,completed,4
3405,506,385,2,195.47,390.94,debit_card,2026-03-30 18:36:42,completed,2
3406,856,343,3,232.73,698.19,upi,2026-05-24 17:39:11,completed,3
3407,712,437,5,348.43,1742.15,upi,2026-01-22 08:32:27,completed,3
3408,703,295,5,243.35,1216.75,cod,2026-05-26 05:38:06,completed,0
3409,365,8,1,27.12,27.12,upi,2026-03-14 14:53:49,completed,3
3410,198,80,3,5.72,17.16,debit_card,2026-06-27 07:40:01,completed,2
3411,68,361,3,96.02,288.06,cod,2026-07-18 16:19:48,completed,0
3412,345,192,2,29.05,58.1,wallet,2026-05-12 15:23:58,completed,4
3413,867,60,2,146.81,293.62,debit_card,2026-04-13 02:24:59,completed,2
3414,738,9,5,465.31,2326.55,debit_card,2026-04-17 19:38:06,completed,2
3415,841,254,1,193.78,193.78,credit_card,2026-06-19 05:13:51,completed,1
3416,204,156,2,440.27,880.54,credit_card,2026-05-31 07:30:29,completed,1
3417,48,184,4,269.22,1076.88,upi,2026-01-23 02:55:25,completed,3
3418,170,154,4,457.15,1828.6,cod,2026-06-11 20:41:17,completed,0
3419,580,7,4,53.32,213.28,wallet,2026-07-13 06:47:04,pending,4
3420,204,260,5,232.32,1161.6,debit_card,2026-04-26 23:56:03,completed,2
3421,288,293,3,259.7,779.1,wallet,2026-02-20 20:42:51,refunded,4
3422,337,460,4,239.55,958.2,upi,2026-01-30 15:25:29,completed,3
3423,259,77,3,284.08,852.24,debit_card,2026-03-05 18:00:38,completed,2
3424,431,309,1,207.28,207.28,credit_card,2026-05-19 04:32:02,completed,1
3425,796,382,2,498.99,997.98,credit_card,2026-04-10 06:59:27,completed,1
3426,234,394,1,490.93,490.93,debit_card,2026-06-09 00:14:38,pending,2
3427,848,170,5,362.04,1810.2,cod,2026-04-01 08:26:27,completed,0
3428,172,470,5,165.11,825.55,wallet,2026-04-14 03:25:54,pending,4
3429,778,74,3,189.54,568.62,upi,2026-05-23 14:24:52,completed,3
3430,492,182,5,290.26,1451.3,cod,2026-01-24 17:33:52,completed,0
3431,462,354,3,65.01,195.03,upi,2026-03-11 08:49:29,completed,3
3432,958,460,5,239.55,1197.75,credit_card,2026-03-27 20:59:39,completed,1
3433,997,423,5,43.85,219.25,upi,2026-04-10 10:58:06,completed,3
3434,319,265,3,193.8,581.4,debit_card,2026-04-26 17:58:51,completed,2
3435,353,304,2,92.82,185.64,upi,2026-07-07 16:03:57,completed,3
3436,139,242,2,211.2,422.4,upi,2026-06-26 10:31:10,completed,3
3437,376,413,1,330.48,330.48,upi,2026-03-04 14:50:18,completed,3
3438,576,389,1,318.29,318.29,debit_card,2026-04-23 16:51:44,completed,2
3439,322,105,3,267.07,801.21,credit_card,2026-06-29 23:20:19,completed,1
3440,292,490,4,283.5,1134.0,wallet,2026-06-09 02:39:59,completed,4
3441,73,319,2,23.69,47.38,cod,2026-04-07 14:52:29,completed,0
3442,176,144,4,201.69,806.76,credit_card,2026-07-10 12:17:16,completed,1
3443,511,44,1,51.2,51.2,wallet,2026-06-06 06:14:47,completed,4
3444,786,95,5,133.12,665.6,debit_card,2026-02-14 13:30:08,completed,2
3445,512,309,3,207.28,621.84,credit_card,2026-05-31 06:31:43,pending,1
3446,716,190,1,364.95,364.95,credit_card,2026-02-05 15:07:30,cancelled,1
3447,592,378,1,59.63,59.63,cod,2026-06-11 17:02:39,completed,0
3448,822,157,4,21.37,85.48,debit_card,2026-05-11 09:09:41,pending,2
3449,631,39,2,398.86,797.72,upi,2026-01-26 04:44:14,pending,3
3450,298,103,2,175.3,350.6,credit_card,2026-06-26 01:58:33,completed,1
3451,632,145,4,295.85,1183.4,wallet,2026-04-03 21:54:35,pending,4
3452,910,155,2,396.79,793.58,wallet,2026-05-21 13:52:39,completed,4
3453,967,29,3,222.34,667.02,debit_card,2026-04-13 07:23:27,completed,2
3454,165,392,2,172.52,345.04,cod,2026-06-24 12:18:53,completed,0
3455,842,491,5,120.2,601.0,credit_card,2026-01-21 14:32:51,completed,1
3456,766,6,5,159.39,796.95,credit_card,2026-06-13 05:10:24,completed,1
3457,581,38,2,293.07,586.14,wallet,2026-02-12 11:58:03,completed,4
3458,69,133,2,17.74,35.48,credit_card,2026-05-22 00:15:31,completed,1
3459,492,479,1,223.73,223.73,credit_card,2026-02-15 12:18:18,completed,1
3460,53,334,2,202.47,404.94,credit_card,2026-02-09 12:06:31,completed,1
3461,390,453,1,345.82,345.82,wallet,2026-06-19 15:35:37,completed,4
3462,127,287,1,26.19,26.19,upi,2026-05-01 04:42:16,refunded,3
3463,660,497,4,243.34,973.36,credit_card,2026-07-02 10:55:17,completed,1
3464,731,106,4,330.15,1320.6,cod,2026-03-07 11:14:38,completed,0
3465,305,472,3,354.58,1063.74,debit_card,2026-04-14 11:01:11,cancelled,2
3466,948,324,5,179.8,899.0,wallet,2026-02-24 08:22:51,completed,4
3467,186,167,1,243.46,243.46,credit_card,2026-03-09 16:36:02,completed,1
3468,196,157,3,21.37,64.11,credit_card,2026-02-14 09:50:37,completed,1
3469,2,28,4,152.37,609.48,upi,2026-07-15 00:46:01,completed,3
3470,382,327,1,230.11,230.11,wallet,2026-06-28 10:36:20,pending,4
3471,544,462,3,92.65,277.95,upi,2026-05-31 13:49:05,completed,3
3472,469,444,3,452.42,1357.26,debit_card,2026-07-13 08:12:49,completed,2
3473,353,271,5,337.13,1685.65,upi,2026-05-26 20:26:37,completed,3
3474,759,408,4,412.7,1650.8,cod,2026-04-30 15:23:02,completed,0
3475,464,265,2,193.8,387.6,upi,2026-04-20 05:14:14,completed,3
3476,872,351,1,429.96,429.96,wallet,2026-06-16 15:05:44,pending,4
3477,111,172,5,344.73,1723.65,debit_card,2026-06-28 13:28:53,pending,2
3478,163,54,3,302.49,907.47,upi,2026-03-08 10:42:13,refunded,3
3479,446,466,4,200.83,803.32,upi,2026-04-21 09:24:00,completed,3
3480,930,190,5,364.95,1824.75,upi,2026-03-14 15:58:59,completed,3
3481,970,342,3,21.12,63.36,debit_card,2026-07-16 02:23:09,completed,2
3482,831,276,5,88.48,442.4,debit_card,2026-05-29 22:00:09,completed,2
3483,903,398,4,84.37,337.48,wallet,2026-03-26 13:21:08,completed,4
3484,880,201,4,323.95,1295.8,upi,2026-06-16 04:46:51,completed,3
3485,171,241,1,122.61,122.61,credit_card,2026-04-27 17:38:41,completed,1
3486,94,24,5,20.28,101.4,debit_card,2026-03-22 16:52:59,completed,2
3487,439,295,5,243.35,1216.75,wallet,2026-06-17 13:14:26,completed,4
3488,105,384,2,448.37,896.74,credit_card,2026-06-08 15:09:43,completed,1
3489,167,267,5,340.26,1701.3,credit_card,2026-04-14 14:29:51,refunded,1
3490,41,335,3,240.89,722.67,upi,2026-06-22 00:50:49,completed,3
3491,155,360,5,139.27,696.35,debit_card,2026-01-22 13:20:29,completed,2
3492,737,279,1,421.69,421.69,credit_card,2026-03-11 13:47:29,completed,1
3493,885,182,4,290.26,1161.04,cod,2026-03-28 22:57:04,completed,0
3494,393,197,3,103.33,309.99,wallet,2026-05-30 04:43:12,completed,4
3495,458,304,2,92.82,185.64,debit_card,2026-02-05 19:49:36,completed,2
3496,646,426,2,350.4,700.8,credit_card,2026-04-06 14:56:47,completed,1
3497,764,14,3,186.07,558.21,debit_card,2026-02-05 12:40:23,cancelled,2
3498,731,417,1,299.9,299.9,wallet,2026-06-12 23:37:24,completed,4
3499,433,449,3,174.18,522.54,wallet,2026-02-27 20:43:13,completed,4
3500,386,257,4,474.36,1897.44,upi,2026-06-06 07:16:27,completed,3
3501,149,60,2,146.81,293.62,debit_card,2026-03-03 09:53:18,refunded,2
3502,816,218,1,161.45,161.45,debit_card,2026-03-19 02:15:23,cancelled,2
3503,493,55,1,261.29,261.29,upi,2026-05-13 18:25:13,refunded,3
3504,7,356,1,246.31,246.31,debit_card,2026-03-19 18:06:07,refunded,2
3505,296,121,1,411.72,411.72,cod,2026-03-20 10:20:12,completed,0
3506,811,31,4,393.5,1574.0,cod,2026-05-31 01:05:42,completed,0
3507,378,233,5,357.38,1786.9,cod,2026-03-07 10:32:25,completed,0
3508,822,103,1,175.3,175.3,credit_card,2026-02-02 16:37:05,pending,1
3509,710,144,5,201.69,1008.45,debit_card,2026-03-01 15:35:49,completed,2
3510,204,19,5,73.24,366.2,cod,2026-03-23 08:46:31,completed,0
3511,523,303,4,263.74,1054.96,cod,2026-02-16 02:19:49,completed,0
3512,37,225,5,101.98,509.9,upi,2026-02-13 02:49:20,completed,3
3513,823,428,4,171.4,685.6,debit_card,2026-02-13 03:46:55,completed,2
3514,677,362,2,87.62,175.24,debit_card,2026-04-28 14:02:46,cancelled,2
3515,132,289,3,418.26,1254.78,cod,2026-03-05 18:26:15,completed,0
3516,848,304,3,92.82,278.46,cod,2026-04-22 18:16:19,completed,0
3517,356,19,4,73.24,292.96,credit_card,2026-04-18 19:30:46,completed,1
3518,777,233,5,357.38,1786.9,cod,2026-07-11 16:20:52,completed,0
3519,83,80,1,5.72,5.72,debit_card,2026-06-03 13:39:44,completed,2
3520,315,459,3,423.84,1271.52,credit_card,2026-02-08 15:29:37,pending,1
3521,623,98,1,194.45,194.45,credit_card,2026-03-09 09:46:04,completed,1
3522,541,497,3,243.34,730.02,debit_card,2026-04-15 09:00:39,completed,2
3523,745,316,3,203.28,609.84,credit_card,2026-04-19 06:03:34,completed,1
3524,953,411,1,210.52,210.52,wallet,2026-06-18 21:00:49,pending,4
3525,773,492,5,235.12,1175.6,debit_card,2026-04-09 06:49:42,completed,2
3526,836,459,5,423.84,2119.2,credit_card,2026-01-25 12:20:44,refunded,1
3527,182,105,2,267.07,534.14,wallet,2026-02-13 03:51:06,completed,4
3528,331,58,4,185.88,743.52,cod,2026-04-21 19:44:26,completed,0
3529,384,470,1,165.11,165.11,credit_card,2026-06-14 21:46:25,refunded,1
3530,719,411,2,210.52,421.04,cod,2026-04-09 16:08:56,completed,0
3531,547,249,3,182.25,546.75,debit_card,2026-02-20 11:02:40,pending,2
3532,350,357,2,234.56,469.12,wallet,2026-01-28 15:07:53,completed,4
3533,795,142,4,214.57,858.28,debit_card,2026-04-25 10:32:55,completed,2
3534,959,88,3,270.28,810.84,upi,2026-01-24 21:04:54,pending,3
3535,573,484,1,183.29,183.29,cod,2026-05-03 16:17:50,pending,0
3536,29,192,5,29.05,145.25,debit_card,2026-04-05 14:28:52,cancelled,2
3537,746,223,1,415.79,415.79,cod,2026-04-28 11:51:29,completed,0
3538,492,393,3,352.16,1056.48,cod,2026-04-17 12:40:27,completed,0
3539,131,134,3,157.63,472.89,upi,2026-03-11 00:26:54,completed,3
3540,776,329,3,402.46,1207.38,credit_card,2026-06-03 12:54:22,completed,1
3541,252,315,3,226.06,678.18,debit_card,2026-06-28 12:42:01,refunded,2
3542,290,121,3,411.72,1235.16,upi,2026-02-12 17:10:33,completed,3
3543,297,255,3,363.37,1090.11,upi,2026-02-05 23:53:23,completed,3
3544,483,187,3,412.8,1238.4,cod,2026-02-21 02:05:49,completed,0
3545,287,5,1,243.97,243.97,wallet,2026-03-23 08:15:37,completed,4
3546,912,384,4,448.37,1793.48,upi,2026-04-27 05:36:38,completed,3
3547,757,98,3,194.45,583.35,upi,2026-04-25 19:07:57,completed,3
3548,833,415,5,306.16,1530.8000000000002,wallet,2026-01-31 02:39:18,completed,4
3549,125,486,1,71.6,71.6,debit_card,2026-05-26 11:31:20,pending,2
3550,70,169,2,383.91,767.82,credit_card,2026-04-14 18:35:05,completed,1
3551,226,388,2,321.07,642.14,credit_card,2026-02-24 12:30:07,completed,1
3552,53,415,4,306.16,1224.64,debit_card,2026-06-04 16:00:34,completed,2
3553,323,275,5,331.41,1657.05,cod,2026-07-07 22:45:02,completed,0
3554,645,173,4,423.48,1693.92,cod,2026-01-29 18:38:44,completed,0
3555,996,137,1,35.51,35.51,wallet,2026-04-15 09:00:28,completed,4
3556,947,66,5,352.24,1761.2,credit_card,2026-07-07 08:42:22,completed,1
3557,34,282,4,238.69,954.76,debit_card,2026-01-21 02:36:54,pending,2
3558,687,379,2,97.96,195.92,cod,2026-04-29 03:49:07,pending,0
3559,222,99,5,143.53,717.65,credit_card,2026-03-20 12:46:46,completed,1
3560,888,119,3,162.52,487.56000000000006,debit_card,2026-07-13 10:29:38,completed,2
3561,704,467,5,98.98,494.9,debit_card,2026-05-11 05:24:33,completed,2
3562,926,294,5,303.0,1515.0,wallet,2026-07-11 00:49:49,completed,4
3563,868,156,1,440.27,440.27,wallet,2026-03-31 02:58:48,completed,4
3564,594,97,3,30.07,90.21,debit_card,2026-06-29 09:40:14,pending,2
3565,994,497,5,243.34,1216.7,cod,2026-02-09 10:41:19,completed,0
3566,145,233,4,357.38,1429.52,debit_card,2026-04-13 06:15:04,completed,2
3567,366,45,4,201.19,804.76,credit_card,2026-01-23 21:57:22,completed,1
3568,788,57,4,493.51,1974.04,wallet,2026-05-25 16:34:27,completed,4
3569,305,190,5,364.95,1824.75,cod,2026-06-24 15:34:58,completed,0
3570,376,229,3,347.45,1042.35,credit_card,2026-03-11 23:43:10,completed,1
3571,111,97,5,30.07,150.35,debit_card,2026-06-17 06:23:09,completed,2
3572,423,278,5,388.51,1942.55,upi,2026-05-01 22:24:49,completed,3
3573,309,203,5,215.87,1079.35,credit_card,2026-04-25 15:43:17,completed,1
3574,704,367,5,467.75,2338.75,upi,2026-05-28 23:31:00,completed,3
3575,657,460,2,239.55,479.1,credit_card,2026-02-06 17:02:48,completed,1
3576,688,21,2,311.61,623.22,credit_card,2026-06-24 07:22:41,cancelled,1
3577,453,360,4,139.27,557.08,credit_card,2026-02-04 11:33:26,completed,1
3578,852,27,3,381.2,1143.6,upi,2026-06-28 01:46:50,completed,3
3579,916,491,2,120.2,240.4,debit_card,2026-04-17 00:06:48,pending,2
3580,435,446,3,155.94,467.82,debit_card,2026-01-29 17:26:58,completed,2
3581,391,262,2,197.08,394.16,cod,2026-01-23 11:28:20,completed,0
3582,763,363,3,18.05,54.15,cod,2026-06-05 02:07:25,completed,0
3583,302,398,4,84.37,337.48,credit_card,2026-02-13 07:06:30,completed,1
3584,576,71,4,6.27,25.08,credit_card,2026-05-13 23:27:32,completed,1
3585,318,417,1,299.9,299.9,credit_card,2026-07-10 08:45:30,completed,1
3586,246,84,3,297.99,893.97,wallet,2026-03-14 16:41:56,completed,4
3587,998,442,2,333.18,666.36,credit_card,2026-03-22 06:25:14,completed,1
3588,16,151,5,172.24,861.2,debit_card,2026-03-26 18:01:52,completed,2
3589,543,24,4,20.28,81.12,cod,2026-05-26 18:10:18,completed,0
3590,519,480,4,311.78,1247.12,credit_card,2026-05-29 23:11:35,cancelled,1
3591,957,251,1,114.49,114.49,wallet,2026-07-12 06:50:50,refunded,4
3592,164,197,1,103.33,103.33,debit_card,2026-03-06 03:14:31,pending,2
3593,471,389,5,318.29,1591.45,credit_card,2026-06-14 06:34:25,completed,1
3594,390,270,2,75.52,151.04,cod,2026-03-25 01:13:59,pending,0
3595,526,392,3,172.52,517.56,cod,2026-03-02 21:35:18,completed,0
3596,708,371,2,264.04,528.08,credit_card,2026-04-29 18:14:31,completed,1
3597,238,93,1,55.44,55.44,wallet,2026-03-15 17:18:04,pending,4
3598,936,150,2,346.8,693.6,debit_card,2026-07-18 18:41:22,completed,2
3599,193,118,3,474.65,1423.95,cod,2026-04-07 14:14:05,completed,0
3600,288,316,5,203.28,1016.4,debit_card,2026-07-17 12:54:20,completed,2
3601,267,138,4,209.92,839.68,wallet,2026-03-04 12:42:04,completed,4
3602,661,195,1,332.93,332.93,debit_card,2026-07-02 18:09:16,cancelled,2
3603,726,4,4,198.61,794.44,upi,2026-05-06 00:14:03,cancelled,3
3604,201,194,1,106.72,106.72,wallet,2026-03-23 13:01:53,completed,4
3605,125,202,3,54.41,163.23,upi,2026-06-11 09:47:39,pending,3
3606,181,436,4,371.09,1484.36,credit_card,2026-02-12 06:12:49,completed,1
3607,370,427,3,254.84,764.52,debit_card,2026-03-12 12:21:33,completed,2
3608,527,322,1,393.06,393.06,credit_card,2026-07-13 14:07:41,completed,1
3609,146,204,1,167.69,167.69,cod,2026-03-10 03:51:08,completed,0
3610,74,223,2,415.79,831.58,credit_card,2026-06-04 03:52:18,completed,1
3611,768,305,1,377.43,377.43,wallet,2026-04-10 17:28:48,completed,4
3612,951,41,1,395.21,395.21,cod,2026-02-24 11:03:53,completed,0
3613,550,482,5,152.73,763.65,upi,2026-07-04 07:07:12,completed,3
3614,188,72,2,185.17,370.34,upi,2026-06-05 23:58:06,completed,3
3615,106,351,4,429.96,1719.84,upi,2026-01-29 09:55:09,completed,3
3616,401,184,1,269.22,269.22,wallet,2026-04-28 16:11:06,completed,4
3617,642,408,5,412.7,2063.5,debit_card,2026-03-23 17:06:30,completed,2
3618,929,489,3,424.66,1273.98,upi,2026-06-26 10:22:11,completed,3
3619,406,233,5,357.38,1786.9,debit_card,2026-03-08 13:30:40,completed,2
3620,327,67,3,67.83,203.49,upi,2026-06-08 01:01:18,completed,3
3621,735,401,2,410.43,820.86,upi,2026-02-03 16:18:39,completed,3
3622,527,68,4,404.52,1618.08,wallet,2026-04-08 21:22:18,pending,4
3623,551,218,4,161.45,645.8,cod,2026-01-25 23:41:11,cancelled,0
3624,543,89,2,136.18,272.36,upi,2026-06-27 11:57:52,completed,3
3625,299,352,5,407.84,2039.2,credit_card,2026-02-09 14:00:23,completed,1
3626,364,323,4,123.43,493.72,credit_card,2026-02-14 13:19:46,completed,1
3627,767,212,4,263.94,1055.76,upi,2026-06-09 04:31:04,completed,3
3628,461,281,4,205.54,822.16,wallet,2026-02-09 15:15:27,completed,4
3629,187,284,4,253.57,1014.28,debit_card,2026-03-26 07:11:07,completed,2
3630,733,226,3,359.81,1079.43,cod,2026-04-28 19:09:22,pending,0
3631,493,494,3,130.94,392.82,upi,2026-03-31 10:00:25,completed,3
3632,806,276,3,88.48,265.44,cod,2026-07-02 22:50:21,refunded,0
3633,45,239,1,346.84,346.84,wallet,2026-05-28 21:06:53,cancelled,4
3634,846,375,1,85.82,85.82,upi,2026-05-28 12:11:34,cancelled,3
3635,73,198,1,151.2,151.2,debit_card,2026-05-08 22:52:07,completed,2
3636,674,356,1,246.31,246.31,debit_card,2026-06-13 22:38:21,completed,2
3637,914,470,1,165.11,165.11,credit_card,2026-01-31 23:42:34,completed,1
3638,351,114,1,353.75,353.75,cod,2026-06-08 18:39:21,completed,0
3639,75,133,3,17.74,53.22,upi,2026-04-21 16:11:31,completed,3
3640,449,204,2,167.69,335.38,debit_card,2026-06-17 21:13:35,completed,2
3641,111,30,4,431.22,1724.88,debit_card,2026-02-15 02:41:16,refunded,2
3642,386,12,2,227.54,455.08,debit_card,2026-02-09 16:20:35,completed,2
3643,499,326,3,177.31,531.93,credit_card,2026-06-21 06:50:14,completed,1
3644,29,143,3,132.65,397.95,credit_card,2026-02-11 13:23:15,completed,1
3645,756,291,2,260.6,521.2,cod,2026-07-15 11:47:37,completed,0
3646,779,143,1,132.65,132.65,debit_card,2026-03-27 13:51:23,completed,2
3647,652,20,5,279.68,1398.4,upi,2026-04-06 09:30:35,completed,3
3648,995,414,2,277.29,554.58,upi,2026-05-07 11:18:32,completed,3
3649,341,123,2,28.83,57.66,wallet,2026-02-14 09:57:59,cancelled,4
3650,831,295,3,243.35,730.05,upi,2026-06-24 14:52:43,completed,3
3651,590,216,1,255.93,255.93,credit_card,2026-03-22 01:05:15,completed,1
3652,311,388,1,321.07,321.07,upi,2026-04-04 22:39:02,completed,3
3653,759,133,5,17.74,88.7,debit_card,2026-04-20 02:06:21,completed,2
3654,815,374,1,189.95,189.95,debit_card,2026-05-18 04:26:51,cancelled,2
3655,735,142,4,214.57,858.28,credit_card,2026-05-31 06:44:12,completed,1
3656,28,98,3,194.45,583.35,credit_card,2026-04-10 23:03:48,pending,1
3657,390,146,3,285.46,856.38,credit_card,2026-07-13 20:57:44,completed,1
3658,299,43,5,495.96,2479.8,cod,2026-04-20 18:21:29,pending,0
3659,550,303,3,263.74,791.22,wallet,2026-05-20 06:49:56,completed,4
3660,793,186,5,68.82,344.1,credit_card,2026-04-10 20:07:19,completed,1
3661,783,346,5,214.85,1074.25,cod,2026-07-14 03:55:59,completed,0
3662,587,208,5,402.12,2010.6,upi,2026-04-30 14:37:18,completed,3
3663,168,32,4,300.44,1201.76,debit_card,2026-02-13 21:18:37,pending,2
3664,53,339,2,424.77,849.54,cod,2026-06-24 03:26:13,cancelled,0
3665,79,22,1,408.53,408.53,upi,2026-02-24 01:37:40,completed,3
3666,778,460,4,239.55,958.2,upi,2026-03-04 06:55:44,pending,3
3667,176,270,2,75.52,151.04,debit_card,2026-05-21 05:36:03,refunded,2
3668,533,199,1,121.08,121.08,debit_card,2026-04-03 05:56:09,completed,2
3669,928,65,5,306.37,1531.85,credit_card,2026-05-10 17:39:35,pending,1
3670,658,32,1,300.44,300.44,wallet,2026-06-30 11:22:11,completed,4
3671,932,147,4,393.94,1575.76,debit_card,2026-07-13 09:39:20,completed,2
3672,949,172,3,344.73,1034.19,cod,2026-05-11 08:51:15,completed,0
3673,738,245,5,491.81,2459.05,cod,2026-03-30 10:44:58,completed,0
3674,302,162,5,138.2,691.0,upi,2026-02-18 10:53:37,completed,3
3675,693,425,5,155.87,779.35,credit_card,2026-02-09 14:39:54,completed,1
3676,919,62,5,44.12,220.6,cod,2026-06-18 21:41:54,completed,0
3677,58,256,1,225.55,225.55,cod,2026-04-18 14:20:52,completed,0
3678,608,13,5,377.4,1887.0,cod,2026-05-10 07:08:41,cancelled,0
3679,61,41,2,395.21,790.42,debit_card,2026-06-11 16:05:25,completed,2
3680,573,459,1,423.84,423.84,wallet,2026-07-12 17:05:37,completed,4
3681,518,22,5,408.53,2042.65,upi,2026-04-07 08:50:00,completed,3
3682,382,276,3,88.48,265.44,upi,2026-07-02 15:22:32,completed,3
3683,423,109,1,283.99,283.99,debit_card,2026-06-07 06:36:14,completed,2
3684,873,64,2,33.66,67.32,cod,2026-07-14 08:38:10,completed,0
3685,848,441,2,31.28,62.56,debit_card,2026-05-09 18:55:56,pending,2
3686,185,320,4,473.13,1892.52,debit_card,2026-05-07 11:51:29,pending,2
3687,902,59,3,38.43,115.29,cod,2026-05-08 08:40:00,completed,0
3688,867,174,4,238.04,952.16,wallet,2026-06-01 05:39:53,completed,4
3689,713,245,2,491.81,983.62,debit_card,2026-07-04 23:27:29,completed,2
3690,17,117,2,192.3,384.6,cod,2026-05-01 07:53:58,completed,0
3691,122,55,3,261.29,783.87,debit_card,2026-05-31 00:39:18,completed,2
3692,824,364,2,81.86,163.72,wallet,2026-03-15 04:54:59,completed,4
3693,408,391,1,188.84,188.84,debit_card,2026-03-21 19:21:05,completed,2
3694,179,349,3,239.13,717.39,credit_card,2026-05-21 13:59:34,completed,1
3695,474,253,1,61.79,61.79,credit_card,2026-06-04 19:49:15,completed,1
3696,85,243,4,105.53,422.12,wallet,2026-04-06 06:32:26,completed,4
3697,387,415,2,306.16,612.32,credit_card,2026-01-26 22:17:23,completed,1
3698,698,154,5,457.15,2285.75,credit_card,2026-06-23 09:51:04,completed,1
3699,576,188,4,264.44,1057.76,debit_card,2026-05-05 22:28:10,completed,2
3700,646,183,1,318.58,318.58,upi,2026-05-19 17:07:21,completed,3
3701,857,290,2,185.82,371.64,upi,2026-03-15 12:35:12,completed,3
3702,387,480,5,311.78,1558.9,cod,2026-06-14 12:43:40,completed,0
3703,387,97,3,30.07,90.21,cod,2026-04-16 20:45:51,completed,0
3704,796,274,2,39.56,79.12,wallet,2026-02-17 08:44:31,completed,4
3705,898,119,5,162.52,812.6,credit_card,2026-01-24 17:32:46,completed,1
3706,600,89,3,136.18,408.54,wallet,2026-07-17 15:44:52,refunded,4
3707,850,35,4,357.14,1428.56,upi,2026-04-18 05:30:11,completed,3
3708,863,140,1,44.08,44.08,credit_card,2026-04-21 20:50:43,completed,1
3709,805,200,3,78.83,236.49,wallet,2026-07-12 06:39:33,completed,4
3710,818,176,3,133.98,401.94,credit_card,2026-02-16 15:41:28,refunded,1
3711,153,56,1,249.97,249.97,debit_card,2026-03-19 00:07:03,completed,2
3712,596,190,4,364.95,1459.8,cod,2026-01-30 10:57:35,completed,0
3713,135,336,2,252.0,504.0,upi,2026-01-23 00:43:00,completed,3
3714,166,453,5,345.82,1729.1,cod,2026-05-10 15:24:42,completed,0
3715,162,81,3,491.64,1474.92,cod,2026-04-14 01:18:09,completed,0
3716,104,177,4,292.25,1169.0,wallet,2026-03-15 19:36:55,pending,4
3717,963,328,2,255.59,511.18,debit_card,2026-02-10 10:17:30,completed,2
3718,146,91,5,201.14,1005.7,cod,2026-04-08 16:04:45,completed,0
3719,821,55,4,261.29,1045.16,credit_card,2026-03-02 07:16:27,pending,1
3720,200,286,2,113.32,226.64,credit_card,2026-06-22 19:03:36,completed,1
3721,788,35,2,357.14,714.28,cod,2026-05-10 12:38:29,completed,0
3722,524,383,2,32.74,65.48,credit_card,2026-04-10 12:46:27,completed,1
3723,385,320,5,473.13,2365.65,upi,2026-05-14 02:50:13,completed,3
3724,126,174,1,238.04,238.04,debit_card,2026-07-12 01:07:02,completed,2
3725,49,383,4,32.74,130.96,upi,2026-05-04 11:46:29,refunded,3
3726,761,350,1,269.32,269.32,debit_card,2026-01-27 16:42:51,completed,2
3727,80,395,5,346.18,1730.9,wallet,2026-01-26 12:06:57,completed,4
3728,159,444,4,452.42,1809.68,credit_card,2026-03-20 15:29:53,cancelled,1
3729,174,325,2,369.78,739.56,cod,2026-07-19 05:48:15,pending,0
3730,244,164,4,403.52,1614.08,cod,2026-04-03 19:52:15,completed,0
3731,812,81,4,491.64,1966.56,debit_card,2026-06-10 03:17:01,completed,2
3732,869,494,1,130.94,130.94,upi,2026-05-28 06:56:51,completed,3
3733,145,239,1,346.84,346.84,debit_card,2026-03-20 04:28:09,completed,2
3734,470,477,5,383.87,1919.35,credit_card,2026-05-16 08:23:12,completed,1
3735,687,87,5,81.93,409.65,cod,2026-07-06 18:32:19,completed,0
3736,87,170,5,362.04,1810.2,credit_card,2026-04-04 21:50:56,completed,1
3737,886,102,3,494.75,1484.25,upi,2026-05-26 20:30:07,completed,3
3738,301,32,4,300.44,1201.76,cod,2026-04-09 00:24:11,refunded,0
3739,967,70,3,187.01,561.03,credit_card,2026-02-01 08:59:20,completed,1
3740,954,440,5,26.52,132.6,wallet,2026-06-15 03:43:19,pending,4
3741,483,185,5,13.87,69.35,credit_card,2026-02-16 18:02:30,completed,1
3742,34,117,3,192.3,576.9,wallet,2026-05-27 04:43:30,completed,4
3743,655,47,3,9.6,28.8,wallet,2026-07-14 22:51:47,completed,4
3744,652,403,2,26.67,53.34,wallet,2026-02-15 19:30:24,completed,4
3745,617,34,5,496.28,2481.4,credit_card,2026-01-28 18:44:43,refunded,1
3746,584,195,1,332.93,332.93,credit_card,2026-02-18 11:53:56,completed,1
3747,32,46,2,5.54,11.08,cod,2026-05-04 02:47:49,completed,0
3748,191,469,2,49.77,99.54,debit_card,2026-02-10 07:08:16,completed,2
3749,886,256,5,225.55,1127.75,credit_card,2026-04-13 20:27:20,completed,1
3750,616,457,2,70.12,140.24,wallet,2026-04-29 21:44:28,completed,4
3751,350,485,3,411.03,1233.09,wallet,2026-06-25 17:22:57,completed,4
3752,59,331,5,431.7,2158.5,upi,2026-06-28 06:41:19,completed,3
3753,722,1,1,23.2,23.2,debit_card,2026-06-19 08:41:53,completed,2
3754,824,261,3,398.14,1194.42,cod,2026-06-18 12:48:32,completed,0
3755,707,299,1,112.21,112.21,credit_card,2026-02-02 02:35:36,cancelled,1
3756,712,42,5,13.06,65.3,wallet,2026-06-06 04:32:11,completed,4
3757,906,14,5,186.07,930.35,upi,2026-01-26 16:47:33,completed,3
3758,969,69,1,250.59,250.59,debit_card,2026-02-09 21:14:17,completed,2
3759,98,288,4,441.37,1765.48,credit_card,2026-04-19 17:00:07,completed,1
3760,53,291,4,260.6,1042.4,debit_card,2026-02-17 01:27:11,refunded,2
3761,261,46,3,5.54,16.62,cod,2026-05-29 15:41:54,completed,0
3762,643,441,1,31.28,31.28,credit_card,2026-03-31 23:02:32,completed,1
3763,197,13,5,377.4,1887.0,upi,2026-03-12 05:59:35,completed,3
3764,411,388,1,321.07,321.07,wallet,2026-04-28 08:24:42,cancelled,4
3765,50,397,2,97.38,194.76,wallet,2026-04-19 00:06:45,completed,4
3766,425,115,2,164.69,329.38,cod,2026-06-03 13:23:17,completed,0
3767,456,326,4,177.31,709.24,debit_card,2026-03-18 01:07:03,completed,2
3768,245,246,5,217.11,1085.55,debit_card,2026-06-10 02:04:25,completed,2
3769,295,406,5,360.33,1801.65,upi,2026-07-16 04:23:52,refunded,3
3770,752,88,3,270.28,810.84,wallet,2026-07-09 01:55:32,cancelled,4
3771,479,275,3,331.41,994.23,credit_card,2026-07-07 22:09:04,completed,1
3772,733,443,1,434.37,434.37,cod,2026-05-08 09:49:05,cancelled,0
3773,243,425,2,155.87,311.74,debit_card,2026-03-25 21:39:13,completed,2
3774,52,443,3,434.37,1303.11,cod,2026-05-06 15:58:40,pending,0
3775,444,299,3,112.21,336.63,cod,2026-05-31 20:39:24,completed,0
3776,296,320,3,473.13,1419.39,cod,2026-04-13 17:09:25,completed,0
3777,287,92,5,476.29,2381.45,debit_card,2026-02-20 01:37:38,pending,2
3778,20,308,3,130.99,392.97,wallet,2026-06-05 14:19:59,completed,4
3779,752,471,5,128.79,643.95,debit_card,2026-04-13 14:36:24,refunded,2
3780,818,316,3,203.28,609.84,upi,2026-07-12 02:54:31,pending,3
3781,187,9,2,465.31,930.62,credit_card,2026-04-23 19:08:55,refunded,1
3782,763,73,4,116.14,464.56,upi,2026-05-31 01:59:33,completed,3
3783,872,10,1,168.84,168.84,credit_card,2026-05-11 06:56:25,completed,1
3784,572,253,4,61.79,247.16,debit_card,2026-04-01 18:51:03,completed,2
3785,787,47,3,9.6,28.8,debit_card,2026-02-18 00:52:55,completed,2
3786,331,3,2,57.44,114.88,wallet,2026-04-07 16:25:09,completed,4
3787,480,216,3,255.93,767.79,cod,2026-04-12 20:14:29,completed,0
3788,77,150,1,346.8,346.8,wallet,2026-04-25 17:57:18,completed,4
3789,12,157,2,21.37,42.74,cod,2026-07-16 12:31:58,completed,0
3790,289,217,3,232.25,696.75,wallet,2026-06-19 21:28:26,completed,4
3791,442,461,4,463.09,1852.36,upi,2026-02-20 05:18:14,completed,3
3792,530,141,1,90.58,90.58,credit_card,2026-07-09 11:10:20,completed,1
3793,763,85,2,426.2,852.4,debit_card,2026-03-26 09:18:12,completed,2
3794,975,149,2,204.47,408.94,credit_card,2026-02-21 07:50:11,completed,1
3795,877,402,4,164.69,658.76,upi,2026-02-09 18:24:00,completed,3
3796,423,219,1,22.74,22.74,debit_card,2026-04-11 01:20:45,completed,2
3797,387,165,3,232.2,696.6,debit_card,2026-07-19 14:02:57,completed,2
3798,394,77,1,284.08,284.08,upi,2026-05-26 04:42:39,completed,3
3799,714,444,4,452.42,1809.68,wallet,2026-05-10 02:57:50,completed,4
3800,51,340,4,247.95,991.8,cod,2026-06-05 14:42:53,completed,0
3801,690,46,5,5.54,27.7,upi,2026-01-21 03:52:50,completed,3
3802,653,17,5,46.95,234.75,cod,2026-06-26 18:24:07,completed,0
3803,825,424,5,465.47,2327.35,credit_card,2026-04-07 11:44:29,completed,1
3804,385,75,1,490.8,490.8,cod,2026-04-27 12:47:20,pending,0
3805,76,165,4,232.2,928.8,upi,2026-06-25 12:16:03,completed,3
3806,399,193,1,211.3,211.3,upi,2026-03-27 07:41:38,pending,3
3807,484,489,5,424.66,2123.3,upi,2026-05-04 02:44:01,completed,3
3808,941,436,1,371.09,371.09,credit_card,2026-03-19 06:46:36,completed,1
3809,591,418,5,111.34,556.7,credit_card,2026-05-10 23:25:46,completed,1
3810,899,404,5,245.26,1226.3,debit_card,2026-05-22 07:22:27,completed,2
3811,210,13,3,377.4,1132.2,cod,2026-06-18 16:25:03,completed,0
3812,738,463,1,444.36,444.36,debit_card,2026-07-14 20:56:31,completed,2
3813,747,110,4,91.9,367.6,cod,2026-05-11 06:25:30,completed,0
3814,838,194,5,106.72,533.6,cod,2026-06-04 02:37:33,refunded,0
3815,368,428,5,171.4,857.0,wallet,2026-06-16 05:00:36,refunded,4
3816,280,48,2,40.06,80.12,cod,2026-01-26 22:24:32,completed,0
3817,808,415,2,306.16,612.32,cod,2026-07-09 13:53:01,completed,0
3818,955,77,4,284.08,1136.32,wallet,2026-06-05 08:38:58,cancelled,4
3819,885,429,3,202.27,606.81,wallet,2026-07-02 04:12:49,completed,4
3820,297,384,3,448.37,1345.11,wallet,2026-05-15 13:19:47,completed,4
3821,741,284,4,253.57,1014.28,debit_card,2026-06-08 14:05:00,completed,2
3822,249,359,3,117.97,353.91,credit_card,2026-01-23 17:57:05,completed,1
3823,683,25,3,271.12,813.36,credit_card,2026-02-05 00:30:32,completed,1
3824,87,205,3,95.52,286.56,credit_card,2026-05-25 16:52:28,completed,1
3825,165,373,2,384.11,768.22,cod,2026-01-31 13:11:22,refunded,0
3826,465,365,2,370.11,740.22,debit_card,2026-03-26 18:49:01,completed,2
3827,252,192,2,29.05,58.1,debit_card,2026-03-20 02:17:28,cancelled,2
3828,202,154,1,457.15,457.15,upi,2026-01-20 22:54:00,completed,3
3829,28,66,2,352.24,704.48,cod,2026-05-19 18:01:31,cancelled,0
3830,284,134,5,157.63,788.15,credit_card,2026-07-01 11:34:39,completed,1
3831,37,327,2,230.11,460.22,debit_card,2026-02-23 07:51:29,completed,2
3832,259,430,3,103.06,309.18,credit_card,2026-07-11 20:25:19,completed,1
3833,57,403,5,26.67,133.35,debit_card,2026-06-27 22:41:14,completed,2
3834,878,385,5,195.47,977.35,cod,2026-03-15 07:53:07,cancelled,0
3835,779,278,3,388.51,1165.53,wallet,2026-06-03 09:21:21,completed,4
3836,384,263,4,338.28,1353.12,credit_card,2026-01-25 12:53:48,completed,1
3837,711,153,1,365.76,365.76,cod,2026-04-12 20:49:40,completed,0
3838,528,412,3,442.0,1326.0,credit_card,2026-05-19 04:14:27,completed,1
3839,94,71,2,6.27,12.54,upi,2026-03-09 01:39:24,completed,3
3840,60,368,5,230.99,1154.95,debit_card,2026-05-25 17:32:01,cancelled,2
3841,559,207,1,490.88,490.88,wallet,2026-05-09 00:03:06,pending,4
3842,476,391,5,188.84,944.2,wallet,2026-03-12 09:52:04,completed,4
3843,348,226,3,359.81,1079.43,credit_card,2026-03-01 05:08:32,completed,1
3844,80,126,5,150.98,754.9,credit_card,2026-03-29 13:46:03,completed,1
3845,792,430,4,103.06,412.24,wallet,2026-03-07 15:34:49,completed,4
3846,197,474,4,284.92,1139.68,upi,2026-02-03 11:00:13,refunded,3
3847,491,440,4,26.52,106.08,upi,2026-05-19 22:51:06,completed,3
3848,878,400,1,311.77,311.77,wallet,2026-04-05 23:43:53,completed,4
3849,98,207,3,490.88,1472.64,wallet,2026-03-06 15:03:16,completed,4
3850,399,486,2,71.6,143.2,credit_card,2026-07-11 09:30:43,pending,1
3851,498,314,2,290.94,581.88,wallet,2026-03-21 22:43:40,completed,4
3852,368,299,3,112.21,336.63,credit_card,2026-05-05 01:31:48,completed,1
3853,504,304,1,92.82,92.82,cod,2026-05-23 23:16:04,completed,0
3854,431,52,1,448.81,448.81,cod,2026-03-07 05:41:40,completed,0
3855,340,145,1,295.85,295.85,debit_card,2026-02-20 14:11:32,cancelled,2
3856,815,380,3,144.65,433.95,debit_card,2026-06-05 01:34:33,pending,2
3857,88,153,4,365.76,1463.04,cod,2026-04-07 01:38:50,completed,0
3858,599,436,3,371.09,1113.27,credit_card,2026-06-17 14:51:09,pending,1
3859,237,295,1,243.35,243.35,credit_card,2026-04-23 10:27:25,completed,1
3860,491,121,2,411.72,823.44,wallet,2026-02-08 08:42:11,completed,4
3861,664,323,3,123.43,370.29,debit_card,2026-06-15 02:34:47,completed,2
3862,797,49,5,441.09,2205.45,debit_card,2026-06-18 18:06:44,pending,2
3863,14,71,5,6.27,31.35,upi,2026-02-19 16:32:10,completed,3
3864,221,286,5,113.32,566.6,wallet,2026-06-13 12:15:22,completed,4
3865,697,107,3,180.63,541.89,credit_card,2026-04-08 20:11:08,pending,1
3866,895,321,5,426.03,2130.15,debit_card,2026-05-09 07:00:07,completed,2
3867,226,133,3,17.74,53.22,wallet,2026-06-12 20:25:08,completed,4
3868,274,331,3,431.7,1295.1,debit_card,2026-05-15 00:25:31,completed,2
3869,804,137,4,35.51,142.04,debit_card,2026-07-15 08:40:26,completed,2
3870,604,147,3,393.94,1181.82,cod,2026-07-02 18:06:43,completed,0
3871,911,177,3,292.25,876.75,debit_card,2026-04-22 01:03:06,completed,2
3872,950,404,5,245.26,1226.3,wallet,2026-07-15 20:11:40,refunded,4
3873,742,392,3,172.52,517.56,upi,2026-03-19 04:28:03,completed,3
3874,505,19,3,73.24,219.72,debit_card,2026-03-02 08:06:26,completed,2
3875,922,4,5,198.61,993.05,cod,2026-05-15 20:30:37,completed,0
3876,563,263,1,338.28,338.28,cod,2026-01-25 11:28:28,completed,0
3877,644,85,2,426.2,852.4,credit_card,2026-05-03 08:20:23,completed,1
3878,360,181,5,160.14,800.7,credit_card,2026-03-20 09:13:52,completed,1
3879,370,183,5,318.58,1592.9,cod,2026-02-03 13:13:08,completed,0
3880,102,329,5,402.46,2012.3,credit_card,2026-04-09 10:15:03,completed,1
3881,390,158,3,412.64,1237.92,debit_card,2026-02-18 04:31:01,completed,2
3882,10,357,1,234.56,234.56,upi,2026-06-01 00:40:33,completed,3
3883,456,70,2,187.01,374.02,credit_card,2026-06-26 00:26:12,refunded,1
3884,850,427,1,254.84,254.84,upi,2026-06-26 15:45:41,completed,3
3885,887,450,4,480.5,1922.0,cod,2026-05-29 16:00:39,completed,0
3886,303,296,3,125.62,376.86,cod,2026-02-12 03:25:15,completed,0
3887,893,244,4,275.57,1102.28,cod,2026-05-07 12:52:29,refunded,0
3888,733,37,5,204.41,1022.05,upi,2026-05-28 01:54:57,pending,3
3889,395,138,5,209.92,1049.6,cod,2026-06-12 04:07:12,completed,0
3890,569,127,3,444.53,1333.59,credit_card,2026-02-09 23:26:49,completed,1
3891,101,355,5,326.68,1633.4,cod,2026-02-09 03:51:07,pending,0
3892,340,423,2,43.85,87.7,upi,2026-04-22 04:23:28,completed,3
3893,22,258,5,336.82,1684.1,debit_card,2026-02-14 10:57:30,completed,2
3894,26,369,3,158.28,474.84,debit_card,2026-06-12 13:04:31,completed,2
3895,653,218,5,161.45,807.25,wallet,2026-02-08 21:41:48,pending,4
3896,850,54,1,302.49,302.49,credit_card,2026-02-18 22:44:24,completed,1
3897,73,180,1,431.89,431.89,credit_card,2026-02-06 02:00:34,completed,1
3898,944,20,5,279.68,1398.4,debit_card,2026-04-27 08:08:23,completed,2
3899,456,470,4,165.11,660.44,debit_card,2026-02-11 05:26:43,completed,2
3900,22,345,5,122.38,611.9,cod,2026-02-27 20:31:46,completed,0
3901,373,179,4,73.0,292.0,credit_card,2026-06-09 15:42:14,refunded,1
3902,114,285,2,93.68,187.36,credit_card,2026-06-23 02:36:03,pending,1
3903,610,420,4,120.33,481.32,cod,2026-04-19 22:22:25,completed,0
3904,480,189,5,376.31,1881.55,upi,2026-06-07 07:09:49,completed,3
3905,692,196,1,258.23,258.23,wallet,2026-05-24 18:35:53,completed,4
3906,5,468,4,214.12,856.48,debit_card,2026-07-11 15:54:03,pending,2
3907,625,396,1,354.78,354.78,credit_card,2026-05-16 12:58:57,completed,1
3908,517,236,5,293.49,1467.45,upi,2026-03-25 16:41:56,completed,3
3909,206,489,1,424.66,424.66,cod,2026-03-09 22:42:20,completed,0
3910,647,110,5,91.9,459.5,wallet,2026-05-22 04:21:22,pending,4
3911,340,110,2,91.9,183.8,credit_card,2026-05-03 15:25:34,completed,1
3912,512,77,1,284.08,284.08,credit_card,2026-03-21 04:35:31,completed,1
3913,114,63,5,318.98,1594.9,cod,2026-03-04 16:06:33,completed,0
3914,268,430,3,103.06,309.18,credit_card,2026-05-30 06:05:17,completed,1
3915,823,173,3,423.48,1270.44,upi,2026-01-28 17:40:36,completed,3
3916,9,313,4,392.98,1571.92,wallet,2026-05-18 00:02:12,pending,4
3917,869,248,5,300.46,1502.3,credit_card,2026-06-18 11:05:04,completed,1
3918,703,82,3,26.73,80.19,wallet,2026-07-15 12:16:12,refunded,4
3919,861,424,3,465.47,1396.41,wallet,2026-02-14 10:32:51,completed,4
3920,588,132,5,183.61,918.05,cod,2026-03-30 08:16:24,completed,0
3921,950,23,5,210.74,1053.7,wallet,2026-05-14 05:42:50,completed,4
3922,535,444,5,452.42,2262.1,credit_card,2026-06-12 11:50:40,completed,1
3923,700,39,1,398.86,398.86,upi,2026-07-01 08:47:23,completed,3
3924,353,389,2,318.29,636.58,credit_card,2026-02-18 08:46:42,cancelled,1
3925,176,405,5,313.87,1569.35,upi,2026-06-28 04:28:21,cancelled,3
3926,247,381,3,79.59,238.77,wallet,2026-06-03 05:25:58,completed,4
3927,521,58,2,185.88,371.76,credit_card,2026-03-26 23:13:21,completed,1
3928,193,302,4,39.08,156.32,cod,2026-03-17 04:02:44,completed,0
3929,187,400,3,311.77,935.31,wallet,2026-06-25 22:30:10,completed,4
3930,515,406,1,360.33,360.33,wallet,2026-05-26 19:42:48,completed,4
3931,676,323,1,123.43,123.43,debit_card,2026-04-30 06:01:48,completed,2
3932,544,81,3,491.64,1474.92,upi,2026-05-12 06:19:22,completed,3
3933,794,309,5,207.28,1036.4,upi,2026-03-14 05:05:51,completed,3
3934,806,291,2,260.6,521.2,cod,2026-02-27 18:37:09,pending,0
3935,844,59,1,38.43,38.43,upi,2026-07-05 17:53:55,completed,3
3936,735,232,2,209.31,418.62,credit_card,2026-05-19 01:49:38,completed,1
3937,365,103,1,175.3,175.3,cod,2026-05-01 21:08:37,completed,0
3938,293,309,4,207.28,829.12,cod,2026-04-07 04:07:38,completed,0
3939,460,38,2,293.07,586.14,debit_card,2026-03-22 02:07:46,completed,2
3940,679,315,2,226.06,452.12,debit_card,2026-02-02 05:21:06,completed,2
3941,432,332,5,340.07,1700.35,cod,2026-04-03 12:36:16,completed,0
3942,903,231,1,140.43,140.43,debit_card,2026-06-05 21:13:15,cancelled,2
3943,438,177,4,292.25,1169.0,upi,2026-05-04 19:12:08,completed,3
3944,159,229,5,347.45,1737.25,debit_card,2026-05-02 03:24:08,completed,2
3945,547,398,4,84.37,337.48,debit_card,2026-07-07 11:05:13,completed,2
3946,356,203,2,215.87,431.74,upi,2026-05-26 19:54:08,completed,3
3947,130,100,1,208.94,208.94,upi,2026-03-26 14:31:40,pending,3
3948,447,99,2,143.53,287.06,wallet,2026-03-24 00:03:34,completed,4
3949,177,337,3,105.37,316.11,wallet,2026-03-15 08:08:22,completed,4
3950,670,197,2,103.33,206.66,credit_card,2026-04-14 03:42:51,completed,1
3951,865,250,5,38.75,193.75,cod,2026-06-27 02:07:41,completed,0
3952,384,249,2,182.25,364.5,cod,2026-02-08 20:02:47,completed,0
3953,674,385,2,195.47,390.94,wallet,2026-04-17 13:34:58,pending,4
3954,105,231,3,140.43,421.29,credit_card,2026-05-25 20:10:47,completed,1
3955,183,331,3,431.7,1295.1,debit_card,2026-04-04 13:01:23,pending,2
3956,390,8,2,27.12,54.24,credit_card,2026-03-06 19:56:01,completed,1
3957,460,492,1,235.12,235.12,debit_card,2026-06-26 07:01:40,completed,2
3958,912,15,4,483.13,1932.52,cod,2026-02-27 15:20:18,completed,0
3959,558,113,1,295.37,295.37,upi,2026-07-16 01:41:09,completed,3
3960,323,331,5,431.7,2158.5,debit_card,2026-05-26 16:31:18,completed,2
3961,365,251,4,114.49,457.96,upi,2026-05-25 17:32:02,completed,3
3962,671,255,5,363.37,1816.85,upi,2026-06-05 13:54:01,completed,3
3963,862,181,2,160.14,320.28,wallet,2026-02-05 13:04:35,completed,4
3964,635,440,3,26.52,79.56,upi,2026-03-31 15:07:39,completed,3
3965,776,380,3,144.65,433.95,credit_card,2026-03-24 07:31:47,completed,1
3966,84,164,3,403.52,1210.56,wallet,2026-07-18 01:25:46,completed,4
3967,828,461,1,463.09,463.09,debit_card,2026-04-17 13:41:51,completed,2
3968,493,189,3,376.31,1128.93,credit_card,2026-02-12 01:31:48,completed,1
3969,257,269,3,473.75,1421.25,credit_card,2026-05-14 10:16:39,completed,1
3970,655,116,1,355.06,355.06,wallet,2026-01-24 22:23:31,cancelled,4
3971,373,147,4,393.94,1575.76,upi,2026-05-15 15:58:26,completed,3
3972,674,204,4,167.69,670.76,debit_card,2026-07-08 08:08:09,completed,2
3973,528,475,2,385.73,771.46,upi,2026-05-23 04:11:27,completed,3
3974,90,341,5,376.33,1881.65,wallet,2026-01-22 17:59:44,pending,4
3975,533,52,2,448.81,897.62,upi,2026-04-21 14:06:24,completed,3
3976,406,323,1,123.43,123.43,wallet,2026-06-06 16:37:53,completed,4
3977,981,85,1,426.2,426.2,cod,2026-05-13 19:03:58,completed,0
3978,345,332,5,340.07,1700.35,debit_card,2026-07-02 11:15:58,pending,2
3979,658,366,3,19.14,57.42,wallet,2026-02-21 18:06:15,completed,4
3980,33,129,3,445.43,1336.29,upi,2026-01-27 19:22:42,completed,3
3981,673,442,5,333.18,1665.9,upi,2026-05-08 06:24:41,refunded,3
3982,53,441,4,31.28,125.12,cod,2026-02-05 21:37:02,completed,0
3983,815,247,5,7.79,38.95,wallet,2026-02-15 01:10:27,completed,4
3984,929,444,1,452.42,452.42,credit_card,2026-05-04 02:25:14,completed,1
3985,802,131,4,122.59,490.36,wallet,2026-04-10 08:51:19,completed,4
3986,855,407,3,401.5,1204.5,debit_card,2026-04-27 00:03:03,cancelled,2
3987,387,57,4,493.51,1974.04,debit_card,2026-05-05 06:37:21,pending,2
3988,249,143,1,132.65,132.65,debit_card,2026-05-31 15:08:30,pending,2
3989,376,249,2,182.25,364.5,cod,2026-02-01 02:14:01,pending,0
3990,130,208,1,402.12,402.12,cod,2026-05-21 07:40:23,completed,0
3991,314,126,3,150.98,452.94,debit_card,2026-06-21 11:53:35,completed,2
3992,903,85,2,426.2,852.4,cod,2026-07-08 01:56:37,completed,0
3993,827,468,3,214.12,642.36,wallet,2026-03-04 07:14:55,completed,4
3994,512,252,3,113.13,339.39,debit_card,2026-03-26 02:32:34,completed,2
3995,106,448,4,439.95,1759.8,upi,2026-04-20 04:48:34,pending,3
3996,308,93,5,55.44,277.2,wallet,2026-05-13 00:09:47,completed,4
3997,731,114,3,353.75,1061.25,wallet,2026-02-04 21:11:37,completed,4
3998,589,309,3,207.28,621.84,upi,2026-05-27 05:25:00,completed,3
3999,335,458,5,119.3,596.5,upi,2026-03-24 02:17:32,completed,3
4000,253,110,2,91.9,183.8,upi,2026-01-29 06:34:31,completed,3
4001,123,249,4,182.25,729.0,cod,2026-04-16 22:56:07,completed,0
4002,289,459,1,423.84,423.84,cod,2026-05-21 21:47:47,refunded,0
4003,373,120,5,168.93,844.65,wallet,2026-04-15 12:44:56,refunded,4
4004,310,401,4,410.43,1641.72,upi,2026-06-14 18:48:06,completed,3
4005,203,54,5,302.49,1512.45,wallet,2026-03-16 13:02:12,completed,4
4006,223,10,1,168.84,168.84,wallet,2026-06-30 16:26:29,completed,4
4007,629,340,1,247.95,247.95,cod,2026-03-24 18:06:36,completed,0
4008,592,220,3,107.39,322.17,cod,2026-07-14 05:53:16,completed,0
4009,648,336,1,252.0,252.0,wallet,2026-02-05 11:26:50,completed,4
4010,205,305,1,377.43,377.43,upi,2026-05-07 10:23:33,completed,3
4011,408,236,5,293.49,1467.45,upi,2026-05-23 06:56:03,completed,3
4012,674,128,2,492.71,985.42,cod,2026-03-15 06:37:43,pending,0
4013,172,10,5,168.84,844.2,cod,2026-05-25 00:39:53,completed,0
4014,184,260,5,232.32,1161.6,upi,2026-05-11 23:13:50,completed,3
4015,605,11,5,97.26,486.3,wallet,2026-06-26 19:49:01,pending,4
4016,982,413,3,330.48,991.44,debit_card,2026-05-19 05:35:14,completed,2
4017,80,307,5,395.83,1979.15,credit_card,2026-05-04 19:27:06,completed,1
4018,85,46,2,5.54,11.08,cod,2026-06-04 07:51:56,completed,0
4019,126,17,1,46.95,46.95,upi,2026-02-16 21:08:18,cancelled,3
4020,537,40,5,164.82,824.1,cod,2026-02-11 13:19:31,completed,0
4021,982,455,5,420.56,2102.8,credit_card,2026-04-03 20:55:14,completed,1
4022,367,86,2,139.62,279.24,debit_card,2026-02-23 10:21:47,cancelled,2
4023,560,297,2,24.4,48.8,wallet,2026-07-11 19:14:14,completed,4
4024,713,46,3,5.54,16.62,upi,2026-05-13 22:44:54,completed,3
4025,966,127,5,444.53,2222.65,credit_card,2026-06-09 00:41:14,completed,1
4026,761,459,4,423.84,1695.36,cod,2026-01-26 03:04:35,cancelled,0
4027,536,293,5,259.7,1298.5,cod,2026-07-15 02:25:13,completed,0
4028,20,25,2,271.12,542.24,wallet,2026-05-07 08:01:48,completed,4
4029,142,353,1,183.68,183.68,wallet,2026-02-03 07:41:18,completed,4
4030,799,479,4,223.73,894.92,upi,2026-04-26 05:21:46,completed,3
4031,713,472,4,354.58,1418.32,credit_card,2026-06-26 13:18:29,completed,1
4032,451,494,3,130.94,392.82,credit_card,2026-06-03 17:03:25,completed,1
4033,732,306,5,213.24,1066.2,credit_card,2026-01-31 08:49:48,completed,1
4034,989,151,2,172.24,344.48,wallet,2026-04-04 10:45:37,completed,4
4035,114,156,5,440.27,2201.35,credit_card,2026-05-25 02:05:27,completed,1
4036,703,8,5,27.12,135.6,credit_card,2026-04-29 02:53:16,completed,1
4037,834,59,4,38.43,153.72,wallet,2026-04-12 00:25:52,completed,4
4038,633,173,1,423.48,423.48,credit_card,2026-05-28 10:02:23,completed,1
4039,509,395,2,346.18,692.36,credit_card,2026-07-09 22:21:18,completed,1
4040,144,204,1,167.69,167.69,debit_card,2026-06-14 06:14:04,completed,2
4041,560,297,2,24.4,48.8,wallet,2026-05-03 14:41:24,completed,4
4042,584,441,1,31.28,31.28,upi,2026-04-05 18:53:37,completed,3
4043,542,281,5,205.54,1027.7,upi,2026-03-10 09:44:23,completed,3
4044,545,471,5,128.79,643.95,wallet,2026-07-18 23:10:20,completed,4
4045,676,17,4,46.95,187.8,wallet,2026-06-07 09:27:26,completed,4
4046,195,92,2,476.29,952.58,debit_card,2026-05-04 06:54:09,completed,2
4047,31,402,4,164.69,658.76,wallet,2026-02-23 20:43:07,completed,4
4048,513,263,3,338.28,1014.84,wallet,2026-02-18 21:11:46,pending,4
4049,62,325,5,369.78,1848.9,cod,2026-07-10 13:57:09,completed,0
4050,115,421,1,368.46,368.46,wallet,2026-07-03 13:47:34,completed,4
4051,136,281,2,205.54,411.08,debit_card,2026-07-11 08:42:20,completed,2
4052,362,441,3,31.28,93.84,wallet,2026-05-09 08:26:55,completed,4
4053,775,497,4,243.34,973.36,debit_card,2026-04-18 01:23:30,pending,2
4054,24,134,1,157.63,157.63,upi,2026-07-17 16:29:46,completed,3
4055,435,425,2,155.87,311.74,credit_card,2026-05-31 13:34:58,completed,1
4056,34,370,2,157.39,314.78,upi,2026-05-06 22:04:14,completed,3
4057,788,124,5,441.48,2207.4,debit_card,2026-05-18 14:47:45,completed,2
4058,125,183,2,318.58,637.16,debit_card,2026-07-15 20:36:43,completed,2
4059,261,63,2,318.98,637.96,wallet,2026-06-06 20:09:01,completed,4
4060,796,398,3,84.37,253.11,debit_card,2026-03-16 11:06:25,completed,2
4061,646,167,2,243.46,486.92,credit_card,2026-06-01 15:06:34,completed,1
4062,726,207,5,490.88,2454.4,credit_card,2026-05-28 14:29:37,completed,1
4063,539,27,5,381.2,1906.0,credit_card,2026-02-28 16:03:57,completed,1
4064,180,134,5,157.63,788.15,wallet,2026-02-17 08:56:28,cancelled,4
4065,245,102,3,494.75,1484.25,upi,2026-01-24 06:49:05,completed,3
4066,986,496,1,168.6,168.6,wallet,2026-05-04 18:05:38,completed,4
4067,402,230,1,305.05,305.05,debit_card,2026-05-12 03:14:51,completed,2
4068,731,429,2,202.27,404.54,credit_card,2026-06-09 03:27:44,completed,1
4069,637,136,2,27.09,54.18,upi,2026-02-07 06:52:10,completed,3
4070,608,90,2,111.44,222.88,credit_card,2026-05-03 21:13:34,completed,1
4071,95,59,1,38.43,38.43,wallet,2026-03-19 10:09:41,completed,4
4072,725,308,5,130.99,654.95,debit_card,2026-06-20 08:05:23,completed,2
4073,525,312,3,284.51,853.53,debit_card,2026-05-02 15:07:47,completed,2
4074,662,446,5,155.94,779.7,wallet,2026-04-26 21:35:28,completed,4
4075,459,494,3,130.94,392.82,debit_card,2026-02-10 06:58:09,completed,2
4076,12,235,3,348.68,1046.04,debit_card,2026-04-21 18:20:34,completed,2
4077,637,197,4,103.33,413.32,credit_card,2026-03-28 17:23:07,completed,1
4078,799,398,1,84.37,84.37,credit_card,2026-02-23 21:57:56,pending,1
4079,218,261,5,398.14,1990.7,upi,2026-02-03 14:46:19,completed,3
4080,255,297,2,24.4,48.8,credit_card,2026-05-02 05:55:42,refunded,1
4081,518,179,4,73.0,292.0,wallet,2026-04-07 18:42:14,completed,4
4082,555,92,2,476.29,952.58,debit_card,2026-04-23 16:28:45,completed,2
4083,144,484,2,183.29,366.58,wallet,2026-07-03 08:31:45,completed,4
4084,356,209,3,19.26,57.78,cod,2026-01-27 06:54:01,completed,0
4085,828,406,2,360.33,720.66,credit_card,2026-03-17 23:23:48,completed,1
4086,51,490,4,283.5,1134.0,upi,2026-04-28 04:14:21,pending,3
4087,505,361,1,96.02,96.02,credit_card,2026-07-08 06:17:40,completed,1
4088,729,346,3,214.85,644.55,cod,2026-06-22 07:15:59,completed,0
4089,98,171,1,197.2,197.2,upi,2026-06-12 12:35:17,completed,3
4090,724,215,5,42.06,210.3,cod,2026-03-06 09:04:32,completed,0
4091,4,104,2,17.9,35.8,cod,2026-06-25 03:36:03,completed,0
4092,79,163,3,325.45,976.35,debit_card,2026-06-21 04:22:22,completed,2
4093,880,335,1,240.89,240.89,debit_card,2026-01-27 10:41:29,completed,2
4094,995,26,4,61.04,244.16,credit_card,2026-02-24 22:34:44,completed,1
4095,835,176,5,133.98,669.9,debit_card,2026-05-31 06:42:31,pending,2
4096,101,358,5,287.96,1439.8,upi,2026-04-21 07:30:41,pending,3
4097,287,239,5,346.84,1734.2,cod,2026-02-01 20:34:38,completed,0
4098,29,479,2,223.73,447.46,cod,2026-02-07 12:49:21,completed,0
4099,680,436,4,371.09,1484.36,credit_card,2026-05-07 20:53:18,completed,1
4100,977,339,3,424.77,1274.31,debit_card,2026-03-16 17:14:58,completed,2
4101,162,4,1,198.61,198.61,upi,2026-03-31 12:38:34,completed,3
4102,47,169,4,383.91,1535.64,credit_card,2026-01-26 14:54:09,pending,1
4103,661,289,5,418.26,2091.3,wallet,2026-06-03 08:17:31,cancelled,4
4104,207,105,2,267.07,534.14,upi,2026-04-06 22:05:20,completed,3
4105,785,385,2,195.47,390.94,cod,2026-03-22 17:36:05,completed,0
4106,368,298,1,260.74,260.74,wallet,2026-04-21 16:38:54,completed,4
4107,256,282,1,238.69,238.69,cod,2026-03-24 03:51:57,pending,0
4108,9,140,3,44.08,132.24,upi,2026-07-03 14:11:48,completed,3
4109,551,315,4,226.06,904.24,debit_card,2026-06-02 10:07:00,completed,2
4110,981,197,2,103.33,206.66,upi,2026-04-03 10:24:38,completed,3
4111,103,319,4,23.69,94.76,wallet,2026-03-04 15:20:50,pending,4
4112,77,435,4,462.49,1849.96,upi,2026-03-19 01:55:46,completed,3
4113,146,29,2,222.34,444.68,upi,2026-02-09 06:32:02,completed,3
4114,732,446,2,155.94,311.88,credit_card,2026-06-17 17:34:29,cancelled,1
4115,111,366,2,19.14,38.28,debit_card,2026-05-09 20:47:02,completed,2
4116,924,318,5,220.51,1102.55,cod,2026-05-20 19:42:59,refunded,0
4117,709,331,2,431.7,863.4,cod,2026-06-23 16:39:49,completed,0
4118,18,354,4,65.01,260.04,debit_card,2026-03-20 03:38:12,pending,2
4119,358,470,1,165.11,165.11,cod,2026-02-22 13:35:11,completed,0
4120,846,167,5,243.46,1217.3,upi,2026-02-06 17:21:45,completed,3
4121,855,248,3,300.46,901.38,cod,2026-07-15 01:59:54,completed,0
4122,500,54,2,302.49,604.98,cod,2026-06-26 10:50:28,completed,0
4123,62,479,3,223.73,671.19,debit_card,2026-01-31 13:27:06,completed,2
4124,249,485,3,411.03,1233.09,debit_card,2026-02-21 20:59:31,completed,2
4125,444,241,4,122.61,490.44,cod,2026-03-22 11:35:34,cancelled,0
4126,592,366,1,19.14,19.14,debit_card,2026-05-31 18:52:45,completed,2
4127,536,224,1,448.95,448.95,wallet,2026-05-18 13:45:04,completed,4
4128,837,387,4,468.43,1873.72,credit_card,2026-04-06 13:29:47,completed,1
4129,40,301,1,135.94,135.94,upi,2026-02-12 01:55:37,completed,3
4130,116,140,4,44.08,176.32,debit_card,2026-03-10 13:43:56,cancelled,2
4131,488,91,5,201.14,1005.7,credit_card,2026-04-25 22:20:27,completed,1
4132,727,178,2,434.41,868.82,credit_card,2026-03-07 17:38:19,pending,1
4133,336,1,1,23.2,23.2,upi,2026-05-25 16:21:53,completed,3
4134,1,276,5,88.48,442.4,wallet,2026-03-22 00:46:23,pending,4
4135,542,149,2,204.47,408.94,upi,2026-05-28 05:41:19,completed,3
4136,424,484,2,183.29,366.58,cod,2026-04-18 14:25:59,completed,0
4137,688,207,1,490.88,490.88,cod,2026-02-10 07:12:07,cancelled,0
4138,231,44,5,51.2,256.0,upi,2026-05-03 22:00:47,completed,3
4139,486,376,4,44.21,176.84,cod,2026-06-09 20:09:47,completed,0
4140,697,273,3,476.01,1428.03,wallet,2026-02-18 07:14:07,completed,4
4141,355,317,1,482.46,482.46,wallet,2026-06-27 13:41:53,completed,4
4142,293,36,1,318.04,318.04,upi,2026-02-27 11:35:10,completed,3
4143,310,462,3,92.65,277.95,debit_card,2026-06-02 02:38:20,cancelled,2
4144,278,193,4,211.3,845.2,upi,2026-05-16 02:31:41,completed,3
4145,78,386,4,368.98,1475.92,debit_card,2026-06-30 22:06:12,completed,2
4146,327,481,4,32.26,129.04,credit_card,2026-07-07 20:13:17,completed,1
4147,827,369,3,158.28,474.84,credit_card,2026-04-28 06:50:58,completed,1
4148,197,295,4,243.35,973.4,upi,2026-04-19 04:06:59,completed,3
4149,905,260,4,232.32,929.28,cod,2026-02-16 10:48:27,cancelled,0
4150,47,113,3,295.37,886.11,cod,2026-03-02 13:02:44,cancelled,0
4151,674,363,3,18.05,54.15,credit_card,2026-04-24 03:34:15,completed,1
4152,79,436,2,371.09,742.18,cod,2026-02-04 02:18:16,completed,0
4153,824,137,2,35.51,71.02,cod,2026-07-10 06:06:55,completed,0
4154,793,384,1,448.37,448.37,credit_card,2026-03-18 00:20:06,completed,1
4155,956,56,1,249.97,249.97,debit_card,2026-02-21 21:51:02,completed,2
4156,692,441,4,31.28,125.12,debit_card,2026-02-27 03:20:47,completed,2
4157,312,315,1,226.06,226.06,cod,2026-06-10 03:36:52,completed,0
4158,237,158,1,412.64,412.64,cod,2026-04-26 08:38:40,completed,0
4159,960,55,1,261.29,261.29,credit_card,2026-07-09 11:32:20,completed,1
4160,335,1,5,23.2,116.0,wallet,2026-05-23 17:52:40,refunded,4
4161,103,495,4,344.49,1377.96,upi,2026-02-01 04:33:16,completed,3
4162,228,78,2,486.07,972.14,wallet,2026-03-20 11:05:13,completed,4
4163,179,30,1,431.22,431.22,credit_card,2026-07-17 16:06:53,completed,1
4164,279,97,1,30.07,30.07,cod,2026-07-02 07:28:51,completed,0
4165,842,330,3,283.77,851.31,debit_card,2026-04-27 16:50:47,completed,2
4166,112,388,2,321.07,642.14,upi,2026-06-23 21:07:34,completed,3
4167,320,275,5,331.41,1657.05,debit_card,2026-01-22 18:41:36,completed,2
4168,815,216,4,255.93,1023.72,debit_card,2026-03-23 14:25:27,completed,2
4169,879,435,5,462.49,2312.45,upi,2026-06-27 23:40:16,completed,3
4170,595,132,3,183.61,550.83,wallet,2026-06-04 21:57:17,completed,4
4171,389,274,2,39.56,79.12,wallet,2026-04-27 16:32:39,completed,4
4172,64,64,1,33.66,33.66,credit_card,2026-04-26 04:05:46,completed,1
4173,947,66,2,352.24,704.48,wallet,2026-04-23 11:18:01,completed,4
4174,353,324,1,179.8,179.8,cod,2026-07-08 19:56:08,completed,0
4175,300,73,5,116.14,580.7,credit_card,2026-04-13 23:54:09,pending,1
4176,703,340,1,247.95,247.95,wallet,2026-04-11 00:27:04,completed,4
4177,904,359,2,117.97,235.94,debit_card,2026-05-08 10:47:58,pending,2
4178,751,25,3,271.12,813.36,debit_card,2026-07-05 16:49:36,completed,2
4179,800,45,1,201.19,201.19,credit_card,2026-05-29 13:19:16,completed,1
4180,781,328,5,255.59,1277.95,debit_card,2026-05-25 00:02:39,completed,2
4181,132,100,3,208.94,626.82,debit_card,2026-06-09 20:22:27,completed,2
4182,582,10,1,168.84,168.84,debit_card,2026-06-23 08:41:13,completed,2
4183,603,332,5,340.07,1700.35,debit_card,2026-03-24 17:23:37,completed,2
4184,534,343,1,232.73,232.73,wallet,2026-04-23 03:06:46,completed,4
4185,287,120,3,168.93,506.79,upi,2026-03-23 06:51:45,completed,3
4186,579,116,5,355.06,1775.3,wallet,2026-05-14 22:09:40,completed,4
4187,635,293,5,259.7,1298.5,cod,2026-06-09 03:52:00,completed,0
4188,31,456,5,155.16,775.8,wallet,2026-05-09 17:26:40,completed,4
4189,295,194,3,106.72,320.16,debit_card,2026-02-27 08:28:47,refunded,2
4190,510,172,5,344.73,1723.65,upi,2026-06-19 03:06:37,completed,3
4191,727,278,3,388.51,1165.53,cod,2026-06-05 06:02:05,completed,0
4192,64,52,2,448.81,897.62,wallet,2026-02-04 13:44:03,completed,4
4193,6,458,1,119.3,119.3,cod,2026-07-02 04:32:16,completed,0
4194,699,185,3,13.87,41.61,upi,2026-02-05 00:39:47,completed,3
4195,905,23,4,210.74,842.96,wallet,2026-03-02 16:59:05,completed,4
4196,645,487,4,264.7,1058.8,upi,2026-06-08 20:57:11,completed,3
4197,471,15,1,483.13,483.13,upi,2026-06-14 13:22:01,completed,3
4198,914,386,2,368.98,737.96,cod,2026-05-21 09:09:20,completed,0
4199,948,331,4,431.7,1726.8,credit_card,2026-03-24 04:02:48,completed,1
4200,471,475,2,385.73,771.46,credit_card,2026-05-04 05:22:05,completed,1
4201,974,386,5,368.98,1844.9,credit_card,2026-06-20 22:34:29,completed,1
4202,816,133,1,17.74,17.74,credit_card,2026-05-04 17:38:58,completed,1
4203,54,381,3,79.59,238.77,upi,2026-03-14 07:29:25,completed,3
4204,418,481,1,32.26,32.26,debit_card,2026-02-22 22:58:12,pending,2
4205,787,489,2,424.66,849.32,cod,2026-03-15 17:41:44,refunded,0
4206,269,89,3,136.18,408.54,cod,2026-03-17 04:37:19,completed,0
4207,25,290,1,185.82,185.82,wallet,2026-02-19 08:27:46,refunded,4
4208,567,188,5,264.44,1322.2,cod,2026-01-31 18:40:51,refunded,0
4209,647,30,3,431.22,1293.66,wallet,2026-05-19 11:36:29,completed,4
4210,125,185,5,13.87,69.35,credit_card,2026-05-02 05:45:21,completed,1
4211,588,12,4,227.54,910.16,upi,2026-05-02 09:07:49,completed,3
4212,860,435,3,462.49,1387.47,cod,2026-05-24 06:44:04,cancelled,0
4213,316,440,5,26.52,132.6,debit_card,2026-02-18 18:02:44,completed,2
4214,24,426,2,350.4,700.8,debit_card,2026-04-04 00:07:54,completed,2
4215,303,205,2,95.52,191.04,wallet,2026-04-10 17:23:00,completed,4
4216,442,471,5,128.79,643.95,credit_card,2026-03-24 05:50:17,pending,1
4217,566,59,4,38.43,153.72,debit_card,2026-06-28 20:33:10,completed,2
4218,849,380,1,144.65,144.65,debit_card,2026-02-05 22:34:49,completed,2
4219,50,97,2,30.07,60.14,debit_card,2026-05-30 07:09:42,completed,2
4220,965,222,4,61.44,245.76,credit_card,2026-06-05 18:15:10,completed,1
4221,237,247,2,7.79,15.58,upi,2026-05-07 05:34:11,completed,3
4222,28,3,3,57.44,172.32,wallet,2026-06-28 03:38:46,completed,4
4223,154,107,4,180.63,722.52,cod,2026-07-04 17:50:55,pending,0
4224,319,470,2,165.11,330.22,upi,2026-02-21 10:49:57,pending,3
4225,909,42,3,13.06,39.18,credit_card,2026-05-06 23:44:57,completed,1
4226,488,244,2,275.57,551.14,cod,2026-02-14 13:46:44,completed,0
4227,134,464,1,307.69,307.69,upi,2026-04-09 02:03:45,completed,3
4228,801,390,5,200.93,1004.65,credit_card,2026-06-05 18:16:10,completed,1
4229,775,9,3,465.31,1395.93,credit_card,2026-06-17 02:13:32,cancelled,1
4230,732,11,4,97.26,389.04,debit_card,2026-07-08 13:43:36,pending,2
4231,726,201,3,323.95,971.85,wallet,2026-04-26 20:30:29,completed,4
4232,800,94,5,69.7,348.5,cod,2026-07-04 16:52:25,pending,0
4233,371,356,4,246.31,985.24,upi,2026-05-20 04:49:54,completed,3
4234,722,72,5,185.17,925.85,upi,2026-02-24 06:03:40,pending,3
4235,622,161,2,29.58,59.16,credit_card,2026-07-04 03:01:25,completed,1
4236,565,368,1,230.99,230.99,credit_card,2026-05-04 10:50:37,completed,1
4237,342,271,3,337.13,1011.39,wallet,2026-01-22 16:02:30,completed,4
4238,485,362,1,87.62,87.62,upi,2026-03-23 21:45:12,completed,3
4239,768,86,3,139.62,418.86,wallet,2026-01-30 07:22:17,refunded,4
4240,574,500,4,484.96,1939.84,wallet,2026-06-18 18:21:27,completed,4
4241,170,64,3,33.66,100.98,credit_card,2026-05-23 11:38:55,completed,1
4242,183,227,5,387.21,1936.05,debit_card,2026-02-13 00:33:18,pending,2
4243,111,48,3,40.06,120.18,cod,2026-05-18 05:56:24,completed,0
4244,287,41,4,395.21,1580.84,cod,2026-07-03 16:31:23,completed,0
4245,882,286,1,113.32,113.32,cod,2026-04-02 21:25:49,completed,0
4246,139,249,5,182.25,911.25,debit_card,2026-06-14 20:17:56,completed,2
4247,837,295,1,243.35,243.35,credit_card,2026-05-02 01:27:17,refunded,1
4248,529,269,3,473.75,1421.25,upi,2026-03-09 04:04:20,completed,3
4249,584,258,4,336.82,1347.28,debit_card,2026-05-10 21:14:43,cancelled,2
4250,845,34,1,496.28,496.28,wallet,2026-06-24 19:30:19,completed,4
4251,928,312,2,284.51,569.02,upi,2026-01-21 04:38:22,completed,3
4252,516,251,1,114.49,114.49,upi,2026-03-22 10:09:38,completed,3
4253,630,213,2,176.15,352.3,credit_card,2026-03-14 21:15:26,pending,1
4254,866,132,2,183.61,367.22,cod,2026-03-03 08:00:51,completed,0
4255,830,482,5,152.73,763.65,debit_card,2026-05-03 09:35:50,completed,2
4256,446,240,1,55.73,55.73,wallet,2026-04-14 11:29:38,completed,4
4257,387,312,1,284.51,284.51,credit_card,2026-04-01 09:36:42,completed,1
4258,405,386,3,368.98,1106.94,wallet,2026-04-09 20:41:42,completed,4
4259,443,330,4,283.77,1135.08,upi,2026-05-03 22:30:04,completed,3
4260,460,424,2,465.47,930.94,cod,2026-05-23 08:39:19,completed,0
4261,429,28,2,152.37,304.74,upi,2026-02-27 07:29:11,completed,3
4262,692,405,4,313.87,1255.48,wallet,2026-02-06 20:19:15,completed,4
4263,845,327,1,230.11,230.11,wallet,2026-05-21 14:38:52,cancelled,4
4264,310,89,3,136.18,408.54,upi,2026-07-09 19:17:54,completed,3
4265,232,144,5,201.69,1008.45,credit_card,2026-01-30 21:59:37,completed,1
4266,242,319,4,23.69,94.76,upi,2026-05-08 01:00:03,completed,3
4267,130,187,5,412.8,2064.0,debit_card,2026-02-23 21:06:40,completed,2
4268,300,463,1,444.36,444.36,debit_card,2026-02-04 01:43:15,completed,2
4269,885,471,3,128.79,386.37,debit_card,2026-01-30 16:52:01,pending,2
4270,500,425,4,155.87,623.48,upi,2026-04-24 22:30:29,completed,3
4271,212,59,5,38.43,192.15,debit_card,2026-05-04 01:50:22,completed,2
4272,483,345,5,122.38,611.9,upi,2026-05-19 04:59:21,completed,3
4273,717,154,3,457.15,1371.45,upi,2026-05-03 00:34:33,completed,3
4274,95,181,5,160.14,800.7,wallet,2026-06-10 12:44:13,completed,4
4275,676,58,5,185.88,929.4,credit_card,2026-05-31 14:08:16,completed,1
4276,425,191,3,357.0,1071.0,wallet,2026-07-09 07:05:16,completed,4
4277,779,347,4,228.11,912.44,upi,2026-06-11 03:30:25,completed,3
4278,475,432,2,165.09,330.18,cod,2026-02-17 16:12:16,completed,0
4279,369,127,5,444.53,2222.65,wallet,2026-02-07 08:36:13,completed,4
4280,307,397,1,97.38,97.38,cod,2026-05-17 14:56:36,completed,0
4281,959,421,1,368.46,368.46,wallet,2026-05-10 06:31:56,completed,4
4282,211,113,5,295.37,1476.85,upi,2026-03-11 20:00:10,completed,3
4283,876,215,5,42.06,210.3,debit_card,2026-02-17 08:03:45,completed,2
4284,259,205,5,95.52,477.6,debit_card,2026-02-03 12:52:24,completed,2
4285,888,244,4,275.57,1102.28,wallet,2026-05-07 05:01:49,completed,4
4286,144,415,4,306.16,1224.64,wallet,2026-02-24 13:00:41,completed,4
4287,52,233,3,357.38,1072.14,debit_card,2026-03-11 11:59:03,completed,2
4288,369,15,4,483.13,1932.52,debit_card,2026-01-28 21:16:59,completed,2
4289,139,326,5,177.31,886.55,upi,2026-04-17 07:48:15,completed,3
4290,959,215,4,42.06,168.24,cod,2026-03-22 02:36:47,completed,0
4291,999,378,5,59.63,298.15,debit_card,2026-07-11 14:57:18,completed,2
4292,951,218,1,161.45,161.45,wallet,2026-06-27 21:48:32,completed,4
4293,644,201,4,323.95,1295.8,cod,2026-02-09 18:27:42,completed,0
4294,178,499,1,279.81,279.81,debit_card,2026-06-10 19:36:35,completed,2
4295,675,3,5,57.44,287.2,debit_card,2026-07-16 01:12:06,completed,2
4296,627,412,4,442.0,1768.0,wallet,2026-06-03 04:44:21,completed,4
4297,743,461,3,463.09,1389.27,credit_card,2026-06-25 22:45:29,completed,1
4298,633,199,3,121.08,363.24,upi,2026-07-02 18:47:48,completed,3
4299,707,297,3,24.4,73.2,debit_card,2026-03-06 22:58:36,completed,2
4300,604,56,3,249.97,749.91,debit_card,2026-05-08 05:42:45,completed,2
4301,547,317,1,482.46,482.46,wallet,2026-01-24 17:30:10,completed,4
4302,266,355,3,326.68,980.04,cod,2026-03-13 13:22:18,completed,0
4303,897,389,1,318.29,318.29,debit_card,2026-06-16 00:06:47,completed,2
4304,136,399,2,186.72,373.44,credit_card,2026-02-04 15:36:13,cancelled,1
4305,751,387,5,468.43,2342.15,credit_card,2026-02-21 13:42:26,completed,1
4306,867,489,3,424.66,1273.98,wallet,2026-03-03 22:56:16,completed,4
4307,522,422,4,410.66,1642.64,debit_card,2026-04-13 12:56:19,completed,2
4308,376,328,5,255.59,1277.95,credit_card,2026-02-04 10:34:52,completed,1
4309,744,218,1,161.45,161.45,debit_card,2026-06-15 23:49:24,completed,2
4310,281,160,1,419.64,419.64,wallet,2026-03-07 07:08:34,completed,4
4311,951,25,4,271.12,1084.48,credit_card,2026-02-14 20:38:42,completed,1
4312,663,428,4,171.4,685.6,credit_card,2026-05-16 07:28:08,completed,1
4313,237,218,2,161.45,322.9,debit_card,2026-06-09 03:53:48,refunded,2
4314,261,453,3,345.82,1037.46,upi,2026-03-05 12:37:46,completed,3
4315,295,468,1,214.12,214.12,wallet,2026-05-31 21:15:22,completed,4
4316,430,433,5,185.81,929.05,upi,2026-06-08 05:12:48,completed,3
4317,660,189,2,376.31,752.62,wallet,2026-05-13 13:01:07,completed,4
4318,248,97,1,30.07,30.07,credit_card,2026-06-07 23:32:22,completed,1
4319,548,287,5,26.19,130.95,cod,2026-04-21 01:03:53,pending,0
4320,40,127,5,444.53,2222.65,upi,2026-05-24 11:25:24,completed,3
4321,185,120,2,168.93,337.86,cod,2026-06-03 03:48:50,completed,0
4322,908,175,4,115.02,460.08,cod,2026-02-05 09:36:19,completed,0
4323,329,403,2,26.67,53.34,wallet,2026-03-06 00:18:57,completed,4
4324,566,123,1,28.83,28.83,cod,2026-04-16 04:07:49,completed,0
4325,264,109,2,283.99,567.98,wallet,2026-04-07 05:53:02,refunded,4
4326,284,303,5,263.74,1318.7,debit_card,2026-02-17 19:34:31,completed,2
4327,161,86,5,139.62,698.1,upi,2026-07-19 16:38:37,completed,3
4328,161,408,1,412.7,412.7,wallet,2026-03-03 14:11:55,completed,4
4329,810,251,5,114.49,572.45,credit_card,2026-06-18 05:22:48,pending,1
4330,992,306,3,213.24,639.72,cod,2026-02-01 01:57:05,completed,0
4331,755,349,1,239.13,239.13,upi,2026-05-19 16:40:44,completed,3
4332,768,127,4,444.53,1778.12,wallet,2026-03-10 00:02:07,pending,4
4333,923,77,1,284.08,284.08,credit_card,2026-05-08 20:59:54,completed,1
4334,312,43,1,495.96,495.96,cod,2026-04-19 17:45:34,completed,0
4335,980,183,4,318.58,1274.32,credit_card,2026-05-08 01:56:30,completed,1
4336,16,365,5,370.11,1850.55,debit_card,2026-02-16 19:36:42,completed,2
4337,103,333,3,270.15,810.45,credit_card,2026-03-20 00:11:33,completed,1
4338,66,130,5,207.59,1037.95,credit_card,2026-06-23 20:57:22,completed,1
4339,391,169,4,383.91,1535.64,wallet,2026-01-26 03:00:17,completed,4
4340,827,233,1,357.38,357.38,upi,2026-01-22 00:00:09,completed,3
4341,801,356,3,246.31,738.93,cod,2026-05-31 05:20:00,completed,0
4342,259,477,5,383.87,1919.35,credit_card,2026-03-24 03:38:14,pending,1
4343,704,295,2,243.35,486.7,wallet,2026-06-11 21:46:15,pending,4
4344,734,96,2,405.6,811.2,cod,2026-06-05 02:58:30,completed,0
4345,834,80,5,5.72,28.6,upi,2026-03-23 20:41:35,completed,3
4346,368,25,3,271.12,813.36,cod,2026-05-19 09:57:03,completed,0
4347,854,313,4,392.98,1571.92,upi,2026-04-01 15:41:16,completed,3
4348,804,43,4,495.96,1983.84,credit_card,2026-05-17 18:05:50,completed,1
4349,915,497,1,243.34,243.34,debit_card,2026-01-24 14:40:47,refunded,2
4350,147,33,2,476.44,952.88,upi,2026-02-26 22:45:38,completed,3
4351,402,480,1,311.78,311.78,wallet,2026-01-27 10:59:32,completed,4
4352,306,468,3,214.12,642.36,cod,2026-05-27 19:43:53,completed,0
4353,544,125,2,327.23,654.46,debit_card,2026-05-21 05:50:43,completed,2
4354,131,275,4,331.41,1325.64,cod,2026-03-23 16:11:35,completed,0
4355,360,53,2,160.68,321.36,cod,2026-03-07 03:25:47,completed,0
4356,695,125,1,327.23,327.23,debit_card,2026-01-22 08:54:52,completed,2
4357,362,262,2,197.08,394.16,debit_card,2026-06-10 00:06:07,completed,2
4358,553,324,1,179.8,179.8,wallet,2026-05-02 20:50:16,pending,4
4359,698,337,3,105.37,316.11,wallet,2026-03-10 05:44:07,completed,4
4360,477,166,2,8.64,17.28,upi,2026-05-14 22:51:42,completed,3
4361,583,496,5,168.6,843.0,wallet,2026-07-18 19:26:22,completed,4
4362,685,77,5,284.08,1420.4,wallet,2026-02-01 09:48:50,completed,4
4363,864,217,4,232.25,929.0,credit_card,2026-02-13 13:27:36,completed,1
4364,514,277,3,71.48,214.44,cod,2026-06-16 13:47:49,completed,0
4365,565,81,1,491.64,491.64,wallet,2026-06-28 19:11:04,completed,4
4366,242,20,1,279.68,279.68,credit_card,2026-02-02 11:12:34,completed,1
4367,311,100,2,208.94,417.88,wallet,2026-05-19 07:18:55,completed,4
4368,424,427,3,254.84,764.52,wallet,2026-03-01 15:37:16,completed,4
4369,167,368,5,230.99,1154.95,cod,2026-03-14 02:33:50,completed,0
4370,620,52,5,448.81,2244.05,upi,2026-05-26 23:50:48,completed,3
4371,587,417,2,299.9,599.8,upi,2026-03-16 06:59:21,completed,3
4372,226,175,1,115.02,115.02,wallet,2026-06-18 18:03:55,completed,4
4373,716,422,1,410.66,410.66,wallet,2026-07-07 22:51:34,completed,4
4374,925,33,2,476.44,952.88,cod,2026-02-20 23:51:30,completed,0
4375,774,5,5,243.97,1219.85,upi,2026-07-19 15:48:14,completed,3
4376,236,53,5,160.68,803.4,debit_card,2026-04-10 03:46:51,pending,2
4377,347,402,5,164.69,823.45,upi,2026-07-01 01:57:34,completed,3
4378,594,345,4,122.38,489.52,wallet,2026-07-01 22:03:24,completed,4
4379,699,356,2,246.31,492.62,wallet,2026-03-09 01:01:44,completed,4
4380,261,394,5,490.93,2454.65,debit_card,2026-03-22 05:51:55,pending,2
4381,953,463,4,444.36,1777.44,upi,2026-03-24 00:03:33,cancelled,3
4382,557,90,2,111.44,222.88,wallet,2026-05-25 10:42:08,completed,4
4383,315,254,1,193.78,193.78,upi,2026-06-01 04:14:16,completed,3
4384,19,4,3,198.61,595.83,upi,2026-02-25 12:11:31,completed,3
4385,583,152,4,486.39,1945.56,debit_card,2026-03-08 22:14:02,completed,2
4386,116,197,1,103.33,103.33,wallet,2026-02-28 14:32:31,completed,4
4387,852,493,1,170.23,170.23,wallet,2026-04-26 13:24:28,completed,4
4388,234,45,5,201.19,1005.95,cod,2026-03-27 09:14:48,completed,0
4389,800,87,4,81.93,327.72,credit_card,2026-06-07 13:15:55,pending,1
4390,355,404,4,245.26,981.04,credit_card,2026-04-17 08:24:28,completed,1
4391,869,249,3,182.25,546.75,upi,2026-06-04 17:42:45,cancelled,3
4392,133,382,5,498.99,2494.95,debit_card,2026-06-26 09:29:28,completed,2
4393,195,433,1,185.81,185.81,credit_card,2026-03-24 14:35:08,completed,1
4394,656,494,2,130.94,261.88,wallet,2026-02-03 19:09:05,cancelled,4
4395,618,143,2,132.65,265.3,debit_card,2026-05-29 11:25:50,completed,2
4396,858,218,3,161.45,484.35,cod,2026-03-03 11:42:00,completed,0
4397,949,327,5,230.11,1150.55,upi,2026-05-08 16:16:17,completed,3
4398,728,224,4,448.95,1795.8,wallet,2026-04-11 21:59:12,completed,4
4399,210,55,1,261.29,261.29,cod,2026-07-19 07:05:35,completed,0
4400,460,431,2,498.55,997.1,credit_card,2026-05-27 02:08:43,completed,1
4401,943,186,2,68.82,137.64,credit_card,2026-05-27 02:55:02,cancelled,1
4402,526,68,2,404.52,809.04,debit_card,2026-06-12 18:07:04,refunded,2
4403,747,221,1,422.94,422.94,wallet,2026-06-25 20:20:43,cancelled,4
4404,714,435,2,462.49,924.98,upi,2026-05-04 18:10:46,completed,3
4405,390,223,1,415.79,415.79,wallet,2026-07-14 19:03:32,completed,4
4406,334,90,1,111.44,111.44,debit_card,2026-05-10 22:39:40,completed,2
4407,708,221,4,422.94,1691.76,cod,2026-04-10 10:12:35,completed,0
4408,844,51,5,315.9,1579.5,wallet,2026-03-16 19:08:33,completed,4
4409,137,451,2,80.61,161.22,upi,2026-03-05 12:53:38,pending,3
4410,709,89,5,136.18,680.9,wallet,2026-02-26 07:29:49,completed,4
4411,874,394,3,490.93,1472.79,cod,2026-05-13 04:58:15,refunded,0
4412,957,270,4,75.52,302.08,cod,2026-07-19 03:24:41,pending,0
4413,866,17,4,46.95,187.8,wallet,2026-03-16 18:57:56,completed,4
4414,596,421,5,368.46,1842.3,upi,2026-03-06 07:08:28,completed,3
4415,876,443,1,434.37,434.37,cod,2026-01-29 08:18:00,completed,0
4416,792,244,5,275.57,1377.85,wallet,2026-02-28 23:34:29,pending,4
4417,43,498,3,464.26,1392.78,cod,2026-02-23 14:49:04,completed,0
4418,87,21,5,311.61,1558.05,cod,2026-06-19 14:49:54,completed,0
4419,895,355,4,326.68,1306.72,cod,2026-04-11 19:54:44,completed,0
4420,789,353,4,183.68,734.72,wallet,2026-02-09 12:38:02,completed,4
4421,290,316,5,203.28,1016.4,wallet,2026-04-26 10:57:03,completed,4
4422,326,285,1,93.68,93.68,wallet,2026-04-19 07:28:02,completed,4
4423,879,120,4,168.93,675.72,debit_card,2026-06-29 05:06:47,completed,2
4424,97,264,4,464.38,1857.52,cod,2026-02-26 21:26:24,cancelled,0
4425,434,447,3,180.91,542.73,credit_card,2026-03-19 10:54:28,completed,1
4426,503,359,5,117.97,589.85,debit_card,2026-03-16 22:58:13,completed,2
4427,76,215,5,42.06,210.3,debit_card,2026-03-28 05:35:23,completed,2
4428,821,281,1,205.54,205.54,cod,2026-06-02 01:28:14,pending,0
4429,28,164,4,403.52,1614.08,debit_card,2026-06-30 13:47:40,completed,2
4430,156,75,1,490.8,490.8,upi,2026-04-20 16:49:23,completed,3
4431,908,287,2,26.19,52.38,cod,2026-07-14 06:18:22,completed,0
4432,377,390,2,200.93,401.86,wallet,2026-04-05 03:01:36,completed,4
4433,107,15,5,483.13,2415.65,upi,2026-05-18 01:42:44,completed,3
4434,130,439,3,313.41,940.23,wallet,2026-06-13 12:27:59,completed,4
4435,592,260,4,232.32,929.28,wallet,2026-05-11 17:12:26,pending,4
4436,415,216,4,255.93,1023.72,upi,2026-04-23 00:37:45,completed,3
4437,191,241,2,122.61,245.22,cod,2026-07-13 22:14:11,completed,0
4438,488,260,2,232.32,464.64,wallet,2026-01-24 09:19:05,pending,4
4439,491,96,3,405.6,1216.8,cod,2026-04-24 15:18:24,completed,0
4440,559,92,3,476.29,1428.87,wallet,2026-05-20 06:09:09,completed,4
4441,36,290,5,185.82,929.1,credit_card,2026-03-02 08:25:16,completed,1
4442,708,258,1,336.82,336.82,credit_card,2026-02-15 06:34:48,completed,1
4443,835,405,2,313.87,627.74,debit_card,2026-07-04 07:07:44,completed,2
4444,190,380,3,144.65,433.95,debit_card,2026-06-25 09:18:21,completed,2
4445,213,303,1,263.74,263.74,wallet,2026-02-05 07:10:13,completed,4
4446,820,258,2,336.82,673.64,upi,2026-02-22 12:10:52,completed,3
4447,778,208,2,402.12,804.24,debit_card,2026-05-02 02:45:37,completed,2
4448,360,68,3,404.52,1213.56,cod,2026-01-21 05:43:35,pending,0
4449,352,469,4,49.77,199.08,wallet,2026-06-19 03:54:53,completed,4
4450,485,51,4,315.9,1263.6,upi,2026-03-20 20:52:12,refunded,3
4451,812,154,4,457.15,1828.6,debit_card,2026-07-14 13:16:49,completed,2
4452,734,53,3,160.68,482.04,wallet,2026-05-13 19:00:17,completed,4
4453,739,68,5,404.52,2022.6,credit_card,2026-07-14 12:19:31,completed,1
4454,696,39,1,398.86,398.86,upi,2026-02-23 00:39:31,completed,3
4455,915,494,2,130.94,261.88,upi,2026-07-14 10:33:06,pending,3
4456,649,278,1,388.51,388.51,credit_card,2026-04-29 07:22:05,completed,1
4457,873,311,1,81.62,81.62,credit_card,2026-05-14 11:52:53,completed,1
4458,86,320,4,473.13,1892.52,wallet,2026-07-03 19:06:41,cancelled,4
4459,413,179,1,73.0,73.0,cod,2026-04-15 02:46:34,completed,0
4460,59,475,2,385.73,771.46,credit_card,2026-04-25 01:31:21,pending,1
4461,915,159,4,246.95,987.8,upi,2026-04-13 17:21:38,completed,3
4462,139,362,1,87.62,87.62,wallet,2026-07-04 09:49:52,completed,4
4463,216,249,4,182.25,729.0,credit_card,2026-02-17 03:26:46,completed,1
4464,755,157,2,21.37,42.74,cod,2026-07-03 02:21:32,completed,0
4465,216,383,3,32.74,98.22,wallet,2026-05-27 09:47:24,completed,4
4466,582,181,1,160.14,160.14,credit_card,2026-04-02 06:25:38,completed,1
4467,616,217,3,232.25,696.75,credit_card,2026-01-23 18:30:52,completed,1
4468,367,220,3,107.39,322.17,credit_card,2026-07-01 22:11:28,completed,1
4469,278,67,4,67.83,271.32,upi,2026-02-02 20:41:42,completed,3
4470,637,478,3,305.95,917.85,debit_card,2026-06-27 18:26:20,completed,2
4471,198,481,3,32.26,96.78,credit_card,2026-05-13 19:17:51,completed,1
4472,132,266,4,113.83,455.32,debit_card,2026-06-15 17:38:30,completed,2
4473,140,215,4,42.06,168.24,wallet,2026-02-10 03:24:20,completed,4
4474,960,446,2,155.94,311.88,upi,2026-03-04 15:15:27,completed,3
4475,497,96,5,405.6,2028.0,credit_card,2026-06-05 08:03:16,refunded,1
4476,919,43,5,495.96,2479.7999999999997,credit_card,2026-06-01 02:33:12,completed,1
4477,760,432,4,165.09,660.36,credit_card,2026-02-10 02:41:44,completed,1
4478,606,348,4,403.02,1612.08,cod,2026-03-14 09:06:36,completed,0
4479,90,139,2,212.22,424.44,debit_card,2026-03-29 03:06:43,completed,2
4480,991,33,1,476.44,476.44,credit_card,2026-06-18 17:59:03,completed,1
4481,871,311,4,81.62,326.48,credit_card,2026-05-24 20:11:22,completed,1
4482,526,320,2,473.13,946.26,credit_card,2026-02-10 16:07:54,cancelled,1
4483,596,344,2,54.87,109.74,upi,2026-03-15 11:59:25,completed,3
4484,865,246,2,217.11,434.22,cod,2026-04-02 16:52:54,completed,0
4485,955,192,1,29.05,29.05,cod,2026-03-01 01:43:06,completed,0
4486,41,137,2,35.51,71.02,debit_card,2026-06-09 21:06:22,completed,2
4487,9,382,3,498.99,1496.97,credit_card,2026-04-06 08:26:52,completed,1
4488,484,38,4,293.07,1172.28,cod,2026-02-17 07:17:38,completed,0
4489,987,226,5,359.81,1799.05,credit_card,2026-01-28 07:28:49,completed,1
4490,48,408,3,412.7,1238.1,upi,2026-05-27 21:03:33,completed,3
4491,835,249,1,182.25,182.25,credit_card,2026-05-02 06:01:08,completed,1
4492,365,406,3,360.33,1080.99,debit_card,2026-06-05 00:07:57,completed,2
4493,228,198,5,151.2,756.0,wallet,2026-06-30 00:59:31,completed,4
4494,230,102,4,494.75,1979.0,credit_card,2026-05-26 09:56:09,completed,1
4495,255,469,5,49.77,248.85,debit_card,2026-03-10 07:08:14,completed,2
4496,388,355,4,326.68,1306.72,debit_card,2026-07-13 08:58:09,completed,2
4497,437,391,4,188.84,755.36,cod,2026-05-06 18:30:46,completed,0
4498,109,184,5,269.22,1346.1,wallet,2026-04-04 13:41:16,refunded,4
4499,550,216,2,255.93,511.86,credit_card,2026-02-08 09:27:19,completed,1
4500,729,293,1,259.7,259.7,cod,2026-05-10 15:17:24,refunded,0
4501,3,299,1,112.21,112.21,upi,2026-06-20 00:01:56,pending,3
4502,558,76,2,167.01,334.02,wallet,2026-06-26 18:57:43,completed,4
4503,588,191,5,357.0,1785.0,debit_card,2026-03-14 15:59:32,completed,2
4504,189,374,5,189.95,949.75,debit_card,2026-07-13 16:42:15,completed,2
4505,32,421,1,368.46,368.46,wallet,2026-04-04 01:05:35,completed,4
4506,758,478,5,305.95,1529.75,wallet,2026-05-16 19:11:18,completed,4
4507,247,257,1,474.36,474.36,wallet,2026-06-14 12:28:41,completed,4
4508,932,315,1,226.06,226.06,upi,2026-02-28 04:14:23,completed,3
4509,970,295,3,243.35,730.05,wallet,2026-01-22 07:07:34,pending,4
4510,471,296,4,125.62,502.48,upi,2026-02-07 02:26:06,completed,3
4511,732,349,4,239.13,956.52,wallet,2026-05-20 12:31:29,completed,4
4512,634,60,5,146.81,734.05,upi,2026-05-26 23:58:06,completed,3
4513,205,28,2,152.37,304.74,credit_card,2026-06-22 23:16:48,completed,1
4514,877,258,3,336.82,1010.46,debit_card,2026-03-13 21:26:19,completed,2
4515,854,57,3,493.51,1480.53,credit_card,2026-06-28 00:44:51,completed,1
4516,706,170,3,362.04,1086.12,cod,2026-04-06 14:26:07,completed,0
4517,569,420,2,120.33,240.66,upi,2026-02-09 03:17:30,completed,3
4518,800,499,4,279.81,1119.24,wallet,2026-06-26 17:31:48,completed,4
4519,398,27,3,381.2,1143.6,upi,2026-03-23 17:52:12,completed,3
4520,507,136,3,27.09,81.27,cod,2026-05-21 22:12:26,completed,0
4521,806,386,4,368.98,1475.92,cod,2026-03-27 07:39:07,cancelled,0
4522,327,87,2,81.93,163.86,wallet,2026-03-11 01:43:25,completed,4
4523,875,468,3,214.12,642.36,credit_card,2026-02-03 15:57:41,completed,1
4524,721,375,3,85.82,257.46,debit_card,2026-05-10 09:27:24,completed,2
4525,722,122,1,108.79,108.79,cod,2026-03-25 23:18:55,completed,0
4526,948,132,4,183.61,734.44,wallet,2026-05-09 07:47:39,completed,4
4527,94,376,3,44.21,132.63,debit_card,2026-05-09 23:59:55,completed,2
4528,819,382,4,498.99,1995.96,wallet,2026-06-14 05:16:46,completed,4
4529,156,12,5,227.54,1137.7,cod,2026-05-27 23:04:02,completed,0
4530,195,485,4,411.03,1644.12,cod,2026-07-12 04:15:52,completed,0
4531,401,309,2,207.28,414.56,upi,2026-05-23 12:53:41,completed,3
4532,780,323,3,123.43,370.29,debit_card,2026-04-08 01:15:08,completed,2
4533,309,127,2,444.53,889.06,credit_card,2026-02-17 00:35:52,completed,1
4534,435,315,3,226.06,678.18,debit_card,2026-05-18 14:27:20,completed,2
4535,903,480,2,311.78,623.56,upi,2026-03-02 05:59:09,completed,3
4536,883,346,2,214.85,429.7,wallet,2026-02-21 08:01:40,completed,4
4537,964,109,3,283.99,851.97,debit_card,2026-02-28 05:48:29,pending,2
4538,97,409,2,472.58,945.16,wallet,2026-01-29 02:29:20,refunded,4
4539,174,177,5,292.25,1461.25,wallet,2026-04-19 06:21:22,pending,4
4540,972,365,2,370.11,740.22,cod,2026-07-14 22:47:55,completed,0
4541,692,437,4,348.43,1393.72,upi,2026-05-03 21:27:28,completed,3
4542,654,124,1,441.48,441.48,credit_card,2026-07-18 21:24:40,completed,1
4543,79,205,5,95.52,477.6,credit_card,2026-01-24 11:02:48,completed,1
4544,60,118,1,474.65,474.65,upi,2026-06-20 09:20:05,cancelled,3
4545,205,136,3,27.09,81.27,upi,2026-02-21 00:41:49,completed,3
4546,842,392,3,172.52,517.56,debit_card,2026-04-11 20:58:07,completed,2
4547,868,229,4,347.45,1389.8,upi,2026-03-12 19:03:56,completed,3
4548,187,439,5,313.41,1567.05,debit_card,2026-04-06 04:23:19,pending,2
4549,906,167,5,243.46,1217.3,upi,2026-03-16 20:21:17,completed,3
4550,647,385,2,195.47,390.94,debit_card,2026-07-11 13:40:04,cancelled,2
4551,917,396,4,354.78,1419.12,credit_card,2026-07-04 13:11:21,refunded,1
4552,808,434,5,493.89,2469.45,cod,2026-05-04 07:40:54,completed,0
4553,794,434,3,493.89,1481.67,debit_card,2026-03-10 04:50:03,completed,2
4554,94,233,4,357.38,1429.52,cod,2026-04-04 14:55:45,completed,0
4555,735,394,3,490.93,1472.79,wallet,2026-02-22 00:44:49,pending,4
4556,390,173,5,423.48,2117.4,cod,2026-01-26 09:58:12,completed,0
4557,20,335,5,240.89,1204.45,wallet,2026-05-14 15:17:17,refunded,4
4558,838,116,3,355.06,1065.18,debit_card,2026-05-06 20:40:29,refunded,2
4559,639,246,2,217.11,434.22,wallet,2026-04-08 07:02:21,completed,4
4560,871,141,1,90.58,90.58,wallet,2026-05-19 13:10:01,completed,4
4561,475,266,1,113.83,113.83,upi,2026-03-27 21:06:34,completed,3
4562,39,278,3,388.51,1165.53,credit_card,2026-02-19 13:44:59,completed,1
4563,261,109,5,283.99,1419.95,upi,2026-06-10 08:40:58,completed,3
4564,737,105,5,267.07,1335.35,cod,2026-04-16 01:01:13,completed,0
4565,538,143,4,132.65,530.6,upi,2026-01-28 21:53:09,completed,3
4566,223,405,4,313.87,1255.48,upi,2026-02-12 13:19:35,cancelled,3
4567,785,227,2,387.21,774.42,upi,2026-03-09 14:36:51,completed,3
4568,64,31,4,393.5,1574.0,wallet,2026-06-21 05:16:14,completed,4
4569,348,134,3,157.63,472.89,upi,2026-07-01 19:21:34,cancelled,3
4570,95,166,1,8.64,8.64,cod,2026-07-13 11:45:00,completed,0
4571,518,471,3,128.79,386.37,wallet,2026-03-19 16:56:25,completed,4
4572,785,378,2,59.63,119.26,credit_card,2026-04-15 16:19:54,completed,1
4573,807,222,2,61.44,122.88,debit_card,2026-01-26 18:25:00,pending,2
4574,971,220,5,107.39,536.95,cod,2026-04-04 17:44:27,pending,0
4575,266,179,2,73.0,146.0,upi,2026-02-23 19:31:29,pending,3
4576,285,403,4,26.67,106.68,cod,2026-02-04 07:35:26,completed,0
4577,810,290,4,185.82,743.28,cod,2026-06-30 19:17:54,completed,0
4578,463,70,2,187.01,374.02,debit_card,2026-06-11 04:04:37,completed,2
4579,605,17,5,46.95,234.75,credit_card,2026-03-26 04:20:47,completed,1
4580,947,86,2,139.62,279.24,wallet,2026-05-19 03:19:35,completed,4
4581,539,495,5,344.49,1722.45,credit_card,2026-07-19 13:38:53,cancelled,1
4582,383,157,3,21.37,64.11,wallet,2026-05-15 19:17:56,cancelled,4
4583,726,299,3,112.21,336.63,upi,2026-05-29 18:44:39,completed,3
4584,870,88,5,270.28,1351.4,upi,2026-07-18 13:19:54,completed,3
4585,609,468,3,214.12,642.36,upi,2026-02-27 18:58:43,completed,3
4586,895,458,2,119.3,238.6,wallet,2026-05-13 21:56:16,completed,4
4587,136,183,5,318.58,1592.9,cod,2026-07-04 20:11:21,completed,0
4588,791,386,3,368.98,1106.94,credit_card,2026-06-30 13:09:02,completed,1
4589,237,41,3,395.21,1185.63,credit_card,2026-01-23 19:15:20,pending,1
4590,145,12,1,227.54,227.54,credit_card,2026-06-06 20:55:57,completed,1
4591,425,22,1,408.53,408.53,cod,2026-03-13 02:17:20,completed,0
4592,225,111,1,14.86,14.86,wallet,2026-05-29 16:59:49,pending,4
4593,194,234,5,358.62,1793.1,debit_card,2026-05-19 17:51:40,completed,2
4594,537,248,2,300.46,600.92,credit_card,2026-06-13 08:12:28,completed,1
4595,241,31,4,393.5,1574.0,credit_card,2026-02-07 20:43:34,completed,1
4596,749,421,2,368.46,736.92,credit_card,2026-03-05 22:24:10,completed,1
4597,917,83,4,487.4,1949.6,cod,2026-03-15 01:10:21,completed,0
4598,62,46,5,5.54,27.7,credit_card,2026-04-11 19:06:33,completed,1
4599,358,114,4,353.75,1415.0,cod,2026-06-30 16:53:59,cancelled,0
4600,644,106,2,330.15,660.3,upi,2026-06-16 17:54:01,refunded,3
4601,848,69,2,250.59,501.18,cod,2026-06-06 08:39:44,completed,0
4602,99,258,3,336.82,1010.46,wallet,2026-05-30 14:44:37,pending,4
4603,118,82,4,26.73,106.92,debit_card,2026-05-25 22:55:14,completed,2
4604,615,493,2,170.23,340.46,wallet,2026-06-24 21:37:51,completed,4
4605,791,397,1,97.38,97.38,cod,2026-07-16 20:11:31,completed,0
4606,499,462,4,92.65,370.6,credit_card,2026-06-12 07:29:00,pending,1
4607,838,202,2,54.41,108.82,credit_card,2026-02-04 06:07:27,completed,1
4608,416,51,1,315.9,315.9,cod,2026-07-04 02:28:19,completed,0
4609,521,185,2,13.87,27.74,upi,2026-02-09 03:40:53,completed,3
4610,816,217,5,232.25,1161.25,wallet,2026-02-01 22:18:23,completed,4
4611,286,441,1,31.28,31.28,cod,2026-03-23 20:52:48,completed,0
4612,358,371,1,264.04,264.04,debit_card,2026-05-23 22:59:09,completed,2
4613,155,426,5,350.4,1752.0,credit_card,2026-07-12 21:07:42,completed,1
4614,350,146,2,285.46,570.92,debit_card,2026-06-17 21:54:13,refunded,2
4615,508,76,1,167.01,167.01,debit_card,2026-06-06 09:43:46,completed,2
4616,329,372,2,269.87,539.74,wallet,2026-06-01 21:09:28,completed,4
4617,273,466,1,200.83,200.83,upi,2026-05-22 06:29:17,completed,3
4618,906,3,1,57.44,57.44,cod,2026-02-11 01:29:30,completed,0
4619,467,281,2,205.54,411.08,wallet,2026-06-01 04:44:08,completed,4
4620,738,372,2,269.87,539.74,credit_card,2026-05-19 22:40:45,completed,1
4621,954,40,2,164.82,329.64,credit_card,2026-05-21 00:13:51,completed,1
4622,519,212,2,263.94,527.88,upi,2026-07-08 17:00:37,completed,3
4623,926,390,1,200.93,200.93,debit_card,2026-02-10 11:16:29,completed,2
4624,440,279,2,421.69,843.38,wallet,2026-03-09 06:09:12,refunded,4
4625,839,375,3,85.82,257.46,upi,2026-02-12 21:37:29,completed,3
4626,447,306,2,213.24,426.48,cod,2026-04-20 07:01:36,pending,0
4627,984,450,4,480.5,1922.0,wallet,2026-05-08 07:42:59,completed,4
4628,297,264,3,464.38,1393.14,credit_card,2026-05-09 10:49:17,completed,1
4629,770,337,1,105.37,105.37,credit_card,2026-06-04 16:31:16,refunded,1
4630,488,360,4,139.27,557.08,wallet,2026-01-21 01:26:32,completed,4
4631,176,493,5,170.23,851.15,wallet,2026-01-21 04:58:37,completed,4
4632,429,74,3,189.54,568.62,debit_card,2026-04-08 13:27:39,completed,2
4633,450,313,5,392.98,1964.9,credit_card,2026-06-23 03:34:18,pending,1
4634,679,172,3,344.73,1034.19,wallet,2026-04-30 20:08:01,refunded,4
4635,591,364,5,81.86,409.3,credit_card,2026-02-11 11:01:12,completed,1
4636,400,223,2,415.79,831.58,cod,2026-07-04 04:46:59,completed,0
4637,711,12,3,227.54,682.62,debit_card,2026-03-11 05:18:40,refunded,2
4638,50,423,1,43.85,43.85,cod,2026-05-16 06:11:20,pending,0
4639,332,74,3,189.54,568.62,credit_card,2026-05-21 01:05:23,refunded,1
4640,113,493,4,170.23,680.92,credit_card,2026-05-19 13:14:13,completed,1
4641,835,295,4,243.35,973.4,debit_card,2026-06-05 11:09:32,completed,2
4642,134,364,1,81.86,81.86,credit_card,2026-02-14 00:32:05,completed,1
4643,505,165,4,232.2,928.8,credit_card,2026-05-04 22:43:52,pending,1
4644,335,189,4,376.31,1505.24,debit_card,2026-06-01 10:07:42,completed,2
4645,184,155,1,396.79,396.79,debit_card,2026-03-18 18:04:27,completed,2
4646,848,500,2,484.96,969.92,cod,2026-07-12 22:53:20,completed,0
4647,809,319,3,23.69,71.07,wallet,2026-03-16 19:21:42,completed,4
4648,193,118,5,474.65,2373.25,credit_card,2026-05-17 09:31:28,completed,1
4649,753,287,4,26.19,104.76,upi,2026-05-25 07:15:13,completed,3
4650,247,430,2,103.06,206.12,cod,2026-03-30 19:44:34,completed,0
4651,760,55,5,261.29,1306.45,debit_card,2026-02-11 16:13:17,completed,2
4652,383,121,2,411.72,823.44,credit_card,2026-04-09 11:20:01,completed,1
4653,45,387,2,468.43,936.86,wallet,2026-03-17 12:15:14,completed,4
4654,704,405,5,313.87,1569.35,upi,2026-07-04 17:21:01,completed,3
4655,24,220,2,107.39,214.78,wallet,2026-01-29 09:50:39,completed,4
4656,185,378,5,59.63,298.15,credit_card,2026-02-26 22:04:58,pending,1
4657,332,371,4,264.04,1056.16,wallet,2026-02-24 04:16:36,completed,4
4658,285,28,5,152.37,761.85,cod,2026-03-29 21:48:08,completed,0
4659,171,250,4,38.75,155.0,credit_card,2026-04-26 23:28:18,completed,1
4660,709,223,5,415.79,2078.95,wallet,2026-03-13 09:41:32,refunded,4
4661,74,298,3,260.74,782.22,debit_card,2026-02-22 12:24:59,refunded,2
4662,642,187,1,412.8,412.8,cod,2026-03-25 05:39:26,completed,0
4663,331,6,1,159.39,159.39,debit_card,2026-07-03 20:23:08,completed,2
4664,460,469,5,49.77,248.85,debit_card,2026-01-31 03:26:01,completed,2
4665,438,233,2,357.38,714.76,wallet,2026-05-29 17:14:46,completed,4
4666,405,484,3,183.29,549.87,cod,2026-04-25 02:55:32,refunded,0
4667,462,63,5,318.98,1594.9,cod,2026-06-12 02:33:35,completed,0
4668,956,92,3,476.29,1428.87,wallet,2026-04-01 07:05:57,completed,4
4669,484,383,3,32.74,98.22,upi,2026-03-14 05:42:20,completed,3
4670,847,414,2,277.29,554.58,cod,2026-04-08 18:02:28,completed,0
4671,215,150,1,346.8,346.8,cod,2026-07-18 04:14:03,completed,0
4672,867,287,3,26.19,78.57,upi,2026-05-10 16:36:42,completed,3
4673,553,162,1,138.2,138.2,cod,2026-06-08 07:39:09,cancelled,0
4674,427,12,4,227.54,910.16,cod,2026-02-27 07:15:46,pending,0
4675,44,111,1,14.86,14.86,cod,2026-04-22 01:02:22,pending,0
4676,333,253,4,61.79,247.16,upi,2026-05-05 03:02:42,completed,3
4677,907,130,3,207.59,622.77,upi,2026-06-24 21:49:12,completed,3
4678,429,389,2,318.29,636.58,cod,2026-03-04 02:24:18,completed,0
4679,701,332,5,340.07,1700.35,cod,2026-04-05 21:03:00,completed,0
4680,307,354,4,65.01,260.04,upi,2026-02-24 17:25:28,completed,3
4681,289,408,2,412.7,825.4,debit_card,2026-05-10 20:25:39,completed,2
4682,599,169,2,383.91,767.82,wallet,2026-06-08 00:01:05,completed,4
4683,185,181,2,160.14,320.28,wallet,2026-03-12 06:13:15,completed,4
4684,827,389,5,318.29,1591.45,credit_card,2026-04-01 06:43:08,completed,1
4685,283,111,1,14.86,14.86,upi,2026-03-04 21:31:09,completed,3
4686,95,439,1,313.41,313.41,upi,2026-03-24 09:09:24,completed,3
4687,528,130,4,207.59,830.36,credit_card,2026-02-11 07:09:46,completed,1
4688,21,13,3,377.4,1132.2,debit_card,2026-06-16 10:11:25,completed,2
4689,398,166,5,8.64,43.2,upi,2026-06-06 08:08:12,cancelled,3
4690,273,368,2,230.99,461.98,upi,2026-04-17 04:14:44,completed,3
4691,338,302,5,39.08,195.4,cod,2026-03-20 11:57:55,completed,0
4692,646,214,5,32.01,160.05,upi,2026-03-06 15:27:44,completed,3
4693,153,428,5,171.4,857.0,wallet,2026-04-18 01:17:42,completed,4
4694,781,313,2,392.98,785.96,debit_card,2026-05-10 17:03:10,refunded,2
4695,303,107,4,180.63,722.52,wallet,2026-05-14 18:37:21,pending,4
4696,445,334,4,202.47,809.88,cod,2026-02-16 21:31:58,completed,0
4697,765,499,5,279.81,1399.05,wallet,2026-07-03 22:22:02,completed,4
4698,590,239,1,346.84,346.84,upi,2026-05-17 15:08:52,cancelled,3
4699,745,108,4,162.41,649.64,cod,2026-07-06 10:35:00,completed,0
4700,814,463,2,444.36,888.72,wallet,2026-02-02 23:38:24,cancelled,4
4701,467,331,1,431.7,431.7,upi,2026-03-02 10:40:05,completed,3
4702,588,416,2,183.2,366.4,wallet,2026-05-06 02:03:33,completed,4
4703,790,105,3,267.07,801.21,wallet,2026-04-02 08:01:44,cancelled,4
4704,706,449,2,174.18,348.36,upi,2026-05-08 22:25:53,completed,3
4705,389,24,5,20.28,101.4,cod,2026-04-22 14:12:54,completed,0
4706,299,382,2,498.99,997.98,credit_card,2026-03-02 09:00:19,completed,1
4707,566,205,5,95.52,477.6,upi,2026-03-15 23:02:03,completed,3
4708,853,300,4,416.03,1664.12,wallet,2026-06-03 09:03:02,pending,4
4709,439,455,5,420.56,2102.8,credit_card,2026-02-06 07:44:56,cancelled,1
4710,737,380,3,144.65,433.95,upi,2026-07-06 22:21:11,completed,3
4711,710,460,2,239.55,479.1,cod,2026-02-27 08:48:12,completed,0
4712,644,470,4,165.11,660.44,wallet,2026-03-22 07:49:54,completed,4
4713,438,71,3,6.27,18.81,wallet,2026-03-19 18:19:17,completed,4
4714,705,347,2,228.11,456.22,debit_card,2026-05-30 17:22:13,completed,2
4715,988,11,1,97.26,97.26,credit_card,2026-01-26 18:00:20,completed,1
4716,465,383,3,32.74,98.22,credit_card,2026-03-16 02:59:00,completed,1
4717,895,75,4,490.8,1963.2,credit_card,2026-06-28 16:53:35,completed,1
4718,74,454,4,458.97,1835.88,upi,2026-05-12 17:49:17,completed,3
4719,125,418,5,111.34,556.7,upi,2026-04-26 10:42:12,completed,3
4720,319,364,4,81.86,327.44,credit_card,2026-02-12 15:19:27,completed,1
4721,662,137,4,35.51,142.04,wallet,2026-06-30 19:21:02,pending,4
4722,389,182,3,290.26,870.78,credit_card,2026-07-05 06:21:05,completed,1
4723,575,40,1,164.82,164.82,upi,2026-05-05 01:34:57,completed,3
4724,588,496,1,168.6,168.6,upi,2026-02-24 19:01:11,completed,3
4725,876,250,4,38.75,155.0,debit_card,2026-05-18 14:10:29,cancelled,2
4726,579,390,1,200.93,200.93,debit_card,2026-03-11 09:04:20,completed,2
4727,458,497,4,243.34,973.36,debit_card,2026-04-18 11:34:30,completed,2
4728,414,319,4,23.69,94.76,wallet,2026-04-03 01:55:02,completed,4
4729,280,303,3,263.74,791.22,credit_card,2026-03-15 23:52:49,pending,1
4730,547,347,5,228.11,1140.55,debit_card,2026-02-23 07:11:03,completed,2
4731,868,371,3,264.04,792.1200000000001,upi,2026-04-25 13:36:29,completed,3
4732,127,256,2,225.55,451.1,debit_card,2026-02-17 23:16:17,cancelled,2
4733,599,413,3,330.48,991.44,credit_card,2026-04-07 23:49:55,completed,1
4734,959,157,4,21.37,85.48,cod,2026-03-22 20:26:52,completed,0
4735,97,179,5,73.0,365.0,wallet,2026-04-05 00:09:53,completed,4
4736,599,59,2,38.43,76.86,debit_card,2026-05-21 17:44:53,completed,2
4737,704,281,2,205.54,411.08,cod,2026-02-21 17:54:43,completed,0
4738,810,32,2,300.44,600.88,credit_card,2026-03-28 18:56:17,completed,1
4739,107,45,2,201.19,402.38,cod,2026-05-08 16:53:53,completed,0
4740,203,212,2,263.94,527.88,cod,2026-07-06 19:42:06,completed,0
4741,414,148,4,329.12,1316.48,debit_card,2026-05-01 14:06:11,completed,2
4742,316,160,3,419.64,1258.92,debit_card,2026-05-23 17:57:11,completed,2
4743,539,323,2,123.43,246.86,debit_card,2026-02-27 18:13:16,completed,2
4744,275,57,3,493.51,1480.53,cod,2026-05-26 05:10:04,completed,0
4745,171,302,3,39.08,117.24,cod,2026-02-17 00:32:16,completed,0
4746,289,255,2,363.37,726.74,debit_card,2026-05-16 21:43:18,completed,2
4747,975,14,5,186.07,930.35,wallet,2026-06-28 05:04:25,completed,4
4748,71,209,4,19.26,77.04,upi,2026-02-11 06:59:27,pending,3
4749,781,277,2,71.48,142.96,credit_card,2026-04-11 04:14:59,completed,1
4750,391,323,2,123.43,246.86,wallet,2026-06-26 01:08:07,completed,4
4751,803,318,5,220.51,1102.55,debit_card,2026-02-27 04:28:16,cancelled,2
4752,320,178,5,434.41,2172.05,debit_card,2026-05-28 02:17:09,completed,2
4753,818,407,2,401.5,803.0,debit_card,2026-03-22 03:00:29,completed,2
4754,669,152,1,486.39,486.39,credit_card,2026-03-26 16:53:45,completed,1
4755,65,14,4,186.07,744.28,credit_card,2026-02-07 07:30:10,completed,1
4756,253,486,5,71.6,358.0,debit_card,2026-05-30 12:28:23,completed,2
4757,932,105,4,267.07,1068.28,upi,2026-06-04 04:41:31,completed,3
4758,177,445,1,252.82,252.82,debit_card,2026-02-01 20:58:54,completed,2
4759,27,273,3,476.01,1428.03,credit_card,2026-04-26 11:51:30,completed,1
4760,506,251,4,114.49,457.96,cod,2026-04-04 19:01:04,refunded,0
4761,815,134,1,157.63,157.63,cod,2026-03-03 12:42:59,completed,0
4762,543,446,1,155.94,155.94,cod,2026-02-28 14:16:59,completed,0
4763,768,201,4,323.95,1295.8,debit_card,2026-04-08 04:40:57,completed,2
4764,357,391,3,188.84,566.52,credit_card,2026-03-20 04:05:08,pending,1
4765,721,316,2,203.28,406.56,debit_card,2026-05-31 05:55:34,completed,2
4766,392,87,2,81.93,163.86,wallet,2026-04-06 01:25:53,completed,4
4767,258,172,3,344.73,1034.19,debit_card,2026-05-21 05:28:40,completed,2
4768,370,62,4,44.12,176.48,wallet,2026-03-27 01:25:42,completed,4
4769,691,274,5,39.56,197.8,credit_card,2026-05-06 16:18:08,refunded,1
4770,779,115,1,164.69,164.69,cod,2026-02-04 21:43:55,completed,0
4771,156,223,5,415.79,2078.95,debit_card,2026-02-20 20:28:28,completed,2
4772,646,400,2,311.77,623.54,wallet,2026-05-30 01:10:40,pending,4
4773,592,92,2,476.29,952.58,wallet,2026-05-03 16:38:17,completed,4
4774,184,419,5,232.88,1164.4,upi,2026-04-15 11:48:34,completed,3
4775,799,73,5,116.14,580.7,debit_card,2026-04-27 06:16:57,completed,2
4776,877,132,2,183.61,367.22,wallet,2026-03-26 03:13:08,pending,4
4777,223,43,4,495.96,1983.84,credit_card,2026-01-21 15:09:23,refunded,1
4778,26,402,1,164.69,164.69,debit_card,2026-05-14 17:34:50,completed,2
4779,723,33,4,476.44,1905.76,debit_card,2026-05-28 01:12:05,completed,2
4780,894,110,5,91.9,459.5,debit_card,2026-04-12 20:17:12,completed,2
4781,231,322,3,393.06,1179.18,cod,2026-03-09 07:59:24,pending,0
4782,415,114,2,353.75,707.5,debit_card,2026-02-05 00:22:05,completed,2
4783,46,344,5,54.87,274.35,credit_card,2026-06-27 03:58:14,refunded,1
4784,567,306,5,213.24,1066.2,cod,2026-05-14 02:05:57,completed,0
4785,799,102,1,494.75,494.75,upi,2026-01-22 04:58:25,completed,3
4786,173,410,1,195.74,195.74,debit_card,2026-03-26 03:38:02,refunded,2
4787,561,83,2,487.4,974.8,credit_card,2026-04-15 16:27:34,completed,1
4788,286,179,1,73.0,73.0,credit_card,2026-05-08 06:56:40,completed,1
4789,290,353,1,183.68,183.68,credit_card,2026-04-29 16:17:20,refunded,1
4790,178,393,1,352.16,352.16,upi,2026-02-12 03:34:38,completed,3
4791,340,205,4,95.52,382.08,wallet,2026-02-11 23:10:32,completed,4
4792,977,132,1,183.61,183.61,upi,2026-03-24 14:49:05,completed,3
4793,384,137,5,35.51,177.55,upi,2026-04-08 12:45:26,completed,3
4794,132,386,1,368.98,368.98,wallet,2026-02-21 19:49:11,cancelled,4
4795,56,235,3,348.68,1046.04,cod,2026-04-24 03:22:00,completed,0
4796,756,218,3,161.45,484.35,wallet,2026-03-24 06:25:06,completed,4
4797,493,235,5,348.68,1743.4,debit_card,2026-02-14 08:38:43,completed,2
4798,770,126,3,150.98,452.94,cod,2026-06-03 10:42:57,completed,0
4799,50,388,5,321.07,1605.35,credit_card,2026-02-27 13:17:27,completed,1
4800,501,431,4,498.55,1994.2,wallet,2026-02-16 21:04:15,completed,4
4801,366,425,4,155.87,623.48,credit_card,2026-06-26 13:15:50,pending,1
4802,78,71,2,6.27,12.54,wallet,2026-07-16 19:20:41,completed,4
4803,829,276,1,88.48,88.48,debit_card,2026-07-13 14:24:30,completed,2
4804,329,445,1,252.82,252.82,wallet,2026-04-16 05:15:34,completed,4
4805,132,416,5,183.2,916.0,debit_card,2026-03-28 22:02:54,completed,2
4806,658,354,5,65.01,325.05,credit_card,2026-05-22 07:09:49,completed,1
4807,54,441,2,31.28,62.56,debit_card,2026-06-22 18:42:44,completed,2
4808,674,276,2,88.48,176.96,upi,2026-05-15 22:12:00,completed,3
4809,152,415,1,306.16,306.16,debit_card,2026-04-30 03:42:16,pending,2
4810,380,265,5,193.8,969.0,credit_card,2026-05-11 13:22:03,completed,1
4811,218,210,4,444.36,1777.44,cod,2026-02-11 17:58:40,completed,0
4812,828,26,4,61.04,244.16,cod,2026-03-06 12:05:49,pending,0
4813,706,403,5,26.67,133.35,credit_card,2026-05-10 11:40:07,completed,1
4814,47,463,1,444.36,444.36,credit_card,2026-07-13 02:23:41,completed,1
4815,767,84,3,297.99,893.97,wallet,2026-03-03 04:23:06,completed,4
4816,802,64,3,33.66,100.98,credit_card,2026-03-21 05:11:11,completed,1
4817,56,135,5,196.83,984.15,credit_card,2026-01-28 16:55:37,completed,1
4818,52,302,4,39.08,156.32,upi,2026-06-08 08:05:44,completed,3
4819,744,50,1,283.83,283.83,debit_card,2026-04-30 23:34:34,completed,2
4820,59,417,1,299.9,299.9,upi,2026-03-31 16:43:38,completed,3
4821,30,35,2,357.14,714.28,debit_card,2026-02-27 16:08:27,completed,2
4822,753,42,3,13.06,39.18,wallet,2026-07-08 00:13:07,completed,4
4823,855,496,2,168.6,337.2,credit_card,2026-04-02 10:04:41,completed,1
4824,112,274,3,39.56,118.68,wallet,2026-06-17 05:28:08,completed,4
4825,735,244,3,275.57,826.71,wallet,2026-06-20 15:07:41,completed,4
4826,393,364,1,81.86,81.86,cod,2026-03-06 02:15:20,pending,0
4827,738,75,3,490.8,1472.4,debit_card,2026-06-07 07:04:15,refunded,2
4828,330,495,3,344.49,1033.47,upi,2026-07-04 21:06:29,refunded,3
4829,125,199,2,121.08,242.16,credit_card,2026-02-04 06:19:23,cancelled,1
4830,178,102,4,494.75,1979.0,wallet,2026-02-01 19:54:13,completed,4
4831,702,3,1,57.44,57.44,wallet,2026-05-04 23:27:50,completed,4
4832,91,325,4,369.78,1479.12,cod,2026-02-17 21:17:34,completed,0
4833,925,291,2,260.6,521.2,cod,2026-03-09 22:50:13,completed,0
4834,111,423,4,43.85,175.4,cod,2026-03-13 21:02:39,completed,0
4835,688,91,4,201.14,804.56,upi,2026-07-07 17:13:30,completed,3
4836,467,377,1,405.36,405.36,credit_card,2026-05-19 07:03:41,completed,1
4837,869,243,3,105.53,316.59,debit_card,2026-05-13 18:29:10,completed,2
4838,538,271,3,337.13,1011.39,cod,2026-06-09 04:47:39,pending,0
4839,742,53,4,160.68,642.72,credit_card,2026-04-04 19:31:05,completed,1
4840,557,94,4,69.7,278.8,debit_card,2026-06-05 11:01:23,completed,2
4841,115,444,5,452.42,2262.1,cod,2026-02-12 22:04:41,completed,0
4842,938,260,1,232.32,232.32,cod,2026-03-27 13:31:40,completed,0
4843,413,388,1,321.07,321.07,wallet,2026-06-15 05:24:38,refunded,4
4844,650,248,4,300.46,1201.84,upi,2026-04-24 16:37:06,pending,3
4845,152,448,3,439.95,1319.85,upi,2026-05-23 06:18:32,completed,3
4846,227,430,1,103.06,103.06,credit_card,2026-03-24 07:07:55,completed,1
4847,161,194,2,106.72,213.44,debit_card,2026-06-01 07:06:43,completed,2
4848,373,222,1,61.44,61.44,credit_card,2026-03-29 04:20:28,pending,1
4849,174,389,5,318.29,1591.45,cod,2026-05-16 19:58:35,completed,0
4850,79,7,2,53.32,106.64,wallet,2026-06-23 16:19:49,completed,4
4851,720,24,5,20.28,101.4,cod,2026-07-09 02:00:06,completed,0
4852,611,326,2,177.31,354.62,credit_card,2026-04-06 10:39:04,completed,1
4853,941,205,2,95.52,191.04,credit_card,2026-02-12 21:09:28,completed,1
4854,481,17,1,46.95,46.95,upi,2026-04-17 23:03:28,pending,3
4855,343,268,3,74.98,224.94,upi,2026-07-01 23:37:09,pending,3
4856,67,470,5,165.11,825.55,debit_card,2026-03-19 17:56:18,completed,2
4857,580,187,4,412.8,1651.2,credit_card,2026-06-07 07:21:34,completed,1
4858,530,137,1,35.51,35.51,credit_card,2026-06-15 08:34:43,completed,1
4859,719,71,2,6.27,12.54,upi,2026-07-06 20:15:30,completed,3
4860,516,335,5,240.89,1204.45,credit_card,2026-05-09 06:56:27,completed,1
4861,975,394,4,490.93,1963.72,upi,2026-04-26 22:59:39,completed,3
4862,461,439,2,313.41,626.82,credit_card,2026-02-18 18:12:41,completed,1
4863,109,21,4,311.61,1246.44,cod,2026-05-27 16:42:44,completed,0
4864,447,232,5,209.31,1046.55,debit_card,2026-06-22 16:23:23,completed,2
4865,827,164,4,403.52,1614.08,upi,2026-04-12 10:44:10,completed,3
4866,616,296,1,125.62,125.62,credit_card,2026-04-04 11:04:36,pending,1
4867,194,101,3,72.93,218.79,wallet,2026-03-08 16:21:37,completed,4
4868,114,276,4,88.48,353.92,wallet,2026-05-21 03:04:35,completed,4
4869,268,44,5,51.2,256.0,debit_card,2026-06-13 05:44:20,completed,2
4870,990,272,4,148.87,595.48,upi,2026-04-28 01:52:31,completed,3
4871,192,131,5,122.59,612.95,cod,2026-04-16 09:28:11,completed,0
4872,55,100,1,208.94,208.94,upi,2026-05-30 10:01:36,completed,3
4873,930,390,4,200.93,803.72,upi,2026-03-05 02:24:27,completed,3
4874,510,285,5,93.68,468.4,upi,2026-03-17 13:00:37,completed,3
4875,989,46,4,5.54,22.16,debit_card,2026-01-25 20:51:51,completed,2
4876,675,214,1,32.01,32.01,cod,2026-04-22 21:07:23,completed,0
4877,257,235,3,348.68,1046.04,cod,2026-01-27 22:09:38,cancelled,0
4878,179,324,2,179.8,359.6,credit_card,2026-06-07 19:11:17,completed,1
4879,809,159,3,246.95,740.85,cod,2026-04-19 16:25:41,completed,0
4880,74,23,1,210.74,210.74,credit_card,2026-02-05 21:48:20,cancelled,1
4881,263,29,4,222.34,889.36,debit_card,2026-04-08 13:43:13,completed,2
4882,93,142,4,214.57,858.28,debit_card,2026-03-15 14:16:10,completed,2
4883,857,497,4,243.34,973.36,wallet,2026-05-29 18:00:25,refunded,4
4884,736,275,3,331.41,994.23,debit_card,2026-03-18 09:21:50,completed,2
4885,18,442,2,333.18,666.36,wallet,2026-04-22 16:23:20,completed,4
4886,432,209,4,19.26,77.04,debit_card,2026-06-06 05:03:49,completed,2
4887,167,105,4,267.07,1068.28,cod,2026-06-26 20:58:59,completed,0
4888,156,189,2,376.31,752.62,credit_card,2026-03-31 09:33:42,pending,1
4889,37,265,1,193.8,193.8,debit_card,2026-05-01 06:09:52,completed,2
4890,325,124,2,441.48,882.96,credit_card,2026-01-25 23:54:57,completed,1
4891,867,374,2,189.95,379.9,wallet,2026-07-09 10:05:15,completed,4
4892,855,477,1,383.87,383.87,upi,2026-07-03 23:05:18,completed,3
4893,545,10,1,168.84,168.84,credit_card,2026-07-16 22:45:59,completed,1
4894,24,224,1,448.95,448.95,cod,2026-03-08 18:01:20,completed,0
4895,890,359,2,117.97,235.94,wallet,2026-05-31 00:51:14,completed,4
4896,691,177,4,292.25,1169.0,debit_card,2026-02-24 14:31:19,completed,2
4897,311,298,3,260.74,782.22,wallet,2026-04-01 05:54:13,pending,4
4898,686,278,5,388.51,1942.55,debit_card,2026-04-10 23:08:48,completed,2
4899,359,473,2,475.13,950.26,cod,2026-06-02 00:33:52,completed,0
4900,255,376,5,44.21,221.05,debit_card,2026-04-19 20:35:54,refunded,2
4901,684,464,5,307.69,1538.45,upi,2026-06-19 14:51:47,completed,3
4902,114,20,5,279.68,1398.4,wallet,2026-05-11 15:17:09,completed,4
4903,931,464,2,307.69,615.38,wallet,2026-04-29 14:35:15,completed,4
4904,206,358,1,287.96,287.96,credit_card,2026-04-20 01:58:28,completed,1
4905,702,96,4,405.6,1622.4,credit_card,2026-02-01 17:00:29,completed,1
4906,857,252,1,113.13,113.13,wallet,2026-05-20 05:55:17,completed,4
4907,182,363,5,18.05,90.25,upi,2026-04-13 21:54:46,completed,3
4908,448,93,1,55.44,55.44,credit_card,2026-03-05 06:19:46,completed,1
4909,4,63,1,318.98,318.98,cod,2026-06-26 10:45:03,refunded,0
4910,264,13,1,377.4,377.4,debit_card,2026-03-14 20:37:01,completed,2
4911,867,372,1,269.87,269.87,wallet,2026-05-18 21:31:02,completed,4
4912,84,99,2,143.53,287.06,upi,2026-02-21 23:39:29,completed,3
4913,3,205,5,95.52,477.6,wallet,2026-02-23 06:50:51,completed,4
4914,885,255,3,363.37,1090.11,wallet,2026-03-17 18:40:55,completed,4
4915,817,192,3,29.05,87.15,upi,2026-06-29 17:08:09,completed,3
4916,304,449,5,174.18,870.9,wallet,2026-03-07 11:37:15,completed,4
4917,221,306,3,213.24,639.72,credit_card,2026-06-12 22:01:34,completed,1
4918,114,329,1,402.46,402.46,debit_card,2026-05-05 13:21:12,completed,2
4919,638,224,1,448.95,448.95,cod,2026-05-18 21:12:40,completed,0
4920,966,310,2,190.64,381.28,cod,2026-07-15 04:09:57,completed,0
4921,648,140,1,44.08,44.08,credit_card,2026-02-22 02:13:32,cancelled,1
4922,807,216,3,255.93,767.79,wallet,2026-06-19 19:23:55,completed,4
4923,954,87,1,81.93,81.93,wallet,2026-04-06 22:45:54,completed,4
4924,281,332,3,340.07,1020.21,wallet,2026-02-08 16:52:48,completed,4
4925,325,82,2,26.73,53.46,upi,2026-03-24 17:27:13,completed,3
4926,41,23,1,210.74,210.74,debit_card,2026-05-16 19:52:59,completed,2
4927,1000,88,4,270.28,1081.12,upi,2026-07-18 23:40:27,completed,3
4928,251,285,2,93.68,187.36,wallet,2026-06-06 05:21:33,completed,4
4929,897,497,4,243.34,973.36,wallet,2026-03-25 04:52:37,pending,4
4930,193,221,3,422.94,1268.82,debit_card,2026-07-09 02:02:16,completed,2
4931,656,90,4,111.44,445.76,credit_card,2026-04-11 07:13:09,completed,1
4932,192,497,5,243.34,1216.7,upi,2026-05-20 07:09:22,completed,3
4933,328,220,5,107.39,536.95,credit_card,2026-03-29 10:47:23,completed,1
4934,3,18,4,95.61,382.44,debit_card,2026-04-08 03:27:01,completed,2
4935,198,132,2,183.61,367.22,credit_card,2026-06-02 13:42:46,completed,1
4936,186,410,5,195.74,978.7,credit_card,2026-03-15 09:54:38,pending,1
4937,127,382,3,498.99,1496.97,wallet,2026-03-20 08:50:18,completed,4
4938,508,97,1,30.07,30.07,credit_card,2026-06-10 15:16:07,completed,1
4939,513,182,2,290.26,580.52,wallet,2026-04-25 00:15:29,completed,4
4940,575,293,2,259.7,519.4,upi,2026-02-27 20:15:25,completed,3
4941,868,398,4,84.37,337.48,debit_card,2026-05-23 21:31:41,completed,2
4942,197,96,3,405.6,1216.8,cod,2026-05-24 09:16:58,completed,0
4943,422,294,5,303.0,1515.0,cod,2026-01-25 02:04:25,completed,0
4944,956,380,2,144.65,289.3,debit_card,2026-03-21 20:39:12,completed,2
4945,400,315,5,226.06,1130.3,cod,2026-01-22 21:11:16,completed,0
4946,551,262,4,197.08,788.32,wallet,2026-06-30 07:09:49,completed,4
4947,286,21,5,311.61,1558.05,debit_card,2026-04-05 10:56:13,cancelled,2
4948,870,453,2,345.82,691.64,debit_card,2026-04-27 15:28:20,completed,2
4949,574,75,3,490.8,1472.4,credit_card,2026-06-19 08:52:18,completed,1
4950,2,442,3,333.18,999.54,credit_card,2026-06-12 16:27:47,completed,1
4951,588,473,3,475.13,1425.39,credit_card,2026-01-27 00:49:39,completed,1
4952,332,53,3,160.68,482.04,debit_card,2026-05-25 22:52:08,completed,2
4953,258,441,1,31.28,31.28,debit_card,2026-03-15 05:42:37,refunded,2
4954,146,386,5,368.98,1844.9,upi,2026-07-11 20:08:58,refunded,3
4955,671,204,2,167.69,335.38,wallet,2026-04-07 21:31:32,completed,4
4956,333,190,2,364.95,729.9,credit_card,2026-01-21 21:02:58,completed,1
4957,973,306,2,213.24,426.48,wallet,2026-06-25 15:04:33,completed,4
4958,427,30,3,431.22,1293.66,credit_card,2026-03-06 11:41:19,pending,1
4959,11,129,5,445.43,2227.15,cod,2026-06-19 14:37:48,pending,0
4960,664,42,3,13.06,39.18,credit_card,2026-02-16 04:23:29,completed,1
4961,290,69,5,250.59,1252.95,cod,2026-05-04 11:46:35,completed,0
4962,369,235,4,348.68,1394.72,debit_card,2026-07-09 11:27:20,pending,2
4963,367,465,4,228.55,914.2,credit_card,2026-04-08 07:41:10,cancelled,1
4964,311,63,3,318.98,956.94,wallet,2026-01-23 16:13:26,completed,4
4965,827,110,3,91.9,275.7,upi,2026-05-21 12:10:36,completed,3
4966,350,122,5,108.79,543.95,upi,2026-02-26 03:56:52,completed,3
4967,125,354,3,65.01,195.03,upi,2026-07-15 21:30:55,completed,3
4968,998,449,1,174.18,174.18,cod,2026-01-24 10:33:06,completed,0
4969,620,292,1,8.27,8.27,credit_card,2026-04-24 12:44:09,completed,1
4970,930,90,4,111.44,445.76,wallet,2026-02-09 12:26:25,completed,4
4971,496,485,4,411.03,1644.12,wallet,2026-04-06 14:52:35,completed,4
4972,212,421,4,368.46,1473.84,wallet,2026-06-14 02:29:04,pending,4
4973,400,232,1,209.31,209.31,wallet,2026-05-02 11:08:00,pending,4
4974,661,247,4,7.79,31.16,debit_card,2026-03-04 23:22:03,completed,2
4975,402,283,1,367.95,367.95,wallet,2026-05-09 11:23:52,cancelled,4
4976,296,137,1,35.51,35.51,upi,2026-06-18 04:04:51,completed,3
4977,295,496,5,168.6,843.0,cod,2026-07-03 04:23:10,completed,0
4978,804,180,4,431.89,1727.56,wallet,2026-02-06 09:44:30,completed,4
4979,980,95,2,133.12,266.24,upi,2026-05-06 13:18:49,pending,3
4980,459,382,4,498.99,1995.96,wallet,2026-01-29 08:55:16,completed,4
4981,71,148,4,329.12,1316.48,debit_card,2026-02-25 17:39:11,completed,2
4982,637,138,5,209.92,1049.6,wallet,2026-04-09 19:22:22,completed,4
4983,894,110,1,91.9,91.9,credit_card,2026-04-22 08:39:40,completed,1
4984,996,47,5,9.6,48.0,wallet,2026-01-27 16:13:09,refunded,4
4985,570,312,4,284.51,1138.04,debit_card,2026-06-03 20:07:28,completed,2
4986,977,463,3,444.36,1333.08,wallet,2026-01-26 19:39:28,completed,4
4987,244,407,2,401.5,803.0,debit_card,2026-02-27 07:55:26,completed,2
4988,660,88,1,270.28,270.28,wallet,2026-07-02 16:53:37,completed,4
4989,125,234,1,358.62,358.62,wallet,2026-05-15 22:53:53,refunded,4
4990,318,374,4,189.95,759.8,cod,2026-05-04 06:43:04,completed,0
4991,528,370,2,157.39,314.78,upi,2026-04-14 17:12:27,completed,3
4992,141,196,5,258.23,1291.15,upi,2026-07-06 16:42:37,completed,3
4993,820,362,4,87.62,350.48,cod,2026-02-07 08:19:08,completed,0
4994,495,46,2,5.54,11.08,cod,2026-04-04 20:46:26,completed,0
4995,50,262,3,197.08,591.24,debit_card,2026-04-29 16:30:32,completed,2
4996,990,231,3,140.43,421.29,debit_card,2026-05-03 06:30:54,completed,2
4997,63,149,5,204.47,1022.35,debit_card,2026-06-28 16:19:38,completed,2
4998,627,171,1,197.2,197.2,wallet,2026-02-05 20:52:43,completed,4
4999,933,43,4,495.96,1983.84,cod,2026-04-16 01:49:19,pending,0
5000,846,141,5,90.58,452.9,wallet,2026-03-24 05:44:14,completed,4
5001,59,431,5,498.55,2492.75,wallet,2026-03-08 15:48:50,completed,4
5002,138,422,2,410.66,821.32,debit_card,2026-05-18 07:05:39,completed,2
5003,965,189,4,376.31,1505.24,cod,2026-04-15 17:25:34,pending,0
5004,562,72,2,185.17,370.34,credit_card,2026-02-25 11:05:46,cancelled,1
5005,348,128,3,492.71,1478.13,wallet,2026-06-29 20:45:51,completed,4
5006,544,275,2,331.41,662.82,credit_card,2026-02-20 12:27:25,completed,1
5007,317,236,4,293.49,1173.96,wallet,2026-07-06 17:49:23,completed,4
5008,699,325,5,369.78,1848.9,credit_card,2026-01-30 14:57:28,completed,1
5009,585,477,2,383.87,767.74,credit_card,2026-03-22 12:29:18,completed,1
5010,131,468,3,214.12,642.36,debit_card,2026-03-02 00:04:19,completed,2
5011,178,60,2,146.81,293.62,wallet,2026-06-12 03:07:25,completed,4
5012,660,9,2,465.31,930.62,credit_card,2026-06-26 15:29:53,cancelled,1
5013,313,15,5,483.13,2415.65,cod,2026-05-15 19:24:22,completed,0
5014,24,11,4,97.26,389.04,wallet,2026-04-01 18:17:59,completed,4
5015,738,11,4,97.26,389.04,debit_card,2026-07-19 07:36:18,completed,2
5016,71,249,2,182.25,364.5,upi,2026-04-14 11:25:29,pending,3
5017,748,214,1,32.01,32.01,cod,2026-03-04 03:31:58,completed,0
5018,359,405,3,313.87,941.61,credit_card,2026-03-23 04:42:15,cancelled,1
5019,582,273,5,476.01,2380.05,upi,2026-06-30 18:02:47,completed,3
5020,331,370,1,157.39,157.39,cod,2026-03-26 07:14:14,completed,0
5021,383,6,4,159.39,637.56,credit_card,2026-06-02 22:46:42,completed,1
5022,309,344,1,54.87,54.87,upi,2026-03-22 02:23:24,completed,3
5023,445,61,3,322.07,966.21,cod,2026-03-23 11:59:19,completed,0
5024,532,141,2,90.58,181.16,debit_card,2026-04-30 06:55:24,completed,2
5025,478,53,3,160.68,482.04,credit_card,2026-06-12 17:05:25,completed,1
5026,126,38,4,293.07,1172.28,cod,2026-02-21 12:56:53,completed,0
5027,740,313,5,392.98,1964.9,debit_card,2026-02-21 16:34:43,completed,2
5028,499,430,3,103.06,309.18,cod,2026-06-23 07:12:23,completed,0
5029,30,133,3,17.74,53.22,wallet,2026-01-24 08:09:57,pending,4
5030,115,264,3,464.38,1393.14,debit_card,2026-02-24 17:59:57,completed,2
5031,813,24,4,20.28,81.12,cod,2026-05-12 03:14:33,refunded,0
5032,205,254,3,193.78,581.34,credit_card,2026-05-12 10:45:42,completed,1
5033,657,318,2,220.51,441.02,upi,2026-01-29 03:55:44,completed,3
5034,249,21,3,311.61,934.83,upi,2026-03-31 02:59:05,completed,3
5035,183,414,1,277.29,277.29,cod,2026-03-11 23:05:54,completed,0
5036,869,178,2,434.41,868.82,cod,2026-07-11 15:57:57,completed,0
5037,320,386,2,368.98,737.96,debit_card,2026-01-28 08:31:46,completed,2
5038,365,464,3,307.69,923.07,upi,2026-05-27 10:15:04,completed,3
5039,366,320,2,473.13,946.26,credit_card,2026-05-03 15:21:41,completed,1
5040,64,345,3,122.38,367.14,upi,2026-02-07 13:41:07,refunded,3
5041,293,422,1,410.66,410.66,upi,2026-01-24 12:41:40,completed,3
5042,337,100,4,208.94,835.76,cod,2026-05-22 03:31:43,completed,0
5043,279,318,4,220.51,882.04,cod,2026-01-28 20:04:32,completed,0
5044,6,380,3,144.65,433.95,cod,2026-03-19 08:21:50,completed,0
5045,149,222,2,61.44,122.88,cod,2026-03-26 21:47:39,completed,0
5046,166,337,4,105.37,421.48,wallet,2026-04-09 02:15:25,completed,4
5047,599,405,2,313.87,627.74,wallet,2026-05-24 17:26:39,pending,4
5048,909,114,1,353.75,353.75,wallet,2026-02-10 01:41:03,cancelled,4
5049,628,130,2,207.59,415.18,wallet,2026-03-24 09:50:49,completed,4
5050,513,93,2,55.44,110.88,credit_card,2026-02-08 02:01:37,completed,1
5051,659,151,1,172.24,172.24,cod,2026-05-15 03:26:56,completed,0
5052,654,324,1,179.8,179.8,wallet,2026-06-12 23:56:26,completed,4
5053,398,41,5,395.21,1976.05,credit_card,2026-03-20 12:39:28,pending,1
5054,607,186,1,68.82,68.82,debit_card,2026-06-15 09:19:50,completed,2
5055,60,240,2,55.73,111.46,wallet,2026-02-13 11:15:17,completed,4
5056,568,434,5,493.89,2469.45,wallet,2026-02-17 23:19:28,completed,4
5057,197,1,1,23.2,23.2,credit_card,2026-06-06 12:48:43,pending,1
5058,725,31,3,393.5,1180.5,credit_card,2026-04-15 12:17:09,completed,1
5059,783,151,1,172.24,172.24,wallet,2026-06-22 10:47:37,completed,4
5060,299,376,4,44.21,176.84,upi,2026-02-03 19:35:22,completed,3
5061,483,27,3,381.2,1143.6,credit_card,2026-04-17 19:25:30,pending,1
5062,8,355,5,326.68,1633.4,credit_card,2026-01-24 11:25:08,cancelled,1
5063,813,2,2,330.51,661.02,upi,2026-02-24 00:35:32,completed,3
5064,468,63,5,318.98,1594.9,credit_card,2026-06-02 00:43:33,completed,1
5065,46,92,1,476.29,476.29,cod,2026-04-10 11:17:33,completed,0
5066,146,368,5,230.99,1154.95,debit_card,2026-02-08 23:06:41,completed,2
5067,391,204,1,167.69,167.69,upi,2026-06-12 14:40:15,completed,3
5068,660,22,2,408.53,817.06,credit_card,2026-05-16 17:33:04,completed,1
5069,538,342,2,21.12,42.24,wallet,2026-01-30 03:56:15,completed,4
5070,219,408,5,412.7,2063.5,upi,2026-05-25 19:57:09,completed,3
5071,620,331,3,431.7,1295.1,cod,2026-05-15 17:04:24,pending,0
5072,226,290,3,185.82,557.46,debit_card,2026-03-19 16:30:03,completed,2
5073,121,219,5,22.74,113.7,credit_card,2026-06-21 14:06:06,completed,1
5074,259,322,5,393.06,1965.3,debit_card,2026-04-09 02:43:19,refunded,2
5075,804,265,3,193.8,581.4,debit_card,2026-03-20 20:04:32,completed,2
5076,982,417,2,299.9,599.8,debit_card,2026-03-25 08:28:53,completed,2
5077,761,159,2,246.95,493.9,upi,2026-05-09 19:02:24,cancelled,3
5078,63,330,2,283.77,567.54,credit_card,2026-03-16 13:09:05,completed,1
5079,37,468,3,214.12,642.36,wallet,2026-02-26 21:02:12,pending,4
5080,942,116,2,355.06,710.12,cod,2026-01-23 03:00:57,completed,0
5081,667,111,3,14.86,44.58,debit_card,2026-01-28 06:58:42,completed,2
5082,846,449,3,174.18,522.54,wallet,2026-06-14 05:17:55,completed,4
5083,182,374,1,189.95,189.95,cod,2026-07-01 04:29:03,completed,0
5084,121,291,5,260.6,1303.0,debit_card,2026-04-12 21:42:49,pending,2
5085,599,447,3,180.91,542.73,cod,2026-04-17 02:05:30,completed,0
5086,804,130,5,207.59,1037.95,wallet,2026-05-06 20:02:22,completed,4
5087,480,307,5,395.83,1979.15,cod,2026-03-03 10:43:18,completed,0
5088,667,401,2,410.43,820.86,cod,2026-03-08 20:15:50,completed,0
5089,551,56,4,249.97,999.88,cod,2026-04-30 23:10:35,completed,0
5090,695,201,2,323.95,647.9,credit_card,2026-07-17 20:50:36,pending,1
5091,612,120,4,168.93,675.72,debit_card,2026-06-04 18:56:46,completed,2
5092,938,250,5,38.75,193.75,credit_card,2026-01-25 08:10:54,completed,1
5093,141,365,1,370.11,370.11,wallet,2026-06-10 16:51:11,completed,4
5094,53,139,4,212.22,848.88,wallet,2026-04-02 12:19:07,pending,4
5095,490,219,2,22.74,45.48,cod,2026-06-15 18:34:45,completed,0
5096,82,380,5,144.65,723.25,upi,2026-07-12 10:46:08,completed,3
5097,742,52,2,448.81,897.62,cod,2026-03-20 11:12:49,pending,0
5098,515,236,3,293.49,880.47,debit_card,2026-02-26 20:38:51,completed,2
5099,737,58,3,185.88,557.64,credit_card,2026-06-09 03:42:34,completed,1
5100,816,48,4,40.06,160.24,upi,2026-06-28 22:34:49,pending,3
5101,70,471,1,128.79,128.79,upi,2026-03-25 21:10:45,completed,3
5102,59,215,5,42.06,210.3,debit_card,2026-05-21 01:31:33,completed,2
5103,376,326,5,177.31,886.55,cod,2026-04-17 08:20:13,completed,0
5104,29,298,2,260.74,521.48,upi,2026-03-11 02:10:02,completed,3
5105,330,20,2,279.68,559.36,cod,2026-04-24 09:57:12,completed,0
5106,902,146,1,285.46,285.46,credit_card,2026-02-25 04:37:41,completed,1
5107,617,119,1,162.52,162.52,upi,2026-07-06 19:44:11,cancelled,3
5108,359,124,5,441.48,2207.4,wallet,2026-03-25 08:50:14,refunded,4
5109,898,407,5,401.5,2007.5,wallet,2026-05-13 09:20:39,completed,4
5110,553,417,4,299.9,1199.6,wallet,2026-06-04 04:36:48,pending,4
5111,197,177,2,292.25,584.5,wallet,2026-05-02 19:40:58,completed,4
5112,204,24,5,20.28,101.4,upi,2026-04-17 14:44:05,completed,3
5113,495,252,5,113.13,565.65,credit_card,2026-03-28 17:23:01,completed,1
5114,940,354,1,65.01,65.01,upi,2026-02-22 00:46:31,completed,3
5115,632,56,5,249.97,1249.85,upi,2026-03-02 17:33:01,pending,3
5116,140,157,5,21.37,106.85,debit_card,2026-03-04 11:58:33,cancelled,2
5117,178,82,4,26.73,106.92,cod,2026-06-03 04:11:25,completed,0
5118,507,304,3,92.82,278.46,upi,2026-06-30 04:57:11,completed,3
5119,979,202,2,54.41,108.82,cod,2026-05-02 08:06:56,cancelled,0
5120,755,210,3,444.36,1333.08,upi,2026-05-26 08:18:07,completed,3
5121,674,159,5,246.95,1234.75,wallet,2026-02-11 05:06:50,refunded,4
5122,107,292,5,8.27,41.35,cod,2026-04-21 14:15:03,completed,0
5123,13,66,5,352.24,1761.2,credit_card,2026-06-09 07:31:13,completed,1
5124,507,35,3,357.14,1071.42,debit_card,2026-04-08 04:04:19,completed,2
5125,267,144,5,201.69,1008.45,wallet,2026-03-29 10:04:57,completed,4
5126,882,162,2,138.2,276.4,cod,2026-05-31 13:44:09,pending,0
5127,724,255,2,363.37,726.74,credit_card,2026-06-17 16:12:18,completed,1
5128,651,461,5,463.09,2315.45,upi,2026-02-17 07:45:56,completed,3
5129,338,377,3,405.36,1216.08,upi,2026-02-15 00:39:34,completed,3
5130,696,112,4,359.88,1439.52,wallet,2026-04-04 09:17:43,completed,4
5131,727,133,2,17.74,35.48,credit_card,2026-05-19 15:55:36,completed,1
5132,945,104,2,17.9,35.8,credit_card,2026-04-24 08:57:23,completed,1
5133,103,128,1,492.71,492.71,wallet,2026-04-29 06:47:05,completed,4
5134,866,451,1,80.61,80.61,cod,2026-07-10 21:53:35,completed,0
5135,610,32,4,300.44,1201.76,upi,2026-06-16 01:09:16,completed,3
5136,722,262,3,197.08,591.24,wallet,2026-07-14 09:13:39,completed,4
5137,841,29,2,222.34,444.68,credit_card,2026-03-03 09:54:47,completed,1
5138,376,290,3,185.82,557.46,debit_card,2026-03-02 16:40:00,completed,2
5139,333,104,4,17.9,71.6,debit_card,2026-03-23 08:52:45,completed,2
5140,93,337,3,105.37,316.11,credit_card,2026-06-19 23:40:04,completed,1
5141,334,56,3,249.97,749.91,cod,2026-02-20 14:53:33,completed,0
5142,98,232,4,209.31,837.24,cod,2026-03-08 22:01:33,completed,0
5143,587,102,2,494.75,989.5,credit_card,2026-06-29 16:26:54,completed,1
5144,922,386,3,368.98,1106.94,debit_card,2026-02-07 20:58:38,refunded,2
5145,133,98,2,194.45,388.9,wallet,2026-04-20 02:02:27,completed,4
5146,927,29,5,222.34,1111.7,cod,2026-03-18 20:29:27,completed,0
5147,756,336,4,252.0,1008.0,credit_card,2026-03-12 01:29:37,completed,1
5148,555,257,4,474.36,1897.44,upi,2026-03-10 14:23:08,completed,3
5149,935,221,4,422.94,1691.76,debit_card,2026-03-05 14:51:55,completed,2
5150,178,38,2,293.07,586.14,upi,2026-05-31 03:03:56,completed,3
5151,574,103,2,175.3,350.6,debit_card,2026-04-03 02:15:11,pending,2
5152,889,236,2,293.49,586.98,cod,2026-02-22 18:42:22,refunded,0
5153,60,410,5,195.74,978.7,cod,2026-06-13 03:47:48,completed,0
5154,462,209,2,19.26,38.52,cod,2026-03-13 19:10:13,completed,0
5155,110,69,5,250.59,1252.95,debit_card,2026-05-02 06:46:53,cancelled,2
5156,410,210,1,444.36,444.36,credit_card,2026-02-01 00:21:01,completed,1
5157,907,448,2,439.95,879.9,upi,2026-05-24 00:36:57,completed,3
5158,711,396,1,354.78,354.78,cod,2026-06-14 09:23:51,completed,0
5159,784,188,5,264.44,1322.2,debit_card,2026-07-16 20:22:39,completed,2
5160,465,183,3,318.58,955.74,wallet,2026-06-07 00:16:19,completed,4
5161,218,213,4,176.15,704.6,cod,2026-06-07 07:26:18,completed,0
5162,867,204,4,167.69,670.76,upi,2026-07-05 21:33:08,completed,3
5163,204,196,4,258.23,1032.92,wallet,2026-05-04 06:33:02,completed,4
5164,117,376,2,44.21,88.42,upi,2026-01-20 20:43:26,completed,3
5165,100,372,5,269.87,1349.35,cod,2026-06-13 23:48:43,completed,0
5166,459,478,2,305.95,611.9,wallet,2026-06-21 11:24:16,completed,4
5167,59,131,1,122.59,122.59,debit_card,2026-05-23 09:58:10,completed,2
5168,807,455,4,420.56,1682.24,upi,2026-03-07 01:48:28,pending,3
5169,143,251,3,114.49,343.47,debit_card,2026-02-27 20:22:36,completed,2
5170,789,421,4,368.46,1473.84,upi,2026-03-02 05:09:53,completed,3
5171,945,181,4,160.14,640.56,cod,2026-03-02 00:30:14,pending,0
5172,350,310,4,190.64,762.56,upi,2026-03-14 15:23:24,completed,3
5173,110,180,1,431.89,431.89,debit_card,2026-02-05 02:28:45,completed,2
5174,302,418,3,111.34,334.02,credit_card,2026-05-29 17:34:08,completed,1
5175,495,204,2,167.69,335.38,wallet,2026-03-05 12:29:30,completed,4
5176,399,20,1,279.68,279.68,cod,2026-04-22 22:05:04,completed,0
5177,609,294,5,303.0,1515.0,cod,2026-07-04 23:41:44,completed,0
5178,2,322,3,393.06,1179.18,wallet,2026-06-16 09:21:57,completed,4
5179,395,6,1,159.39,159.39,cod,2026-06-21 20:47:09,completed,0
5180,576,28,1,152.37,152.37,cod,2026-04-15 04:48:35,completed,0
5181,734,110,4,91.9,367.6,debit_card,2026-05-21 16:11:38,completed,2
5182,46,101,3,72.93,218.79,upi,2026-06-16 14:57:48,completed,3
5183,790,163,2,325.45,650.9,upi,2026-02-11 00:26:33,completed,3
5184,163,94,2,69.7,139.4,wallet,2026-05-12 16:45:52,completed,4
5185,463,374,3,189.95,569.85,cod,2026-03-11 22:09:05,completed,0
5186,584,265,4,193.8,775.2,cod,2026-04-14 14:28:27,completed,0
5187,722,402,2,164.69,329.38,wallet,2026-05-23 00:20:27,completed,4
5188,64,329,3,402.46,1207.38,cod,2026-05-08 09:48:34,completed,0
5189,698,462,3,92.65,277.95,wallet,2026-03-31 14:25:03,completed,4
5190,582,91,1,201.14,201.14,wallet,2026-02-03 10:48:27,completed,4
5191,644,279,3,421.69,1265.07,cod,2026-04-20 12:57:11,completed,0
5192,991,128,1,492.71,492.71,upi,2026-05-12 03:05:21,pending,3
5193,324,310,3,190.64,571.92,upi,2026-04-13 03:20:52,completed,3
5194,236,126,3,150.98,452.94,credit_card,2026-02-17 12:09:32,completed,1
5195,623,135,3,196.83,590.49,wallet,2026-05-01 04:49:43,refunded,4
5196,632,222,2,61.44,122.88,debit_card,2026-05-07 12:47:15,completed,2
5197,588,73,2,116.14,232.28,upi,2026-05-03 12:44:07,completed,3
5198,272,274,3,39.56,118.68,credit_card,2026-04-05 09:28:36,completed,1
5199,607,282,4,238.69,954.76,cod,2026-06-01 17:30:09,completed,0
5200,324,219,2,22.74,45.48,wallet,2026-01-25 23:43:06,cancelled,4
5201,43,357,1,234.56,234.56,credit_card,2026-05-04 10:08:11,completed,1
5202,604,225,3,101.98,305.94,debit_card,2026-07-11 03:09:12,completed,2
5203,922,158,5,412.64,2063.2,credit_card,2026-03-28 12:18:50,completed,1
5204,20,103,3,175.3,525.9,upi,2026-03-17 09:54:43,completed,3
5205,358,150,4,346.8,1387.2,cod,2026-01-26 02:20:57,cancelled,0
5206,602,460,2,239.55,479.1,cod,2026-03-14 20:58:27,completed,0
5207,143,320,2,473.13,946.26,upi,2026-04-27 22:22:22,completed,3
5208,873,335,2,240.89,481.78,debit_card,2026-02-24 21:33:59,completed,2
5209,371,358,2,287.96,575.92,debit_card,2026-02-10 07:13:52,completed,2
5210,427,116,4,355.06,1420.24,wallet,2026-06-13 03:33:38,completed,4
5211,599,59,5,38.43,192.15,cod,2026-07-10 07:07:37,completed,0
5212,100,185,3,13.87,41.61,debit_card,2026-07-14 11:57:35,completed,2
5213,633,365,2,370.11,740.22,debit_card,2026-02-16 20:32:07,completed,2
5214,728,264,4,464.38,1857.52,cod,2026-04-25 12:29:51,completed,0
5215,463,216,1,255.93,255.93,credit_card,2026-06-27 17:59:22,completed,1
5216,640,84,1,297.99,297.99,upi,2026-05-01 22:36:06,completed,3
5217,623,189,3,376.31,1128.93,debit_card,2026-06-25 03:40:51,completed,2
5218,867,420,4,120.33,481.32,cod,2026-03-04 17:55:44,completed,0
5219,986,324,5,179.8,899.0,credit_card,2026-07-13 17:05:57,completed,1
5220,223,357,5,234.56,1172.8,debit_card,2026-04-25 17:38:17,completed,2
5221,947,435,4,462.49,1849.96,debit_card,2026-02-21 17:35:59,completed,2
5222,225,60,3,146.81,440.43,debit_card,2026-02-24 05:29:16,completed,2
5223,600,217,2,232.25,464.5,debit_card,2026-03-03 08:13:23,completed,2
5224,392,124,2,441.48,882.96,upi,2026-04-15 17:23:00,completed,3
5225,927,131,5,122.59,612.95,upi,2026-06-07 10:22:12,completed,3
5226,139,152,5,486.39,2431.95,cod,2026-06-23 14:29:30,completed,0
5227,670,257,5,474.36,2371.8,credit_card,2026-07-01 08:50:00,completed,1
5228,741,191,5,357.0,1785.0,wallet,2026-05-13 15:45:05,completed,4
5229,168,184,3,269.22,807.66,debit_card,2026-07-08 16:15:15,completed,2
5230,810,288,4,441.37,1765.48,wallet,2026-04-15 12:41:16,pending,4
5231,149,110,3,91.9,275.7,cod,2026-04-12 21:24:05,pending,0
5232,608,159,4,246.95,987.8,wallet,2026-04-29 16:39:55,completed,4
5233,221,13,4,377.4,1509.6,cod,2026-03-17 15:27:03,completed,0
5234,266,259,4,415.23,1660.92,cod,2026-05-11 01:56:25,completed,0
5235,458,282,3,238.69,716.07,cod,2026-04-30 19:39:42,refunded,0
5236,834,61,4,322.07,1288.28,wallet,2026-02-22 05:13:16,completed,4
5237,597,61,3,322.07,966.21,debit_card,2026-06-22 19:07:08,cancelled,2
5238,942,128,4,492.71,1970.84,upi,2026-03-21 23:48:59,completed,3
5239,645,326,5,177.31,886.55,credit_card,2026-05-17 22:29:44,completed,1
5240,185,252,5,113.13,565.65,wallet,2026-05-28 07:09:24,completed,4
5241,51,208,1,402.12,402.12,wallet,2026-02-03 23:00:16,completed,4
5242,624,384,2,448.37,896.74,debit_card,2026-06-04 17:47:21,refunded,2
5243,360,327,3,230.11,690.33,upi,2026-04-16 23:11:43,completed,3
5244,880,143,5,132.65,663.25,credit_card,2026-04-17 14:02:58,completed,1
5245,406,154,2,457.15,914.3,cod,2026-04-01 09:24:57,completed,0
5246,973,8,4,27.12,108.48,credit_card,2026-03-03 00:10:53,completed,1
5247,558,306,2,213.24,426.48,upi,2026-06-19 19:16:07,completed,3
5248,868,496,2,168.6,337.2,credit_card,2026-03-31 22:39:34,completed,1
5249,555,77,5,284.08,1420.4,cod,2026-02-03 02:11:24,refunded,0
5250,824,470,2,165.11,330.22,credit_card,2026-05-14 10:42:58,completed,1
5251,389,198,4,151.2,604.8,credit_card,2026-03-02 13:41:20,refunded,1
5252,745,498,5,464.26,2321.3,cod,2026-06-09 07:36:00,pending,0
5253,660,375,2,85.82,171.64,cod,2026-04-30 18:45:36,completed,0
5254,137,316,3,203.28,609.84,debit_card,2026-02-13 15:42:21,completed,2
5255,526,127,2,444.53,889.06,wallet,2026-03-08 07:00:37,completed,4
5256,362,264,4,464.38,1857.52,credit_card,2026-02-05 03:16:33,completed,1
5257,794,224,3,448.95,1346.85,wallet,2026-04-29 20:35:25,pending,4
5258,444,328,5,255.59,1277.95,wallet,2026-02-15 21:42:38,completed,4
5259,747,169,2,383.91,767.82,wallet,2026-07-14 01:29:59,completed,4
5260,851,159,5,246.95,1234.75,debit_card,2026-07-03 02:44:54,completed,2
5261,859,421,5,368.46,1842.3,debit_card,2026-04-23 10:26:54,completed,2
5262,682,86,5,139.62,698.1,cod,2026-07-01 09:17:12,completed,0
5263,214,363,3,18.05,54.15,debit_card,2026-03-30 07:18:34,completed,2
5264,16,259,2,415.23,830.46,debit_card,2026-04-24 17:50:03,pending,2
5265,481,337,1,105.37,105.37,wallet,2026-05-13 02:22:20,completed,4
5266,391,65,3,306.37,919.11,debit_card,2026-02-18 18:02:57,completed,2
5267,651,322,2,393.06,786.12,upi,2026-02-17 22:03:29,completed,3
5268,3,268,4,74.98,299.92,upi,2026-07-11 21:39:41,completed,3
5269,359,459,1,423.84,423.84,debit_card,2026-04-13 10:48:47,refunded,2
5270,961,116,2,355.06,710.12,wallet,2026-05-30 17:49:47,completed,4
5271,154,188,3,264.44,793.32,cod,2026-05-10 01:52:10,completed,0
5272,141,391,4,188.84,755.36,credit_card,2026-02-23 22:31:37,completed,1
5273,70,368,5,230.99,1154.95,wallet,2026-06-12 05:08:35,completed,4
5274,843,16,1,177.22,177.22,credit_card,2026-07-09 00:33:18,completed,1
5275,542,12,3,227.54,682.62,wallet,2026-03-25 03:51:57,completed,4
5276,281,326,4,177.31,709.24,wallet,2026-07-02 11:27:28,completed,4
5277,212,443,3,434.37,1303.11,debit_card,2026-05-21 08:42:38,completed,2
5278,607,225,2,101.98,203.96,cod,2026-05-20 05:20:21,completed,0
5279,853,128,5,492.71,2463.55,upi,2026-03-22 22:03:17,completed,3
5280,854,348,5,403.02,2015.1,cod,2026-02-25 17:27:56,completed,0
5281,797,359,4,117.97,471.88,credit_card,2026-07-15 03:00:04,completed,1
5282,998,28,1,152.37,152.37,wallet,2026-04-23 17:24:21,completed,4
5283,992,248,1,300.46,300.46,debit_card,2026-04-17 12:12:13,completed,2
5284,753,27,5,381.2,1906.0,wallet,2026-06-15 22:16:46,completed,4
5285,269,500,3,484.96,1454.88,credit_card,2026-06-11 21:15:56,completed,1
5286,998,453,1,345.82,345.82,debit_card,2026-07-09 07:39:58,completed,2
5287,222,234,1,358.62,358.62,cod,2026-03-16 15:27:35,completed,0
5288,451,333,4,270.15,1080.6,credit_card,2026-02-16 03:20:42,cancelled,1
5289,301,15,2,483.13,966.26,debit_card,2026-03-31 21:55:29,completed,2
5290,100,450,5,480.5,2402.5,wallet,2026-04-02 13:05:13,cancelled,4
5291,717,218,3,161.45,484.35,debit_card,2026-04-04 05:02:05,completed,2
5292,964,44,2,51.2,102.4,credit_card,2026-04-28 12:22:48,completed,1
5293,378,62,2,44.12,88.24,wallet,2026-07-05 17:03:37,completed,4
5294,22,307,2,395.83,791.66,upi,2026-03-05 01:43:59,completed,3
5295,679,382,1,498.99,498.99,credit_card,2026-04-07 18:04:21,completed,1
5296,444,208,4,402.12,1608.48,credit_card,2026-03-02 21:15:22,completed,1
5297,769,22,4,408.53,1634.12,upi,2026-06-26 12:20:04,completed,3
5298,799,346,4,214.85,859.4,credit_card,2026-01-22 13:59:48,pending,1
5299,255,458,3,119.3,357.9,cod,2026-05-05 03:49:32,completed,0
5300,105,180,3,431.89,1295.67,wallet,2026-02-24 14:12:58,completed,4
5301,106,25,1,271.12,271.12,cod,2026-01-27 22:36:31,completed,0
5302,263,355,4,326.68,1306.72,cod,2026-06-29 22:51:32,completed,0
5303,65,117,5,192.3,961.5,wallet,2026-05-02 10:14:09,completed,4
5304,187,248,4,300.46,1201.84,debit_card,2026-04-24 05:24:43,pending,2
5305,879,235,1,348.68,348.68,cod,2026-06-06 22:39:42,completed,0
5306,415,28,1,152.37,152.37,cod,2026-02-01 17:01:39,completed,0
5307,675,72,1,185.17,185.17,credit_card,2026-05-24 10:46:50,completed,1
5308,192,405,2,313.87,627.74,wallet,2026-04-18 03:44:49,pending,4
5309,684,270,3,75.52,226.56,cod,2026-02-11 03:02:47,completed,0
5310,743,316,3,203.28,609.84,wallet,2026-03-07 00:21:17,pending,4
5311,17,109,1,283.99,283.99,wallet,2026-04-15 00:09:53,completed,4
5312,873,340,4,247.95,991.8,upi,2026-06-01 19:31:12,refunded,3
5313,785,32,3,300.44,901.32,cod,2026-04-02 12:26:08,completed,0
5314,220,186,1,68.82,68.82,debit_card,2026-07-12 03:44:50,completed,2
5315,251,114,3,353.75,1061.25,wallet,2026-05-06 10:43:27,completed,4
5316,647,320,3,473.13,1419.3899999999999,wallet,2026-04-02 17:46:47,completed,4
5317,828,163,1,325.45,325.45,cod,2026-07-19 17:09:57,completed,0
5318,237,262,4,197.08,788.32,wallet,2026-06-08 15:42:04,pending,4
5319,78,349,5,239.13,1195.65,credit_card,2026-03-03 07:47:14,completed,1
5320,245,181,3,160.14,480.42,credit_card,2026-05-24 14:06:09,completed,1
5321,302,237,5,263.75,1318.75,cod,2026-04-18 15:33:52,completed,0
5322,539,351,4,429.96,1719.84,cod,2026-03-18 20:52:43,completed,0
5323,788,380,5,144.65,723.25,upi,2026-07-05 14:46:18,completed,3
5324,499,93,5,55.44,277.2,cod,2026-07-02 17:33:39,completed,0
5325,355,77,3,284.08,852.24,credit_card,2026-02-15 10:31:05,pending,1
5326,272,22,3,408.53,1225.59,debit_card,2026-05-13 17:44:59,completed,2
5327,22,47,4,9.6,38.4,debit_card,2026-03-04 09:09:12,completed,2
5328,457,321,3,426.03,1278.09,upi,2026-05-11 21:10:58,completed,3
5329,732,39,4,398.86,1595.44,debit_card,2026-02-14 17:57:49,completed,2
5330,668,227,5,387.21,1936.05,cod,2026-05-20 00:02:53,completed,0
5331,566,338,2,460.49,920.98,debit_card,2026-03-27 03:24:48,completed,2
5332,519,73,4,116.14,464.56,credit_card,2026-04-27 12:16:17,completed,1
5333,940,147,5,393.94,1969.7,cod,2026-03-27 12:42:20,completed,0
5334,787,84,4,297.99,1191.96,credit_card,2026-07-19 13:08:11,completed,1
5335,430,255,2,363.37,726.74,upi,2026-02-23 15:24:59,completed,3
5336,24,93,4,55.44,221.76,debit_card,2026-02-26 16:38:34,completed,2
5337,448,158,4,412.64,1650.56,credit_card,2026-07-07 01:40:51,cancelled,1
5338,106,225,4,101.98,407.92,credit_card,2026-02-28 20:24:09,refunded,1
5339,484,285,5,93.68,468.4,credit_card,2026-03-13 18:38:18,completed,1
5340,333,178,3,434.41,1303.23,wallet,2026-06-05 19:37:05,pending,4
5341,23,300,1,416.03,416.03,debit_card,2026-02-10 04:51:04,cancelled,2
5342,688,365,3,370.11,1110.33,wallet,2026-04-28 07:54:46,completed,4
5343,22,180,4,431.89,1727.56,upi,2026-03-15 13:40:07,completed,3
5344,454,219,3,22.74,68.22,upi,2026-07-13 13:53:08,completed,3
5345,697,243,4,105.53,422.12,credit_card,2026-02-23 04:16:40,pending,1
5346,162,460,4,239.55,958.2,cod,2026-02-18 18:10:12,completed,0
5347,38,403,4,26.67,106.68,upi,2026-03-17 09:40:55,completed,3
5348,381,413,1,330.48,330.48,debit_card,2026-06-04 15:44:01,pending,2
5349,789,327,1,230.11,230.11,upi,2026-03-28 10:19:08,completed,3
5350,966,148,5,329.12,1645.6,cod,2026-02-14 02:21:03,refunded,0
5351,212,178,2,434.41,868.82,wallet,2026-06-08 18:13:45,pending,4
5352,41,189,3,376.31,1128.93,cod,2026-07-11 06:44:50,completed,0
5353,126,436,4,371.09,1484.36,cod,2026-02-13 04:07:56,completed,0
5354,840,194,1,106.72,106.72,debit_card,2026-05-11 23:38:05,completed,2
5355,7,92,1,476.29,476.29,cod,2026-06-12 10:19:07,pending,0
5356,892,272,3,148.87,446.61,upi,2026-04-09 16:53:43,completed,3
5357,293,62,3,44.12,132.36,credit_card,2026-02-10 06:17:50,completed,1
5358,912,416,3,183.2,549.6,upi,2026-07-19 02:01:34,completed,3
5359,578,340,4,247.95,991.8,cod,2026-04-18 18:20:55,completed,0
5360,925,365,3,370.11,1110.33,cod,2026-07-06 10:35:52,completed,0
5361,951,202,5,54.41,272.05,upi,2026-04-14 20:15:18,completed,3
5362,499,190,1,364.95,364.95,credit_card,2026-02-26 14:11:50,completed,1
5363,428,460,4,239.55,958.2,cod,2026-06-21 14:21:32,completed,0
5364,592,261,5,398.14,1990.7,wallet,2026-03-29 21:22:27,completed,4
5365,167,108,2,162.41,324.82,upi,2026-04-05 13:20:41,completed,3
5366,474,204,4,167.69,670.76,wallet,2026-05-20 08:48:49,pending,4
5367,56,392,1,172.52,172.52,wallet,2026-03-03 14:10:14,completed,4
5368,352,88,1,270.28,270.28,credit_card,2026-04-22 06:07:14,completed,1
5369,141,317,5,482.46,2412.3,debit_card,2026-05-04 03:17:56,completed,2
5370,229,449,2,174.18,348.36,wallet,2026-01-28 08:32:45,completed,4
5371,273,112,5,359.88,1799.4,debit_card,2026-06-25 10:50:21,completed,2
5372,840,488,3,493.66,1480.98,cod,2026-02-18 23:32:19,completed,0
5373,735,452,3,70.23,210.69,debit_card,2026-07-12 05:31:53,completed,2
5374,303,240,1,55.73,55.73,cod,2026-02-17 16:32:03,completed,0
5375,872,412,2,442.0,884.0,cod,2026-01-29 20:21:25,pending,0
5376,612,156,3,440.27,1320.81,credit_card,2026-06-11 22:44:30,completed,1
5377,364,251,3,114.49,343.47,upi,2026-01-27 05:50:44,completed,3
5378,474,223,2,415.79,831.58,credit_card,2026-06-12 02:08:50,pending,1
5379,364,451,2,80.61,161.22,credit_card,2026-02-21 21:54:22,completed,1
5380,681,149,2,204.47,408.94,credit_card,2026-04-22 16:23:32,refunded,1
5381,909,332,5,340.07,1700.35,upi,2026-06-12 12:15:11,completed,3
5382,235,142,5,214.57,1072.85,debit_card,2026-05-16 07:39:24,completed,2
5383,934,148,5,329.12,1645.6,wallet,2026-01-31 02:19:06,completed,4
5384,877,499,4,279.81,1119.24,wallet,2026-05-07 00:09:29,completed,4
5385,201,348,4,403.02,1612.08,cod,2026-07-01 05:12:12,completed,0
5386,852,104,3,17.9,53.7,wallet,2026-05-22 01:37:55,completed,4
5387,943,210,5,444.36,2221.8,wallet,2026-07-03 16:31:33,completed,4
5388,999,17,3,46.95,140.85,upi,2026-01-30 13:48:12,completed,3
5389,670,263,4,338.28,1353.12,credit_card,2026-05-22 20:27:25,completed,1
5390,953,356,3,246.31,738.93,cod,2026-06-29 06:00:05,refunded,0
5391,794,187,1,412.8,412.8,credit_card,2026-07-16 02:25:34,completed,1
5392,383,235,2,348.68,697.36,wallet,2026-03-13 15:49:48,completed,4
5393,274,192,1,29.05,29.05,wallet,2026-05-18 10:44:30,completed,4
5394,700,27,5,381.2,1906.0,wallet,2026-05-02 01:00:17,completed,4
5395,519,402,5,164.69,823.45,credit_card,2026-05-26 23:27:59,completed,1
5396,337,374,1,189.95,189.95,upi,2026-04-20 16:44:58,cancelled,3
5397,631,384,1,448.37,448.37,credit_card,2026-02-24 15:52:44,completed,1
5398,841,33,2,476.44,952.88,wallet,2026-04-28 17:49:56,pending,4
5399,341,238,1,137.15,137.15,credit_card,2026-04-19 04:58:00,completed,1
5400,269,337,2,105.37,210.74,cod,2026-06-07 10:36:49,completed,0
5401,780,151,4,172.24,688.96,cod,2026-03-09 16:48:25,completed,0
5402,37,278,3,388.51,1165.53,upi,2026-07-09 01:52:39,completed,3
5403,990,436,3,371.09,1113.27,cod,2026-03-02 02:15:39,pending,0
5404,876,407,5,401.5,2007.5,upi,2026-06-11 14:07:22,completed,3
5405,426,206,2,400.95,801.9,credit_card,2026-05-31 07:19:21,refunded,1
5406,231,421,4,368.46,1473.84,cod,2026-02-05 07:03:37,completed,0
5407,503,151,4,172.24,688.96,wallet,2026-07-12 09:11:22,cancelled,4
5408,546,114,5,353.75,1768.75,cod,2026-05-27 02:19:39,completed,0
5409,901,200,3,78.83,236.49,wallet,2026-06-16 21:37:02,completed,4
5410,494,84,4,297.99,1191.96,cod,2026-05-13 22:02:25,completed,0
5411,280,294,2,303.0,606.0,credit_card,2026-06-22 01:12:29,completed,1
5412,860,272,4,148.87,595.48,upi,2026-05-01 00:20:22,completed,3
5413,6,232,4,209.31,837.24,debit_card,2026-06-18 00:20:39,completed,2
5414,885,412,4,442.0,1768.0,cod,2026-04-14 22:43:15,completed,0
5415,874,318,2,220.51,441.02,upi,2026-05-18 18:02:53,completed,3
5416,838,258,4,336.82,1347.28,debit_card,2026-04-19 09:25:11,refunded,2
5417,172,347,1,228.11,228.11,debit_card,2026-03-05 18:07:12,completed,2
5418,921,374,2,189.95,379.9,debit_card,2026-05-09 04:11:40,completed,2
5419,213,334,4,202.47,809.88,debit_card,2026-05-18 12:28:10,completed,2
5420,363,488,4,493.66,1974.64,cod,2026-05-24 10:52:02,completed,0
5421,78,393,2,352.16,704.32,cod,2026-07-12 11:21:41,completed,0
5422,266,258,4,336.82,1347.28,debit_card,2026-05-08 08:12:20,completed,2
5423,660,496,4,168.6,674.4,credit_card,2026-06-09 21:31:36,completed,1
5424,435,443,5,434.37,2171.85,cod,2026-05-31 11:05:42,completed,0
5425,982,343,1,232.73,232.73,wallet,2026-01-26 09:13:29,completed,4
5426,419,210,2,444.36,888.72,cod,2026-06-17 12:19:37,pending,0
5427,84,266,4,113.83,455.32,upi,2026-06-07 18:36:57,completed,3
5428,521,210,5,444.36,2221.8,cod,2026-05-17 17:02:44,completed,0
5429,605,128,2,492.71,985.42,wallet,2026-05-03 09:48:27,cancelled,4
5430,420,290,5,185.82,929.1,wallet,2026-02-14 13:04:45,completed,4
5431,346,195,5,332.93,1664.65,wallet,2026-06-14 10:34:33,completed,4
5432,399,404,5,245.26,1226.3,debit_card,2026-02-17 08:53:53,completed,2
5433,708,291,4,260.6,1042.4,cod,2026-01-28 17:40:23,completed,0
5434,220,71,4,6.27,25.08,credit_card,2026-04-22 11:34:17,completed,1
5435,329,165,1,232.2,232.2,wallet,2026-03-31 23:37:21,pending,4
5436,735,173,2,423.48,846.96,cod,2026-01-29 19:43:49,completed,0
5437,946,186,2,68.82,137.64,wallet,2026-02-25 11:03:42,completed,4
5438,163,129,2,445.43,890.86,cod,2026-01-28 16:04:14,completed,0
5439,360,210,5,444.36,2221.8,debit_card,2026-04-15 18:54:52,completed,2
5440,718,207,3,490.88,1472.64,upi,2026-03-17 23:38:01,completed,3
5441,560,286,5,113.32,566.6,debit_card,2026-06-18 11:59:54,refunded,2
5442,82,215,3,42.06,126.18,credit_card,2026-05-31 07:42:52,completed,1
5443,257,9,5,465.31,2326.55,wallet,2026-02-05 08:07:45,refunded,4
5444,250,248,1,300.46,300.46,cod,2026-02-11 05:40:17,completed,0
5445,905,244,1,275.57,275.57,debit_card,2026-06-22 01:50:23,refunded,2
5446,53,499,2,279.81,559.62,credit_card,2026-06-02 02:38:29,completed,1
5447,121,387,2,468.43,936.86,cod,2026-02-15 09:57:49,pending,0
5448,261,194,5,106.72,533.6,debit_card,2026-03-08 04:30:16,completed,2
5449,469,158,3,412.64,1237.92,wallet,2026-04-15 05:32:02,completed,4
5450,622,113,4,295.37,1181.48,wallet,2026-05-28 05:06:01,completed,4
5451,3,224,1,448.95,448.95,upi,2026-05-27 23:04:41,completed,3
5452,438,412,3,442.0,1326.0,debit_card,2026-05-21 16:36:00,refunded,2
5453,154,444,1,452.42,452.42,wallet,2026-06-24 02:47:07,completed,4
5454,814,236,1,293.49,293.49,debit_card,2026-07-09 17:38:54,completed,2
5455,464,394,1,490.93,490.93,upi,2026-05-01 11:17:03,completed,3
5456,800,49,4,441.09,1764.36,credit_card,2026-06-05 21:12:29,completed,1
5457,781,226,3,359.81,1079.43,cod,2026-07-01 06:17:28,refunded,0
5458,588,307,3,395.83,1187.49,upi,2026-07-15 09:51:29,completed,3
5459,912,92,5,476.29,2381.45,credit_card,2026-02-05 19:37:30,completed,1
5460,411,72,2,185.17,370.34,credit_card,2026-05-12 04:01:22,completed,1
5461,17,117,4,192.3,769.2,credit_card,2026-05-18 07:25:02,pending,1
5462,183,321,4,426.03,1704.12,debit_card,2026-06-23 03:34:20,cancelled,2
5463,951,11,1,97.26,97.26,credit_card,2026-02-26 18:19:56,completed,1
5464,342,493,1,170.23,170.23,debit_card,2026-02-06 04:21:19,pending,2
5465,521,297,5,24.4,122.0,debit_card,2026-07-19 11:02:55,completed,2
5466,563,431,3,498.55,1495.65,upi,2026-04-14 23:07:50,completed,3
5467,341,387,4,468.43,1873.72,cod,2026-02-10 09:37:41,completed,0
5468,374,129,5,445.43,2227.15,upi,2026-04-06 21:02:38,completed,3
5469,833,27,2,381.2,762.4,debit_card,2026-03-02 17:09:48,refunded,2
5470,511,472,2,354.58,709.16,cod,2026-01-28 06:19:23,completed,0
5471,623,136,2,27.09,54.18,upi,2026-05-26 16:46:35,cancelled,3
5472,360,240,1,55.73,55.73,credit_card,2026-05-09 20:43:31,pending,1
5473,895,17,5,46.95,234.75,credit_card,2026-05-30 03:26:53,pending,1
5474,652,462,5,92.65,463.25,credit_card,2026-04-05 05:21:36,cancelled,1
5475,54,147,2,393.94,787.88,cod,2026-06-11 19:16:51,refunded,0
5476,974,394,5,490.93,2454.65,debit_card,2026-03-27 14:05:40,cancelled,2
5477,94,480,1,311.78,311.78,cod,2026-05-06 16:50:59,completed,0
5478,771,234,4,358.62,1434.48,wallet,2026-05-21 07:26:50,completed,4
5479,508,52,4,448.81,1795.24,credit_card,2026-03-10 01:29:38,completed,1
5480,195,460,1,239.55,239.55,credit_card,2026-07-03 04:34:52,pending,1
5481,343,199,3,121.08,363.24,credit_card,2026-05-03 08:40:14,completed,1
5482,64,314,4,290.94,1163.76,cod,2026-02-20 18:54:14,completed,0
5483,681,325,2,369.78,739.56,cod,2026-02-07 11:13:29,completed,0
5484,269,481,4,32.26,129.04,cod,2026-03-18 01:07:22,completed,0
5485,941,119,2,162.52,325.04,wallet,2026-02-25 23:12:54,completed,4
5486,709,65,2,306.37,612.74,cod,2026-02-06 13:22:08,completed,0
5487,938,388,1,321.07,321.07,cod,2026-03-27 16:31:46,completed,0
5488,837,311,4,81.62,326.48,credit_card,2026-07-10 01:37:28,completed,1
5489,646,97,4,30.07,120.28,wallet,2026-06-09 18:10:25,cancelled,4
5490,62,371,5,264.04,1320.2,upi,2026-03-11 08:05:40,pending,3
5491,398,232,4,209.31,837.24,debit_card,2026-04-17 13:54:56,completed,2
5492,619,398,4,84.37,337.48,credit_card,2026-02-09 08:53:25,completed,1
5493,874,323,2,123.43,246.86,wallet,2026-06-28 14:28:23,completed,4
5494,242,315,4,226.06,904.24,upi,2026-07-04 20:22:15,completed,3
5495,175,443,2,434.37,868.74,cod,2026-04-10 02:20:20,completed,0
5496,341,83,2,487.4,974.8,upi,2026-02-06 03:13:56,pending,3
5497,195,278,1,388.51,388.51,wallet,2026-03-12 08:11:08,completed,4
5498,107,179,1,73.0,73.0,wallet,2026-05-29 22:05:43,completed,4
5499,364,329,5,402.46,2012.3,cod,2026-02-27 04:05:17,pending,0
5500,247,35,4,357.14,1428.56,cod,2026-03-03 14:07:33,completed,0
5501,395,411,5,210.52,1052.6,credit_card,2026-07-01 03:31:14,pending,1
5502,459,447,5,180.91,904.55,cod,2026-06-12 23:37:21,completed,0
5503,115,482,1,152.73,152.73,wallet,2026-05-20 22:56:49,completed,4
5504,275,421,3,368.46,1105.38,credit_card,2026-05-16 17:54:32,completed,1
5505,206,376,5,44.21,221.05,debit_card,2026-02-19 22:38:27,completed,2
5506,601,364,2,81.86,163.72,wallet,2026-04-21 03:37:48,pending,4
5507,472,38,3,293.07,879.21,cod,2026-04-28 23:57:19,completed,0
5508,12,53,5,160.68,803.4,upi,2026-03-07 00:44:41,cancelled,3
5509,721,114,3,353.75,1061.25,cod,2026-05-22 10:12:24,completed,0
5510,916,293,5,259.7,1298.5,wallet,2026-04-20 18:03:26,completed,4
5511,389,5,2,243.97,487.94,cod,2026-04-28 09:41:14,completed,0
5512,909,480,1,311.78,311.78,credit_card,2026-04-16 02:02:29,completed,1
5513,203,154,5,457.15,2285.75,wallet,2026-05-24 07:39:25,completed,4
5514,159,11,5,97.26,486.3,debit_card,2026-07-11 04:48:30,pending,2
5515,713,66,4,352.24,1408.96,upi,2026-04-18 07:13:45,completed,3
5516,325,201,1,323.95,323.95,wallet,2026-06-19 03:57:12,completed,4
5517,796,314,1,290.94,290.94,cod,2026-06-30 11:31:30,completed,0
5518,11,441,5,31.28,156.4,wallet,2026-05-04 07:46:07,completed,4
5519,798,499,5,279.81,1399.05,debit_card,2026-03-18 00:05:25,pending,2
5520,604,9,5,465.31,2326.55,upi,2026-02-19 17:05:36,completed,3
5521,39,21,4,311.61,1246.44,upi,2026-05-21 04:38:17,refunded,3
5522,285,294,5,303.0,1515.0,debit_card,2026-07-09 14:25:57,completed,2
5523,332,132,4,183.61,734.44,debit_card,2026-05-28 21:52:38,completed,2
5524,497,284,5,253.57,1267.85,debit_card,2026-04-29 06:14:09,completed,2
5525,677,75,4,490.8,1963.2,wallet,2026-07-03 00:59:58,refunded,4
5526,681,389,3,318.29,954.87,credit_card,2026-04-15 18:39:39,completed,1
5527,975,113,2,295.37,590.74,credit_card,2026-06-13 23:27:51,pending,1
5528,291,489,5,424.66,2123.3,cod,2026-06-19 06:34:38,pending,0
5529,779,458,1,119.3,119.3,upi,2026-05-31 00:59:19,refunded,3
5530,398,433,4,185.81,743.24,credit_card,2026-05-26 10:15:56,completed,1
5531,50,462,2,92.65,185.3,cod,2026-03-06 00:30:33,pending,0
5532,214,458,2,119.3,238.6,credit_card,2026-04-30 05:46:11,completed,1
5533,872,95,3,133.12,399.36,wallet,2026-06-17 01:51:36,pending,4
5534,624,340,3,247.95,743.85,debit_card,2026-04-27 01:01:43,completed,2
5535,681,417,3,299.9,899.7,upi,2026-03-13 16:31:30,refunded,3
5536,834,281,4,205.54,822.16,credit_card,2026-05-05 20:36:21,pending,1
5537,165,112,5,359.88,1799.4,cod,2026-03-04 01:48:08,completed,0
5538,191,250,5,38.75,193.75,credit_card,2026-05-21 03:30:00,completed,1
5539,545,61,1,322.07,322.07,upi,2026-02-07 23:41:14,completed,3
5540,730,480,3,311.78,935.34,credit_card,2026-04-12 15:36:17,completed,1
5541,696,243,3,105.53,316.59,cod,2026-03-19 10:44:24,completed,0
5542,651,303,5,263.74,1318.7,credit_card,2026-06-20 14:09:41,completed,1
5543,545,68,3,404.52,1213.56,debit_card,2026-03-12 01:58:49,completed,2
5544,146,12,5,227.54,1137.7,wallet,2026-06-21 04:39:00,cancelled,4
5545,327,86,4,139.62,558.48,cod,2026-03-15 11:58:26,completed,0
5546,574,72,4,185.17,740.68,debit_card,2026-06-27 11:55:15,completed,2
5547,419,425,3,155.87,467.61,debit_card,2026-06-19 02:33:58,completed,2
5548,382,110,2,91.9,183.8,cod,2026-04-16 08:51:16,completed,0
5549,934,410,4,195.74,782.96,wallet,2026-06-06 07:15:25,completed,4
5550,914,472,2,354.58,709.16,upi,2026-04-30 22:18:42,completed,3
5551,462,271,2,337.13,674.26,credit_card,2026-03-24 17:32:08,completed,1
5552,22,465,5,228.55,1142.75,upi,2026-07-14 03:32:38,completed,3
5553,980,48,2,40.06,80.12,credit_card,2026-07-14 13:32:19,completed,1
5554,381,96,3,405.6,1216.8,wallet,2026-04-21 08:38:37,completed,4
5555,420,372,1,269.87,269.87,wallet,2026-02-23 16:14:21,completed,4
5556,83,83,5,487.4,2437.0,upi,2026-03-08 18:37:04,refunded,3
5557,497,49,3,441.09,1323.27,debit_card,2026-02-28 05:15:22,cancelled,2
5558,597,357,2,234.56,469.12,wallet,2026-04-30 23:55:10,completed,4
5559,610,363,3,18.05,54.150000000000006,wallet,2026-04-18 16:02:22,completed,4
5560,662,183,2,318.58,637.16,cod,2026-03-18 04:16:49,refunded,0
5561,895,219,2,22.74,45.48,debit_card,2026-02-04 16:21:42,pending,2
5562,100,82,3,26.73,80.19,cod,2026-05-12 10:15:42,completed,0
5563,589,480,5,311.78,1558.9,wallet,2026-02-16 03:36:15,cancelled,4
5564,249,298,3,260.74,782.22,debit_card,2026-03-04 08:09:45,completed,2
5565,433,203,3,215.87,647.61,debit_card,2026-01-28 09:11:30,completed,2
5566,730,435,3,462.49,1387.47,credit_card,2026-05-24 15:41:25,completed,1
5567,821,493,5,170.23,851.15,debit_card,2026-02-12 01:41:18,completed,2
5568,551,146,4,285.46,1141.84,wallet,2026-03-25 04:36:46,completed,4
5569,182,297,3,24.4,73.2,upi,2026-01-26 17:58:59,completed,3
5570,121,33,1,476.44,476.44,cod,2026-06-10 17:17:45,refunded,0
5571,370,214,2,32.01,64.02,credit_card,2026-06-23 10:10:31,completed,1
5572,94,486,5,71.6,358.0,debit_card,2026-04-01 23:13:40,completed,2
5573,645,5,4,243.97,975.88,debit_card,2026-04-13 19:56:07,completed,2
5574,863,406,5,360.33,1801.65,upi,2026-02-08 02:27:22,completed,3
5575,414,338,3,460.49,1381.47,upi,2026-05-29 00:00:39,completed,3
5576,92,116,2,355.06,710.12,upi,2026-07-07 20:40:54,pending,3
5577,393,289,3,418.26,1254.78,upi,2026-03-05 23:26:29,pending,3
5578,274,83,4,487.4,1949.6,wallet,2026-01-27 14:51:57,completed,4
5579,353,444,4,452.42,1809.68,upi,2026-06-05 03:36:27,pending,3
5580,844,290,2,185.82,371.64,debit_card,2026-07-01 23:20:44,completed,2
5581,7,480,2,311.78,623.56,credit_card,2026-05-05 14:20:21,completed,1
5582,243,170,4,362.04,1448.16,upi,2026-07-11 09:48:52,completed,3
5583,695,182,3,290.26,870.78,cod,2026-04-03 05:21:41,completed,0
5584,97,209,3,19.26,57.78,upi,2026-06-13 00:21:58,completed,3
5585,257,2,4,330.51,1322.04,cod,2026-02-27 22:07:39,completed,0
5586,51,266,3,113.83,341.49,credit_card,2026-05-25 14:09:02,completed,1
5587,936,133,4,17.74,70.96,credit_card,2026-01-29 03:10:09,completed,1
5588,991,258,3,336.82,1010.46,debit_card,2026-06-14 21:20:02,completed,2
5589,184,251,1,114.49,114.49,debit_card,2026-04-27 07:44:21,completed,2
5590,703,221,2,422.94,845.88,cod,2026-03-21 10:49:00,completed,0
5591,586,488,5,493.66,2468.3,debit_card,2026-05-04 13:41:20,completed,2
5592,451,401,1,410.43,410.43,debit_card,2026-06-11 03:16:47,completed,2
5593,669,341,2,376.33,752.66,upi,2026-05-29 16:31:00,completed,3
5594,337,86,1,139.62,139.62,credit_card,2026-03-21 07:25:27,completed,1
5595,164,289,1,418.26,418.26,debit_card,2026-06-01 06:39:32,completed,2
5596,289,171,4,197.2,788.8,wallet,2026-06-23 22:16:37,completed,4
5597,479,247,3,7.79,23.37,credit_card,2026-05-01 17:21:50,pending,1
5598,57,401,3,410.43,1231.29,cod,2026-06-08 01:17:36,completed,0
5599,253,345,5,122.38,611.9,upi,2026-05-21 11:23:12,completed,3
5600,990,456,3,155.16,465.48,upi,2026-06-02 01:06:43,completed,3
5601,355,480,5,311.78,1558.9,credit_card,2026-02-20 16:32:20,completed,1
5602,459,206,4,400.95,1603.8,wallet,2026-01-22 03:45:14,completed,4
5603,333,406,5,360.33,1801.65,cod,2026-03-12 21:13:03,completed,0
5604,363,182,1,290.26,290.26,debit_card,2026-04-27 02:52:56,completed,2
5605,255,309,3,207.28,621.84,credit_card,2026-03-27 14:46:38,completed,1
5606,64,481,1,32.26,32.26,wallet,2026-02-04 02:24:45,completed,4
5607,772,13,4,377.4,1509.6,credit_card,2026-05-31 03:37:15,completed,1
5608,762,479,4,223.73,894.92,upi,2026-04-18 15:45:22,completed,3
5609,716,91,3,201.14,603.42,cod,2026-05-12 02:28:59,completed,0
5610,252,371,1,264.04,264.04,cod,2026-01-25 03:52:52,completed,0
5611,314,217,5,232.25,1161.25,cod,2026-06-25 15:46:32,completed,0
5612,111,44,5,51.2,256.0,debit_card,2026-05-02 13:36:03,completed,2
5613,428,18,3,95.61,286.83,credit_card,2026-02-15 23:46:54,completed,1
5614,2,362,2,87.62,175.24,wallet,2026-04-15 04:58:31,completed,4
5615,828,230,4,305.05,1220.2,upi,2026-05-30 06:28:09,completed,3
5616,302,176,2,133.98,267.96,credit_card,2026-03-21 14:43:14,refunded,1
5617,771,260,1,232.32,232.32,wallet,2026-06-12 19:23:46,completed,4
5618,46,128,5,492.71,2463.55,debit_card,2026-05-30 16:37:04,pending,2
5619,329,462,3,92.65,277.95,upi,2026-02-04 01:04:48,refunded,3
5620,51,111,2,14.86,29.72,debit_card,2026-02-24 15:09:02,completed,2
5621,440,418,2,111.34,222.68,upi,2026-04-26 18:07:28,refunded,3
5622,918,314,4,290.94,1163.76,cod,2026-07-18 05:38:19,completed,0
5623,883,319,4,23.69,94.76,cod,2026-03-16 05:45:42,completed,0
5624,217,216,3,255.93,767.79,cod,2026-05-08 23:37:28,completed,0
5625,416,284,2,253.57,507.14,credit_card,2026-07-17 16:07:16,completed,1
5626,51,191,4,357.0,1428.0,credit_card,2026-06-26 19:22:21,completed,1
5627,311,446,5,155.94,779.7,credit_card,2026-06-19 09:30:43,refunded,1
5628,823,164,4,403.52,1614.08,upi,2026-04-19 18:53:17,completed,3
5629,662,257,3,474.36,1423.08,cod,2026-05-04 12:49:49,pending,0
5630,568,30,1,431.22,431.22,cod,2026-04-04 09:16:46,completed,0
5631,700,379,1,97.96,97.96,wallet,2026-02-09 11:31:08,cancelled,4
5632,567,69,1,250.59,250.59,wallet,2026-03-07 09:08:27,completed,4
5633,644,216,4,255.93,1023.72,credit_card,2026-03-10 17:52:50,completed,1
5634,801,356,3,246.31,738.93,credit_card,2026-03-09 19:01:54,completed,1
5635,542,247,1,7.79,7.79,cod,2026-01-29 05:45:33,completed,0
5636,191,196,3,258.23,774.69,debit_card,2026-02-03 08:02:03,refunded,2
5637,182,163,3,325.45,976.35,upi,2026-04-22 10:46:20,completed,3
5638,42,4,4,198.61,794.44,credit_card,2026-04-13 03:27:36,completed,1
5639,960,289,3,418.26,1254.78,debit_card,2026-07-10 00:57:54,completed,2
5640,905,417,2,299.9,599.8,wallet,2026-03-26 03:30:05,completed,4
5641,850,166,2,8.64,17.28,debit_card,2026-04-16 16:30:32,completed,2
5642,993,98,1,194.45,194.45,upi,2026-04-08 06:02:26,completed,3
5643,881,421,4,368.46,1473.84,wallet,2026-02-20 09:51:21,completed,4
5644,245,387,3,468.43,1405.29,credit_card,2026-02-24 00:07:51,completed,1
5645,386,335,1,240.89,240.89,cod,2026-05-12 10:06:03,completed,0
5646,51,291,2,260.6,521.2,debit_card,2026-04-07 10:46:38,completed,2
5647,897,98,3,194.45,583.35,credit_card,2026-03-14 06:20:42,completed,1
5648,311,117,3,192.3,576.9,wallet,2026-07-07 14:59:05,completed,4
5649,304,206,1,400.95,400.95,debit_card,2026-03-31 18:31:26,completed,2
5650,59,429,2,202.27,404.54,upi,2026-05-10 16:19:45,completed,3
5651,657,270,2,75.52,151.04,cod,2026-03-06 13:33:55,completed,0
5652,27,436,5,371.09,1855.45,credit_card,2026-06-23 04:49:04,completed,1
5653,19,107,3,180.63,541.89,debit_card,2026-05-11 19:53:02,completed,2
5654,935,17,1,46.95,46.95,upi,2026-02-14 20:43:54,completed,3
5655,814,489,3,424.66,1273.98,cod,2026-02-01 15:59:59,completed,0
5656,108,435,2,462.49,924.98,wallet,2026-02-10 05:13:20,completed,4
5657,924,81,3,491.64,1474.92,credit_card,2026-06-19 18:11:19,completed,1
5658,583,446,3,155.94,467.82,debit_card,2026-05-14 22:24:19,completed,2
5659,310,397,3,97.38,292.14,debit_card,2026-03-14 21:01:55,completed,2
5660,174,95,2,133.12,266.24,wallet,2026-07-11 01:31:29,completed,4
5661,205,146,4,285.46,1141.84,debit_card,2026-01-30 23:32:30,completed,2
5662,267,269,1,473.75,473.75,cod,2026-06-01 23:48:29,completed,0
5663,92,432,1,165.09,165.09,debit_card,2026-05-16 21:24:09,completed,2
5664,979,98,5,194.45,972.25,upi,2026-05-03 06:15:08,completed,3
5665,256,483,4,84.86,339.44,credit_card,2026-04-10 00:58:55,completed,1
5666,380,132,3,183.61,550.83,cod,2026-03-07 18:54:59,completed,0
5667,46,286,1,113.32,113.32,credit_card,2026-06-13 12:41:01,completed,1
5668,588,383,4,32.74,130.96,credit_card,2026-04-21 12:48:34,completed,1
5669,922,372,3,269.87,809.61,cod,2026-02-15 05:36:22,completed,0
5670,466,440,3,26.52,79.56,debit_card,2026-04-19 06:19:57,completed,2
5671,412,191,2,357.0,714.0,cod,2026-06-21 06:49:56,completed,0
5672,786,142,5,214.57,1072.85,upi,2026-03-05 20:01:12,completed,3
5673,93,409,3,472.58,1417.74,credit_card,2026-07-15 19:02:14,completed,1
5674,730,56,3,249.97,749.91,cod,2026-07-08 09:46:09,completed,0
5675,269,177,3,292.25,876.75,debit_card,2026-05-03 03:07:40,cancelled,2
5676,6,205,3,95.52,286.56,credit_card,2026-07-14 13:57:19,completed,1
5677,116,136,4,27.09,108.36,debit_card,2026-02-06 14:52:55,completed,2
5678,754,111,1,14.86,14.86,wallet,2026-04-16 16:53:09,completed,4
5679,87,459,5,423.84,2119.2,credit_card,2026-06-28 23:02:03,completed,1
5680,836,232,4,209.31,837.24,upi,2026-05-15 02:04:22,completed,3
5681,7,207,3,490.88,1472.64,debit_card,2026-04-29 19:06:17,completed,2
5682,364,154,2,457.15,914.3,wallet,2026-04-30 19:50:22,completed,4
5683,150,338,1,460.49,460.49,cod,2026-05-23 21:46:33,refunded,0
5684,490,96,3,405.6,1216.8,debit_card,2026-01-23 11:39:35,completed,2
5685,366,312,2,284.51,569.02,cod,2026-01-30 17:07:56,completed,0
5686,76,475,4,385.73,1542.92,upi,2026-03-20 09:46:01,completed,3
5687,728,467,5,98.98,494.9,cod,2026-01-22 00:33:23,completed,0
5688,743,214,3,32.01,96.03,wallet,2026-06-26 05:25:13,completed,4
5689,618,372,5,269.87,1349.35,cod,2026-07-04 21:33:47,completed,0
5690,135,269,3,473.75,1421.25,upi,2026-01-26 03:43:16,refunded,3
5691,173,107,3,180.63,541.89,debit_card,2026-03-06 13:42:51,completed,2
5692,122,224,4,448.95,1795.8,wallet,2026-05-15 14:34:18,completed,4
5693,998,71,3,6.27,18.81,debit_card,2026-07-03 01:45:05,pending,2
5694,335,391,1,188.84,188.84,credit_card,2026-01-29 01:41:34,completed,1
5695,633,237,5,263.75,1318.75,cod,2026-06-20 08:56:33,completed,0
5696,144,133,1,17.74,17.74,credit_card,2026-05-14 11:19:34,cancelled,1
5697,787,250,5,38.75,193.75,upi,2026-07-05 22:41:42,completed,3
5698,897,128,2,492.71,985.42,credit_card,2026-04-01 18:26:18,completed,1
5699,856,59,5,38.43,192.15,cod,2026-02-17 17:41:28,completed,0
5700,603,153,4,365.76,1463.04,credit_card,2026-05-23 12:54:41,pending,1
5701,680,252,5,113.13,565.65,cod,2026-07-02 13:24:35,completed,0
5702,393,137,4,35.51,142.04,debit_card,2026-07-18 20:13:46,completed,2
5703,563,428,3,171.4,514.2,upi,2026-05-07 00:36:12,completed,3
5704,33,77,2,284.08,568.16,cod,2026-05-23 20:06:57,completed,0
5705,299,461,4,463.09,1852.36,upi,2026-06-04 10:55:08,cancelled,3
5706,366,275,3,331.41,994.23,cod,2026-01-21 18:42:31,completed,0
5707,90,121,1,411.72,411.72,debit_card,2026-06-22 11:28:01,completed,2
5708,577,279,4,421.69,1686.76,cod,2026-04-19 11:37:54,completed,0
5709,417,296,3,125.62,376.86,cod,2026-06-28 16:01:08,completed,0
5710,730,466,3,200.83,602.49,cod,2026-04-29 09:58:22,completed,0
5711,895,186,3,68.82,206.46,upi,2026-05-07 22:40:06,pending,3
5712,289,188,1,264.44,264.44,cod,2026-07-07 17:01:19,completed,0
5713,914,194,4,106.72,426.88,credit_card,2026-06-29 18:54:00,completed,1
5714,159,392,3,172.52,517.56,credit_card,2026-05-23 21:22:24,completed,1
5715,594,52,5,448.81,2244.05,upi,2026-04-23 21:14:30,completed,3
5716,937,280,4,365.08,1460.32,credit_card,2026-06-08 08:26:29,completed,1
5717,673,414,3,277.29,831.87,wallet,2026-05-11 01:29:09,completed,4
5718,755,171,1,197.2,197.2,credit_card,2026-06-27 12:42:57,completed,1
5719,724,115,2,164.69,329.38,wallet,2026-02-05 10:19:07,completed,4
5720,122,349,3,239.13,717.39,debit_card,2026-02-06 14:16:57,completed,2
5721,601,48,5,40.06,200.3,upi,2026-05-16 15:43:04,pending,3
5722,658,215,1,42.06,42.06,cod,2026-03-13 19:51:29,completed,0
5723,276,154,2,457.15,914.3,credit_card,2026-05-08 20:25:45,completed,1
5724,58,283,2,367.95,735.9,debit_card,2026-03-04 22:29:30,completed,2
5725,786,347,1,228.11,228.11,credit_card,2026-07-05 01:44:24,completed,1
5726,564,413,1,330.48,330.48,upi,2026-07-17 16:53:25,pending,3
5727,510,118,5,474.65,2373.25,cod,2026-03-16 05:08:23,completed,0
5728,164,108,5,162.41,812.05,wallet,2026-07-03 18:06:26,completed,4
5729,518,131,2,122.59,245.18,cod,2026-04-12 04:36:44,completed,0
5730,986,245,1,491.81,491.81,wallet,2026-05-07 15:14:15,completed,4
5731,552,111,5,14.86,74.3,wallet,2026-02-18 18:18:33,completed,4
5732,276,62,4,44.12,176.48,cod,2026-01-27 13:25:29,cancelled,0
5733,144,367,1,467.75,467.75,wallet,2026-04-01 11:47:21,cancelled,4
5734,908,281,1,205.54,205.54,debit_card,2026-05-26 21:06:50,refunded,2
5735,904,282,1,238.69,238.69,wallet,2026-05-20 20:32:46,refunded,4
5736,846,302,3,39.08,117.24,cod,2026-03-06 03:04:53,completed,0
5737,514,450,5,480.5,2402.5,upi,2026-03-11 20:27:43,completed,3
5738,45,75,2,490.8,981.6,debit_card,2026-02-11 16:17:11,refunded,2
5739,859,40,5,164.82,824.1,upi,2026-06-22 17:13:20,completed,3
5740,160,317,3,482.46,1447.38,wallet,2026-02-22 22:35:15,completed,4
5741,319,150,1,346.8,346.8,wallet,2026-03-02 03:49:19,completed,4
5742,26,321,5,426.03,2130.15,debit_card,2026-02-14 04:27:47,completed,2
5743,127,116,1,355.06,355.06,credit_card,2026-04-27 19:58:10,completed,1
5744,278,284,4,253.57,1014.28,credit_card,2026-02-03 02:21:32,pending,1
5745,286,170,2,362.04,724.08,credit_card,2026-02-06 22:09:36,completed,1
5746,830,300,1,416.03,416.03,wallet,2026-07-03 15:18:49,completed,4
5747,55,232,2,209.31,418.62,debit_card,2026-05-18 05:44:26,completed,2
5748,698,223,1,415.79,415.79,wallet,2026-06-30 10:45:14,completed,4
5749,740,71,4,6.27,25.08,upi,2026-04-17 20:13:21,completed,3
5750,999,136,3,27.09,81.27,credit_card,2026-03-17 15:14:25,completed,1
5751,584,427,4,254.84,1019.36,wallet,2026-05-14 07:42:02,completed,4
5752,288,226,5,359.81,1799.05,wallet,2026-02-03 02:08:05,completed,4
5753,596,333,2,270.15,540.3,debit_card,2026-06-09 15:54:38,completed,2
5754,804,243,4,105.53,422.12,debit_card,2026-07-18 14:07:47,completed,2
5755,585,411,2,210.52,421.04,cod,2026-05-30 17:39:40,refunded,0
5756,373,311,5,81.62,408.1,debit_card,2026-03-14 10:59:07,completed,2
5757,742,472,2,354.58,709.16,upi,2026-06-14 22:30:11,completed,3
5758,515,123,2,28.83,57.66,credit_card,2026-06-11 05:13:42,completed,1
5759,166,114,1,353.75,353.75,cod,2026-04-23 15:35:40,completed,0
5760,133,106,1,330.15,330.15,credit_card,2026-03-29 16:17:49,completed,1
5761,395,86,2,139.62,279.24,cod,2026-06-24 07:02:00,pending,0
5762,852,200,2,78.83,157.66,debit_card,2026-06-16 10:18:19,completed,2
5763,197,374,5,189.95,949.75,upi,2026-01-29 16:41:13,completed,3
5764,719,393,4,352.16,1408.64,debit_card,2026-07-16 02:59:15,pending,2
5765,564,319,4,23.69,94.76,debit_card,2026-04-30 08:22:55,completed,2
5766,914,123,5,28.83,144.15,wallet,2026-07-07 07:26:26,pending,4
5767,631,24,4,20.28,81.12,cod,2026-01-22 11:51:58,completed,0
5768,746,365,3,370.11,1110.33,wallet,2026-02-11 18:21:13,completed,4
5769,611,181,2,160.14,320.28,upi,2026-05-31 10:19:10,completed,3
5770,240,77,4,284.08,1136.32,debit_card,2026-05-03 20:01:11,completed,2
5771,726,461,3,463.09,1389.27,debit_card,2026-04-13 06:31:57,completed,2
5772,761,103,4,175.3,701.2,wallet,2026-05-15 15:49:00,completed,4
5773,182,110,2,91.9,183.8,upi,2026-05-23 02:20:12,completed,3
5774,56,126,2,150.98,301.96,cod,2026-05-14 18:11:05,completed,0
5775,873,319,2,23.69,47.38,debit_card,2026-06-30 03:16:46,completed,2
5776,806,61,5,322.07,1610.35,upi,2026-06-15 04:02:47,completed,3
5777,363,363,5,18.05,90.25,upi,2026-02-23 05:07:07,completed,3
5778,924,165,5,232.2,1161.0,upi,2026-06-27 09:02:28,completed,3
5779,62,178,2,434.41,868.82,wallet,2026-05-07 18:36:45,pending,4
5780,971,184,3,269.22,807.66,upi,2026-06-04 10:41:27,cancelled,3
5781,999,365,5,370.11,1850.55,wallet,2026-02-25 07:42:55,completed,4
5782,451,430,3,103.06,309.18,cod,2026-04-07 02:11:30,completed,0
5783,617,64,1,33.66,33.66,credit_card,2026-01-26 12:27:57,completed,1
5784,303,334,3,202.47,607.41,debit_card,2026-05-14 18:07:30,completed,2
5785,678,243,4,105.53,422.12,wallet,2026-07-15 14:48:29,refunded,4
5786,945,7,1,53.32,53.32,debit_card,2026-05-01 00:19:37,completed,2
5787,430,464,3,307.69,923.07,credit_card,2026-04-27 18:41:01,completed,1
5788,656,348,4,403.02,1612.08,cod,2026-05-06 03:28:04,pending,0
5789,892,380,4,144.65,578.6,cod,2026-05-24 02:15:40,completed,0
5790,759,42,2,13.06,26.12,debit_card,2026-05-08 16:46:10,pending,2
5791,976,291,4,260.6,1042.4,credit_card,2026-06-06 06:10:04,completed,1
5792,299,276,2,88.48,176.96,cod,2026-04-04 18:18:11,completed,0
5793,468,394,3,490.93,1472.79,debit_card,2026-03-06 20:14:51,completed,2
5794,467,30,1,431.22,431.22,upi,2026-05-11 18:29:59,cancelled,3
5795,98,448,3,439.95,1319.85,cod,2026-05-21 12:55:28,completed,0
5796,994,126,5,150.98,754.9,wallet,2026-04-13 12:39:36,completed,4
5797,468,194,2,106.72,213.44,debit_card,2026-03-28 12:36:04,completed,2
5798,682,179,3,73.0,219.0,upi,2026-02-20 09:45:46,cancelled,3
5799,27,227,5,387.21,1936.05,wallet,2026-01-21 08:03:30,pending,4
5800,497,165,1,232.2,232.2,debit_card,2026-07-07 10:37:44,completed,2
5801,750,227,5,387.21,1936.05,upi,2026-06-26 03:12:18,completed,3
5802,143,259,3,415.23,1245.69,wallet,2026-07-05 12:01:11,completed,4
5803,680,40,5,164.82,824.1,cod,2026-07-09 14:24:52,refunded,0
5804,442,235,5,348.68,1743.4,cod,2026-04-29 16:53:27,completed,0
5805,593,422,2,410.66,821.32,debit_card,2026-05-19 06:23:41,completed,2
5806,937,274,5,39.56,197.8,wallet,2026-04-08 13:33:50,completed,4
5807,246,13,3,377.4,1132.2,credit_card,2026-06-03 15:56:52,completed,1
5808,182,280,5,365.08,1825.4,credit_card,2026-02-22 21:18:32,completed,1
5809,954,294,1,303.0,303.0,debit_card,2026-02-16 04:09:06,completed,2
5810,842,329,3,402.46,1207.38,wallet,2026-05-31 02:43:39,completed,4
5811,80,127,1,444.53,444.53,wallet,2026-04-11 00:18:24,completed,4
5812,863,450,4,480.5,1922.0,debit_card,2026-02-22 03:45:36,completed,2
5813,615,488,3,493.66,1480.98,credit_card,2026-07-04 03:34:16,completed,1
5814,574,374,3,189.95,569.85,debit_card,2026-06-19 20:56:07,cancelled,2
5815,550,233,2,357.38,714.76,upi,2026-05-16 19:26:19,completed,3
5816,376,373,3,384.11,1152.33,upi,2026-05-14 16:56:48,completed,3
5817,466,7,4,53.32,213.28,cod,2026-02-11 09:17:26,completed,0
5818,197,283,4,367.95,1471.8,credit_card,2026-03-03 06:08:36,cancelled,1
5819,89,363,2,18.05,36.1,credit_card,2026-06-11 14:03:53,completed,1
5820,518,55,2,261.29,522.58,wallet,2026-05-17 12:32:45,completed,4
5821,477,97,1,30.07,30.07,upi,2026-05-29 02:28:19,completed,3
5822,205,412,4,442.0,1768.0,upi,2026-07-18 11:38:34,completed,3
5823,677,14,4,186.07,744.28,upi,2026-07-13 23:56:54,pending,3
5824,670,105,2,267.07,534.14,wallet,2026-06-01 11:43:20,completed,4
5825,1000,362,2,87.62,175.24,debit_card,2026-05-27 21:21:12,pending,2
5826,149,204,4,167.69,670.76,wallet,2026-07-04 22:45:56,completed,4
5827,955,100,2,208.94,417.88,debit_card,2026-01-31 12:43:18,completed,2
5828,353,202,2,54.41,108.82,cod,2026-05-20 12:59:29,completed,0
5829,388,76,3,167.01,501.03,cod,2026-04-07 23:00:35,completed,0
5830,960,126,3,150.98,452.94,debit_card,2026-05-28 11:30:38,completed,2
5831,690,499,2,279.81,559.62,cod,2026-05-25 18:22:14,completed,0
5832,397,115,1,164.69,164.69,wallet,2026-06-09 02:02:25,completed,4
5833,806,64,2,33.66,67.32,wallet,2026-07-05 08:18:27,cancelled,4
5834,181,371,5,264.04,1320.2,wallet,2026-03-28 20:10:59,completed,4
5835,826,54,1,302.49,302.49,wallet,2026-02-16 20:15:14,refunded,4
5836,913,486,2,71.6,143.2,credit_card,2026-02-04 21:54:30,completed,1
5837,964,395,2,346.18,692.36,wallet,2026-02-11 09:31:55,completed,4
5838,840,80,2,5.72,11.44,upi,2026-07-02 08:19:34,completed,3
5839,514,444,2,452.42,904.84,upi,2026-07-06 03:33:28,completed,3
5840,738,144,2,201.69,403.38,credit_card,2026-06-23 06:21:11,completed,1
5841,789,10,4,168.84,675.36,wallet,2026-07-06 08:17:59,completed,4
5842,666,92,4,476.29,1905.16,upi,2026-05-28 07:56:04,completed,3
5843,939,371,5,264.04,1320.2,wallet,2026-06-17 00:29:43,completed,4
5844,979,452,1,70.23,70.23,wallet,2026-06-12 14:59:33,completed,4
5845,850,328,5,255.59,1277.95,credit_card,2026-01-25 16:41:06,pending,1
5846,281,353,3,183.68,551.04,cod,2026-04-17 20:25:45,pending,0
5847,334,340,3,247.95,743.85,cod,2026-05-19 00:31:13,completed,0
5848,457,312,3,284.51,853.53,cod,2026-07-15 23:38:49,completed,0
5849,916,408,4,412.7,1650.8,upi,2026-05-03 08:08:11,completed,3
5850,341,292,3,8.27,24.81,debit_card,2026-02-03 21:01:16,completed,2
5851,222,425,3,155.87,467.61,cod,2026-04-01 09:19:05,completed,0
5852,424,134,4,157.63,630.52,cod,2026-05-25 20:48:38,completed,0
5853,547,427,2,254.84,509.68,wallet,2026-04-19 13:41:18,refunded,4
5854,840,332,3,340.07,1020.21,upi,2026-05-28 01:24:47,pending,3
5855,644,107,3,180.63,541.89,credit_card,2026-02-01 05:16:19,completed,1
5856,528,139,3,212.22,636.66,wallet,2026-06-29 22:23:28,completed,4
5857,709,354,5,65.01,325.05,debit_card,2026-03-18 10:45:11,pending,2
5858,972,237,4,263.75,1055.0,debit_card,2026-02-06 15:17:53,pending,2
5859,634,139,4,212.22,848.88,upi,2026-02-15 21:27:50,pending,3
5860,781,57,1,493.51,493.51,debit_card,2026-04-13 12:41:02,completed,2
5861,752,88,1,270.28,270.28,credit_card,2026-03-29 19:42:12,completed,1
5862,484,26,4,61.04,244.16,credit_card,2026-07-16 17:55:04,completed,1
5863,518,149,3,204.47,613.41,cod,2026-04-28 01:21:10,cancelled,0
5864,136,466,2,200.83,401.66,debit_card,2026-04-07 01:07:25,completed,2
5865,584,344,3,54.87,164.61,credit_card,2026-06-26 12:13:38,completed,1
5866,62,388,3,321.07,963.21,credit_card,2026-05-29 17:18:45,pending,1
5867,55,169,3,383.91,1151.73,wallet,2026-04-17 14:03:27,completed,4
5868,221,267,2,340.26,680.52,upi,2026-05-03 12:30:17,completed,3
5869,527,40,3,164.82,494.46,cod,2026-04-24 10:44:14,completed,0
5870,462,180,2,431.89,863.78,debit_card,2026-07-09 18:41:50,completed,2
5871,245,283,5,367.95,1839.75,credit_card,2026-02-15 00:15:20,completed,1
5872,896,89,2,136.18,272.36,upi,2026-06-06 22:43:03,completed,3
5873,401,199,1,121.08,121.08,cod,2026-03-19 05:17:22,pending,0
5874,162,426,2,350.4,700.8,debit_card,2026-02-21 05:50:38,completed,2
5875,669,73,4,116.14,464.56,debit_card,2026-03-06 13:48:04,cancelled,2
5876,1,395,1,346.18,346.18,upi,2026-02-20 13:31:46,refunded,3
5877,446,284,2,253.57,507.14,wallet,2026-01-24 06:33:59,completed,4
5878,688,180,5,431.89,2159.45,upi,2026-01-25 03:22:09,completed,3
5879,862,223,5,415.79,2078.95,wallet,2026-02-23 20:05:03,completed,4
5880,893,12,5,227.54,1137.7,credit_card,2026-05-16 17:22:10,completed,1
5881,814,330,4,283.77,1135.08,debit_card,2026-03-22 10:54:03,completed,2
5882,791,232,5,209.31,1046.55,credit_card,2026-04-05 16:47:44,pending,1
5883,988,236,2,293.49,586.98,wallet,2026-04-04 20:31:20,completed,4
5884,849,405,1,313.87,313.87,cod,2026-05-19 11:16:56,completed,0
5885,902,224,2,448.95,897.9,cod,2026-04-08 02:58:20,pending,0
5886,628,184,3,269.22,807.66,credit_card,2026-06-16 12:32:17,completed,1
5887,502,46,2,5.54,11.08,debit_card,2026-04-11 02:35:09,pending,2
5888,232,160,5,419.64,2098.2,cod,2026-03-26 22:35:43,completed,0
5889,142,347,4,228.11,912.44,upi,2026-07-05 15:59:08,pending,3
5890,730,432,1,165.09,165.09,cod,2026-01-21 09:52:49,completed,0
5891,971,105,4,267.07,1068.28,credit_card,2026-02-22 12:06:54,completed,1
5892,222,99,1,143.53,143.53,upi,2026-05-09 18:31:12,completed,3
5893,406,21,5,311.61,1558.05,debit_card,2026-06-03 05:48:41,completed,2
5894,76,83,5,487.4,2437.0,wallet,2026-04-05 11:31:53,completed,4
5895,65,62,1,44.12,44.12,debit_card,2026-02-24 21:50:15,completed,2
5896,964,221,5,422.94,2114.7,debit_card,2026-05-11 13:04:16,completed,2
5897,289,285,4,93.68,374.72,upi,2026-04-28 12:59:57,cancelled,3
5898,696,157,5,21.37,106.85,credit_card,2026-02-10 11:08:38,completed,1
5899,176,454,2,458.97,917.94,cod,2026-07-13 14:50:59,completed,0
5900,437,43,5,495.96,2479.8,cod,2026-03-10 12:29:46,pending,0
5901,551,170,5,362.04,1810.2,cod,2026-03-18 01:13:44,completed,0
5902,114,192,1,29.05,29.05,upi,2026-03-03 15:04:35,completed,3
5903,650,228,3,267.53,802.59,credit_card,2026-03-28 03:14:44,pending,1
5904,827,198,5,151.2,756.0,wallet,2026-03-10 12:40:04,completed,4
5905,677,49,4,441.09,1764.36,credit_card,2026-05-21 13:54:32,completed,1
5906,215,440,3,26.52,79.56,wallet,2026-05-01 19:29:45,completed,4
5907,3,76,4,167.01,668.04,credit_card,2026-02-12 18:41:27,completed,1
5908,772,138,3,209.92,629.76,credit_card,2026-04-06 07:27:33,completed,1
5909,725,42,2,13.06,26.12,credit_card,2026-04-30 03:06:23,pending,1
5910,251,170,5,362.04,1810.2,upi,2026-06-13 12:45:00,completed,3
5911,263,379,1,97.96,97.96,cod,2026-06-04 22:07:22,completed,0
5912,631,358,5,287.96,1439.8,upi,2026-03-31 22:26:15,completed,3
5913,151,314,1,290.94,290.94,upi,2026-05-08 01:02:49,completed,3
5914,593,91,4,201.14,804.56,wallet,2026-05-01 08:42:07,completed,4
5915,30,400,3,311.77,935.31,upi,2026-07-03 23:02:29,completed,3
5916,353,463,5,444.36,2221.8,upi,2026-02-01 18:14:44,completed,3
5917,174,394,3,490.93,1472.79,wallet,2026-03-22 16:07:17,cancelled,4
5918,220,399,2,186.72,373.44,cod,2026-01-22 23:17:06,completed,0
5919,552,42,1,13.06,13.06,cod,2026-04-23 00:24:22,pending,0
5920,971,136,2,27.09,54.18,cod,2026-04-03 00:18:54,completed,0
5921,252,400,4,311.77,1247.08,debit_card,2026-06-22 17:36:24,pending,2
5922,491,365,2,370.11,740.22,debit_card,2026-05-28 18:02:01,completed,2
5923,125,253,3,61.79,185.37,upi,2026-03-07 10:43:44,completed,3
5924,700,183,1,318.58,318.58,cod,2026-03-04 12:55:31,completed,0
5925,105,56,3,249.97,749.91,debit_card,2026-01-28 23:09:51,completed,2
5926,385,111,4,14.86,59.44,wallet,2026-03-10 08:40:15,completed,4
5927,560,175,1,115.02,115.02,upi,2026-06-23 02:23:42,cancelled,3
5928,820,341,4,376.33,1505.32,upi,2026-05-29 15:34:39,completed,3
5929,837,258,3,336.82,1010.46,debit_card,2026-02-14 07:59:24,completed,2
5930,882,174,4,238.04,952.16,wallet,2026-06-30 23:35:34,completed,4
5931,480,457,1,70.12,70.12,debit_card,2026-04-25 03:20:22,completed,2
5932,962,378,1,59.63,59.63,wallet,2026-04-05 00:03:58,completed,4
5933,503,412,2,442.0,884.0,credit_card,2026-06-24 21:36:47,completed,1
5934,113,2,5,330.51,1652.55,upi,2026-02-10 22:14:15,completed,3
5935,489,112,5,359.88,1799.4,debit_card,2026-06-13 05:32:55,completed,2
5936,717,331,5,431.7,2158.5,cod,2026-01-27 08:44:12,refunded,0
5937,10,403,1,26.67,26.67,cod,2026-07-03 09:24:48,completed,0
5938,167,470,3,165.11,495.33,debit_card,2026-06-08 16:55:07,completed,2
5939,717,443,5,434.37,2171.85,upi,2026-05-06 16:19:04,completed,3
5940,211,303,4,263.74,1054.96,credit_card,2026-03-08 09:44:37,completed,1
5941,818,381,3,79.59,238.77,debit_card,2026-02-26 00:39:52,cancelled,2
5942,896,127,2,444.53,889.06,debit_card,2026-07-13 10:08:55,completed,2
5943,667,490,2,283.5,567.0,credit_card,2026-04-14 17:09:17,completed,1
5944,967,52,4,448.81,1795.24,wallet,2026-06-01 19:02:57,completed,4
5945,976,395,2,346.18,692.36,credit_card,2026-02-02 14:26:03,pending,1
5946,540,479,1,223.73,223.73,credit_card,2026-02-19 08:28:34,completed,1
5947,338,212,1,263.94,263.94,credit_card,2026-04-27 06:30:05,completed,1
5948,501,14,1,186.07,186.07,debit_card,2026-06-25 21:15:37,completed,2
5949,546,224,5,448.95,2244.75,cod,2026-02-06 00:31:56,refunded,0
5950,720,219,4,22.74,90.96,debit_card,2026-05-01 22:00:49,pending,2
5951,790,42,1,13.06,13.06,debit_card,2026-05-16 12:18:30,completed,2
5952,339,140,2,44.08,88.16,debit_card,2026-03-10 10:36:02,completed,2
5953,719,16,2,177.22,354.44,credit_card,2026-04-08 00:32:12,completed,1
5954,471,492,5,235.12,1175.6,debit_card,2026-07-04 07:30:57,completed,2
5955,446,11,4,97.26,389.04,credit_card,2026-06-18 04:20:02,pending,1
5956,321,81,2,491.64,983.28,upi,2026-05-07 22:48:47,completed,3
5957,772,279,4,421.69,1686.76,debit_card,2026-03-18 13:06:49,cancelled,2
5958,654,328,1,255.59,255.59,debit_card,2026-05-30 12:59:56,completed,2
5959,355,14,5,186.07,930.35,credit_card,2026-02-17 23:00:09,pending,1
5960,946,101,3,72.93,218.79,upi,2026-05-14 07:21:30,completed,3
5961,104,261,1,398.14,398.14,credit_card,2026-03-18 18:25:44,completed,1
5962,25,66,4,352.24,1408.96,upi,2026-06-18 12:44:47,completed,3
5963,630,214,5,32.01,160.05,debit_card,2026-06-28 08:54:53,completed,2
5964,164,41,2,395.21,790.42,debit_card,2026-05-11 01:51:45,completed,2
5965,928,123,2,28.83,57.66,wallet,2026-07-02 03:28:23,completed,4
5966,167,398,1,84.37,84.37,credit_card,2026-01-21 09:39:46,completed,1
5967,621,488,1,493.66,493.66,cod,2026-02-08 12:13:54,completed,0
5968,156,238,2,137.15,274.3,upi,2026-04-10 22:39:59,pending,3
5969,503,276,2,88.48,176.96,debit_card,2026-02-12 02:30:04,completed,2
5970,317,121,5,411.72,2058.6,credit_card,2026-04-18 06:48:55,completed,1
5971,775,392,1,172.52,172.52,wallet,2026-02-12 06:11:30,completed,4
5972,517,266,5,113.83,569.15,wallet,2026-05-30 01:05:00,completed,4
5973,105,45,2,201.19,402.38,cod,2026-07-04 06:57:44,completed,0
5974,298,45,4,201.19,804.76,credit_card,2026-02-01 18:12:29,refunded,1
5975,55,100,5,208.94,1044.7,debit_card,2026-06-10 20:10:06,completed,2
5976,981,204,2,167.69,335.38,credit_card,2026-03-05 06:05:23,completed,1
5977,481,167,4,243.46,973.84,cod,2026-04-28 10:24:45,pending,0
5978,656,28,5,152.37,761.85,cod,2026-04-13 21:26:06,completed,0
5979,738,431,3,498.55,1495.65,credit_card,2026-02-27 14:04:14,completed,1
5980,703,389,1,318.29,318.29,wallet,2026-06-10 19:30:59,completed,4
5981,68,411,4,210.52,842.08,credit_card,2026-01-23 14:44:02,completed,1
5982,131,35,3,357.14,1071.42,cod,2026-04-10 10:44:21,refunded,0
5983,993,157,3,21.37,64.11,cod,2026-04-03 20:40:41,completed,0
5984,822,327,4,230.11,920.44,wallet,2026-02-21 06:47:33,completed,4
5985,859,447,5,180.91,904.55,upi,2026-02-14 18:22:08,cancelled,3
5986,537,99,3,143.53,430.59,credit_card,2026-06-02 11:43:56,completed,1
5987,832,493,3,170.23,510.69,wallet,2026-03-30 21:46:09,completed,4
5988,622,447,4,180.91,723.64,upi,2026-02-16 15:01:17,completed,3
5989,979,43,4,495.96,1983.84,credit_card,2026-06-29 23:44:04,completed,1
5990,943,181,4,160.14,640.56,wallet,2026-01-25 14:48:26,completed,4
5991,278,158,3,412.64,1237.92,wallet,2026-06-14 15:38:09,completed,4
5992,943,260,3,232.32,696.96,cod,2026-04-10 23:48:27,completed,0
5993,749,289,5,418.26,2091.3,wallet,2026-03-12 03:21:39,completed,4
5994,471,67,5,67.83,339.15,upi,2026-06-08 06:18:51,completed,3
5995,743,17,5,46.95,234.75,cod,2026-03-11 11:25:44,completed,0
5996,753,159,5,246.95,1234.75,upi,2026-04-01 04:54:46,cancelled,3
5997,561,481,5,32.26,161.3,cod,2026-03-02 01:14:41,completed,0
5998,237,246,5,217.11,1085.55,upi,2026-06-15 21:31:47,completed,3
5999,992,394,3,490.93,1472.79,cod,2026-06-08 16:13:04,completed,0
6000,631,302,4,39.08,156.32,wallet,2026-04-30 11:38:50,completed,4
6001,640,179,4,73.0,292.0,wallet,2026-06-09 20:07:37,completed,4
6002,917,475,1,385.73,385.73,cod,2026-03-19 08:58:26,completed,0
6003,105,457,4,70.12,280.48,wallet,2026-03-30 07:29:34,completed,4
6004,906,209,4,19.26,77.04,debit_card,2026-07-15 16:18:24,cancelled,2
6005,952,116,1,355.06,355.06,credit_card,2026-05-14 08:24:42,completed,1
6006,438,67,1,67.83,67.83,wallet,2026-02-15 10:47:44,completed,4
6007,297,252,1,113.13,113.13,credit_card,2026-01-28 08:58:58,completed,1
6008,122,253,3,61.79,185.37,debit_card,2026-04-01 17:07:13,completed,2
6009,62,47,5,9.6,48.0,upi,2026-04-13 17:56:41,completed,3
6010,390,2,4,330.51,1322.04,debit_card,2026-03-12 08:25:05,completed,2
6011,220,13,5,377.4,1887.0,cod,2026-04-22 10:09:37,completed,0
6012,290,91,4,201.14,804.56,upi,2026-05-01 05:15:30,completed,3
6013,966,323,4,123.43,493.72,credit_card,2026-04-29 13:54:54,completed,1
6014,404,475,3,385.73,1157.19,upi,2026-04-25 21:30:30,pending,3
6015,986,343,5,232.73,1163.65,debit_card,2026-03-21 12:43:20,completed,2
6016,753,265,5,193.8,969.0,debit_card,2026-07-06 10:19:08,completed,2
6017,942,396,4,354.78,1419.12,credit_card,2026-02-15 23:49:21,refunded,1
6018,968,392,2,172.52,345.04,upi,2026-05-01 10:42:34,completed,3
6019,854,29,2,222.34,444.68,upi,2026-06-01 18:06:08,completed,3
6020,147,388,4,321.07,1284.28,cod,2026-03-15 12:40:01,completed,0
6021,130,17,5,46.95,234.75,credit_card,2026-06-10 03:56:23,pending,1
6022,420,278,1,388.51,388.51,credit_card,2026-07-07 12:37:07,completed,1
6023,868,71,3,6.27,18.81,upi,2026-06-25 09:46:23,completed,3
6024,638,381,3,79.59,238.77,wallet,2026-04-07 05:50:13,completed,4
6025,83,432,2,165.09,330.18,debit_card,2026-07-05 08:23:57,completed,2
6026,726,63,2,318.98,637.96,wallet,2026-07-02 02:41:58,refunded,4
6027,159,107,2,180.63,361.26,credit_card,2026-06-12 00:35:27,completed,1
6028,654,73,5,116.14,580.7,debit_card,2026-01-28 01:06:40,completed,2
6029,53,378,1,59.63,59.63,upi,2026-05-19 23:36:30,refunded,3
6030,391,110,2,91.9,183.8,upi,2026-06-28 22:22:16,completed,3
6031,269,398,1,84.37,84.37,upi,2026-02-05 02:46:40,cancelled,3
6032,207,220,1,107.39,107.39,cod,2026-04-22 17:31:59,completed,0
6033,962,494,3,130.94,392.82,debit_card,2026-06-09 12:34:12,completed,2
6034,560,474,2,284.92,569.84,cod,2026-03-02 16:09:36,pending,0
6035,220,312,2,284.51,569.02,cod,2026-05-17 17:53:16,completed,0
6036,42,246,2,217.11,434.22,wallet,2026-06-12 08:57:02,completed,4
6037,705,415,5,306.16,1530.8,credit_card,2026-04-21 20:55:54,completed,1
6038,262,298,5,260.74,1303.7,debit_card,2026-06-14 00:39:07,completed,2
6039,237,432,2,165.09,330.18,cod,2026-03-01 19:23:25,refunded,0
6040,543,173,3,423.48,1270.44,credit_card,2026-07-18 12:32:47,completed,1
6041,60,195,4,332.93,1331.72,cod,2026-05-19 13:59:09,completed,0
6042,280,295,2,243.35,486.7,credit_card,2026-05-03 06:41:57,completed,1
6043,148,63,5,318.98,1594.9,wallet,2026-03-05 20:41:27,completed,4
6044,331,341,3,376.33,1128.99,cod,2026-05-27 05:02:50,completed,0
6045,197,205,1,95.52,95.52,upi,2026-06-08 00:10:18,cancelled,3
6046,264,418,5,111.34,556.7,credit_card,2026-04-09 19:38:09,completed,1
6047,587,355,2,326.68,653.36,debit_card,2026-06-04 00:59:58,pending,2
6048,544,461,5,463.09,2315.45,cod,2026-05-12 19:25:16,completed,0
6049,327,10,3,168.84,506.52,debit_card,2026-07-09 15:40:47,completed,2
6050,409,413,1,330.48,330.48,cod,2026-03-28 22:20:16,completed,0
6051,758,298,2,260.74,521.48,upi,2026-06-14 11:45:22,cancelled,3
6052,617,176,2,133.98,267.96,debit_card,2026-02-06 00:25:34,completed,2
6053,350,261,4,398.14,1592.56,upi,2026-02-12 15:16:12,completed,3
6054,223,333,5,270.15,1350.75,debit_card,2026-02-11 07:33:54,completed,2
6055,696,373,4,384.11,1536.44,credit_card,2026-01-24 03:55:38,completed,1
6056,972,30,3,431.22,1293.66,cod,2026-01-28 22:50:23,completed,0
6057,862,206,3,400.95,1202.85,cod,2026-04-21 11:05:52,completed,0
6058,981,38,3,293.07,879.21,debit_card,2026-06-09 07:06:42,cancelled,2
6059,758,441,2,31.28,62.56,cod,2026-04-26 11:11:07,completed,0
6060,513,255,5,363.37,1816.85,upi,2026-07-05 06:37:05,completed,3
6061,317,404,5,245.26,1226.3,cod,2026-05-02 10:58:39,pending,0
6062,798,285,5,93.68,468.4,cod,2026-05-15 00:53:45,refunded,0
6063,262,250,4,38.75,155.0,cod,2026-05-24 06:37:43,refunded,0
6064,246,324,1,179.8,179.8,credit_card,2026-01-29 20:55:40,pending,1
6065,527,317,2,482.46,964.92,upi,2026-05-30 15:31:52,completed,3
6066,829,237,3,263.75,791.25,wallet,2026-07-10 19:33:57,pending,4
6067,13,439,1,313.41,313.41,debit_card,2026-03-21 12:02:00,completed,2
6068,840,166,4,8.64,34.56,debit_card,2026-04-14 06:10:52,completed,2
6069,135,100,5,208.94,1044.7,cod,2026-02-11 21:09:05,completed,0
6070,276,36,4,318.04,1272.16,wallet,2026-03-29 15:04:01,completed,4
6071,814,109,2,283.99,567.98,wallet,2026-05-26 06:53:59,completed,4
6072,964,448,5,439.95,2199.75,upi,2026-04-24 04:02:45,completed,3
6073,888,261,4,398.14,1592.56,credit_card,2026-03-14 09:24:31,completed,1
6074,226,449,4,174.18,696.72,cod,2026-04-30 06:36:12,completed,0
6075,608,465,3,228.55,685.65,debit_card,2026-04-20 07:04:18,completed,2
6076,78,393,4,352.16,1408.64,upi,2026-03-04 19:19:17,completed,3
6077,89,465,4,228.55,914.2,debit_card,2026-03-24 20:44:50,refunded,2
6078,271,407,4,401.5,1606.0,credit_card,2026-06-29 10:38:49,completed,1
6079,215,388,3,321.07,963.21,upi,2026-02-28 11:53:19,completed,3
6080,225,473,2,475.13,950.26,credit_card,2026-05-09 19:33:40,completed,1
6081,13,246,2,217.11,434.22,wallet,2026-03-18 15:12:20,completed,4
6082,964,481,5,32.26,161.3,credit_card,2026-06-20 22:38:11,completed,1
6083,618,480,5,311.78,1558.9,credit_card,2026-02-19 01:01:23,completed,1
6084,34,200,5,78.83,394.15,cod,2026-03-06 02:32:23,completed,0
6085,894,188,4,264.44,1057.76,debit_card,2026-01-25 01:49:28,completed,2
6086,537,153,3,365.76,1097.28,debit_card,2026-05-12 15:37:54,completed,2
6087,754,487,4,264.7,1058.8,credit_card,2026-03-24 06:47:11,completed,1
6088,437,355,3,326.68,980.04,wallet,2026-03-14 12:06:57,completed,4
6089,154,217,1,232.25,232.25,credit_card,2026-07-15 21:52:57,completed,1
6090,171,242,3,211.2,633.6,credit_card,2026-04-20 21:17:28,refunded,1
6091,502,46,5,5.54,27.7,debit_card,2026-04-25 09:59:34,completed,2
6092,307,378,1,59.63,59.63,upi,2026-01-25 12:03:59,completed,3
6093,713,379,3,97.96,293.88,debit_card,2026-02-10 15:23:42,completed,2
6094,685,383,2,32.74,65.48,upi,2026-04-10 20:07:26,cancelled,3
6095,798,70,3,187.01,561.03,wallet,2026-05-29 14:17:19,completed,4
6096,641,413,3,330.48,991.44,cod,2026-07-05 13:20:04,completed,0
6097,258,257,4,474.36,1897.44,credit_card,2026-01-28 10:37:22,completed,1
6098,505,49,5,441.09,2205.45,cod,2026-07-01 19:37:43,pending,0
6099,227,98,3,194.45,583.35,cod,2026-03-27 00:42:08,completed,0
6100,265,366,3,19.14,57.42,wallet,2026-05-25 15:19:23,completed,4
6101,234,320,1,473.13,473.13,cod,2026-03-10 12:03:18,completed,0
6102,832,383,3,32.74,98.22,debit_card,2026-04-09 11:58:11,completed,2
6103,376,122,4,108.79,435.16,upi,2026-02-06 22:52:52,completed,3
6104,276,364,1,81.86,81.86,upi,2026-03-17 17:10:44,completed,3
6105,862,73,3,116.14,348.42,cod,2026-02-11 16:44:43,completed,0
6106,310,330,1,283.77,283.77,cod,2026-03-15 15:05:11,completed,0
6107,676,145,5,295.85,1479.25,debit_card,2026-06-01 20:54:36,completed,2
6108,956,475,4,385.73,1542.92,wallet,2026-04-15 17:50:54,completed,4
6109,949,304,5,92.82,464.1,debit_card,2026-07-17 16:16:52,cancelled,2
6110,148,398,2,84.37,168.74,debit_card,2026-06-03 12:37:35,completed,2
6111,244,496,3,168.6,505.79999999999995,debit_card,2026-05-10 23:49:51,completed,2
6112,442,271,1,337.13,337.13,cod,2026-03-23 05:36:18,completed,0
6113,778,329,3,402.46,1207.38,cod,2026-03-26 08:39:45,completed,0
6114,61,477,2,383.87,767.74,credit_card,2026-02-17 10:39:58,cancelled,1
6115,837,260,4,232.32,929.28,debit_card,2026-03-20 13:06:37,completed,2
6116,375,261,2,398.14,796.28,debit_card,2026-04-24 13:58:03,refunded,2
6117,961,200,4,78.83,315.32,credit_card,2026-03-28 17:35:11,pending,1
6118,326,440,1,26.52,26.52,upi,2026-04-07 04:36:12,completed,3
6119,330,167,5,243.46,1217.3,credit_card,2026-06-01 21:42:14,completed,1
6120,637,495,4,344.49,1377.96,wallet,2026-07-02 11:58:01,completed,4
6121,632,183,4,318.58,1274.32,cod,2026-02-16 19:49:41,completed,0
6122,307,51,3,315.9,947.7,debit_card,2026-06-12 12:43:18,completed,2
6123,326,81,5,491.64,2458.2,upi,2026-02-20 23:57:34,completed,3
6124,620,82,1,26.73,26.73,upi,2026-04-26 14:14:31,completed,3
6125,209,15,1,483.13,483.13,cod,2026-06-29 15:01:14,completed,0
6126,261,412,5,442.0,2210.0,wallet,2026-07-03 20:45:57,completed,4
6127,955,325,5,369.78,1848.9,debit_card,2026-02-02 08:17:41,cancelled,2
6128,369,447,3,180.91,542.73,cod,2026-04-10 05:51:39,pending,0
6129,806,114,5,353.75,1768.75,wallet,2026-02-11 10:13:16,completed,4
6130,651,11,4,97.26,389.04,debit_card,2026-04-05 06:05:45,completed,2
6131,196,353,1,183.68,183.68,upi,2026-02-13 13:24:45,completed,3
6132,996,37,3,204.41,613.23,upi,2026-03-21 19:55:20,completed,3
6133,300,308,5,130.99,654.95,wallet,2026-04-30 02:15:51,completed,4
6134,779,23,4,210.74,842.96,credit_card,2026-07-11 18:27:00,pending,1
6135,177,285,2,93.68,187.36,debit_card,2026-03-07 16:43:35,completed,2
6136,666,242,4,211.2,844.8,wallet,2026-03-27 12:30:31,completed,4
6137,97,199,1,121.08,121.08,wallet,2026-02-21 22:10:10,completed,4
6138,925,217,3,232.25,696.75,debit_card,2026-07-09 07:35:26,completed,2
6139,193,259,2,415.23,830.46,upi,2026-04-05 01:50:37,completed,3
6140,310,302,4,39.08,156.32,upi,2026-06-11 18:52:09,completed,3
6141,518,253,2,61.79,123.58,credit_card,2026-06-07 05:18:49,completed,1
6142,42,388,2,321.07,642.14,upi,2026-04-19 06:08:04,completed,3
6143,66,500,4,484.96,1939.84,wallet,2026-05-25 19:41:02,completed,4
6144,998,477,5,383.87,1919.35,upi,2026-02-26 04:13:28,completed,3
6145,577,20,1,279.68,279.68,upi,2026-01-24 07:57:27,cancelled,3
6146,808,482,2,152.73,305.46,credit_card,2026-05-27 19:35:28,completed,1
6147,486,293,4,259.7,1038.8,wallet,2026-06-18 03:10:04,completed,4
6148,100,215,3,42.06,126.18,wallet,2026-01-23 23:43:06,pending,4
6149,890,292,3,8.27,24.81,cod,2026-04-14 09:15:03,refunded,0
6150,899,367,5,467.75,2338.75,debit_card,2026-02-03 03:06:53,completed,2
6151,655,110,3,91.9,275.7,wallet,2026-06-03 16:34:00,completed,4
6152,731,221,1,422.94,422.94,cod,2026-07-01 05:48:57,completed,0
6153,446,98,4,194.45,777.8,debit_card,2026-06-20 22:06:28,completed,2
6154,680,78,3,486.07,1458.21,wallet,2026-03-29 11:44:30,completed,4
6155,76,278,4,388.51,1554.04,credit_card,2026-03-26 08:22:49,completed,1
6156,778,240,3,55.73,167.19,credit_card,2026-03-14 17:01:57,refunded,1
6157,602,292,1,8.27,8.27,credit_card,2026-04-14 02:27:14,completed,1
6158,142,160,2,419.64,839.28,wallet,2026-03-13 12:06:41,completed,4
6159,84,45,5,201.19,1005.95,credit_card,2026-06-26 22:07:39,completed,1
6160,398,335,1,240.89,240.89,wallet,2026-01-27 20:00:57,completed,4
6161,852,347,2,228.11,456.22,cod,2026-06-27 02:43:38,completed,0
6162,397,176,1,133.98,133.98,debit_card,2026-01-23 06:43:36,completed,2
6163,582,459,1,423.84,423.84,cod,2026-03-04 22:26:40,completed,0
6164,858,449,3,174.18,522.54,cod,2026-02-16 23:21:02,completed,0
6165,264,309,5,207.28,1036.4,cod,2026-06-06 03:11:23,completed,0
6166,21,159,3,246.95,740.85,cod,2026-04-30 08:23:39,pending,0
6167,859,413,1,330.48,330.48,debit_card,2026-04-23 18:29:44,pending,2
6168,4,46,3,5.54,16.62,cod,2026-07-15 18:57:03,completed,0
6169,813,3,4,57.44,229.76,credit_card,2026-06-04 22:40:27,completed,1
6170,551,395,1,346.18,346.18,cod,2026-03-09 08:20:23,completed,0
6171,698,474,2,284.92,569.84,wallet,2026-03-11 08:13:04,completed,4
6172,7,265,5,193.8,969.0,wallet,2026-04-11 12:57:10,pending,4
6173,428,436,1,371.09,371.09,upi,2026-05-19 21:42:28,completed,3
6174,244,306,3,213.24,639.72,debit_card,2026-06-03 05:40:09,completed,2
6175,118,471,1,128.79,128.79,cod,2026-06-19 17:51:17,completed,0
6176,571,388,2,321.07,642.14,debit_card,2026-05-06 08:03:24,completed,2
6177,724,408,2,412.7,825.4,upi,2026-02-14 22:51:52,completed,3
6178,354,404,3,245.26,735.78,cod,2026-02-13 10:16:05,completed,0
6179,726,191,1,357.0,357.0,wallet,2026-01-24 01:31:19,pending,4
6180,512,443,4,434.37,1737.48,upi,2026-03-19 12:52:27,completed,3
6181,13,491,5,120.2,601.0,upi,2026-06-30 21:05:27,completed,3
6182,734,192,4,29.05,116.2,debit_card,2026-06-14 02:37:35,completed,2
6183,864,421,2,368.46,736.92,credit_card,2026-02-11 05:03:57,completed,1
6184,600,447,1,180.91,180.91,debit_card,2026-02-05 23:58:41,completed,2
6185,233,404,2,245.26,490.52,credit_card,2026-01-20 22:05:15,pending,1
6186,743,293,2,259.7,519.4,cod,2026-06-27 06:01:08,completed,0
6187,43,249,2,182.25,364.5,credit_card,2026-02-08 08:42:27,pending,1
6188,76,474,5,284.92,1424.6,credit_card,2026-06-26 14:49:34,completed,1
6189,847,343,2,232.73,465.46,credit_card,2026-02-07 07:38:07,completed,1
6190,599,102,1,494.75,494.75,cod,2026-06-23 22:35:00,completed,0
6191,799,149,4,204.47,817.88,upi,2026-05-10 04:56:08,completed,3
6192,17,395,1,346.18,346.18,debit_card,2026-02-09 22:37:45,completed,2
6193,871,385,3,195.47,586.41,cod,2026-04-04 02:11:26,refunded,0
6194,127,486,4,71.6,286.4,cod,2026-04-24 12:52:33,completed,0
6195,644,467,2,98.98,197.96,credit_card,2026-05-03 19:38:30,completed,1
6196,678,396,3,354.78,1064.34,credit_card,2026-05-02 04:43:58,completed,1
6197,858,343,5,232.73,1163.65,credit_card,2026-06-01 04:17:13,completed,1
6198,30,255,1,363.37,363.37,cod,2026-02-12 03:52:31,completed,0
6199,25,200,3,78.83,236.49,wallet,2026-06-05 17:18:17,completed,4
6200,817,429,5,202.27,1011.35,wallet,2026-02-21 18:51:09,completed,4
6201,938,394,4,490.93,1963.72,upi,2026-03-20 00:03:54,completed,3
6202,539,350,4,269.32,1077.28,debit_card,2026-03-07 17:41:40,completed,2
6203,983,20,3,279.68,839.04,wallet,2026-07-05 21:08:05,completed,4
6204,256,319,5,23.69,118.45,credit_card,2026-02-20 16:45:31,completed,1
6205,554,405,5,313.87,1569.35,wallet,2026-05-28 08:02:58,completed,4
6206,564,361,2,96.02,192.04,credit_card,2026-03-27 13:32:14,completed,1
6207,703,177,2,292.25,584.5,cod,2026-02-20 00:28:55,completed,0
6208,843,335,2,240.89,481.78,debit_card,2026-07-15 20:19:37,completed,2
6209,253,439,4,313.41,1253.64,cod,2026-03-28 21:38:59,completed,0
6210,960,84,1,297.99,297.99,wallet,2026-04-03 19:54:23,completed,4
6211,555,464,1,307.69,307.69,upi,2026-02-26 13:19:22,completed,3
6212,989,411,5,210.52,1052.6,debit_card,2026-03-26 17:12:24,completed,2
6213,505,5,3,243.97,731.91,upi,2026-04-02 09:53:58,completed,3
6214,899,363,5,18.05,90.25,wallet,2026-01-28 17:20:29,completed,4
6215,573,439,1,313.41,313.41,debit_card,2026-07-06 10:51:42,cancelled,2
6216,698,401,2,410.43,820.86,wallet,2026-05-24 18:12:02,completed,4
6217,872,151,5,172.24,861.2,upi,2026-02-12 22:03:49,completed,3
6218,877,108,2,162.41,324.82,upi,2026-03-16 15:12:17,completed,3
6219,716,105,2,267.07,534.14,upi,2026-06-17 03:19:29,completed,3
6220,544,499,5,279.81,1399.05,wallet,2026-02-28 19:23:00,pending,4
6221,736,267,3,340.26,1020.78,credit_card,2026-03-16 12:00:32,completed,1
6222,42,380,2,144.65,289.3,debit_card,2026-02-11 02:15:11,completed,2
6223,582,269,5,473.75,2368.75,cod,2026-07-12 08:29:47,completed,0
6224,447,57,3,493.51,1480.53,wallet,2026-02-15 21:28:10,completed,4
6225,547,277,4,71.48,285.92,credit_card,2026-06-05 17:06:37,completed,1
6226,823,353,1,183.68,183.68,wallet,2026-03-13 13:57:48,completed,4
6227,992,52,1,448.81,448.81,cod,2026-03-17 00:12:45,completed,0
6228,747,408,1,412.7,412.7,upi,2026-01-29 14:00:51,completed,3
6229,454,64,4,33.66,134.64,credit_card,2026-03-31 14:08:12,completed,1
6230,930,73,3,116.14,348.42,credit_card,2026-02-04 06:50:47,completed,1
6231,288,128,2,492.71,985.42,credit_card,2026-06-15 02:57:29,completed,1
6232,402,362,2,87.62,175.24,upi,2026-06-08 11:21:02,pending,3
6233,833,471,5,128.79,643.95,wallet,2026-06-16 17:24:10,completed,4
6234,250,295,1,243.35,243.35,cod,2026-03-08 07:00:39,completed,0
6235,937,447,3,180.91,542.73,debit_card,2026-04-28 02:07:23,completed,2
6236,470,347,4,228.11,912.44,wallet,2026-03-09 16:25:54,completed,4
6237,86,318,3,220.51,661.53,debit_card,2026-02-16 14:32:04,completed,2
6238,904,70,3,187.01,561.03,credit_card,2026-07-06 00:01:57,completed,1
6239,552,462,5,92.65,463.25,cod,2026-05-09 13:45:12,pending,0
6240,720,454,1,458.97,458.97,cod,2026-07-06 23:49:12,completed,0
6241,511,221,1,422.94,422.94,wallet,2026-02-16 13:43:40,completed,4
6242,753,346,2,214.85,429.7,cod,2026-02-21 19:09:26,pending,0
6243,839,301,3,135.94,407.82,wallet,2026-03-18 14:04:54,completed,4
6244,69,202,3,54.41,163.23,credit_card,2026-02-27 12:03:57,completed,1
6245,675,462,1,92.65,92.65,cod,2026-06-14 05:46:24,completed,0
6246,698,205,2,95.52,191.04,credit_card,2026-06-06 07:33:37,completed,1
6247,387,163,2,325.45,650.9,cod,2026-04-02 21:52:00,completed,0
6248,159,290,1,185.82,185.82,cod,2026-05-25 03:21:15,completed,0
6249,351,246,4,217.11,868.44,credit_card,2026-06-08 17:51:38,completed,1
6250,883,397,4,97.38,389.52,wallet,2026-06-09 03:10:11,completed,4
6251,472,133,1,17.74,17.74,wallet,2026-04-02 02:18:46,completed,4
6252,4,389,5,318.29,1591.45,wallet,2026-02-12 11:54:54,completed,4
6253,768,431,5,498.55,2492.75,upi,2026-02-08 22:45:17,completed,3
6254,868,212,4,263.94,1055.76,upi,2026-07-08 10:58:31,pending,3
6255,713,458,3,119.3,357.9,upi,2026-06-20 02:16:05,pending,3
6256,663,292,1,8.27,8.27,wallet,2026-03-02 19:22:14,completed,4
6257,849,161,1,29.58,29.58,debit_card,2026-06-29 09:21:55,completed,2
6258,347,178,5,434.41,2172.05,wallet,2026-05-11 07:43:21,cancelled,4
6259,78,297,4,24.4,97.6,upi,2026-05-31 09:15:25,completed,3
6260,847,460,3,239.55,718.65,cod,2026-05-25 07:52:33,completed,0
6261,549,276,4,88.48,353.92,cod,2026-05-05 14:46:01,completed,0
6262,371,354,1,65.01,65.01,debit_card,2026-07-14 23:17:28,completed,2
6263,746,14,3,186.07,558.21,wallet,2026-03-24 10:12:48,pending,4
6264,648,403,4,26.67,106.68,credit_card,2026-05-07 15:34:19,completed,1
6265,579,303,3,263.74,791.22,credit_card,2026-03-10 17:46:35,completed,1
6266,560,434,5,493.89,2469.45,cod,2026-05-27 00:26:13,completed,0
6267,431,46,5,5.54,27.7,credit_card,2026-05-04 22:09:35,completed,1
6268,722,66,1,352.24,352.24,upi,2026-02-23 16:53:00,completed,3
6269,33,369,3,158.28,474.84,cod,2026-05-25 20:44:09,completed,0
6270,925,286,1,113.32,113.32,credit_card,2026-04-29 08:45:06,completed,1
6271,463,125,4,327.23,1308.92,credit_card,2026-03-23 16:07:08,completed,1
6272,927,170,1,362.04,362.04,cod,2026-04-22 19:24:54,completed,0
6273,628,414,5,277.29,1386.45,cod,2026-03-03 05:29:52,completed,0
6274,87,355,5,326.68,1633.4,cod,2026-03-01 00:05:19,completed,0
6275,619,120,4,168.93,675.72,credit_card,2026-07-13 17:31:28,completed,1
6276,824,217,1,232.25,232.25,cod,2026-06-09 17:54:44,completed,0
6277,37,409,2,472.58,945.16,upi,2026-02-08 04:57:28,cancelled,3
6278,882,313,4,392.98,1571.92,credit_card,2026-04-30 03:31:30,completed,1
6279,36,228,4,267.53,1070.12,upi,2026-01-27 08:05:22,completed,3
6280,539,272,3,148.87,446.61,debit_card,2026-06-27 02:05:39,completed,2
6281,242,11,4,97.26,389.04,upi,2026-06-20 11:50:08,completed,3
6282,290,294,3,303.0,909.0,wallet,2026-04-02 14:04:59,completed,4
6283,668,301,1,135.94,135.94,debit_card,2026-03-25 06:33:02,completed,2
6284,171,18,1,95.61,95.61,credit_card,2026-03-08 11:59:33,completed,1
6285,247,469,5,49.77,248.85,upi,2026-03-11 15:43:10,completed,3
6286,648,336,4,252.0,1008.0,credit_card,2026-04-23 18:19:52,completed,1
6287,442,105,1,267.07,267.07,cod,2026-07-13 12:08:06,completed,0
6288,781,116,1,355.06,355.06,cod,2026-04-01 07:33:42,completed,0
6289,690,304,5,92.82,464.1,debit_card,2026-06-06 16:53:22,completed,2
6290,200,29,2,222.34,444.68,debit_card,2026-05-23 17:17:32,completed,2
6291,66,189,5,376.31,1881.55,credit_card,2026-06-20 18:04:47,completed,1
6292,74,498,4,464.26,1857.04,wallet,2026-04-26 02:14:36,completed,4
6293,934,473,1,475.13,475.13,wallet,2026-05-23 09:47:43,pending,4
6294,328,90,3,111.44,334.32,wallet,2026-06-08 12:22:27,completed,4
6295,860,53,4,160.68,642.72,upi,2026-03-08 23:52:52,completed,3
6296,952,435,2,462.49,924.98,debit_card,2026-03-07 21:38:17,completed,2
6297,873,309,2,207.28,414.56,cod,2026-06-04 07:08:27,completed,0
6298,69,386,3,368.98,1106.94,cod,2026-03-06 20:21:54,pending,0
6299,767,31,4,393.5,1574.0,wallet,2026-03-06 14:43:50,completed,4
6300,864,142,5,214.57,1072.85,upi,2026-03-28 04:22:43,completed,3
6301,351,152,3,486.39,1459.17,upi,2026-02-21 21:20:30,completed,3
6302,299,87,1,81.93,81.93,debit_card,2026-02-15 11:22:02,completed,2
6303,711,430,2,103.06,206.12,cod,2026-07-14 23:23:21,completed,0
6304,618,41,1,395.21,395.21,credit_card,2026-06-27 21:20:33,completed,1
6305,593,461,5,463.09,2315.45,cod,2026-03-07 01:39:46,completed,0
6306,343,379,3,97.96,293.88,upi,2026-04-01 07:24:55,completed,3
6307,89,490,3,283.5,850.5,wallet,2026-03-24 21:49:33,completed,4
6308,848,317,5,482.46,2412.3,cod,2026-04-15 03:44:01,completed,0
6309,587,340,4,247.95,991.8,wallet,2026-07-03 19:45:39,completed,4
6310,116,87,4,81.93,327.72,credit_card,2026-02-13 13:14:59,pending,1
6311,110,1,3,23.2,69.6,credit_card,2026-07-04 15:16:23,completed,1
6312,316,315,5,226.06,1130.3,wallet,2026-01-21 07:12:02,completed,4
6313,763,371,1,264.04,264.04,debit_card,2026-01-30 10:30:37,completed,2
6314,239,28,5,152.37,761.85,wallet,2026-02-18 03:02:13,completed,4
6315,111,370,1,157.39,157.39,cod,2026-05-03 08:03:03,completed,0
6316,970,358,5,287.96,1439.8,credit_card,2026-04-28 15:45:40,pending,1
6317,939,186,1,68.82,68.82,credit_card,2026-07-15 23:59:28,completed,1
6318,148,350,3,269.32,807.96,credit_card,2026-05-25 23:00:36,completed,1
6319,585,313,3,392.98,1178.94,credit_card,2026-02-16 23:50:07,cancelled,1
6320,406,217,5,232.25,1161.25,upi,2026-02-22 04:08:31,completed,3
6321,93,280,5,365.08,1825.4,debit_card,2026-02-25 12:20:10,completed,2
6322,707,54,5,302.49,1512.45,upi,2026-02-07 10:46:00,refunded,3
6323,695,485,1,411.03,411.03,upi,2026-02-05 09:29:44,completed,3
6324,303,17,1,46.95,46.95,upi,2026-03-16 18:18:40,pending,3
6325,988,140,1,44.08,44.08,wallet,2026-06-19 06:55:23,completed,4
6326,844,109,5,283.99,1419.95,wallet,2026-02-03 11:04:23,completed,4
6327,707,128,5,492.71,2463.55,wallet,2026-02-06 23:35:50,pending,4
6328,630,336,4,252.0,1008.0,upi,2026-06-30 21:56:25,completed,3
6329,3,205,1,95.52,95.52,credit_card,2026-07-16 22:49:27,completed,1
6330,753,221,4,422.94,1691.76,upi,2026-03-11 17:36:34,completed,3
6331,134,5,2,243.97,487.94,wallet,2026-05-06 17:16:50,completed,4
6332,830,142,5,214.57,1072.85,wallet,2026-03-29 11:06:23,pending,4
6333,294,109,3,283.99,851.97,credit_card,2026-07-03 06:01:41,completed,1
6334,341,97,2,30.07,60.14,cod,2026-07-13 16:40:34,completed,0
6335,478,178,2,434.41,868.82,upi,2026-02-14 14:57:19,completed,3
6336,234,303,5,263.74,1318.7,cod,2026-05-02 12:13:33,completed,0
6337,658,229,5,347.45,1737.25,debit_card,2026-03-28 13:21:03,completed,2
6338,288,223,3,415.79,1247.37,cod,2026-02-01 11:44:34,completed,0
6339,514,264,5,464.38,2321.9,cod,2026-02-02 05:26:14,completed,0
6340,307,167,2,243.46,486.92,credit_card,2026-07-07 17:19:34,completed,1
6341,450,145,1,295.85,295.85,credit_card,2026-06-06 21:21:59,completed,1
6342,481,124,1,441.48,441.48,wallet,2026-05-06 03:03:23,completed,4
6343,18,245,1,491.81,491.81,wallet,2026-05-06 09:10:15,completed,4
6344,964,90,5,111.44,557.2,upi,2026-06-08 18:11:23,completed,3
6345,372,258,2,336.82,673.64,cod,2026-05-18 19:42:38,completed,0
6346,524,24,1,20.28,20.28,upi,2026-05-19 20:22:30,completed,3
6347,709,166,3,8.64,25.92,cod,2026-07-08 20:44:17,completed,0
6348,192,285,3,93.68,281.04,upi,2026-05-08 21:36:45,completed,3
6349,905,415,4,306.16,1224.64,wallet,2026-03-23 19:37:44,completed,4
6350,662,143,1,132.65,132.65,upi,2026-06-13 19:56:01,completed,3
6351,142,96,2,405.6,811.2,cod,2026-03-16 18:05:23,completed,0
6352,343,393,3,352.16,1056.48,debit_card,2026-04-15 03:42:31,completed,2
6353,94,486,4,71.6,286.4,debit_card,2026-04-27 05:33:38,cancelled,2
6354,695,468,1,214.12,214.12,cod,2026-04-08 00:19:39,completed,0
6355,178,327,3,230.11,690.33,wallet,2026-07-02 07:15:29,completed,4
6356,153,434,1,493.89,493.89,upi,2026-02-20 15:49:25,completed,3
6357,732,386,4,368.98,1475.92,upi,2026-05-03 18:23:20,completed,3
6358,4,298,1,260.74,260.74,credit_card,2026-01-23 10:42:54,pending,1
6359,890,50,3,283.83,851.49,wallet,2026-01-22 23:28:35,completed,4
6360,94,487,2,264.7,529.4,credit_card,2026-04-23 07:20:11,completed,1
6361,894,153,5,365.76,1828.8,upi,2026-05-12 02:56:54,completed,3
6362,552,103,1,175.3,175.3,credit_card,2026-02-08 21:44:00,completed,1
6363,924,302,1,39.08,39.08,wallet,2026-04-15 23:56:15,completed,4
6364,263,66,5,352.24,1761.2,cod,2026-05-31 14:54:43,completed,0
6365,958,12,1,227.54,227.54,upi,2026-05-17 02:54:28,completed,3
6366,153,314,3,290.94,872.82,credit_card,2026-01-27 14:57:12,completed,1
6367,12,95,3,133.12,399.36,debit_card,2026-05-22 03:23:55,completed,2
6368,238,104,2,17.9,35.8,upi,2026-04-11 00:04:56,completed,3
6369,58,197,3,103.33,309.99,cod,2026-07-05 21:27:50,completed,0
6370,155,331,5,431.7,2158.5,debit_card,2026-05-14 06:44:32,completed,2
6371,458,497,1,243.34,243.34,cod,2026-07-07 02:45:08,completed,0
6372,209,436,4,371.09,1484.36,upi,2026-03-24 01:23:44,completed,3
6373,228,247,4,7.79,31.16,cod,2026-05-03 18:21:51,refunded,0
6374,297,423,5,43.85,219.25,wallet,2026-03-17 23:52:39,pending,4
6375,518,463,4,444.36,1777.44,upi,2026-06-22 09:18:07,completed,3
6376,433,446,3,155.94,467.82,upi,2026-05-15 19:21:23,pending,3
6377,582,257,2,474.36,948.72,wallet,2026-02-24 04:19:07,completed,4
6378,520,183,4,318.58,1274.32,credit_card,2026-03-05 04:22:36,completed,1
6379,475,78,4,486.07,1944.28,wallet,2026-06-18 15:28:28,completed,4
6380,458,168,1,329.78,329.78,wallet,2026-05-27 09:48:09,completed,4
6381,670,471,3,128.79,386.37,upi,2026-04-14 15:37:32,completed,3
6382,5,270,1,75.52,75.52,debit_card,2026-04-07 07:23:07,pending,2
6383,161,164,2,403.52,807.04,upi,2026-02-16 16:13:47,completed,3
6384,340,78,1,486.07,486.07,wallet,2026-06-27 12:08:10,refunded,4
6385,754,314,4,290.94,1163.76,cod,2026-03-24 19:19:12,pending,0
6386,381,422,2,410.66,821.32,credit_card,2026-01-22 14:26:49,completed,1
6387,509,144,1,201.69,201.69,debit_card,2026-06-01 01:37:00,completed,2
6388,161,318,4,220.51,882.04,debit_card,2026-04-24 12:28:27,refunded,2
6389,488,384,3,448.37,1345.11,debit_card,2026-05-22 06:48:34,cancelled,2
6390,742,32,2,300.44,600.88,debit_card,2026-06-11 05:07:13,completed,2
6391,610,41,2,395.21,790.42,upi,2026-03-17 01:34:46,completed,3
6392,210,428,3,171.4,514.2,cod,2026-03-27 03:47:34,completed,0
6393,617,488,1,493.66,493.66,cod,2026-05-12 22:29:18,completed,0
6394,730,408,2,412.7,825.4,cod,2026-04-06 16:45:27,completed,0
6395,237,178,3,434.41,1303.23,cod,2026-07-05 23:50:04,completed,0
6396,325,299,2,112.21,224.42,cod,2026-03-23 11:09:07,completed,0
6397,25,219,2,22.74,45.48,credit_card,2026-02-26 05:14:11,completed,1
6398,632,22,4,408.53,1634.12,upi,2026-05-05 09:05:01,completed,3
6399,608,486,3,71.6,214.8,upi,2026-07-09 12:35:46,pending,3
6400,684,285,4,93.68,374.72,wallet,2026-02-01 16:32:24,completed,4
6401,523,81,2,491.64,983.28,debit_card,2026-06-05 12:30:56,completed,2
6402,384,88,4,270.28,1081.12,cod,2026-01-23 01:57:54,completed,0
6403,893,388,2,321.07,642.14,cod,2026-02-11 12:58:57,completed,0
6404,226,97,1,30.07,30.07,upi,2026-07-13 02:07:20,completed,3
6405,544,401,2,410.43,820.86,upi,2026-06-13 03:39:52,completed,3
6406,779,175,2,115.02,230.04,credit_card,2026-06-27 13:54:24,pending,1
6407,381,424,4,465.47,1861.88,wallet,2026-04-15 16:46:11,completed,4
6408,984,207,5,490.88,2454.4,credit_card,2026-04-23 15:37:38,completed,1
6409,38,438,5,108.46,542.3,cod,2026-05-01 15:58:51,completed,0
6410,527,309,3,207.28,621.84,upi,2026-03-06 23:21:59,completed,3
6411,975,331,5,431.7,2158.5,upi,2026-02-17 09:20:17,cancelled,3
6412,342,165,4,232.2,928.8,wallet,2026-02-21 03:57:51,completed,4
6413,77,404,1,245.26,245.26,upi,2026-05-07 11:18:43,completed,3
6414,318,402,4,164.69,658.76,credit_card,2026-04-04 01:03:22,completed,1
6415,723,491,1,120.2,120.2,wallet,2026-04-06 05:40:03,completed,4
6416,326,128,4,492.71,1970.84,debit_card,2026-02-14 23:01:42,completed,2
6417,857,351,2,429.96,859.92,debit_card,2026-04-16 01:01:29,completed,2
6418,337,494,2,130.94,261.88,upi,2026-01-28 05:27:09,completed,3
6419,572,191,4,357.0,1428.0,wallet,2026-05-07 12:43:20,pending,4
6420,352,377,3,405.36,1216.08,upi,2026-03-01 16:00:44,pending,3
6421,1000,389,3,318.29,954.87,credit_card,2026-03-14 05:40:03,completed,1
6422,937,41,5,395.21,1976.05,credit_card,2026-03-06 23:52:40,completed,1
6423,232,414,5,277.29,1386.45,credit_card,2026-06-02 22:44:36,completed,1
6424,322,77,2,284.08,568.16,cod,2026-05-12 05:26:38,completed,0
6425,707,9,5,465.31,2326.55,cod,2026-04-21 15:29:41,completed,0
6426,954,91,3,201.14,603.42,credit_card,2026-05-13 22:55:05,completed,1
6427,841,441,1,31.28,31.28,debit_card,2026-01-23 05:34:53,completed,2
6428,45,224,3,448.95,1346.85,credit_card,2026-07-15 04:19:25,completed,1
6429,271,63,5,318.98,1594.9,debit_card,2026-05-17 06:31:53,completed,2
6430,867,32,4,300.44,1201.76,upi,2026-05-09 09:31:17,completed,3
6431,146,198,3,151.2,453.6,credit_card,2026-04-19 11:06:20,completed,1
6432,206,90,2,111.44,222.88,upi,2026-05-27 14:49:56,refunded,3
6433,358,266,4,113.83,455.32,cod,2026-05-23 14:44:48,completed,0
6434,82,328,3,255.59,766.77,debit_card,2026-02-06 20:37:18,pending,2
6435,423,224,3,448.95,1346.85,credit_card,2026-05-02 21:50:32,completed,1
6436,764,177,5,292.25,1461.25,wallet,2026-06-16 01:14:38,completed,4
6437,954,332,1,340.07,340.07,wallet,2026-04-11 08:13:30,pending,4
6438,567,475,5,385.73,1928.65,credit_card,2026-04-02 05:35:42,completed,1
6439,422,340,3,247.95,743.85,upi,2026-04-10 19:51:19,completed,3
6440,404,423,1,43.85,43.85,wallet,2026-06-02 15:27:28,completed,4
6441,22,190,5,364.95,1824.75,cod,2026-07-08 22:30:57,completed,0
6442,158,13,1,377.4,377.4,cod,2026-03-02 19:03:15,completed,0
6443,977,309,1,207.28,207.28,wallet,2026-04-12 13:56:48,completed,4
6444,537,25,4,271.12,1084.48,wallet,2026-05-25 02:27:32,completed,4
6445,45,108,2,162.41,324.82,upi,2026-03-11 16:11:39,completed,3
6446,763,164,1,403.52,403.52,cod,2026-01-28 03:36:38,completed,0
6447,247,329,3,402.46,1207.38,cod,2026-02-23 18:03:41,completed,0
6448,947,63,5,318.98,1594.9,debit_card,2026-03-02 10:08:01,completed,2
6449,546,369,5,158.28,791.4,debit_card,2026-01-23 19:19:32,pending,2
6450,992,172,4,344.73,1378.92,debit_card,2026-05-29 02:57:17,completed,2
6451,734,412,4,442.0,1768.0,debit_card,2026-05-02 05:34:15,completed,2
6452,236,478,1,305.95,305.95,debit_card,2026-02-05 19:04:55,completed,2
6453,938,277,3,71.48,214.44,wallet,2026-06-24 18:43:12,cancelled,4
6454,363,71,5,6.27,31.35,cod,2026-03-29 07:45:51,completed,0
6455,997,351,2,429.96,859.92,upi,2026-04-13 05:16:14,completed,3
6456,923,403,4,26.67,106.68,cod,2026-02-18 09:05:32,completed,0
6457,711,418,3,111.34,334.02,cod,2026-03-08 16:23:19,completed,0
6458,297,44,1,51.2,51.2,debit_card,2026-03-17 03:04:04,pending,2
6459,601,440,1,26.52,26.52,wallet,2026-03-27 10:34:43,completed,4
6460,292,373,5,384.11,1920.55,debit_card,2026-03-20 15:07:36,completed,2
6461,332,197,1,103.33,103.33,debit_card,2026-03-20 19:48:26,pending,2
6462,187,454,1,458.97,458.97,credit_card,2026-06-03 19:50:45,completed,1
6463,370,159,4,246.95,987.8,wallet,2026-02-03 08:29:51,completed,4
6464,878,102,4,494.75,1979.0,debit_card,2026-03-09 09:03:26,refunded,2
6465,107,30,3,431.22,1293.66,upi,2026-05-31 19:43:22,completed,3
6466,669,339,4,424.77,1699.08,cod,2026-05-15 11:15:21,completed,0
6467,704,372,1,269.87,269.87,cod,2026-03-03 06:15:16,pending,0
6468,377,28,3,152.37,457.11,cod,2026-06-18 23:59:11,completed,0
6469,66,420,3,120.33,360.99,credit_card,2026-04-03 16:37:25,completed,1
6470,358,479,1,223.73,223.73,cod,2026-01-28 09:45:45,completed,0
6471,41,35,5,357.14,1785.7,upi,2026-02-21 22:30:34,refunded,3
6472,953,168,4,329.78,1319.12,wallet,2026-06-20 04:24:25,completed,4
6473,647,134,2,157.63,315.26,cod,2026-02-01 14:42:30,completed,0
6474,140,200,3,78.83,236.49,wallet,2026-04-19 03:41:19,completed,4
6475,261,327,4,230.11,920.44,credit_card,2026-05-04 01:38:30,pending,1
6476,666,302,2,39.08,78.16,upi,2026-04-26 04:26:16,cancelled,3
6477,500,230,3,305.05,915.15,credit_card,2026-04-22 22:57:52,cancelled,1
6478,935,394,3,490.93,1472.79,wallet,2026-05-24 07:07:00,pending,4
6479,897,183,2,318.58,637.16,debit_card,2026-07-06 21:58:26,completed,2
6480,513,38,1,293.07,293.07,debit_card,2026-05-10 17:42:30,completed,2
6481,495,367,1,467.75,467.75,credit_card,2026-03-05 09:36:54,completed,1
6482,470,343,2,232.73,465.46,credit_card,2026-04-20 15:09:20,completed,1
6483,647,182,4,290.26,1161.04,upi,2026-06-25 07:12:40,pending,3
6484,681,414,5,277.29,1386.45,cod,2026-06-14 23:07:06,completed,0
6485,221,494,3,130.94,392.82,debit_card,2026-01-25 19:17:26,completed,2
6486,981,113,4,295.37,1181.48,wallet,2026-03-11 12:10:23,completed,4
6487,744,65,1,306.37,306.37,upi,2026-02-03 00:51:04,completed,3
6488,765,360,1,139.27,139.27,cod,2026-05-26 12:06:26,completed,0
6489,478,334,3,202.47,607.41,upi,2026-05-30 16:38:44,completed,3
6490,831,437,3,348.43,1045.29,cod,2026-01-21 12:33:00,completed,0
6491,251,259,1,415.23,415.23,credit_card,2026-06-26 13:27:58,completed,1
6492,375,347,4,228.11,912.44,wallet,2026-05-08 05:21:06,completed,4
6493,941,185,5,13.87,69.35,credit_card,2026-05-13 02:45:43,completed,1
6494,532,457,4,70.12,280.48,debit_card,2026-04-06 17:31:57,completed,2
6495,564,10,1,168.84,168.84,cod,2026-05-25 09:22:05,completed,0
6496,480,107,3,180.63,541.89,wallet,2026-03-30 23:34:54,pending,4
6497,795,24,2,20.28,40.56,credit_card,2026-01-25 04:57:07,completed,1
6498,83,481,1,32.26,32.26,credit_card,2026-02-22 22:28:14,pending,1
6499,668,444,2,452.42,904.84,cod,2026-02-28 03:21:04,pending,0
6500,956,86,3,139.62,418.86,cod,2026-06-19 21:34:15,completed,0
6501,104,47,3,9.6,28.8,upi,2026-04-02 21:44:24,completed,3
6502,175,303,5,263.74,1318.7,wallet,2026-04-25 10:43:36,completed,4
6503,367,90,1,111.44,111.44,debit_card,2026-01-21 18:21:49,completed,2
6504,98,103,3,175.3,525.9,wallet,2026-05-04 23:04:54,completed,4
6505,550,264,4,464.38,1857.52,cod,2026-06-21 05:47:45,completed,0
6506,679,107,1,180.63,180.63,wallet,2026-04-27 13:06:48,completed,4
6507,879,64,4,33.66,134.64,debit_card,2026-07-11 08:11:37,completed,2
6508,932,89,2,136.18,272.36,wallet,2026-04-13 09:35:45,completed,4
6509,983,315,3,226.06,678.18,credit_card,2026-05-11 04:22:41,cancelled,1
6510,331,132,1,183.61,183.61,debit_card,2026-06-27 11:51:06,completed,2
6511,165,2,1,330.51,330.51,debit_card,2026-07-06 04:31:05,completed,2
6512,101,311,4,81.62,326.48,upi,2026-03-04 13:06:11,completed,3
6513,780,59,4,38.43,153.72,wallet,2026-03-11 14:39:00,completed,4
6514,878,171,4,197.2,788.8,upi,2026-04-04 21:56:20,completed,3
6515,596,86,2,139.62,279.24,credit_card,2026-06-15 19:30:17,completed,1
6516,949,204,4,167.69,670.76,cod,2026-02-25 12:07:12,refunded,0
6517,679,48,1,40.06,40.06,wallet,2026-04-04 13:08:05,completed,4
6518,721,382,1,498.99,498.99,upi,2026-05-15 06:41:26,pending,3
6519,451,331,2,431.7,863.4,upi,2026-03-31 15:53:07,completed,3
6520,568,252,3,113.13,339.39,upi,2026-04-16 13:02:28,completed,3
6521,761,457,2,70.12,140.24,credit_card,2026-04-04 03:26:15,completed,1
6522,418,340,5,247.95,1239.75,upi,2026-05-24 09:54:27,completed,3
6523,5,158,4,412.64,1650.56,credit_card,2026-04-01 08:04:11,completed,1
6524,27,158,3,412.64,1237.92,wallet,2026-02-07 13:23:06,completed,4
6525,166,35,4,357.14,1428.56,wallet,2026-02-11 18:24:57,completed,4
6526,930,438,3,108.46,325.38,credit_card,2026-04-02 12:22:57,completed,1
6527,652,146,1,285.46,285.46,credit_card,2026-03-23 23:19:08,completed,1
6528,68,290,1,185.82,185.82,wallet,2026-04-02 06:36:21,refunded,4
6529,924,467,1,98.98,98.98,cod,2026-03-19 02:11:54,completed,0
6530,103,448,4,439.95,1759.8,debit_card,2026-05-02 06:57:48,completed,2
6531,658,174,3,238.04,714.12,debit_card,2026-07-07 09:12:21,refunded,2
6532,892,459,1,423.84,423.84,credit_card,2026-03-15 21:25:11,pending,1
6533,794,471,3,128.79,386.37,wallet,2026-05-05 06:24:04,completed,4
6534,347,443,4,434.37,1737.48,upi,2026-02-06 16:01:18,cancelled,3
6535,428,56,2,249.97,499.94,wallet,2026-06-18 13:24:39,completed,4
6536,128,4,2,198.61,397.22,debit_card,2026-04-26 22:11:19,completed,2
6537,374,413,3,330.48,991.44,credit_card,2026-04-10 09:02:32,completed,1
6538,321,417,2,299.9,599.8,cod,2026-04-10 19:11:32,completed,0
6539,603,58,4,185.88,743.52,debit_card,2026-04-14 03:33:21,refunded,2
6540,999,89,5,136.18,680.9,upi,2026-03-24 04:11:04,completed,3
6541,536,14,1,186.07,186.07,debit_card,2026-04-13 03:25:18,pending,2
6542,830,4,4,198.61,794.44,debit_card,2026-02-07 04:20:39,completed,2
6543,809,136,2,27.09,54.18,debit_card,2026-04-23 22:31:28,completed,2
6544,936,439,1,313.41,313.41,credit_card,2026-04-27 16:49:14,completed,1
6545,938,490,5,283.5,1417.5,cod,2026-02-27 11:49:51,completed,0
6546,75,393,2,352.16,704.32,credit_card,2026-06-16 19:06:46,completed,1
6547,279,460,2,239.55,479.1,upi,2026-06-24 07:10:48,completed,3
6548,439,311,4,81.62,326.48,debit_card,2026-05-19 05:16:49,completed,2
6549,533,87,2,81.93,163.86,cod,2026-01-20 21:45:55,completed,0
6550,796,25,1,271.12,271.12,upi,2026-06-02 21:12:44,completed,3
6551,586,205,5,95.52,477.6,upi,2026-05-30 06:14:12,completed,3
6552,713,403,1,26.67,26.67,debit_card,2026-05-31 08:45:40,completed,2
6553,10,496,3,168.6,505.8,credit_card,2026-04-25 20:26:32,completed,1
6554,462,125,2,327.23,654.46,cod,2026-06-12 03:27:37,completed,0
6555,720,312,3,284.51,853.53,upi,2026-05-04 18:50:59,cancelled,3
6556,588,261,1,398.14,398.14,debit_card,2026-04-01 13:15:48,completed,2
6557,318,251,2,114.49,228.98,upi,2026-05-18 18:42:52,completed,3
6558,767,463,2,444.36,888.72,credit_card,2026-06-18 13:34:52,completed,1
6559,878,129,5,445.43,2227.15,cod,2026-06-06 14:49:31,completed,0
6560,758,335,4,240.89,963.56,wallet,2026-02-04 19:47:44,cancelled,4
6561,912,247,2,7.79,15.58,cod,2026-02-21 19:04:32,completed,0
6562,249,347,3,228.11,684.33,upi,2026-04-29 08:06:16,completed,3
6563,932,298,3,260.74,782.22,credit_card,2026-05-02 10:42:50,completed,1
6564,66,351,1,429.96,429.96,credit_card,2026-02-27 07:54:53,completed,1
6565,542,172,5,344.73,1723.65,wallet,2026-01-26 02:26:10,completed,4
6566,514,421,1,368.46,368.46,credit_card,2026-05-09 15:02:05,pending,1
6567,369,17,5,46.95,234.75,cod,2026-02-02 04:30:45,completed,0
6568,267,4,3,198.61,595.83,debit_card,2026-03-12 02:34:33,completed,2
6569,612,258,2,336.82,673.64,debit_card,2026-06-29 05:11:40,completed,2
6570,442,244,5,275.57,1377.85,wallet,2026-03-23 13:56:23,completed,4
6571,384,35,3,357.14,1071.42,credit_card,2026-05-19 10:25:47,completed,1
6572,551,243,3,105.53,316.59,wallet,2026-02-04 22:03:48,completed,4
6573,10,498,1,464.26,464.26,credit_card,2026-04-24 10:02:21,completed,1
6574,624,40,4,164.82,659.28,upi,2026-02-02 03:26:35,pending,3
6575,889,441,3,31.28,93.84,cod,2026-06-10 12:38:51,completed,0
6576,765,273,2,476.01,952.02,cod,2026-01-25 12:21:32,completed,0
6577,979,214,1,32.01,32.01,cod,2026-04-22 16:07:24,completed,0
6578,378,283,3,367.95,1103.85,cod,2026-07-18 12:26:16,completed,0
6579,730,331,4,431.7,1726.8,credit_card,2026-06-13 09:34:26,completed,1
6580,809,373,4,384.11,1536.44,wallet,2026-05-11 11:59:13,completed,4
6581,531,402,5,164.69,823.45,credit_card,2026-07-18 15:07:59,completed,1
6582,829,74,2,189.54,379.08,credit_card,2026-02-24 09:24:22,completed,1
6583,625,398,3,84.37,253.11,credit_card,2026-03-16 06:21:15,completed,1
6584,826,12,2,227.54,455.08,credit_card,2026-02-28 15:04:52,pending,1
6585,215,134,4,157.63,630.52,credit_card,2026-05-08 00:12:28,completed,1
6586,613,216,2,255.93,511.86,cod,2026-07-14 02:57:11,completed,0
6587,312,474,5,284.92,1424.6,credit_card,2026-02-22 10:41:51,completed,1
6588,77,138,5,209.92,1049.6,wallet,2026-06-14 08:25:08,pending,4
6589,148,24,3,20.28,60.84,cod,2026-03-13 08:08:34,completed,0
6590,868,419,4,232.88,931.52,cod,2026-04-28 16:29:57,refunded,0
6591,741,124,1,441.48,441.48,debit_card,2026-05-27 11:06:30,completed,2
6592,182,110,4,91.9,367.6,debit_card,2026-06-06 15:29:33,completed,2
6593,838,192,2,29.05,58.1,debit_card,2026-03-21 16:53:02,refunded,2
6594,702,16,1,177.22,177.22,upi,2026-02-21 20:07:55,completed,3
6595,954,165,1,232.2,232.2,cod,2026-04-21 18:50:58,completed,0
6596,379,109,4,283.99,1135.96,upi,2026-02-18 11:14:58,pending,3
6597,156,368,2,230.99,461.98,credit_card,2026-05-30 19:12:32,pending,1
6598,75,391,5,188.84,944.2,credit_card,2026-07-11 09:40:34,completed,1
6599,333,315,4,226.06,904.24,upi,2026-07-14 01:50:02,completed,3
6600,438,206,1,400.95,400.95,credit_card,2026-03-11 14:39:53,completed,1
6601,766,102,3,494.75,1484.25,credit_card,2026-04-10 16:54:31,completed,1
6602,728,230,4,305.05,1220.2,credit_card,2026-03-28 10:08:34,completed,1
6603,883,499,1,279.81,279.81,upi,2026-02-25 21:57:46,completed,3
6604,872,362,3,87.62,262.86,wallet,2026-06-15 13:45:37,completed,4
6605,575,260,1,232.32,232.32,credit_card,2026-02-19 00:42:12,completed,1
6606,733,33,4,476.44,1905.76,credit_card,2026-06-16 12:41:39,completed,1
6607,814,60,3,146.81,440.43,wallet,2026-01-23 17:08:08,completed,4
6608,768,175,5,115.02,575.1,cod,2026-06-15 01:48:51,completed,0
6609,169,277,2,71.48,142.96,cod,2026-02-13 19:25:22,completed,0
6610,628,164,5,403.52,2017.6,upi,2026-05-08 10:36:21,completed,3
6611,438,493,3,170.23,510.69,credit_card,2026-07-12 21:51:42,completed,1
6612,607,497,4,243.34,973.36,upi,2026-07-11 17:52:30,completed,3
6613,395,143,3,132.65,397.95,wallet,2026-02-06 09:19:27,completed,4
6614,750,289,2,418.26,836.52,wallet,2026-04-19 07:03:09,completed,4
6615,116,429,1,202.27,202.27,debit_card,2026-05-05 03:11:32,completed,2
6616,301,396,5,354.78,1773.9,wallet,2026-04-26 01:33:38,completed,4
6617,392,254,4,193.78,775.12,cod,2026-07-17 01:33:31,completed,0
6618,56,466,4,200.83,803.32,wallet,2026-03-02 20:10:26,pending,4
6619,416,58,3,185.88,557.64,credit_card,2026-05-17 21:16:40,completed,1
6620,344,117,2,192.3,384.6,credit_card,2026-02-19 09:24:19,refunded,1
6621,452,433,1,185.81,185.81,upi,2026-05-09 17:54:32,refunded,3
6622,360,300,4,416.03,1664.12,credit_card,2026-06-30 08:34:56,completed,1
6623,495,220,1,107.39,107.39,cod,2026-07-01 12:28:52,completed,0
6624,423,83,2,487.4,974.8,debit_card,2026-07-14 23:55:14,completed,2
6625,731,296,5,125.62,628.1,credit_card,2026-02-25 20:24:30,completed,1
6626,673,229,1,347.45,347.45,debit_card,2026-04-06 15:20:30,completed,2
6627,59,256,5,225.55,1127.75,debit_card,2026-05-22 11:20:47,completed,2
6628,883,320,2,473.13,946.26,cod,2026-03-31 00:05:26,completed,0
6629,489,218,2,161.45,322.9,debit_card,2026-05-04 04:03:57,completed,2
6630,27,445,2,252.82,505.64,debit_card,2026-04-23 09:37:51,completed,2
6631,913,17,5,46.95,234.75,upi,2026-03-09 06:00:38,pending,3
6632,135,381,5,79.59,397.95,debit_card,2026-04-05 09:07:03,refunded,2
6633,407,341,4,376.33,1505.32,debit_card,2026-03-15 21:22:57,completed,2
6634,968,202,2,54.41,108.82,upi,2026-03-24 18:55:39,completed,3
6635,51,373,3,384.11,1152.33,wallet,2026-06-09 07:29:26,completed,4
6636,708,374,3,189.95,569.85,upi,2026-05-01 04:57:36,completed,3
6637,151,53,5,160.68,803.4000000000001,wallet,2026-02-06 01:10:05,completed,4
6638,619,9,2,465.31,930.62,upi,2026-05-03 21:22:47,refunded,3
6639,77,146,2,285.46,570.92,upi,2026-03-07 08:07:32,completed,3
6640,393,94,5,69.7,348.5,cod,2026-04-03 22:40:53,completed,0
6641,892,221,5,422.94,2114.7,cod,2026-02-21 23:23:54,completed,0
6642,840,214,2,32.01,64.02,debit_card,2026-03-14 18:49:34,completed,2
6643,48,74,4,189.54,758.16,wallet,2026-05-27 14:42:57,completed,4
6644,222,52,3,448.81,1346.43,wallet,2026-04-21 01:42:30,completed,4
6645,850,480,4,311.78,1247.12,credit_card,2026-05-26 08:33:14,completed,1
6646,530,138,4,209.92,839.68,cod,2026-07-01 12:04:14,completed,0
6647,306,400,4,311.77,1247.08,credit_card,2026-06-21 05:04:54,completed,1
6648,69,360,4,139.27,557.08,cod,2026-06-24 14:46:01,completed,0
6649,945,89,5,136.18,680.9,debit_card,2026-07-09 18:57:31,completed,2
6650,526,88,4,270.28,1081.12,wallet,2026-02-09 19:22:40,completed,4
6651,365,476,3,315.09,945.27,upi,2026-03-20 19:17:09,completed,3
6652,545,424,4,465.47,1861.88,debit_card,2026-06-10 01:09:12,completed,2
6653,26,165,5,232.2,1161.0,wallet,2026-07-10 11:13:48,completed,4
6654,83,149,4,204.47,817.88,upi,2026-04-18 13:31:00,completed,3
6655,590,498,5,464.26,2321.3,debit_card,2026-04-11 06:46:20,completed,2
6656,818,455,1,420.56,420.56,debit_card,2026-03-06 02:52:47,refunded,2
6657,504,360,4,139.27,557.08,upi,2026-06-12 07:37:10,completed,3
6658,464,494,3,130.94,392.82,upi,2026-05-22 16:14:39,completed,3
6659,335,7,2,53.32,106.64,wallet,2026-05-11 06:51:39,completed,4
6660,371,54,3,302.49,907.47,wallet,2026-03-07 21:41:35,completed,4
6661,478,258,5,336.82,1684.1,credit_card,2026-02-15 08:26:36,completed,1
6662,414,149,4,204.47,817.88,cod,2026-05-27 08:01:28,completed,0
6663,587,291,4,260.6,1042.4,cod,2026-07-18 06:14:02,completed,0
6664,547,233,3,357.38,1072.14,wallet,2026-03-05 08:43:43,completed,4
6665,663,457,2,70.12,140.24,wallet,2026-06-09 06:08:45,completed,4
6666,667,82,1,26.73,26.73,cod,2026-03-27 20:36:42,completed,0
6667,584,275,5,331.41,1657.05,credit_card,2026-02-23 00:09:27,completed,1
6668,347,122,4,108.79,435.16,wallet,2026-05-14 14:22:00,completed,4
6669,308,373,1,384.11,384.11,wallet,2026-02-16 06:31:11,completed,4
6670,200,215,4,42.06,168.24,debit_card,2026-05-26 22:24:12,completed,2
6671,828,399,1,186.72,186.72,upi,2026-06-22 01:41:48,completed,3
6672,393,412,4,442.0,1768.0,wallet,2026-02-14 01:10:15,completed,4
6673,581,468,3,214.12,642.36,wallet,2026-05-18 23:02:21,completed,4
6674,12,342,2,21.12,42.24,debit_card,2026-05-26 17:19:41,completed,2
6675,305,33,2,476.44,952.88,upi,2026-04-06 22:02:59,pending,3
6676,158,38,2,293.07,586.14,credit_card,2026-02-22 19:04:03,completed,1
6677,41,339,1,424.77,424.77,debit_card,2026-02-05 18:26:40,pending,2
6678,872,457,5,70.12,350.6,debit_card,2026-05-05 08:26:00,completed,2
6679,379,420,1,120.33,120.33,wallet,2026-06-30 05:35:29,completed,4
6680,227,1,2,23.2,46.4,debit_card,2026-04-28 18:09:30,completed,2
6681,912,453,1,345.82,345.82,cod,2026-06-26 01:56:10,completed,0
6682,75,192,3,29.05,87.15,upi,2026-06-03 00:43:18,pending,3
6683,92,367,1,467.75,467.75,debit_card,2026-07-13 10:53:19,completed,2
6684,590,230,1,305.05,305.05,wallet,2026-07-14 04:53:29,cancelled,4
6685,162,445,5,252.82,1264.1,wallet,2026-02-06 14:35:32,pending,4
6686,303,156,4,440.27,1761.08,cod,2026-07-19 05:00:48,refunded,0
6687,568,368,4,230.99,923.96,credit_card,2026-02-12 04:30:49,completed,1
6688,699,203,5,215.87,1079.35,cod,2026-05-01 22:10:46,completed,0
6689,367,282,2,238.69,477.38,credit_card,2026-06-28 01:30:12,completed,1
6690,742,101,1,72.93,72.93,credit_card,2026-02-04 16:19:13,completed,1
6691,634,282,3,238.69,716.07,credit_card,2026-05-20 07:09:37,pending,1
6692,966,253,4,61.79,247.16,upi,2026-03-28 06:38:28,completed,3
6693,964,331,4,431.7,1726.8,upi,2026-06-05 15:09:56,completed,3
6694,308,323,1,123.43,123.43,cod,2026-01-23 15:16:57,completed,0
6695,3,461,3,463.09,1389.27,credit_card,2026-04-07 22:17:06,completed,1
6696,151,51,3,315.9,947.7,upi,2026-04-17 18:57:55,completed,3
6697,190,216,2,255.93,511.86,debit_card,2026-07-02 21:13:19,completed,2
6698,604,196,3,258.23,774.69,cod,2026-02-21 10:08:30,completed,0
6699,976,332,4,340.07,1360.28,cod,2026-05-15 13:05:27,completed,0
6700,774,214,4,32.01,128.04,cod,2026-04-21 00:55:23,completed,0
6701,577,76,2,167.01,334.02,cod,2026-03-11 00:36:22,completed,0
6702,434,419,2,232.88,465.76,cod,2026-06-05 20:39:38,cancelled,0
6703,955,44,5,51.2,256.0,wallet,2026-06-12 05:16:58,completed,4
6704,6,141,3,90.58,271.74,cod,2026-05-26 05:43:30,completed,0
6705,750,64,1,33.66,33.66,upi,2026-07-02 16:58:30,completed,3
6706,505,105,2,267.07,534.14,cod,2026-02-01 18:21:23,completed,0
6707,649,106,3,330.15,990.45,credit_card,2026-04-25 16:52:02,completed,1
6708,541,336,5,252.0,1260.0,debit_card,2026-06-27 14:05:54,completed,2
6709,543,61,1,322.07,322.07,credit_card,2026-05-05 00:58:04,completed,1
6710,41,318,2,220.51,441.02,credit_card,2026-02-06 08:12:22,completed,1
6711,845,262,5,197.08,985.4,cod,2026-03-31 04:01:46,completed,0
6712,718,90,1,111.44,111.44,credit_card,2026-05-08 12:27:14,completed,1
6713,229,127,3,444.53,1333.59,debit_card,2026-06-27 01:26:36,completed,2
6714,357,377,3,405.36,1216.08,cod,2026-03-07 12:46:17,completed,0
6715,154,83,5,487.4,2437.0,cod,2026-06-15 14:21:00,completed,0
6716,570,322,2,393.06,786.12,credit_card,2026-06-28 20:12:45,cancelled,1
6717,492,237,3,263.75,791.25,upi,2026-04-30 01:44:18,completed,3
6718,487,124,3,441.48,1324.44,debit_card,2026-01-27 05:22:48,completed,2
6719,928,334,3,202.47,607.41,wallet,2026-03-31 06:06:15,completed,4
6720,480,400,4,311.77,1247.08,credit_card,2026-06-20 02:22:58,completed,1
6721,373,243,2,105.53,211.06,cod,2026-03-18 18:38:26,completed,0
6722,89,448,3,439.95,1319.85,upi,2026-04-11 16:41:28,completed,3
6723,378,238,2,137.15,274.3,credit_card,2026-06-24 00:31:51,completed,1
6724,917,390,1,200.93,200.93,upi,2026-06-22 09:26:36,refunded,3
6725,233,432,1,165.09,165.09,upi,2026-05-31 12:32:34,completed,3
6726,91,236,5,293.49,1467.45,cod,2026-02-09 10:19:06,completed,0
6727,406,209,4,19.26,77.04,upi,2026-06-06 19:52:12,completed,3
6728,864,238,3,137.15,411.45,cod,2026-01-29 04:17:52,completed,0
6729,652,224,2,448.95,897.9,wallet,2026-05-22 18:42:45,completed,4
6730,89,443,3,434.37,1303.11,wallet,2026-07-12 22:06:44,completed,4
6731,64,229,1,347.45,347.45,wallet,2026-05-14 01:05:50,completed,4
6732,237,427,1,254.84,254.84,cod,2026-06-17 20:12:51,completed,0
6733,669,495,4,344.49,1377.96,upi,2026-01-23 17:29:54,completed,3
6734,247,11,4,97.26,389.04,wallet,2026-06-03 00:10:15,completed,4
6735,120,213,4,176.15,704.6,upi,2026-03-31 03:33:22,completed,3
6736,449,298,5,260.74,1303.7,wallet,2026-06-13 01:31:27,cancelled,4
6737,806,90,3,111.44,334.32,debit_card,2026-05-17 16:57:52,completed,2
6738,910,470,2,165.11,330.22,credit_card,2026-03-06 23:02:37,completed,1
6739,718,401,3,410.43,1231.29,debit_card,2026-06-05 20:52:24,refunded,2
6740,34,40,5,164.82,824.1,upi,2026-06-26 04:59:09,completed,3
6741,211,257,4,474.36,1897.44,cod,2026-03-10 07:45:48,completed,0
6742,560,256,5,225.55,1127.75,cod,2026-03-05 08:48:48,completed,0
6743,289,117,1,192.3,192.3,cod,2026-04-27 18:28:45,pending,0
6744,32,370,2,157.39,314.78,upi,2026-05-25 20:39:05,pending,3
6745,938,134,2,157.63,315.26,wallet,2026-02-05 09:19:56,completed,4
6746,549,168,5,329.78,1648.9,cod,2026-06-09 19:34:19,completed,0
6747,8,310,4,190.64,762.56,debit_card,2026-07-17 18:27:04,completed,2
6748,602,55,4,261.29,1045.16,cod,2026-03-04 22:26:13,completed,0
6749,241,241,5,122.61,613.05,upi,2026-02-16 16:06:15,completed,3
6750,630,471,2,128.79,257.58,credit_card,2026-03-03 19:37:08,completed,1
6751,148,254,3,193.78,581.34,wallet,2026-03-03 22:35:51,completed,4
6752,127,157,5,21.37,106.85000000000001,cod,2026-04-22 11:27:35,completed,0
6753,704,387,4,468.43,1873.72,debit_card,2026-03-29 21:32:44,completed,2
6754,212,227,3,387.21,1161.63,cod,2026-05-20 10:23:11,pending,0
6755,175,2,3,330.51,991.53,debit_card,2026-05-17 01:38:08,completed,2
6756,756,252,5,113.13,565.65,credit_card,2026-04-14 06:24:35,completed,1
6757,627,478,4,305.95,1223.8,credit_card,2026-06-30 05:25:51,cancelled,1
6758,934,346,4,214.85,859.4,upi,2026-02-12 02:15:49,completed,3
6759,774,309,4,207.28,829.12,credit_card,2026-05-27 09:47:26,pending,1
6760,675,436,2,371.09,742.18,upi,2026-04-25 22:17:11,completed,3
6761,2,116,3,355.06,1065.18,credit_card,2026-04-06 02:24:28,pending,1
6762,188,3,2,57.44,114.88,upi,2026-06-01 16:43:04,completed,3
6763,497,342,3,21.12,63.36,wallet,2026-07-12 08:58:53,pending,4
6764,870,397,3,97.38,292.14,credit_card,2026-05-01 07:18:04,completed,1
6765,443,38,2,293.07,586.14,cod,2026-03-08 07:43:38,completed,0
6766,860,431,2,498.55,997.1,credit_card,2026-05-30 02:06:49,completed,1
6767,284,360,1,139.27,139.27,debit_card,2026-02-28 08:05:54,completed,2
6768,113,88,1,270.28,270.28,cod,2026-06-04 00:57:45,completed,0
6769,200,167,5,243.46,1217.3,wallet,2026-06-02 22:40:58,completed,4
6770,780,482,5,152.73,763.65,upi,2026-07-17 06:41:20,completed,3
6771,721,211,4,353.76,1415.04,wallet,2026-06-25 07:51:22,completed,4
6772,642,477,1,383.87,383.87,wallet,2026-05-28 11:16:46,completed,4
6773,739,227,5,387.21,1936.05,credit_card,2026-02-26 10:59:02,completed,1
6774,597,9,5,465.31,2326.55,cod,2026-05-13 09:09:28,completed,0
6775,828,120,5,168.93,844.65,upi,2026-03-27 19:40:02,completed,3
6776,243,90,3,111.44,334.32,wallet,2026-03-19 03:29:53,completed,4
6777,145,500,2,484.96,969.92,wallet,2026-03-26 22:03:56,completed,4
6778,620,171,2,197.2,394.4,wallet,2026-04-29 06:16:03,completed,4
6779,89,88,2,270.28,540.56,cod,2026-02-21 18:12:39,completed,0
6780,525,184,3,269.22,807.66,cod,2026-03-11 10:12:37,pending,0
6781,3,337,4,105.37,421.48,cod,2026-01-29 10:45:16,completed,0
6782,688,312,1,284.51,284.51,cod,2026-01-20 22:14:13,completed,0
6783,858,166,5,8.64,43.2,cod,2026-04-27 05:47:39,pending,0
6784,954,260,3,232.32,696.96,credit_card,2026-06-24 09:48:53,completed,1
6785,772,356,4,246.31,985.24,upi,2026-04-30 04:56:44,completed,3
6786,861,102,4,494.75,1979.0,credit_card,2026-03-18 06:08:35,completed,1
6787,576,44,5,51.2,256.0,credit_card,2026-07-14 12:20:15,completed,1
6788,107,260,4,232.32,929.28,debit_card,2026-03-13 02:58:16,completed,2
6789,176,454,5,458.97,2294.85,wallet,2026-05-15 00:22:39,completed,4
6790,507,200,3,78.83,236.49,cod,2026-03-04 11:53:13,completed,0
6791,240,19,5,73.24,366.2,debit_card,2026-07-02 15:35:42,completed,2
6792,688,71,1,6.27,6.27,credit_card,2026-04-03 09:48:45,completed,1
6793,338,301,2,135.94,271.88,debit_card,2026-03-12 02:59:54,completed,2
6794,713,130,2,207.59,415.18,debit_card,2026-03-02 00:50:08,refunded,2
6795,715,420,3,120.33,360.99,debit_card,2026-06-18 11:45:12,completed,2
6796,733,89,4,136.18,544.72,cod,2026-03-11 07:14:30,completed,0
6797,595,278,2,388.51,777.02,debit_card,2026-03-16 10:01:30,completed,2
6798,262,479,1,223.73,223.73,cod,2026-05-25 17:07:24,completed,0
6799,95,272,5,148.87,744.35,cod,2026-07-01 21:00:56,completed,0
6800,735,211,3,353.76,1061.28,upi,2026-01-31 11:35:52,completed,3
6801,50,301,3,135.94,407.82,upi,2026-04-24 13:48:18,completed,3
6802,328,368,3,230.99,692.97,credit_card,2026-04-20 09:47:05,pending,1
6803,452,30,2,431.22,862.44,credit_card,2026-04-17 05:44:23,completed,1
6804,232,476,4,315.09,1260.36,wallet,2026-03-08 20:50:03,completed,4
6805,291,470,1,165.11,165.11,upi,2026-02-03 08:41:13,completed,3
6806,364,142,5,214.57,1072.85,debit_card,2026-07-08 17:16:50,completed,2
6807,656,379,5,97.96,489.8,credit_card,2026-03-22 23:01:34,completed,1
6808,503,371,5,264.04,1320.2,upi,2026-03-27 09:05:40,completed,3
6809,629,484,2,183.29,366.58,debit_card,2026-03-16 10:48:02,completed,2
6810,180,230,5,305.05,1525.25,wallet,2026-02-17 07:34:53,completed,4
6811,878,361,2,96.02,192.04,wallet,2026-05-22 18:29:16,completed,4
6812,534,424,1,465.47,465.47,upi,2026-05-08 16:02:31,pending,3
6813,366,119,3,162.52,487.56,upi,2026-05-06 20:55:56,refunded,3
6814,987,59,1,38.43,38.43,debit_card,2026-03-10 19:03:17,completed,2
6815,238,15,2,483.13,966.26,wallet,2026-04-07 12:53:44,completed,4
6816,649,78,4,486.07,1944.28,debit_card,2026-04-22 22:22:26,completed,2
6817,491,475,4,385.73,1542.92,debit_card,2026-06-07 05:14:20,completed,2
6818,68,23,1,210.74,210.74,wallet,2026-01-28 09:32:46,completed,4
6819,89,248,2,300.46,600.92,cod,2026-06-08 12:52:17,completed,0
6820,580,339,3,424.77,1274.31,wallet,2026-07-15 20:38:55,completed,4
6821,982,92,4,476.29,1905.16,wallet,2026-04-30 11:01:56,completed,4
6822,798,439,5,313.41,1567.05,upi,2026-02-05 03:06:29,completed,3
6823,800,437,4,348.43,1393.72,wallet,2026-03-29 02:01:59,completed,4
6824,307,451,3,80.61,241.83,upi,2026-05-15 03:12:32,completed,3
6825,11,101,4,72.93,291.72,credit_card,2026-05-20 06:28:06,completed,1
6826,24,322,2,393.06,786.12,upi,2026-06-21 13:30:13,completed,3
6827,558,153,2,365.76,731.52,credit_card,2026-07-03 20:55:53,completed,1
6828,177,223,3,415.79,1247.37,cod,2026-05-25 15:27:29,completed,0
6829,646,194,2,106.72,213.44,upi,2026-02-01 10:55:02,completed,3
6830,174,295,3,243.35,730.05,cod,2026-03-18 16:56:54,completed,0
6831,853,160,1,419.64,419.64,debit_card,2026-02-17 00:32:45,completed,2
6832,704,420,5,120.33,601.65,credit_card,2026-03-28 17:04:32,completed,1
6833,366,79,3,466.54,1399.62,upi,2026-04-24 01:52:07,completed,3
6834,62,253,4,61.79,247.16,debit_card,2026-06-04 00:22:33,completed,2
6835,844,335,2,240.89,481.78,wallet,2026-07-04 02:11:28,completed,4
6836,859,109,1,283.99,283.99,cod,2026-06-23 09:49:01,refunded,0
6837,879,277,3,71.48,214.44,upi,2026-01-29 01:18:45,completed,3
6838,693,37,3,204.41,613.23,wallet,2026-03-18 23:00:46,completed,4
6839,525,46,3,5.54,16.62,cod,2026-05-13 17:18:10,completed,0
6840,158,482,4,152.73,610.92,credit_card,2026-04-02 16:21:16,completed,1
6841,812,291,5,260.6,1303.0,credit_card,2026-06-28 19:02:23,completed,1
6842,853,220,3,107.39,322.17,wallet,2026-06-30 17:33:34,completed,4
6843,481,368,2,230.99,461.98,debit_card,2026-02-15 23:19:22,completed,2
6844,477,472,3,354.58,1063.74,upi,2026-03-08 08:11:10,completed,3
6845,954,342,1,21.12,21.12,debit_card,2026-07-09 22:57:52,completed,2
6846,303,454,4,458.97,1835.88,wallet,2026-03-17 00:16:42,completed,4
6847,438,264,1,464.38,464.38,wallet,2026-02-12 00:00:41,completed,4
6848,717,223,1,415.79,415.79,wallet,2026-05-03 01:53:33,completed,4
6849,768,453,3,345.82,1037.46,wallet,2026-07-05 23:40:19,completed,4
6850,747,257,2,474.36,948.72,debit_card,2026-02-06 01:37:50,completed,2
6851,409,212,3,263.94,791.82,upi,2026-07-10 02:16:12,completed,3
6852,947,407,4,401.5,1606.0,cod,2026-07-16 19:18:16,completed,0
6853,823,407,3,401.5,1204.5,debit_card,2026-01-29 14:37:00,completed,2
6854,766,362,1,87.62,87.62,debit_card,2026-04-29 18:42:00,completed,2
6855,224,89,4,136.18,544.72,wallet,2026-06-07 21:00:25,completed,4
6856,447,116,2,355.06,710.12,upi,2026-04-11 01:44:15,completed,3
6857,559,100,1,208.94,208.94,debit_card,2026-01-21 11:50:38,completed,2
6858,331,234,4,358.62,1434.48,wallet,2026-05-19 08:02:15,completed,4
6859,863,424,4,465.47,1861.88,upi,2026-04-10 18:21:52,completed,3
6860,484,437,2,348.43,696.86,cod,2026-03-05 16:20:09,pending,0
6861,75,96,2,405.6,811.2,debit_card,2026-05-09 12:26:46,completed,2
6862,583,454,4,458.97,1835.88,wallet,2026-03-24 12:24:40,completed,4
6863,692,409,2,472.58,945.16,credit_card,2026-06-10 07:01:48,pending,1
6864,639,334,2,202.47,404.94,wallet,2026-06-07 10:49:11,completed,4
6865,554,147,5,393.94,1969.7,wallet,2026-05-16 05:20:50,completed,4
6866,844,14,3,186.07,558.21,cod,2026-05-12 02:09:58,completed,0
6867,263,257,5,474.36,2371.8,cod,2026-05-08 05:24:40,completed,0
6868,869,234,4,358.62,1434.48,debit_card,2026-06-15 05:15:08,pending,2
6869,687,217,1,232.25,232.25,upi,2026-03-10 02:27:59,completed,3
6870,163,424,3,465.47,1396.41,debit_card,2026-06-09 08:09:09,refunded,2
6871,846,279,3,421.69,1265.07,upi,2026-03-05 15:46:54,completed,3
6872,721,465,1,228.55,228.55,debit_card,2026-06-05 08:47:22,completed,2
6873,700,492,2,235.12,470.24,debit_card,2026-04-17 23:06:49,pending,2
6874,916,444,3,452.42,1357.26,credit_card,2026-01-29 13:48:33,completed,1
6875,452,421,5,368.46,1842.3,debit_card,2026-05-24 14:12:07,completed,2
6876,474,181,3,160.14,480.42,upi,2026-06-08 12:03:37,completed,3
6877,910,352,1,407.84,407.84,wallet,2026-07-16 13:49:19,completed,4
6878,363,15,3,483.13,1449.39,credit_card,2026-04-07 19:22:32,completed,1
6879,935,287,3,26.19,78.57,debit_card,2026-03-25 17:41:09,completed,2
6880,162,242,4,211.2,844.8,cod,2026-01-25 09:46:25,completed,0
6881,176,192,5,29.05,145.25,wallet,2026-05-21 16:24:43,completed,4
6882,243,409,5,472.58,2362.9,debit_card,2026-07-01 19:00:24,pending,2
6883,837,462,5,92.65,463.25,cod,2026-04-30 10:08:21,completed,0
6884,808,325,4,369.78,1479.12,upi,2026-06-22 05:28:02,completed,3
6885,23,24,3,20.28,60.84,debit_card,2026-02-23 00:47:17,completed,2
6886,148,225,3,101.98,305.94,credit_card,2026-04-06 23:37:16,completed,1
6887,886,85,2,426.2,852.4,debit_card,2026-01-22 08:01:08,cancelled,2
6888,519,492,5,235.12,1175.6,upi,2026-04-19 18:31:28,cancelled,3
6889,127,132,3,183.61,550.83,debit_card,2026-03-23 13:41:03,pending,2
6890,518,155,4,396.79,1587.16,cod,2026-02-06 09:10:04,completed,0
6891,366,173,4,423.48,1693.92,credit_card,2026-03-18 21:18:19,completed,1
6892,365,36,5,318.04,1590.2,debit_card,2026-03-03 01:00:49,refunded,2
6893,684,313,4,392.98,1571.92,wallet,2026-04-07 23:23:00,completed,4
6894,455,468,3,214.12,642.36,cod,2026-02-27 05:04:07,completed,0
6895,887,299,3,112.21,336.63,credit_card,2026-04-12 12:38:02,completed,1
6896,260,199,2,121.08,242.16,wallet,2026-03-22 11:54:37,completed,4
6897,283,158,1,412.64,412.64,credit_card,2026-03-02 00:38:27,completed,1
6898,602,20,2,279.68,559.36,wallet,2026-04-17 06:55:28,pending,4
6899,516,465,1,228.55,228.55,credit_card,2026-04-19 03:14:51,completed,1
6900,230,408,4,412.7,1650.8,upi,2026-06-02 16:52:58,completed,3
6901,810,53,3,160.68,482.04,cod,2026-05-06 15:13:09,completed,0
6902,209,357,5,234.56,1172.8,wallet,2026-04-21 00:49:44,completed,4
6903,450,476,5,315.09,1575.45,credit_card,2026-02-16 03:28:12,completed,1
6904,584,197,1,103.33,103.33,upi,2026-06-09 02:56:40,completed,3
6905,270,344,4,54.87,219.48,cod,2026-06-21 21:39:05,cancelled,0
6906,16,334,5,202.47,1012.35,debit_card,2026-05-12 18:40:31,completed,2
6907,767,83,5,487.4,2437.0,credit_card,2026-04-18 10:14:21,completed,1
6908,69,288,1,441.37,441.37,upi,2026-06-06 09:23:42,refunded,3
6909,476,9,4,465.31,1861.24,debit_card,2026-04-17 08:13:35,completed,2
6910,935,59,3,38.43,115.29,wallet,2026-06-05 16:05:55,completed,4
6911,804,110,4,91.9,367.6,wallet,2026-05-31 23:23:42,completed,4
6912,290,279,4,421.69,1686.76,credit_card,2026-04-21 00:29:02,completed,1
6913,648,341,5,376.33,1881.65,debit_card,2026-04-02 16:32:13,completed,2
6914,643,255,2,363.37,726.74,cod,2026-05-11 19:08:41,completed,0
6915,5,17,1,46.95,46.95,wallet,2026-04-11 09:17:50,completed,4
6916,863,283,5,367.95,1839.75,cod,2026-03-24 16:03:43,completed,0
6917,23,227,2,387.21,774.42,debit_card,2026-01-24 10:12:00,pending,2
6918,255,26,2,61.04,122.08,wallet,2026-04-01 12:27:09,completed,4
6919,660,241,3,122.61,367.83,credit_card,2026-04-22 18:32:17,completed,1
6920,489,56,3,249.97,749.91,debit_card,2026-04-05 06:05:50,completed,2
6921,199,313,2,392.98,785.96,upi,2026-05-16 14:12:24,completed,3
6922,571,310,2,190.64,381.28,wallet,2026-06-16 00:18:25,completed,4
6923,843,206,1,400.95,400.95,cod,2026-02-08 17:33:43,cancelled,0
6924,979,214,3,32.01,96.03,debit_card,2026-07-11 11:30:44,completed,2
6925,2,188,1,264.44,264.44,upi,2026-07-14 11:59:55,completed,3
6926,278,6,1,159.39,159.39,upi,2026-06-27 08:49:47,completed,3
6927,414,383,5,32.74,163.7,debit_card,2026-06-18 09:19:40,completed,2
6928,486,23,3,210.74,632.22,credit_card,2026-03-05 18:18:37,completed,1
6929,140,488,3,493.66,1480.98,credit_card,2026-07-06 13:36:27,completed,1
6930,184,219,5,22.74,113.7,wallet,2026-05-15 07:23:26,completed,4
6931,613,163,3,325.45,976.35,debit_card,2026-04-04 02:31:01,completed,2
6932,10,163,5,325.45,1627.25,upi,2026-05-29 03:45:34,completed,3
6933,793,179,1,73.0,73.0,cod,2026-05-28 00:05:21,completed,0
6934,420,205,2,95.52,191.04,wallet,2026-04-25 01:36:42,pending,4
6935,716,377,3,405.36,1216.08,debit_card,2026-07-08 04:20:33,completed,2
6936,486,21,3,311.61,934.83,cod,2026-07-05 20:22:22,completed,0
6937,845,398,2,84.37,168.74,upi,2026-06-28 23:14:49,completed,3
6938,668,416,1,183.2,183.2,credit_card,2026-02-17 17:40:05,completed,1
6939,802,142,4,214.57,858.28,debit_card,2026-04-24 06:45:13,completed,2
6940,611,460,1,239.55,239.55,debit_card,2026-03-19 15:09:43,completed,2
6941,567,102,3,494.75,1484.25,cod,2026-04-04 17:15:40,cancelled,0
6942,441,192,3,29.05,87.15,debit_card,2026-06-15 08:58:55,refunded,2
6943,737,290,1,185.82,185.82,wallet,2026-03-18 14:52:30,completed,4
6944,368,252,1,113.13,113.13,upi,2026-06-09 20:15:50,completed,3
6945,241,421,1,368.46,368.46,credit_card,2026-05-16 17:53:18,completed,1
6946,611,223,3,415.79,1247.37,cod,2026-03-13 21:45:09,completed,0
6947,317,275,4,331.41,1325.64,wallet,2026-03-01 23:37:26,completed,4
6948,355,414,5,277.29,1386.45,upi,2026-05-26 09:43:59,completed,3
6949,861,4,5,198.61,993.05,cod,2026-06-26 09:50:52,completed,0
6950,3,458,1,119.3,119.3,debit_card,2026-06-16 04:59:28,completed,2
6951,754,435,2,462.49,924.98,wallet,2026-03-21 11:26:49,completed,4
6952,641,380,1,144.65,144.65,credit_card,2026-06-11 04:53:24,cancelled,1
6953,779,310,4,190.64,762.56,credit_card,2026-05-16 18:38:23,completed,1
6954,236,224,5,448.95,2244.75,debit_card,2026-04-02 09:08:45,completed,2
6955,910,186,1,68.82,68.82,debit_card,2026-03-17 14:44:45,completed,2
6956,356,56,3,249.97,749.91,cod,2026-02-06 20:33:16,completed,0
6957,186,69,3,250.59,751.77,debit_card,2026-01-23 19:22:14,completed,2
6958,701,432,3,165.09,495.27,cod,2026-04-06 03:03:37,cancelled,0
6959,472,442,5,333.18,1665.9,cod,2026-04-23 11:28:07,completed,0
6960,723,499,4,279.81,1119.24,upi,2026-03-18 04:19:11,completed,3
6961,769,449,3,174.18,522.54,debit_card,2026-02-03 21:26:33,completed,2
6962,367,484,1,183.29,183.29,debit_card,2026-01-28 19:55:39,completed,2
6963,162,7,2,53.32,106.64,wallet,2026-01-31 18:11:14,completed,4
6964,408,228,5,267.53,1337.65,wallet,2026-03-27 16:57:30,completed,4
6965,851,389,5,318.29,1591.45,debit_card,2026-07-19 13:09:53,completed,2
6966,2,252,3,113.13,339.39,credit_card,2026-04-02 00:35:04,pending,1
6967,860,370,2,157.39,314.78,wallet,2026-07-02 15:40:46,completed,4
6968,924,461,4,463.09,1852.36,wallet,2026-06-03 09:49:41,completed,4
6969,806,403,3,26.67,80.01,debit_card,2026-02-12 01:55:27,pending,2
6970,525,394,1,490.93,490.93,credit_card,2026-03-20 03:10:07,completed,1
6971,66,76,2,167.01,334.02,credit_card,2026-04-15 12:12:03,completed,1
6972,822,155,4,396.79,1587.16,debit_card,2026-04-02 03:02:36,completed,2
6973,601,21,5,311.61,1558.05,wallet,2026-02-16 20:53:01,completed,4
6974,175,238,1,137.15,137.15,debit_card,2026-07-18 06:44:57,completed,2
6975,619,43,1,495.96,495.96,wallet,2026-02-25 03:48:52,completed,4
6976,135,56,2,249.97,499.94,cod,2026-06-23 05:20:03,refunded,0
6977,133,364,3,81.86,245.58,upi,2026-07-05 04:36:18,pending,3
6978,364,117,3,192.3,576.9,credit_card,2026-05-02 10:14:58,completed,1
6979,391,315,2,226.06,452.12,upi,2026-05-16 13:04:22,refunded,3
6980,774,124,5,441.48,2207.4,credit_card,2026-06-24 09:03:10,completed,1
6981,980,163,2,325.45,650.9,cod,2026-01-31 03:36:02,completed,0
6982,294,257,4,474.36,1897.44,debit_card,2026-06-10 07:12:59,completed,2
6983,376,371,1,264.04,264.04,cod,2026-02-15 12:49:45,refunded,0
6984,967,227,3,387.21,1161.63,upi,2026-03-05 00:08:18,completed,3
6985,841,244,2,275.57,551.14,debit_card,2026-04-08 00:14:42,completed,2
6986,952,229,3,347.45,1042.35,wallet,2026-06-07 10:08:01,completed,4
6987,12,429,1,202.27,202.27,cod,2026-02-20 22:48:04,completed,0
6988,491,406,5,360.33,1801.65,debit_card,2026-02-22 02:04:23,completed,2
6989,430,188,3,264.44,793.32,debit_card,2026-04-09 04:09:10,completed,2
6990,953,286,3,113.32,339.96,wallet,2026-04-28 05:24:14,completed,4
6991,666,435,5,462.49,2312.45,cod,2026-07-02 22:52:56,pending,0
6992,66,137,5,35.51,177.55,wallet,2026-05-14 03:23:28,completed,4
6993,722,172,4,344.73,1378.92,credit_card,2026-04-04 21:37:31,completed,1
6994,299,366,3,19.14,57.42,cod,2026-01-29 21:57:22,completed,0
6995,636,240,3,55.73,167.19,upi,2026-02-15 15:18:34,completed,3
6996,381,17,5,46.95,234.75,credit_card,2026-04-17 03:11:27,completed,1
6997,30,479,4,223.73,894.92,cod,2026-02-10 17:16:09,completed,0
6998,437,141,4,90.58,362.32,cod,2026-03-06 18:50:47,completed,0
6999,589,255,2,363.37,726.74,credit_card,2026-05-06 10:00:35,completed,1
7000,154,444,3,452.42,1357.26,credit_card,2026-04-22 08:45:42,completed,1
7001,588,358,1,287.96,287.96,credit_card,2026-05-18 11:34:53,completed,1
7002,475,49,2,441.09,882.18,cod,2026-03-19 00:17:46,completed,0
7003,767,244,5,275.57,1377.85,wallet,2026-07-03 03:52:39,completed,4
7004,523,479,1,223.73,223.73,upi,2026-07-13 16:11:02,refunded,3
7005,748,77,4,284.08,1136.32,upi,2026-07-13 20:03:35,completed,3
7006,811,19,5,73.24,366.2,cod,2026-03-04 01:29:49,completed,0
7007,764,416,2,183.2,366.4,credit_card,2026-01-26 08:25:20,completed,1
7008,386,111,4,14.86,59.44,credit_card,2026-03-15 07:01:49,completed,1
7009,908,231,3,140.43,421.29,credit_card,2026-05-09 03:26:07,completed,1
7010,611,195,1,332.93,332.93,credit_card,2026-02-16 21:31:46,completed,1
7011,44,184,5,269.22,1346.1,upi,2026-03-28 17:58:06,completed,3
7012,253,17,3,46.95,140.85,credit_card,2026-05-27 10:12:57,pending,1
7013,503,478,2,305.95,611.9,cod,2026-04-03 11:57:17,completed,0
7014,531,359,1,117.97,117.97,cod,2026-07-11 12:32:04,completed,0
7015,265,306,3,213.24,639.72,wallet,2026-07-06 18:11:33,completed,4
7016,510,206,5,400.95,2004.75,wallet,2026-05-06 23:04:19,completed,4
7017,984,310,2,190.64,381.28,credit_card,2026-05-27 16:28:36,completed,1
7018,288,17,1,46.95,46.95,debit_card,2026-05-31 08:48:15,completed,2
7019,913,179,4,73.0,292.0,cod,2026-07-15 18:33:33,completed,0
7020,482,405,3,313.87,941.61,upi,2026-02-07 19:45:19,pending,3
7021,925,195,4,332.93,1331.72,debit_card,2026-04-02 09:30:17,completed,2
7022,899,392,1,172.52,172.52,cod,2026-05-18 22:00:24,cancelled,0
7023,904,310,3,190.64,571.92,credit_card,2026-06-24 18:15:49,completed,1
7024,762,158,1,412.64,412.64,debit_card,2026-04-07 18:51:55,completed,2
7025,152,436,4,371.09,1484.36,debit_card,2026-07-19 00:47:54,cancelled,2
7026,332,273,3,476.01,1428.03,upi,2026-01-25 12:46:46,refunded,3
7027,912,150,4,346.8,1387.2,upi,2026-05-12 16:38:48,completed,3
7028,677,459,5,423.84,2119.2,upi,2026-05-14 03:11:31,completed,3
7029,469,336,4,252.0,1008.0,debit_card,2026-02-16 07:34:14,completed,2
7030,137,372,3,269.87,809.61,cod,2026-07-09 08:26:46,completed,0
7031,812,445,4,252.82,1011.28,cod,2026-03-23 21:44:01,completed,0
7032,683,220,4,107.39,429.56,upi,2026-07-07 01:45:45,completed,3
7033,933,398,5,84.37,421.85,wallet,2026-07-17 10:01:50,completed,4
7034,895,130,3,207.59,622.77,cod,2026-03-03 13:44:43,completed,0
7035,845,294,1,303.0,303.0,credit_card,2026-05-07 10:36:49,refunded,1
7036,877,294,3,303.0,909.0,credit_card,2026-02-10 01:24:16,completed,1
7037,897,225,3,101.98,305.94,upi,2026-03-26 04:31:47,completed,3
7038,219,49,1,441.09,441.09,debit_card,2026-05-13 12:26:22,completed,2
7039,326,473,2,475.13,950.26,credit_card,2026-05-24 10:07:45,completed,1
7040,168,29,5,222.34,1111.7,debit_card,2026-01-27 18:36:16,completed,2
7041,313,23,4,210.74,842.96,wallet,2026-07-11 11:26:18,completed,4
7042,788,111,4,14.86,59.44,upi,2026-02-19 18:26:57,cancelled,3
7043,133,211,4,353.76,1415.04,wallet,2026-01-22 16:41:02,completed,4
7044,869,301,3,135.94,407.82,cod,2026-05-29 23:43:42,cancelled,0
7045,34,112,3,359.88,1079.64,debit_card,2026-06-19 06:52:22,completed,2
7046,782,230,3,305.05,915.15,upi,2026-01-26 16:38:12,completed,3
7047,253,179,3,73.0,219.0,upi,2026-01-29 12:59:27,completed,3
7048,644,361,5,96.02,480.1,upi,2026-06-10 00:28:32,pending,3
7049,974,3,2,57.44,114.88,debit_card,2026-03-15 19:43:00,completed,2
7050,779,460,1,239.55,239.55,cod,2026-07-10 02:55:03,cancelled,0
7051,735,360,5,139.27,696.35,wallet,2026-03-20 09:14:16,completed,4
7052,582,62,1,44.12,44.12,wallet,2026-02-20 06:23:33,completed,4
7053,505,486,1,71.6,71.6,cod,2026-04-17 18:57:07,pending,0
7054,295,301,1,135.94,135.94,cod,2026-05-10 14:00:47,completed,0
7055,184,188,2,264.44,528.88,debit_card,2026-05-04 23:52:04,refunded,2
7056,314,159,4,246.95,987.8,credit_card,2026-05-20 13:10:43,completed,1
7057,96,468,5,214.12,1070.6,wallet,2026-02-27 07:32:13,completed,4
7058,884,27,4,381.2,1524.8,cod,2026-03-17 16:50:53,completed,0
7059,1000,484,1,183.29,183.29,upi,2026-03-10 04:28:00,completed,3
7060,44,337,4,105.37,421.48,upi,2026-05-11 14:35:08,completed,3
7061,340,369,1,158.28,158.28,cod,2026-06-06 16:27:38,cancelled,0
7062,129,370,5,157.39,786.95,debit_card,2026-02-11 08:34:05,completed,2
7063,759,473,4,475.13,1900.52,debit_card,2026-06-16 19:03:33,completed,2
7064,263,61,1,322.07,322.07,debit_card,2026-05-22 03:28:54,completed,2
7065,819,281,5,205.54,1027.7,credit_card,2026-05-20 08:27:45,completed,1
7066,824,223,5,415.79,2078.95,upi,2026-03-08 22:56:09,completed,3
7067,5,476,1,315.09,315.09,credit_card,2026-04-29 13:27:05,completed,1
7068,328,42,3,13.06,39.18,wallet,2026-06-22 07:12:29,completed,4
7069,689,52,2,448.81,897.62,cod,2026-04-27 20:18:14,completed,0
7070,976,493,1,170.23,170.23,wallet,2026-02-25 15:11:07,completed,4
7071,312,338,1,460.49,460.49,cod,2026-04-02 19:01:38,completed,0
7072,904,496,3,168.6,505.8,debit_card,2026-05-06 13:09:27,completed,2
7073,533,156,2,440.27,880.54,upi,2026-06-19 07:35:57,completed,3
7074,138,491,3,120.2,360.6,credit_card,2026-02-26 00:57:00,completed,1
7075,979,472,1,354.58,354.58,debit_card,2026-02-23 12:07:17,completed,2
7076,568,24,4,20.28,81.12,upi,2026-04-28 15:11:43,refunded,3
7077,788,294,2,303.0,606.0,upi,2026-03-30 12:34:17,completed,3
7078,709,339,2,424.77,849.54,wallet,2026-03-06 03:18:20,cancelled,4
7079,944,388,5,321.07,1605.35,wallet,2026-06-12 14:13:00,completed,4
7080,121,431,5,498.55,2492.75,wallet,2026-01-21 10:54:35,completed,4
7081,197,121,5,411.72,2058.6,upi,2026-05-23 15:54:07,pending,3
7082,257,181,3,160.14,480.42,debit_card,2026-07-05 05:47:37,completed,2
7083,234,413,5,330.48,1652.4,credit_card,2026-06-12 11:44:00,completed,1
7084,678,304,1,92.82,92.82,debit_card,2026-07-01 05:04:14,completed,2
7085,903,18,1,95.61,95.61,cod,2026-05-19 02:37:36,completed,0
7086,999,44,5,51.2,256.0,credit_card,2026-02-16 18:42:28,pending,1
7087,858,430,5,103.06,515.3,credit_card,2026-05-08 21:06:05,refunded,1
7088,316,415,4,306.16,1224.64,debit_card,2026-05-07 18:07:05,completed,2
7089,862,212,4,263.94,1055.76,cod,2026-06-16 05:46:53,completed,0
7090,173,16,2,177.22,354.44,cod,2026-04-29 00:35:33,completed,0
7091,703,343,4,232.73,930.92,cod,2026-05-01 07:15:42,completed,0
7092,831,102,2,494.75,989.5,wallet,2026-03-23 17:25:57,completed,4
7093,258,58,4,185.88,743.52,upi,2026-04-16 12:42:37,completed,3
7094,870,69,3,250.59,751.77,credit_card,2026-04-06 10:46:20,completed,1
7095,656,412,4,442.0,1768.0,wallet,2026-07-01 18:04:48,completed,4
7096,321,264,3,464.38,1393.14,credit_card,2026-05-26 06:42:57,completed,1
7097,51,191,4,357.0,1428.0,credit_card,2026-06-14 01:02:39,completed,1
7098,132,437,5,348.43,1742.15,credit_card,2026-03-22 15:39:21,completed,1
7099,615,249,2,182.25,364.5,upi,2026-04-23 03:20:06,pending,3
7100,94,343,3,232.73,698.19,credit_card,2026-04-26 01:26:13,completed,1
7101,433,148,1,329.12,329.12,debit_card,2026-03-28 01:56:26,completed,2
7102,385,133,5,17.74,88.7,upi,2026-03-08 15:19:15,completed,3
7103,132,156,4,440.27,1761.08,wallet,2026-04-20 21:29:07,completed,4
7104,72,233,5,357.38,1786.9,cod,2026-02-24 12:42:58,pending,0
7105,944,333,5,270.15,1350.75,cod,2026-04-30 13:04:25,completed,0
7106,960,190,2,364.95,729.9,debit_card,2026-04-08 22:06:00,completed,2
7107,746,420,3,120.33,360.99,credit_card,2026-05-02 13:54:18,completed,1
7108,42,285,1,93.68,93.68,upi,2026-05-16 18:11:22,completed,3
7109,616,76,4,167.01,668.04,cod,2026-03-10 05:13:26,refunded,0
7110,578,32,4,300.44,1201.76,upi,2026-06-17 18:22:20,completed,3
7111,37,209,5,19.26,96.3,credit_card,2026-05-02 10:59:06,completed,1
7112,893,85,5,426.2,2131.0,wallet,2026-05-18 14:36:57,cancelled,4
7113,403,153,1,365.76,365.76,upi,2026-02-28 16:55:57,completed,3
7114,258,101,5,72.93,364.65,wallet,2026-04-16 02:13:52,completed,4
7115,394,67,3,67.83,203.49,cod,2026-03-13 00:15:56,completed,0
7116,173,253,4,61.79,247.16,wallet,2026-04-02 12:33:15,completed,4
7117,660,298,1,260.74,260.74,upi,2026-06-03 02:35:14,completed,3
7118,787,365,1,370.11,370.11,upi,2026-03-13 05:39:45,completed,3
7119,198,80,5,5.72,28.6,upi,2026-04-02 09:20:52,completed,3
7120,372,190,1,364.95,364.95,cod,2026-07-14 20:19:19,completed,0
7121,683,40,4,164.82,659.28,upi,2026-07-10 09:37:39,pending,3
7122,182,295,3,243.35,730.05,wallet,2026-02-03 14:33:19,completed,4
7123,406,98,1,194.45,194.45,cod,2026-05-21 02:25:12,completed,0
7124,113,51,1,315.9,315.9,debit_card,2026-05-23 04:29:08,completed,2
7125,833,220,1,107.39,107.39,debit_card,2026-06-02 21:19:10,completed,2
7126,187,197,4,103.33,413.32,credit_card,2026-02-09 15:29:46,completed,1
7127,746,397,5,97.38,486.9,credit_card,2026-05-24 09:44:29,completed,1
7128,455,321,1,426.03,426.03,upi,2026-02-15 14:36:44,cancelled,3
7129,277,160,5,419.64,2098.2,upi,2026-05-06 08:18:43,pending,3
7130,342,92,3,476.29,1428.87,wallet,2026-04-03 06:12:39,completed,4
7131,272,116,2,355.06,710.12,wallet,2026-04-30 14:10:00,completed,4
7132,708,393,4,352.16,1408.64,credit_card,2026-04-22 04:12:35,completed,1
7133,898,379,5,97.96,489.8,credit_card,2026-02-17 03:59:24,completed,1
7134,676,78,1,486.07,486.07,debit_card,2026-06-27 07:24:25,completed,2
7135,89,102,1,494.75,494.75,cod,2026-04-06 09:59:07,completed,0
7136,745,318,1,220.51,220.51,upi,2026-07-18 01:06:32,completed,3
7137,66,310,2,190.64,381.28,wallet,2026-01-31 16:39:17,completed,4
7138,950,349,2,239.13,478.26,wallet,2026-04-09 15:42:02,completed,4
7139,750,337,5,105.37,526.85,wallet,2026-05-05 20:33:15,completed,4
7140,729,333,5,270.15,1350.75,cod,2026-03-15 20:31:34,completed,0
7141,756,11,5,97.26,486.3,wallet,2026-05-11 19:28:42,cancelled,4
7142,408,190,5,364.95,1824.75,cod,2026-04-15 21:59:42,completed,0
7143,572,157,5,21.37,106.85,debit_card,2026-06-09 01:10:28,completed,2
7144,345,332,4,340.07,1360.28,wallet,2026-02-23 23:36:26,completed,4
7145,220,447,4,180.91,723.64,upi,2026-06-27 00:40:24,completed,3
7146,441,434,2,493.89,987.78,cod,2026-05-02 16:16:09,completed,0
7147,341,240,3,55.73,167.19,cod,2026-02-26 14:52:49,completed,0
7148,943,352,5,407.84,2039.2,wallet,2026-04-30 11:20:53,pending,4
7149,630,478,2,305.95,611.9,wallet,2026-06-08 11:21:32,refunded,4
7150,490,139,2,212.22,424.44,debit_card,2026-05-18 10:24:56,completed,2
7151,781,415,3,306.16,918.48,credit_card,2026-05-11 14:25:17,completed,1
7152,589,472,4,354.58,1418.32,wallet,2026-04-08 08:43:12,completed,4
7153,252,451,3,80.61,241.82999999999998,debit_card,2026-04-24 19:33:28,completed,2
7154,22,449,2,174.18,348.36,debit_card,2026-06-05 12:34:28,completed,2
7155,98,79,3,466.54,1399.62,credit_card,2026-07-14 15:39:19,completed,1
7156,856,473,3,475.13,1425.39,upi,2026-06-29 19:40:36,pending,3
7157,853,398,5,84.37,421.85,cod,2026-06-12 23:21:15,completed,0
7158,993,331,3,431.7,1295.1,upi,2026-02-19 08:03:55,completed,3
7159,59,283,5,367.95,1839.75,upi,2026-05-24 03:02:36,completed,3
7160,171,426,4,350.4,1401.6,wallet,2026-05-18 14:19:14,pending,4
7161,302,34,5,496.28,2481.4,upi,2026-05-23 22:36:06,completed,3
7162,546,250,3,38.75,116.25,wallet,2026-05-05 21:42:56,completed,4
7163,248,121,3,411.72,1235.16,upi,2026-03-14 08:17:39,completed,3
7164,489,84,3,297.99,893.97,debit_card,2026-05-05 04:23:47,completed,2
7165,381,350,4,269.32,1077.28,debit_card,2026-07-13 17:18:40,completed,2
7166,231,488,3,493.66,1480.98,upi,2026-03-10 08:02:38,completed,3
7167,189,377,3,405.36,1216.08,debit_card,2026-01-26 23:26:55,completed,2
7168,529,139,4,212.22,848.88,upi,2026-04-18 16:08:17,completed,3
7169,400,396,2,354.78,709.56,cod,2026-01-28 03:14:49,completed,0
7170,842,33,1,476.44,476.44,cod,2026-06-23 01:21:58,refunded,0
7171,396,227,2,387.21,774.42,cod,2026-07-15 12:04:23,completed,0
7172,478,83,2,487.4,974.8,debit_card,2026-05-27 22:01:56,completed,2
7173,10,436,3,371.09,1113.27,debit_card,2026-02-11 14:14:56,completed,2
7174,370,360,3,139.27,417.81,cod,2026-07-16 15:35:11,completed,0
7175,1000,252,4,113.13,452.52,cod,2026-05-07 06:14:14,completed,0
7176,768,362,3,87.62,262.86,wallet,2026-01-31 01:27:48,completed,4
7177,775,342,4,21.12,84.48,cod,2026-06-24 05:08:09,completed,0
7178,540,278,4,388.51,1554.04,upi,2026-03-28 08:57:10,completed,3
7179,207,459,5,423.84,2119.2,cod,2026-03-17 12:20:07,cancelled,0
7180,144,114,1,353.75,353.75,debit_card,2026-06-09 13:15:01,completed,2
7181,995,137,4,35.51,142.04,credit_card,2026-03-28 23:35:01,pending,1
7182,422,146,5,285.46,1427.3,cod,2026-01-24 09:44:32,completed,0
7183,627,393,3,352.16,1056.48,cod,2026-07-12 12:30:55,completed,0
7184,314,238,4,137.15,548.6,upi,2026-04-27 21:53:55,completed,3
7185,142,30,1,431.22,431.22,cod,2026-04-04 21:27:56,completed,0
7186,212,121,4,411.72,1646.88,wallet,2026-04-26 21:03:02,completed,4
7187,593,171,5,197.2,986.0,credit_card,2026-04-15 05:51:33,completed,1
7188,197,94,5,69.7,348.5,credit_card,2026-02-04 14:39:15,completed,1
7189,956,83,5,487.4,2437.0,cod,2026-05-12 08:14:35,completed,0
7190,420,217,2,232.25,464.5,cod,2026-03-05 16:13:03,pending,0
7191,563,39,3,398.86,1196.58,credit_card,2026-07-05 15:23:14,completed,1
7192,862,347,3,228.11,684.33,wallet,2026-02-15 06:37:40,completed,4
7193,869,75,4,490.8,1963.2,upi,2026-06-05 18:39:02,completed,3
7194,398,490,1,283.5,283.5,debit_card,2026-01-26 03:36:27,completed,2
7195,509,38,5,293.07,1465.35,wallet,2026-04-09 21:15:58,cancelled,4
7196,788,56,5,249.97,1249.85,credit_card,2026-03-20 09:26:59,completed,1
7197,739,300,2,416.03,832.06,cod,2026-04-18 22:46:44,completed,0
7198,832,176,3,133.98,401.94,wallet,2026-02-27 11:39:17,completed,4
7199,177,143,5,132.65,663.25,cod,2026-06-07 18:19:28,completed,0
7200,759,109,5,283.99,1419.95,upi,2026-05-02 19:04:08,completed,3
7201,363,283,5,367.95,1839.75,debit_card,2026-05-25 08:05:48,completed,2
7202,470,220,1,107.39,107.39,upi,2026-05-07 00:25:24,completed,3
7203,761,468,3,214.12,642.36,credit_card,2026-02-21 14:06:11,cancelled,1
7204,860,383,2,32.74,65.48,cod,2026-04-15 05:38:25,completed,0
7205,666,164,2,403.52,807.04,upi,2026-03-15 00:48:54,completed,3
7206,305,394,4,490.93,1963.72,debit_card,2026-04-20 20:23:34,completed,2
7207,575,106,2,330.15,660.3,debit_card,2026-07-12 06:23:50,completed,2
7208,989,138,4,209.92,839.68,upi,2026-04-12 07:33:09,completed,3
7209,211,306,5,213.24,1066.2,upi,2026-02-27 05:12:36,pending,3
7210,659,280,1,365.08,365.08,cod,2026-04-12 04:15:11,completed,0
7211,453,63,1,318.98,318.98,upi,2026-02-08 10:15:28,completed,3
7212,5,265,3,193.8,581.4,credit_card,2026-03-19 04:19:34,completed,1
7213,185,152,5,486.39,2431.95,debit_card,2026-01-26 09:10:51,cancelled,2
7214,660,475,5,385.73,1928.65,wallet,2026-01-31 21:03:19,completed,4
7215,107,219,5,22.74,113.7,debit_card,2026-04-06 03:13:19,completed,2
7216,251,438,2,108.46,216.92,upi,2026-03-28 03:47:08,completed,3
7217,337,207,2,490.88,981.76,upi,2026-07-18 20:30:40,completed,3
7218,563,220,1,107.39,107.39,upi,2026-02-09 22:52:59,pending,3
7219,584,125,3,327.23,981.69,cod,2026-04-10 23:21:00,cancelled,0
7220,710,12,2,227.54,455.08,debit_card,2026-05-23 05:16:38,completed,2
7221,394,451,3,80.61,241.83,wallet,2026-05-13 17:14:58,completed,4
7222,881,462,4,92.65,370.6,upi,2026-03-13 21:41:48,completed,3
7223,391,109,3,283.99,851.97,wallet,2026-02-09 00:09:46,completed,4
7224,719,410,3,195.74,587.22,upi,2026-04-19 02:45:25,pending,3
7225,805,495,1,344.49,344.49,upi,2026-02-02 02:37:14,completed,3
7226,965,458,4,119.3,477.2,upi,2026-03-13 23:27:59,completed,3
7227,525,226,1,359.81,359.81,credit_card,2026-02-09 08:29:11,completed,1
7228,700,483,4,84.86,339.44,upi,2026-02-04 03:15:46,completed,3
7229,765,35,4,357.14,1428.56,credit_card,2026-02-22 08:24:20,completed,1
7230,270,374,5,189.95,949.75,cod,2026-03-05 05:24:46,completed,0
7231,905,74,4,189.54,758.16,wallet,2026-04-09 06:58:09,pending,4
7232,609,322,5,393.06,1965.3,debit_card,2026-03-23 13:19:51,completed,2
7233,994,61,4,322.07,1288.28,credit_card,2026-01-29 19:07:32,completed,1
7234,484,189,1,376.31,376.31,wallet,2026-07-17 05:28:47,completed,4
7235,768,309,1,207.28,207.28,upi,2026-03-28 06:49:37,completed,3
7236,344,258,5,336.82,1684.1,upi,2026-03-07 15:43:56,refunded,3
7237,9,36,4,318.04,1272.16,cod,2026-03-26 10:15:17,completed,0
7238,997,150,1,346.8,346.8,wallet,2026-07-02 10:34:49,completed,4
7239,538,148,2,329.12,658.24,debit_card,2026-07-04 06:49:42,completed,2
7240,835,227,1,387.21,387.21,wallet,2026-03-19 00:25:05,cancelled,4
7241,194,168,3,329.78,989.34,wallet,2026-07-06 01:25:47,completed,4
7242,712,235,1,348.68,348.68,cod,2026-07-01 06:35:44,completed,0
7243,748,214,3,32.01,96.03,wallet,2026-04-10 18:40:41,pending,4
7244,668,21,5,311.61,1558.05,wallet,2026-06-02 09:43:16,completed,4
7245,344,425,2,155.87,311.74,upi,2026-03-07 08:08:22,completed,3
7246,109,35,4,357.14,1428.56,debit_card,2026-02-16 09:22:56,completed,2
7247,375,42,3,13.06,39.18,credit_card,2026-03-08 16:07:31,completed,1
7248,31,221,3,422.94,1268.82,wallet,2026-03-18 20:25:28,completed,4
7249,252,422,3,410.66,1231.98,upi,2026-05-23 04:45:13,completed,3
7250,525,245,2,491.81,983.62,debit_card,2026-01-28 04:15:24,completed,2
7251,226,164,2,403.52,807.04,upi,2026-03-15 00:43:05,completed,3
7252,616,22,3,408.53,1225.59,credit_card,2026-03-07 20:20:09,completed,1
7253,862,226,4,359.81,1439.24,credit_card,2026-05-16 04:40:12,completed,1
7254,750,348,3,403.02,1209.06,upi,2026-05-06 19:55:31,completed,3
7255,274,470,4,165.11,660.44,cod,2026-04-11 08:26:39,completed,0
7256,532,194,3,106.72,320.16,wallet,2026-07-12 08:16:20,completed,4
7257,396,353,2,183.68,367.36,upi,2026-06-19 04:52:23,completed,3
7258,760,472,4,354.58,1418.32,wallet,2026-07-16 23:55:56,completed,4
7259,175,442,4,333.18,1332.72,cod,2026-06-16 04:14:10,completed,0
7260,574,378,2,59.63,119.26,credit_card,2026-05-31 01:38:38,completed,1
7261,989,313,3,392.98,1178.94,upi,2026-02-09 04:36:35,completed,3
7262,769,209,5,19.26,96.3,wallet,2026-05-26 03:35:54,completed,4
7263,475,242,5,211.2,1056.0,wallet,2026-06-16 07:52:59,completed,4
7264,963,39,2,398.86,797.72,credit_card,2026-02-20 04:44:12,completed,1
7265,488,171,3,197.2,591.6,credit_card,2026-04-25 23:33:55,completed,1
7266,666,165,5,232.2,1161.0,wallet,2026-05-05 01:30:03,completed,4
7267,990,319,1,23.69,23.69,debit_card,2026-04-30 12:08:56,completed,2
7268,812,378,2,59.63,119.26,debit_card,2026-03-30 07:11:30,pending,2
7269,582,486,5,71.6,358.0,debit_card,2026-06-05 23:36:35,completed,2
7270,34,34,1,496.28,496.28,debit_card,2026-02-16 03:44:38,completed,2
7271,739,433,3,185.81,557.43,cod,2026-01-23 03:47:54,completed,0
7272,732,397,5,97.38,486.9,upi,2026-07-01 22:51:01,completed,3
7273,461,296,3,125.62,376.86,wallet,2026-02-16 20:35:39,completed,4
7274,390,109,2,283.99,567.98,credit_card,2026-05-28 21:14:28,completed,1
7275,805,60,4,146.81,587.24,cod,2026-03-25 01:34:48,completed,0
7276,649,68,2,404.52,809.04,cod,2026-06-19 06:45:12,pending,0
7277,579,284,4,253.57,1014.28,debit_card,2026-02-06 11:24:25,completed,2
7278,10,162,5,138.2,691.0,credit_card,2026-04-29 16:31:59,pending,1
7279,461,377,1,405.36,405.36,upi,2026-04-13 18:18:36,completed,3
7280,332,500,1,484.96,484.96,credit_card,2026-06-20 05:19:06,pending,1
7281,72,280,2,365.08,730.16,credit_card,2026-06-14 01:03:12,completed,1
7282,78,51,3,315.9,947.7,wallet,2026-07-05 21:51:27,completed,4
7283,511,474,3,284.92,854.76,debit_card,2026-03-17 16:02:35,completed,2
7284,786,321,2,426.03,852.06,debit_card,2026-02-12 01:12:18,completed,2
7285,401,291,3,260.6,781.8,cod,2026-03-19 02:08:52,completed,0
7286,320,468,1,214.12,214.12,upi,2026-06-21 04:05:31,completed,3
7287,756,230,1,305.05,305.05,wallet,2026-05-28 08:24:19,cancelled,4
7288,199,328,5,255.59,1277.95,debit_card,2026-05-16 21:06:36,completed,2
7289,426,55,5,261.29,1306.45,upi,2026-04-27 16:23:16,cancelled,3
7290,486,295,1,243.35,243.35,upi,2026-06-30 07:20:52,completed,3
7291,725,278,2,388.51,777.02,credit_card,2026-02-26 01:06:01,completed,1
7292,388,453,3,345.82,1037.46,wallet,2026-02-08 14:34:22,completed,4
7293,551,46,3,5.54,16.62,wallet,2026-02-10 17:37:16,completed,4
7294,43,198,4,151.2,604.8,credit_card,2026-05-10 06:00:42,completed,1
7295,646,284,4,253.57,1014.28,credit_card,2026-02-07 07:57:10,completed,1
7296,204,101,1,72.93,72.93,credit_card,2026-04-20 05:27:59,completed,1
7297,176,100,1,208.94,208.94,wallet,2026-03-31 14:40:42,completed,4
7298,258,315,3,226.06,678.18,cod,2026-03-15 05:03:57,completed,0
7299,733,138,4,209.92,839.68,cod,2026-06-20 23:23:02,completed,0
7300,308,463,5,444.36,2221.8,credit_card,2026-03-21 22:32:30,completed,1
7301,858,351,2,429.96,859.92,upi,2026-02-13 13:31:27,completed,3
7302,788,60,5,146.81,734.05,credit_card,2026-03-11 16:10:12,completed,1
7303,456,273,4,476.01,1904.04,cod,2026-02-02 01:55:54,completed,0
7304,547,222,5,61.44,307.2,credit_card,2026-03-01 12:00:38,completed,1
7305,608,188,2,264.44,528.88,credit_card,2026-02-12 08:31:09,completed,1
7306,88,5,4,243.97,975.88,cod,2026-07-17 15:52:59,pending,0
7307,541,424,3,465.47,1396.41,wallet,2026-07-09 06:19:31,completed,4
7308,90,419,3,232.88,698.64,upi,2026-06-02 02:57:07,completed,3
7309,201,197,2,103.33,206.66,cod,2026-05-12 21:32:30,completed,0
7310,11,187,2,412.8,825.6,credit_card,2026-04-19 16:19:05,completed,1
7311,625,300,3,416.03,1248.09,credit_card,2026-04-12 09:35:34,completed,1
7312,370,220,5,107.39,536.95,wallet,2026-04-27 08:39:52,completed,4
7313,921,431,2,498.55,997.1,wallet,2026-04-26 20:18:09,completed,4
7314,105,8,4,27.12,108.48,upi,2026-03-21 05:20:07,completed,3
7315,19,295,3,243.35,730.05,debit_card,2026-05-22 05:13:19,completed,2
7316,675,202,3,54.41,163.23,credit_card,2026-05-13 08:51:42,completed,1
7317,998,52,3,448.81,1346.43,credit_card,2026-03-14 23:00:26,cancelled,1
7318,929,499,2,279.81,559.62,debit_card,2026-06-16 14:31:27,completed,2
7319,528,400,5,311.77,1558.85,debit_card,2026-04-03 20:24:38,completed,2
7320,564,460,5,239.55,1197.75,upi,2026-04-28 17:34:56,completed,3
7321,196,167,4,243.46,973.84,credit_card,2026-05-01 23:33:27,completed,1
7322,134,130,1,207.59,207.59,upi,2026-06-18 02:24:05,cancelled,3
7323,321,68,5,404.52,2022.6,wallet,2026-04-04 00:16:52,pending,4
7324,51,150,1,346.8,346.8,credit_card,2026-04-29 07:59:41,completed,1
7325,887,360,3,139.27,417.81,wallet,2026-05-31 20:19:31,cancelled,4
7326,504,78,1,486.07,486.07,debit_card,2026-02-03 10:19:51,completed,2
7327,277,68,3,404.52,1213.56,upi,2026-04-08 09:08:52,completed,3
7328,41,305,2,377.43,754.86,upi,2026-04-28 02:02:53,completed,3
7329,528,227,4,387.21,1548.84,upi,2026-06-21 01:02:27,cancelled,3
7330,624,172,3,344.73,1034.19,cod,2026-06-20 07:58:59,completed,0
7331,103,158,4,412.64,1650.56,wallet,2026-04-20 14:08:10,pending,4
7332,316,466,2,200.83,401.66,wallet,2026-04-18 04:34:25,completed,4
7333,523,484,3,183.29,549.87,cod,2026-03-01 05:09:07,completed,0
7334,585,296,3,125.62,376.86,cod,2026-03-09 00:56:14,completed,0
7335,87,29,4,222.34,889.36,upi,2026-04-02 13:52:49,completed,3
7336,403,117,4,192.3,769.2,debit_card,2026-05-24 02:55:26,completed,2
7337,54,271,4,337.13,1348.52,wallet,2026-03-24 19:47:12,pending,4
7338,241,139,4,212.22,848.88,wallet,2026-06-12 15:53:37,completed,4
7339,531,332,2,340.07,680.14,credit_card,2026-06-07 23:47:03,cancelled,1
7340,970,413,5,330.48,1652.4,debit_card,2026-06-10 09:50:10,completed,2
7341,716,265,4,193.8,775.2,upi,2026-04-04 17:01:58,completed,3
7342,636,433,2,185.81,371.62,cod,2026-05-01 14:01:28,completed,0
7343,653,87,5,81.93,409.65,wallet,2026-06-15 02:28:30,completed,4
7344,104,57,5,493.51,2467.55,cod,2026-07-09 08:26:13,completed,0
7345,88,35,3,357.14,1071.42,cod,2026-06-23 03:58:18,completed,0
7346,500,133,2,17.74,35.48,upi,2026-06-07 15:38:31,completed,3
7347,175,381,5,79.59,397.95,debit_card,2026-02-01 11:20:39,refunded,2
7348,834,302,4,39.08,156.32,cod,2026-05-24 13:04:30,pending,0
7349,770,93,4,55.44,221.76,debit_card,2026-06-20 20:45:43,completed,2
7350,735,384,1,448.37,448.37,debit_card,2026-03-16 12:02:08,completed,2
7351,562,184,1,269.22,269.22,wallet,2026-03-22 04:15:13,completed,4
7352,40,155,5,396.79,1983.95,cod,2026-02-02 23:59:27,completed,0
7353,752,418,1,111.34,111.34,wallet,2026-05-03 09:51:03,completed,4
7354,573,469,4,49.77,199.08,upi,2026-04-19 02:01:14,completed,3
7355,65,443,5,434.37,2171.85,debit_card,2026-04-12 01:29:15,completed,2
7356,808,219,3,22.74,68.22,wallet,2026-03-22 00:08:06,completed,4
7357,980,433,3,185.81,557.43,debit_card,2026-05-01 11:39:59,completed,2
7358,570,291,2,260.6,521.2,wallet,2026-07-19 16:37:41,completed,4
7359,878,403,3,26.67,80.01,wallet,2026-07-09 01:28:54,completed,4
7360,225,157,4,21.37,85.48,upi,2026-01-30 21:27:28,completed,3
7361,867,500,1,484.96,484.96,wallet,2026-04-20 16:03:21,completed,4
7362,407,159,2,246.95,493.9,credit_card,2026-05-25 15:16:38,completed,1
7363,2,88,2,270.28,540.56,wallet,2026-05-14 00:43:15,pending,4
7364,485,94,4,69.7,278.8,wallet,2026-07-18 15:30:32,cancelled,4
7365,667,432,1,165.09,165.09,credit_card,2026-06-30 19:46:04,completed,1
7366,442,30,4,431.22,1724.88,credit_card,2026-06-06 11:57:43,pending,1
7367,723,26,2,61.04,122.08,debit_card,2026-04-03 01:40:50,completed,2
7368,163,270,3,75.52,226.56,upi,2026-03-16 22:55:32,completed,3
7369,211,446,2,155.94,311.88,wallet,2026-03-24 01:28:37,completed,4
7370,245,457,5,70.12,350.6,cod,2026-05-31 20:58:29,completed,0
7371,446,56,1,249.97,249.97,wallet,2026-04-23 06:13:47,completed,4
7372,34,79,4,466.54,1866.16,wallet,2026-07-11 05:23:12,completed,4
7373,633,357,4,234.56,938.24,wallet,2026-04-16 09:36:24,completed,4
7374,69,209,5,19.26,96.3,wallet,2026-04-17 08:13:50,pending,4
7375,595,241,5,122.61,613.05,credit_card,2026-04-13 07:47:28,pending,1
7376,443,149,4,204.47,817.88,debit_card,2026-02-06 01:35:56,completed,2
7377,262,43,1,495.96,495.96,wallet,2026-04-26 13:20:55,completed,4
7378,616,79,1,466.54,466.54,debit_card,2026-03-16 22:31:38,completed,2
7379,158,459,4,423.84,1695.36,credit_card,2026-03-03 12:06:56,completed,1
7380,662,389,5,318.29,1591.45,upi,2026-04-07 17:46:10,completed,3
7381,350,318,3,220.51,661.53,upi,2026-06-19 22:23:40,completed,3
7382,21,96,1,405.6,405.6,wallet,2026-04-25 00:44:39,completed,4
7383,829,74,5,189.54,947.7,cod,2026-06-19 17:16:22,completed,0
7384,819,49,2,441.09,882.18,debit_card,2026-05-27 22:40:07,refunded,2
7385,383,185,4,13.87,55.48,debit_card,2026-01-24 23:10:18,completed,2
7386,205,396,2,354.78,709.56,wallet,2026-03-25 10:06:09,completed,4
7387,246,288,1,441.37,441.37,upi,2026-03-22 21:54:45,completed,3
7388,214,80,1,5.72,5.72,wallet,2026-03-20 14:35:18,pending,4
7389,978,496,5,168.6,843.0,debit_card,2026-02-11 14:00:28,completed,2
7390,430,119,3,162.52,487.56,debit_card,2026-03-12 08:01:49,completed,2
7391,10,59,5,38.43,192.15,cod,2026-02-07 14:14:00,completed,0
7392,145,207,4,490.88,1963.52,debit_card,2026-03-28 08:57:43,completed,2
7393,120,324,4,179.8,719.2,cod,2026-01-26 16:49:44,completed,0
7394,689,170,5,362.04,1810.2,credit_card,2026-04-11 12:28:48,completed,1
7395,688,437,3,348.43,1045.29,wallet,2026-04-27 16:47:05,cancelled,4
7396,750,338,1,460.49,460.49,cod,2026-05-10 18:44:36,completed,0
7397,121,119,2,162.52,325.04,upi,2026-04-30 23:14:36,pending,3
7398,550,75,3,490.8,1472.4,wallet,2026-03-01 19:31:27,completed,4
7399,123,344,4,54.87,219.48,upi,2026-01-28 05:36:32,completed,3
7400,761,355,3,326.68,980.04,upi,2026-06-09 15:54:56,cancelled,3
7401,96,234,4,358.62,1434.48,wallet,2026-07-19 10:39:46,completed,4
7402,417,312,5,284.51,1422.55,credit_card,2026-06-17 18:17:56,completed,1
7403,766,410,3,195.74,587.22,credit_card,2026-02-06 12:41:12,completed,1
7404,696,224,3,448.95,1346.85,upi,2026-06-27 19:34:56,completed,3
7405,61,331,4,431.7,1726.8,debit_card,2026-02-03 05:31:28,completed,2
7406,785,476,1,315.09,315.09,cod,2026-06-13 10:09:32,completed,0
7407,906,219,2,22.74,45.48,cod,2026-03-20 04:11:37,cancelled,0
7408,996,55,3,261.29,783.87,credit_card,2026-05-26 09:51:10,completed,1
7409,658,356,2,246.31,492.62,wallet,2026-02-25 09:55:48,completed,4
7410,831,15,5,483.13,2415.65,debit_card,2026-02-28 18:34:11,completed,2
7411,642,311,3,81.62,244.86,cod,2026-05-22 19:50:55,completed,0
7412,481,463,5,444.36,2221.8,wallet,2026-03-08 18:10:54,completed,4
7413,279,429,5,202.27,1011.35,debit_card,2026-06-10 04:48:58,completed,2
7414,48,20,5,279.68,1398.4,cod,2026-03-28 08:52:46,completed,0
7415,975,207,4,490.88,1963.52,debit_card,2026-04-16 05:14:49,pending,2
7416,274,398,4,84.37,337.48,credit_card,2026-06-12 15:56:46,completed,1
7417,316,37,5,204.41,1022.05,wallet,2026-07-12 10:43:38,completed,4
7418,913,155,4,396.79,1587.16,credit_card,2026-04-28 09:33:27,completed,1
7419,431,303,5,263.74,1318.7,debit_card,2026-01-30 11:44:24,completed,2
7420,312,88,5,270.28,1351.4,cod,2026-02-13 21:27:40,completed,0
7421,440,201,2,323.95,647.9,wallet,2026-02-25 02:51:41,completed,4
7422,838,256,1,225.55,225.55,debit_card,2026-03-29 16:09:08,completed,2
7423,143,79,3,466.54,1399.62,credit_card,2026-05-22 06:23:42,completed,1
7424,485,163,3,325.45,976.35,upi,2026-02-10 20:28:29,pending,3
7425,290,446,4,155.94,623.76,upi,2026-06-05 15:19:07,completed,3
7426,337,435,4,462.49,1849.96,wallet,2026-06-04 14:02:18,refunded,4
7427,54,146,5,285.46,1427.3,upi,2026-04-05 00:10:18,completed,3
7428,388,495,1,344.49,344.49,cod,2026-05-15 01:03:09,completed,0
7429,325,473,3,475.13,1425.39,credit_card,2026-02-11 21:36:09,cancelled,1
7430,418,327,4,230.11,920.44,upi,2026-03-07 18:58:49,completed,3
7431,488,9,3,465.31,1395.93,cod,2026-05-07 10:00:02,completed,0
7432,291,296,5,125.62,628.1,debit_card,2026-05-22 00:58:56,pending,2
7433,650,84,3,297.99,893.97,upi,2026-07-11 23:09:03,completed,3
7434,546,395,3,346.18,1038.54,cod,2026-01-31 14:32:13,completed,0
7435,907,6,1,159.39,159.39,wallet,2026-06-13 08:45:21,completed,4
7436,443,487,2,264.7,529.4,upi,2026-04-15 03:34:23,completed,3
7437,15,315,3,226.06,678.18,wallet,2026-02-06 19:21:27,completed,4
7438,319,187,2,412.8,825.6,upi,2026-06-06 03:09:00,completed,3
7439,114,149,5,204.47,1022.35,wallet,2026-07-10 17:11:04,completed,4
7440,484,23,4,210.74,842.96,wallet,2026-03-11 15:18:03,completed,4
7441,797,342,2,21.12,42.24,cod,2026-06-19 23:07:03,completed,0
7442,178,238,2,137.15,274.3,wallet,2026-06-20 15:53:55,completed,4
7443,225,78,3,486.07,1458.21,wallet,2026-06-23 05:47:08,completed,4
7444,793,406,3,360.33,1080.99,debit_card,2026-04-30 02:53:30,completed,2
7445,5,313,3,392.98,1178.94,cod,2026-05-21 23:09:20,completed,0
7446,228,298,2,260.74,521.48,credit_card,2026-04-25 22:39:26,pending,1
7447,125,3,5,57.44,287.2,credit_card,2026-03-08 18:13:19,completed,1
7448,24,131,5,122.59,612.95,upi,2026-04-21 02:08:39,completed,3
7449,655,2,5,330.51,1652.55,wallet,2026-03-03 22:00:50,completed,4
7450,835,403,3,26.67,80.01,debit_card,2026-04-07 09:34:08,completed,2
7451,541,159,4,246.95,987.8,upi,2026-07-02 22:51:22,completed,3
7452,868,402,1,164.69,164.69,credit_card,2026-03-06 14:43:12,completed,1
7453,401,195,5,332.93,1664.65,cod,2026-03-20 14:24:25,completed,0
7454,215,405,4,313.87,1255.48,debit_card,2026-04-06 13:05:51,cancelled,2
7455,449,20,3,279.68,839.04,upi,2026-07-02 16:04:28,completed,3
7456,623,88,4,270.28,1081.12,wallet,2026-07-02 23:23:54,completed,4
7457,79,100,3,208.94,626.82,cod,2026-05-31 04:47:32,pending,0
7458,495,129,3,445.43,1336.29,cod,2026-06-15 21:54:51,completed,0
7459,333,130,3,207.59,622.77,upi,2026-06-03 04:05:58,completed,3
7460,658,263,1,338.28,338.28,cod,2026-05-26 08:15:39,completed,0
7461,679,71,3,6.27,18.81,debit_card,2026-02-21 01:26:30,completed,2
7462,995,236,1,293.49,293.49,debit_card,2026-05-22 06:12:20,completed,2
7463,30,482,2,152.73,305.46,wallet,2026-05-02 04:23:48,pending,4
7464,678,77,1,284.08,284.08,wallet,2026-07-10 12:09:49,completed,4
7465,98,496,5,168.6,843.0,debit_card,2026-07-13 03:01:25,completed,2
7466,700,357,1,234.56,234.56,upi,2026-06-19 16:07:55,pending,3
7467,559,121,1,411.72,411.72,cod,2026-01-27 19:29:37,completed,0
7468,858,158,2,412.64,825.28,credit_card,2026-05-28 22:58:26,completed,1
7469,29,473,1,475.13,475.13,credit_card,2026-03-05 01:30:10,pending,1
7470,349,67,5,67.83,339.15,credit_card,2026-07-10 02:49:40,completed,1
7471,743,481,1,32.26,32.26,debit_card,2026-02-13 02:52:44,completed,2
7472,375,480,3,311.78,935.34,upi,2026-04-05 03:28:26,cancelled,3
7473,937,217,1,232.25,232.25,upi,2026-05-24 07:13:02,completed,3
7474,595,12,2,227.54,455.08,upi,2026-03-11 07:45:24,completed,3
7475,212,98,4,194.45,777.8,upi,2026-06-18 10:40:14,completed,3
7476,51,225,1,101.98,101.98,cod,2026-03-15 17:39:15,completed,0
7477,71,380,2,144.65,289.3,debit_card,2026-02-23 14:20:16,cancelled,2
7478,473,21,3,311.61,934.83,debit_card,2026-03-30 14:22:37,completed,2
7479,547,259,2,415.23,830.46,wallet,2026-06-09 18:50:32,completed,4
7480,741,132,1,183.61,183.61,credit_card,2026-02-06 15:04:55,cancelled,1
7481,335,267,3,340.26,1020.78,debit_card,2026-02-09 12:45:34,completed,2
7482,191,150,1,346.8,346.8,wallet,2026-03-01 01:02:50,completed,4
7483,571,199,2,121.08,242.16,upi,2026-02-28 12:17:40,completed,3
7484,649,38,2,293.07,586.14,wallet,2026-02-07 03:04:26,completed,4
7485,171,207,1,490.88,490.88,upi,2026-04-11 22:09:57,completed,3
7486,649,284,3,253.57,760.71,debit_card,2026-02-21 17:17:27,pending,2
7487,495,301,5,135.94,679.7,wallet,2026-04-03 23:08:27,completed,4
7488,70,193,1,211.3,211.3,cod,2026-03-03 11:42:33,completed,0
7489,143,246,2,217.11,434.22,credit_card,2026-07-05 09:44:14,completed,1
7490,403,63,5,318.98,1594.9,credit_card,2026-02-19 07:11:54,cancelled,1
7491,897,90,2,111.44,222.88,wallet,2026-04-25 16:56:11,completed,4
7492,739,292,5,8.27,41.35,upi,2026-05-14 05:46:32,completed,3
7493,203,192,3,29.05,87.15,upi,2026-07-04 21:14:45,refunded,3
7494,669,241,1,122.61,122.61,upi,2026-01-20 23:08:47,cancelled,3
7495,563,313,4,392.98,1571.92,credit_card,2026-03-07 22:36:57,completed,1
7496,498,132,4,183.61,734.44,upi,2026-03-03 12:30:27,completed,3
7497,973,180,4,431.89,1727.56,credit_card,2026-01-21 08:51:22,cancelled,1
7498,585,197,4,103.33,413.32,wallet,2026-06-08 10:27:32,completed,4
7499,247,208,2,402.12,804.24,cod,2026-05-28 03:28:00,completed,0
7500,666,348,5,403.02,2015.1,wallet,2026-03-21 01:22:31,completed,4
7501,231,500,1,484.96,484.96,wallet,2026-02-09 21:48:08,refunded,4
7502,842,282,5,238.69,1193.45,credit_card,2026-01-30 14:15:11,completed,1
7503,30,275,1,331.41,331.41,wallet,2026-04-25 17:50:53,refunded,4
7504,96,283,5,367.95,1839.75,debit_card,2026-06-29 04:33:07,completed,2
7505,993,55,4,261.29,1045.16,credit_card,2026-03-31 17:56:22,completed,1
7506,305,461,2,463.09,926.18,upi,2026-03-20 12:32:59,completed,3
7507,575,307,2,395.83,791.66,wallet,2026-04-27 23:25:44,completed,4
7508,225,231,4,140.43,561.72,cod,2026-06-14 15:11:11,completed,0
7509,911,346,4,214.85,859.4,wallet,2026-02-11 06:50:09,completed,4
7510,760,114,4,353.75,1415.0,cod,2026-05-09 12:02:58,completed,0
7511,618,166,2,8.64,17.28,credit_card,2026-02-02 01:54:47,cancelled,1
7512,43,98,3,194.45,583.35,upi,2026-05-22 21:59:46,completed,3
7513,358,40,4,164.82,659.28,debit_card,2026-04-12 21:54:56,pending,2
7514,846,490,1,283.5,283.5,cod,2026-03-15 04:48:21,completed,0
7515,708,474,1,284.92,284.92,wallet,2026-02-26 22:08:39,completed,4
7516,40,340,3,247.95,743.85,wallet,2026-04-23 13:48:42,completed,4
7517,587,207,4,490.88,1963.52,upi,2026-05-11 03:12:56,pending,3
7518,143,256,3,225.55,676.65,debit_card,2026-04-28 12:54:23,completed,2
7519,885,152,4,486.39,1945.56,debit_card,2026-07-02 11:40:16,completed,2
7520,254,110,2,91.9,183.8,wallet,2026-04-06 21:38:50,completed,4
7521,672,191,3,357.0,1071.0,credit_card,2026-06-12 00:59:31,completed,1
7522,923,195,3,332.93,998.79,credit_card,2026-04-25 13:19:31,completed,1
7523,417,306,2,213.24,426.48,cod,2026-01-30 12:37:53,completed,0
7524,77,308,5,130.99,654.95,debit_card,2026-05-19 07:53:30,completed,2
7525,335,382,3,498.99,1496.97,cod,2026-04-06 20:27:34,cancelled,0
7526,588,441,1,31.28,31.28,upi,2026-02-06 02:53:51,completed,3
7527,110,143,5,132.65,663.25,debit_card,2026-02-01 11:30:57,completed,2
7528,690,198,1,151.2,151.2,debit_card,2026-06-11 21:58:59,pending,2
7529,155,447,3,180.91,542.73,upi,2026-04-04 06:01:19,completed,3
7530,957,286,1,113.32,113.32,debit_card,2026-04-03 15:45:11,pending,2
7531,30,289,3,418.26,1254.78,wallet,2026-03-09 08:22:59,completed,4
7532,983,335,4,240.89,963.56,credit_card,2026-03-30 04:18:52,completed,1
7533,320,280,3,365.08,1095.24,upi,2026-07-11 04:18:29,completed,3
7534,258,21,3,311.61,934.83,upi,2026-05-24 06:44:59,completed,3
7535,663,467,5,98.98,494.9,debit_card,2026-03-08 19:58:29,completed,2
7536,260,25,4,271.12,1084.48,credit_card,2026-03-12 19:11:49,completed,1
7537,686,190,3,364.95,1094.85,wallet,2026-06-13 17:48:50,completed,4
7538,484,407,2,401.5,803.0,wallet,2026-04-19 18:02:11,completed,4
7539,301,351,3,429.96,1289.88,cod,2026-05-10 19:13:28,completed,0
7540,466,168,3,329.78,989.34,credit_card,2026-05-16 00:11:46,completed,1
7541,900,454,2,458.97,917.94,credit_card,2026-04-06 18:23:38,completed,1
7542,419,239,1,346.84,346.84,wallet,2026-02-26 14:25:03,completed,4
7543,66,161,4,29.58,118.32,cod,2026-05-08 21:16:58,completed,0
7544,902,496,5,168.6,843.0,upi,2026-07-10 20:07:55,completed,3
7545,619,191,3,357.0,1071.0,upi,2026-07-16 18:28:17,completed,3
7546,92,177,4,292.25,1169.0,wallet,2026-06-19 09:21:05,completed,4
7547,336,304,5,92.82,464.1,cod,2026-02-01 21:57:07,completed,0
7548,999,463,2,444.36,888.72,cod,2026-05-21 22:24:01,completed,0
7549,621,130,1,207.59,207.59,credit_card,2026-06-05 13:44:26,completed,1
7550,909,428,3,171.4,514.2,credit_card,2026-01-31 17:50:44,completed,1
7551,806,359,5,117.97,589.85,credit_card,2026-07-02 07:48:57,completed,1
7552,823,445,5,252.82,1264.1,credit_card,2026-03-12 22:25:23,pending,1
7553,635,298,1,260.74,260.74,cod,2026-01-24 09:46:50,completed,0
7554,376,257,2,474.36,948.72,wallet,2026-01-29 02:12:19,pending,4
7555,6,322,2,393.06,786.12,upi,2026-01-26 02:02:53,completed,3
7556,791,210,4,444.36,1777.44,debit_card,2026-04-20 10:47:45,completed,2
7557,826,485,4,411.03,1644.12,wallet,2026-02-18 17:26:37,completed,4
7558,690,320,2,473.13,946.26,upi,2026-04-04 12:18:36,refunded,3
7559,572,213,4,176.15,704.6,wallet,2026-07-03 18:17:30,completed,4
7560,834,205,4,95.52,382.08,wallet,2026-07-07 11:26:39,completed,4
7561,312,460,2,239.55,479.1,upi,2026-04-26 16:17:09,completed,3
7562,539,190,1,364.95,364.95,cod,2026-02-20 17:29:01,completed,0
7563,553,241,4,122.61,490.44,credit_card,2026-05-17 15:00:45,completed,1
7564,781,350,1,269.32,269.32,wallet,2026-06-04 01:17:37,completed,4
7565,932,47,2,9.6,19.2,credit_card,2026-03-24 05:34:44,pending,1
7566,179,400,2,311.77,623.54,upi,2026-04-09 13:43:44,completed,3
7567,664,173,5,423.48,2117.4,credit_card,2026-05-14 01:21:23,completed,1
7568,309,50,4,283.83,1135.32,credit_card,2026-01-31 19:51:22,completed,1
7569,554,336,3,252.0,756.0,debit_card,2026-03-26 13:58:17,completed,2
7570,739,374,3,189.95,569.85,debit_card,2026-03-21 17:27:22,completed,2
7571,78,177,4,292.25,1169.0,upi,2026-03-20 16:34:22,completed,3
7572,312,393,1,352.16,352.16,cod,2026-02-12 17:38:54,completed,0
7573,603,368,1,230.99,230.99,cod,2026-06-27 18:04:07,completed,0
7574,937,339,5,424.77,2123.85,upi,2026-07-18 01:54:45,completed,3
7575,855,478,4,305.95,1223.8,cod,2026-05-21 09:04:39,pending,0
7576,919,434,5,493.89,2469.45,debit_card,2026-04-07 12:33:33,completed,2
7577,75,149,2,204.47,408.94,cod,2026-07-12 00:31:58,completed,0
7578,366,383,5,32.74,163.7,credit_card,2026-04-27 12:19:37,completed,1
7579,770,412,1,442.0,442.0,debit_card,2026-04-23 11:48:52,completed,2
7580,294,83,2,487.4,974.8,credit_card,2026-02-12 13:02:48,cancelled,1
7581,637,460,2,239.55,479.1,debit_card,2026-03-04 02:16:07,cancelled,2
7582,266,222,1,61.44,61.44,wallet,2026-07-07 02:25:23,completed,4
7583,259,35,5,357.14,1785.7,upi,2026-05-13 05:24:26,completed,3
7584,571,338,4,460.49,1841.96,debit_card,2026-03-20 22:52:30,completed,2
7585,425,420,2,120.33,240.66,cod,2026-04-09 06:56:32,completed,0
7586,288,262,1,197.08,197.08,credit_card,2026-04-24 03:15:39,completed,1
7587,535,262,4,197.08,788.32,debit_card,2026-07-08 23:54:48,cancelled,2
7588,25,198,1,151.2,151.2,credit_card,2026-02-13 22:11:57,completed,1
7589,594,314,3,290.94,872.82,debit_card,2026-02-21 06:40:00,completed,2
7590,607,92,5,476.29,2381.45,debit_card,2026-03-13 15:49:36,completed,2
7591,631,289,1,418.26,418.26,cod,2026-04-07 00:17:07,completed,0
7592,432,13,2,377.4,754.8,upi,2026-04-28 18:54:01,completed,3
7593,547,429,4,202.27,809.08,wallet,2026-06-19 02:24:56,completed,4
7594,860,464,5,307.69,1538.45,debit_card,2026-03-05 10:20:22,cancelled,2
7595,181,436,5,371.09,1855.45,debit_card,2026-06-09 08:48:26,completed,2
7596,670,272,1,148.87,148.87,credit_card,2026-06-06 21:27:30,completed,1
7597,499,159,5,246.95,1234.75,credit_card,2026-07-09 07:19:27,completed,1
7598,653,48,4,40.06,160.24,wallet,2026-06-15 21:26:22,completed,4
7599,896,477,3,383.87,1151.61,credit_card,2026-01-22 00:48:38,cancelled,1
7600,923,187,3,412.8,1238.4,debit_card,2026-03-14 11:33:21,completed,2
7601,525,293,3,259.7,779.1,wallet,2026-02-25 12:10:13,completed,4
7602,746,430,1,103.06,103.06,cod,2026-02-16 11:56:25,completed,0
7603,325,202,4,54.41,217.64,upi,2026-04-03 10:28:59,completed,3
7604,171,190,5,364.95,1824.75,wallet,2026-05-14 03:44:55,completed,4
7605,823,159,3,246.95,740.85,cod,2026-06-10 14:33:22,completed,0
7606,205,22,3,408.53,1225.59,credit_card,2026-02-12 17:34:28,completed,1
7607,128,491,5,120.2,601.0,wallet,2026-06-30 05:42:14,cancelled,4
7608,749,381,3,79.59,238.77,debit_card,2026-02-22 23:26:03,completed,2
7609,971,28,5,152.37,761.85,cod,2026-02-10 09:10:59,completed,0
7610,649,96,1,405.6,405.6,debit_card,2026-05-27 19:36:37,pending,2
7611,942,373,3,384.11,1152.33,debit_card,2026-01-27 17:41:55,pending,2
7612,166,369,1,158.28,158.28,cod,2026-04-03 11:56:22,pending,0
7613,865,221,5,422.94,2114.7,wallet,2026-06-29 18:37:14,pending,4
7614,898,347,4,228.11,912.44,credit_card,2026-06-04 10:31:38,completed,1
7615,672,188,2,264.44,528.88,wallet,2026-06-23 00:00:50,completed,4
7616,339,73,2,116.14,232.28,upi,2026-05-05 21:51:18,completed,3
7617,871,350,4,269.32,1077.28,cod,2026-03-05 09:36:24,cancelled,0
7618,211,369,5,158.28,791.4,cod,2026-02-16 04:29:11,refunded,0
7619,67,4,3,198.61,595.83,wallet,2026-03-07 06:55:02,completed,4
7620,416,48,1,40.06,40.06,wallet,2026-06-19 03:56:13,completed,4
7621,199,22,1,408.53,408.53,credit_card,2026-01-28 14:02:20,completed,1
7622,333,463,2,444.36,888.72,upi,2026-06-30 14:20:16,refunded,3
7623,397,369,3,158.28,474.84,cod,2026-04-21 12:35:44,cancelled,0
7624,667,333,1,270.15,270.15,cod,2026-03-08 09:54:18,completed,0
7625,764,301,5,135.94,679.7,credit_card,2026-07-10 04:03:58,completed,1
7626,593,302,2,39.08,78.16,cod,2026-05-01 11:08:48,completed,0
7627,986,250,1,38.75,38.75,credit_card,2026-07-05 12:47:57,completed,1
7628,456,469,2,49.77,99.54,wallet,2026-02-19 06:01:15,refunded,4
7629,750,369,4,158.28,633.12,wallet,2026-02-23 18:13:42,completed,4
7630,598,140,2,44.08,88.16,cod,2026-04-11 11:28:14,completed,0
7631,583,257,5,474.36,2371.8,wallet,2026-07-04 11:24:15,completed,4
7632,593,212,1,263.94,263.94,wallet,2026-04-24 19:38:50,completed,4
7633,91,44,2,51.2,102.4,cod,2026-04-18 12:00:54,completed,0
7634,519,289,4,418.26,1673.04,wallet,2026-05-26 23:12:37,completed,4
7635,293,303,5,263.74,1318.7,wallet,2026-01-29 08:34:16,completed,4
7636,714,110,1,91.9,91.9,upi,2026-06-25 06:35:11,completed,3
7637,294,153,1,365.76,365.76,credit_card,2026-07-17 03:13:57,pending,1
7638,370,486,2,71.6,143.2,credit_card,2026-06-13 17:29:03,cancelled,1
7639,695,31,2,393.5,787.0,cod,2026-06-30 21:06:57,completed,0
7640,546,231,1,140.43,140.43,wallet,2026-03-10 18:38:33,completed,4
7641,429,71,3,6.27,18.81,upi,2026-02-04 15:12:00,completed,3
7642,23,483,4,84.86,339.44,upi,2026-03-30 16:24:12,completed,3
7643,999,121,2,411.72,823.44,cod,2026-02-20 18:17:37,completed,0
7644,793,416,1,183.2,183.2,debit_card,2026-02-08 03:43:25,completed,2
7645,605,292,1,8.27,8.27,credit_card,2026-06-08 13:26:27,completed,1
7646,618,471,1,128.79,128.79,upi,2026-06-25 14:14:35,completed,3
7647,831,429,4,202.27,809.08,wallet,2026-04-04 18:11:52,completed,4
7648,483,65,5,306.37,1531.85,cod,2026-05-04 04:09:33,completed,0
7649,400,111,5,14.86,74.3,upi,2026-04-30 19:37:24,completed,3
7650,891,345,1,122.38,122.38,cod,2026-05-07 13:52:30,completed,0
7651,557,414,3,277.29,831.87,wallet,2026-01-25 04:14:54,completed,4
7652,293,12,1,227.54,227.54,upi,2026-06-22 14:39:18,completed,3
7653,417,167,3,243.46,730.38,debit_card,2026-03-26 21:24:58,completed,2
7654,975,359,1,117.97,117.97,wallet,2026-06-22 02:17:23,completed,4
7655,800,361,3,96.02,288.06,wallet,2026-03-18 02:37:10,completed,4
7656,199,152,5,486.39,2431.95,upi,2026-07-15 06:51:36,completed,3
7657,347,444,2,452.42,904.84,cod,2026-06-25 02:31:30,completed,0
7658,201,170,2,362.04,724.08,debit_card,2026-05-12 19:19:06,pending,2
7659,934,415,3,306.16,918.48,debit_card,2026-03-26 19:56:31,completed,2
7660,759,293,5,259.7,1298.5,credit_card,2026-07-01 08:26:03,completed,1
7661,820,499,3,279.81,839.4300000000001,credit_card,2026-03-17 03:26:16,pending,1
7662,101,394,1,490.93,490.93,wallet,2026-02-09 05:17:22,completed,4
7663,130,474,3,284.92,854.76,cod,2026-06-01 04:11:34,refunded,0
7664,842,242,5,211.2,1056.0,upi,2026-05-04 15:46:11,completed,3
7665,268,466,3,200.83,602.49,upi,2026-01-29 17:57:47,cancelled,3
7666,343,333,2,270.15,540.3,cod,2026-02-25 17:44:48,completed,0
7667,171,70,2,187.01,374.02,wallet,2026-05-29 08:19:39,refunded,4
7668,620,210,1,444.36,444.36,credit_card,2026-07-17 05:12:15,completed,1
7669,165,364,1,81.86,81.86,credit_card,2026-01-31 05:43:35,pending,1
7670,813,156,5,440.27,2201.35,credit_card,2026-04-20 07:58:39,completed,1
7671,629,259,1,415.23,415.23,cod,2026-03-01 01:20:41,completed,0
7672,245,347,1,228.11,228.11,debit_card,2026-03-30 14:58:20,completed,2
7673,940,283,4,367.95,1471.8,upi,2026-06-20 06:33:32,completed,3
7674,83,95,2,133.12,266.24,upi,2026-05-15 16:24:48,completed,3
7675,593,187,2,412.8,825.6,wallet,2026-04-06 21:58:30,completed,4
7676,702,294,2,303.0,606.0,wallet,2026-04-24 20:38:17,completed,4
7677,504,223,4,415.79,1663.16,upi,2026-07-16 03:49:38,completed,3
7678,444,107,4,180.63,722.52,credit_card,2026-07-15 13:32:48,completed,1
7679,528,64,3,33.66,100.98,wallet,2026-05-15 16:50:53,completed,4
7680,180,281,2,205.54,411.08,debit_card,2026-05-18 00:34:51,completed,2
7681,90,4,1,198.61,198.61,wallet,2026-03-16 18:52:31,pending,4
7682,841,423,4,43.85,175.4,upi,2026-02-03 09:24:26,cancelled,3
7683,90,11,3,97.26,291.78,cod,2026-02-07 09:14:11,completed,0
7684,255,490,1,283.5,283.5,debit_card,2026-03-24 20:00:42,completed,2
7685,606,181,2,160.14,320.28,wallet,2026-03-11 00:57:59,completed,4
7686,727,163,5,325.45,1627.25,credit_card,2026-07-02 07:24:14,cancelled,1
7687,693,352,1,407.84,407.84,debit_card,2026-03-13 14:39:02,pending,2
7688,266,494,3,130.94,392.82,credit_card,2026-01-26 03:58:52,completed,1
7689,546,426,5,350.4,1752.0,wallet,2026-07-05 23:00:56,completed,4
7690,100,399,2,186.72,373.44,credit_card,2026-03-06 10:35:14,completed,1
7691,332,438,3,108.46,325.38,credit_card,2026-04-21 00:44:33,completed,1
7692,162,458,5,119.3,596.5,cod,2026-06-14 18:02:12,cancelled,0
7693,432,84,1,297.99,297.99,cod,2026-02-13 07:13:22,completed,0
7694,564,432,3,165.09,495.27,debit_card,2026-02-07 01:32:12,completed,2
7695,189,181,4,160.14,640.56,cod,2026-06-21 11:58:21,completed,0
7696,97,495,4,344.49,1377.96,debit_card,2026-07-01 21:45:13,completed,2
7697,650,74,3,189.54,568.62,debit_card,2026-05-30 23:25:57,completed,2
7698,621,300,5,416.03,2080.15,credit_card,2026-05-05 07:55:18,completed,1
7699,199,2,1,330.51,330.51,wallet,2026-06-07 02:08:34,completed,4
7700,993,269,5,473.75,2368.75,wallet,2026-03-30 11:44:19,pending,4
7701,441,469,5,49.77,248.85,cod,2026-04-29 13:49:37,completed,0
7702,292,15,2,483.13,966.26,wallet,2026-07-18 01:47:19,pending,4
7703,888,189,2,376.31,752.62,debit_card,2026-04-23 18:07:32,completed,2
7704,846,189,4,376.31,1505.24,debit_card,2026-05-18 23:56:37,pending,2
7705,962,373,3,384.11,1152.33,credit_card,2026-02-05 07:22:56,completed,1
7706,520,89,4,136.18,544.72,cod,2026-03-27 20:08:48,refunded,0
7707,554,23,3,210.74,632.22,debit_card,2026-07-17 20:30:01,completed,2
7708,846,169,2,383.91,767.82,upi,2026-04-30 05:11:01,completed,3
7709,514,47,4,9.6,38.4,cod,2026-03-22 18:40:21,completed,0
7710,551,232,3,209.31,627.93,upi,2026-04-04 07:11:46,completed,3
7711,517,25,4,271.12,1084.48,cod,2026-02-05 13:43:57,completed,0
7712,251,441,3,31.28,93.84,wallet,2026-03-12 15:33:25,completed,4
7713,189,33,4,476.44,1905.76,wallet,2026-04-12 12:36:03,cancelled,4
7714,268,343,1,232.73,232.73,credit_card,2026-07-14 02:36:37,completed,1
7715,870,236,1,293.49,293.49,cod,2026-03-28 23:52:28,completed,0
7716,409,133,4,17.74,70.96,wallet,2026-06-22 01:47:34,completed,4
7717,516,102,5,494.75,2473.75,wallet,2026-04-03 05:42:21,completed,4
7718,227,396,1,354.78,354.78,credit_card,2026-05-14 11:38:23,completed,1
7719,394,193,3,211.3,633.9,credit_card,2026-03-11 17:40:54,completed,1
7720,169,458,1,119.3,119.3,upi,2026-06-05 09:32:08,completed,3
7721,377,150,5,346.8,1734.0,debit_card,2026-06-30 19:53:08,completed,2
7722,494,28,3,152.37,457.11,upi,2026-04-12 01:26:37,completed,3
7723,481,434,5,493.89,2469.45,debit_card,2026-07-15 15:13:34,completed,2
7724,853,74,4,189.54,758.16,upi,2026-05-06 13:45:23,completed,3
7725,345,362,3,87.62,262.86,wallet,2026-07-19 13:15:01,completed,4
7726,500,85,3,426.2,1278.6,credit_card,2026-05-20 03:54:59,completed,1
7727,285,3,5,57.44,287.2,wallet,2026-01-30 22:36:58,completed,4
7728,484,371,4,264.04,1056.16,wallet,2026-04-02 09:26:43,completed,4
7729,746,161,3,29.58,88.74,credit_card,2026-02-12 05:18:07,completed,1
7730,305,401,3,410.43,1231.29,wallet,2026-02-06 07:05:52,pending,4
7731,567,57,3,493.51,1480.53,debit_card,2026-02-16 15:28:22,completed,2
7732,99,219,1,22.74,22.74,cod,2026-06-13 11:42:58,pending,0
7733,711,265,4,193.8,775.2,wallet,2026-07-11 16:32:05,completed,4
7734,139,271,4,337.13,1348.52,wallet,2026-02-27 02:53:41,completed,4
7735,290,426,3,350.4,1051.2,debit_card,2026-06-23 10:41:50,completed,2
7736,899,456,1,155.16,155.16,upi,2026-06-06 09:43:22,completed,3
7737,414,374,1,189.95,189.95,debit_card,2026-01-22 20:52:57,completed,2
7738,307,110,1,91.9,91.9,cod,2026-05-13 16:18:39,completed,0
7739,576,98,2,194.45,388.9,upi,2026-06-22 14:18:21,cancelled,3
7740,704,7,1,53.32,53.32,credit_card,2026-05-30 06:52:08,completed,1
7741,66,149,1,204.47,204.47,upi,2026-02-14 00:50:14,completed,3
7742,922,173,1,423.48,423.48,cod,2026-01-26 09:48:30,completed,0
7743,296,141,2,90.58,181.16,credit_card,2026-03-15 18:58:04,pending,1
7744,718,417,4,299.9,1199.6,cod,2026-06-02 20:02:46,completed,0
7745,862,215,1,42.06,42.06,upi,2026-02-01 08:13:30,completed,3
7746,380,407,2,401.5,803.0,upi,2026-05-22 15:04:41,completed,3
7747,918,33,5,476.44,2382.2,cod,2026-04-09 07:27:12,completed,0
7748,972,283,5,367.95,1839.75,upi,2026-02-13 14:29:43,completed,3
7749,283,133,4,17.74,70.96,debit_card,2026-05-29 21:23:20,completed,2
7750,17,219,1,22.74,22.74,debit_card,2026-02-10 07:53:00,completed,2
7751,265,433,2,185.81,371.62,cod,2026-02-21 11:47:47,completed,0
7752,252,211,5,353.76,1768.8,wallet,2026-05-10 07:37:06,pending,4
7753,998,330,1,283.77,283.77,credit_card,2026-06-14 20:31:01,completed,1
7754,886,51,4,315.9,1263.6,cod,2026-07-12 19:08:49,completed,0
7755,147,281,2,205.54,411.08,debit_card,2026-07-07 09:47:42,completed,2
7756,483,332,1,340.07,340.07,wallet,2026-05-18 19:55:49,completed,4
7757,934,21,5,311.61,1558.05,wallet,2026-06-03 02:47:32,completed,4
7758,98,54,1,302.49,302.49,cod,2026-03-14 05:57:42,completed,0
7759,853,343,2,232.73,465.46,upi,2026-04-23 10:26:29,completed,3
7760,579,137,4,35.51,142.04,wallet,2026-04-08 22:58:31,pending,4
7761,482,365,5,370.11,1850.55,debit_card,2026-03-05 10:36:19,cancelled,2
7762,492,295,5,243.35,1216.75,wallet,2026-07-03 13:53:54,completed,4
7763,265,498,1,464.26,464.26,debit_card,2026-01-26 01:26:07,completed,2
7764,595,442,3,333.18,999.54,upi,2026-03-02 17:41:11,completed,3
7765,507,201,4,323.95,1295.8,cod,2026-02-18 21:17:14,cancelled,0
7766,989,242,2,211.2,422.4,cod,2026-07-13 00:29:12,completed,0
7767,675,441,3,31.28,93.84,debit_card,2026-05-03 10:30:03,completed,2
7768,532,348,1,403.02,403.02,credit_card,2026-01-24 10:49:56,completed,1
7769,568,129,2,445.43,890.86,cod,2026-03-16 21:34:59,completed,0
7770,734,301,2,135.94,271.88,cod,2026-03-24 21:24:24,completed,0
7771,542,169,3,383.91,1151.73,upi,2026-04-14 10:13:20,refunded,3
7772,685,443,2,434.37,868.74,cod,2026-02-08 07:33:18,completed,0
7773,695,23,4,210.74,842.96,upi,2026-03-26 22:38:24,completed,3
7774,203,257,2,474.36,948.72,credit_card,2026-04-17 08:45:14,completed,1
7775,577,212,4,263.94,1055.76,debit_card,2026-02-08 18:42:59,cancelled,2
7776,505,90,5,111.44,557.2,wallet,2026-05-15 05:08:09,refunded,4
7777,265,323,2,123.43,246.86,upi,2026-06-28 11:53:16,pending,3
7778,262,201,4,323.95,1295.8,credit_card,2026-01-21 00:30:41,completed,1
7779,684,299,2,112.21,224.42,credit_card,2026-01-22 07:20:33,completed,1
7780,617,18,1,95.61,95.61,wallet,2026-03-20 01:14:10,completed,4
7781,520,185,1,13.87,13.87,cod,2026-05-20 12:16:51,pending,0
7782,680,308,4,130.99,523.96,wallet,2026-03-11 10:26:59,completed,4
7783,723,453,3,345.82,1037.46,upi,2026-06-11 16:54:35,completed,3
7784,455,88,5,270.28,1351.4,upi,2026-03-02 05:53:25,completed,3
7785,61,274,3,39.56,118.68,wallet,2026-03-20 12:40:36,completed,4
7786,871,18,4,95.61,382.44,credit_card,2026-03-06 22:19:58,completed,1
7787,15,391,4,188.84,755.36,debit_card,2026-04-21 19:02:00,completed,2
7788,829,307,5,395.83,1979.15,credit_card,2026-05-15 13:56:39,completed,1
7789,856,420,5,120.33,601.65,credit_card,2026-02-27 04:43:47,completed,1
7790,34,499,4,279.81,1119.24,upi,2026-07-06 15:41:32,pending,3
7791,13,396,2,354.78,709.56,cod,2026-07-12 06:08:00,completed,0
7792,819,163,1,325.45,325.45,upi,2026-06-22 19:36:13,completed,3
7793,169,385,5,195.47,977.35,cod,2026-06-07 10:00:28,pending,0
7794,173,54,5,302.49,1512.45,cod,2026-05-09 11:54:48,completed,0
7795,605,72,1,185.17,185.17,debit_card,2026-05-29 08:40:06,completed,2
7796,141,170,2,362.04,724.08,credit_card,2026-02-06 11:35:33,completed,1
7797,300,496,1,168.6,168.6,cod,2026-06-22 18:44:09,pending,0
7798,786,292,2,8.27,16.54,credit_card,2026-04-01 13:09:02,completed,1
7799,453,104,3,17.9,53.7,debit_card,2026-05-03 20:10:38,completed,2
7800,466,409,3,472.58,1417.74,cod,2026-01-28 18:39:40,completed,0
7801,511,254,2,193.78,387.56,debit_card,2026-07-10 05:28:41,refunded,2
7802,983,349,4,239.13,956.52,upi,2026-06-01 23:02:59,completed,3
7803,402,96,3,405.6,1216.8,debit_card,2026-02-06 05:22:31,pending,2
7804,962,439,5,313.41,1567.05,cod,2026-02-05 15:00:19,completed,0
7805,576,130,4,207.59,830.36,cod,2026-03-25 07:04:05,completed,0
7806,946,125,4,327.23,1308.92,credit_card,2026-06-27 08:50:58,completed,1
7807,381,69,3,250.59,751.77,upi,2026-02-13 16:43:34,completed,3
7808,556,104,2,17.9,35.8,upi,2026-02-08 05:47:58,completed,3
7809,888,338,3,460.49,1381.47,cod,2026-05-15 05:51:23,completed,0
7810,253,17,1,46.95,46.95,upi,2026-03-25 18:37:39,cancelled,3
7811,531,24,1,20.28,20.28,debit_card,2026-05-12 10:57:03,completed,2
7812,908,227,4,387.21,1548.84,upi,2026-05-03 08:29:11,completed,3
7813,297,66,2,352.24,704.48,wallet,2026-03-05 04:42:10,completed,4
7814,843,297,2,24.4,48.8,debit_card,2026-01-28 05:31:45,completed,2
7815,480,500,4,484.96,1939.84,cod,2026-07-15 20:17:53,completed,0
7816,791,178,4,434.41,1737.64,wallet,2026-04-25 14:42:53,completed,4
7817,588,285,1,93.68,93.68,cod,2026-05-11 13:44:13,completed,0
7818,656,192,3,29.05,87.15,debit_card,2026-01-25 15:57:44,completed,2
7819,341,469,2,49.77,99.54,cod,2026-07-13 06:23:04,completed,0
7820,298,166,3,8.64,25.92,cod,2026-06-18 16:43:53,completed,0
7821,675,43,1,495.96,495.96,wallet,2026-05-25 14:05:25,completed,4
7822,653,454,1,458.97,458.97,debit_card,2026-07-16 11:31:51,pending,2
7823,986,85,3,426.2,1278.6,credit_card,2026-01-28 07:00:13,completed,1
7824,867,459,2,423.84,847.68,wallet,2026-05-26 10:23:43,completed,4
7825,451,379,2,97.96,195.92,debit_card,2026-03-08 17:10:11,completed,2
7826,642,142,2,214.57,429.14,cod,2026-05-02 12:49:04,completed,0
7827,169,141,1,90.58,90.58,credit_card,2026-03-23 04:37:54,completed,1
7828,128,96,4,405.6,1622.4,debit_card,2026-07-01 18:56:38,completed,2
7829,760,312,1,284.51,284.51,upi,2026-06-14 01:59:12,cancelled,3
7830,805,481,3,32.26,96.78,debit_card,2026-03-19 23:07:49,refunded,2
7831,820,477,3,383.87,1151.61,cod,2026-04-18 02:03:48,pending,0
7832,118,85,4,426.2,1704.8,upi,2026-07-04 09:30:58,completed,3
7833,277,161,4,29.58,118.32,cod,2026-07-18 19:01:32,completed,0
7834,110,463,5,444.36,2221.8,credit_card,2026-05-11 20:51:40,completed,1
7835,679,119,1,162.52,162.52,debit_card,2026-03-12 00:46:46,completed,2
7836,764,269,4,473.75,1895.0,upi,2026-05-20 06:12:57,completed,3
7837,459,139,4,212.22,848.88,cod,2026-05-13 09:05:29,completed,0
7838,392,164,1,403.52,403.52,wallet,2026-06-06 05:42:53,completed,4
7839,265,477,4,383.87,1535.48,wallet,2026-03-30 07:33:13,refunded,4
7840,7,273,5,476.01,2380.05,debit_card,2026-05-17 18:45:24,completed,2
7841,271,140,3,44.08,132.24,debit_card,2026-04-10 17:55:51,completed,2
7842,796,131,4,122.59,490.36,cod,2026-06-06 03:38:32,completed,0
7843,247,235,5,348.68,1743.4,wallet,2026-02-27 19:01:14,completed,4
7844,545,231,4,140.43,561.72,cod,2026-04-01 09:00:12,completed,0
7845,585,240,2,55.73,111.46,credit_card,2026-03-28 21:00:49,refunded,1
7846,394,259,5,415.23,2076.15,cod,2026-05-06 15:17:00,pending,0
7847,340,94,2,69.7,139.4,credit_card,2026-03-06 08:51:03,completed,1
7848,166,124,4,441.48,1765.92,cod,2026-07-15 16:39:46,completed,0
7849,249,206,5,400.95,2004.75,credit_card,2026-03-10 22:04:33,completed,1
7850,786,312,3,284.51,853.53,wallet,2026-05-18 04:41:18,completed,4
7851,770,359,5,117.97,589.85,credit_card,2026-02-02 10:34:51,completed,1
7852,508,158,2,412.64,825.28,upi,2026-07-06 18:47:50,completed,3
7853,863,468,4,214.12,856.48,credit_card,2026-04-11 15:18:05,completed,1
7854,651,415,5,306.16,1530.8,cod,2026-07-16 02:23:43,completed,0
7855,277,90,1,111.44,111.44,wallet,2026-05-01 11:55:48,completed,4
7856,453,475,1,385.73,385.73,debit_card,2026-06-06 23:14:34,pending,2
7857,837,425,5,155.87,779.35,upi,2026-03-15 17:13:35,completed,3
7858,351,281,4,205.54,822.16,credit_card,2026-07-08 06:39:03,completed,1
7859,748,374,1,189.95,189.95,debit_card,2026-05-18 08:17:55,pending,2
7860,691,367,4,467.75,1871.0,debit_card,2026-07-18 18:47:12,completed,2
7861,322,187,4,412.8,1651.2,cod,2026-07-17 21:32:39,completed,0
7862,491,202,2,54.41,108.82,wallet,2026-07-17 14:37:20,completed,4
7863,956,45,1,201.19,201.19,credit_card,2026-04-22 19:48:07,cancelled,1
7864,808,226,2,359.81,719.62,cod,2026-04-08 04:28:15,completed,0
7865,1,354,4,65.01,260.04,upi,2026-03-16 01:31:29,completed,3
7866,399,19,4,73.24,292.96,cod,2026-04-10 12:08:07,completed,0
7867,827,321,2,426.03,852.06,debit_card,2026-02-11 01:13:58,completed,2
7868,696,340,3,247.95,743.85,credit_card,2026-06-28 11:11:26,completed,1
7869,91,53,2,160.68,321.36,debit_card,2026-04-12 08:52:20,pending,2
7870,36,62,3,44.12,132.36,cod,2026-05-22 13:38:58,completed,0
7871,231,420,1,120.33,120.33,credit_card,2026-02-15 08:43:09,completed,1
7872,390,348,2,403.02,806.04,wallet,2026-05-29 00:00:00,completed,4
7873,7,41,3,395.21,1185.63,wallet,2026-05-26 23:13:18,completed,4
7874,315,483,1,84.86,84.86,debit_card,2026-02-12 00:18:34,pending,2
7875,292,108,5,162.41,812.05,wallet,2026-04-21 02:57:01,completed,4
7876,845,85,4,426.2,1704.8,wallet,2026-05-03 23:41:19,pending,4
7877,583,310,4,190.64,762.56,cod,2026-04-07 19:50:11,refunded,0
7878,834,492,5,235.12,1175.6,wallet,2026-02-15 02:54:53,cancelled,4
7879,736,152,4,486.39,1945.56,upi,2026-05-18 20:16:39,completed,3
7880,222,111,4,14.86,59.44,upi,2026-04-21 13:55:31,completed,3
7881,210,139,4,212.22,848.88,wallet,2026-04-20 02:02:09,completed,4
7882,777,303,4,263.74,1054.96,upi,2026-05-20 14:39:03,refunded,3
7883,234,144,2,201.69,403.38,credit_card,2026-04-18 00:34:52,completed,1
7884,827,274,2,39.56,79.12,debit_card,2026-03-29 12:58:50,completed,2
7885,218,378,5,59.63,298.15,upi,2026-03-19 20:59:49,completed,3
7886,955,87,1,81.93,81.93,debit_card,2026-04-26 02:53:53,completed,2
7887,680,122,3,108.79,326.37,debit_card,2026-02-12 07:47:32,refunded,2
7888,998,52,5,448.81,2244.05,wallet,2026-05-20 04:43:38,completed,4
7889,403,466,3,200.83,602.49,upi,2026-04-20 23:58:39,completed,3
7890,213,151,4,172.24,688.96,debit_card,2026-05-22 16:22:32,completed,2
7891,760,174,1,238.04,238.04,wallet,2026-06-15 15:29:01,completed,4
7892,683,359,2,117.97,235.94,credit_card,2026-05-27 00:25:38,cancelled,1
7893,367,363,1,18.05,18.05,debit_card,2026-02-04 08:48:59,completed,2
7894,670,346,5,214.85,1074.25,cod,2026-04-30 21:16:08,completed,0
7895,98,361,5,96.02,480.1,credit_card,2026-03-07 09:09:55,completed,1
7896,635,48,2,40.06,80.12,credit_card,2026-04-20 18:54:14,completed,1
7897,531,212,3,263.94,791.82,upi,2026-03-25 07:28:50,cancelled,3
7898,799,339,3,424.77,1274.31,debit_card,2026-06-29 22:51:21,completed,2
7899,931,475,2,385.73,771.46,cod,2026-02-15 15:18:08,cancelled,0
7900,704,137,3,35.51,106.53,cod,2026-03-22 21:33:17,completed,0
7901,266,96,4,405.6,1622.4,cod,2026-01-29 03:21:15,pending,0
7902,77,7,4,53.32,213.28,upi,2026-05-09 15:21:49,completed,3
7903,395,248,1,300.46,300.46,upi,2026-03-22 10:57:00,completed,3
7904,332,211,5,353.76,1768.8,debit_card,2026-02-10 09:31:02,completed,2
7905,651,98,2,194.45,388.9,wallet,2026-06-15 14:32:55,completed,4
7906,551,278,3,388.51,1165.53,credit_card,2026-02-17 10:00:55,completed,1
7907,65,310,5,190.64,953.2,credit_card,2026-02-04 14:26:39,completed,1
7908,337,168,1,329.78,329.78,credit_card,2026-07-09 15:10:37,completed,1
7909,303,304,2,92.82,185.64,cod,2026-04-25 09:19:02,pending,0
7910,511,78,1,486.07,486.07,credit_card,2026-02-21 08:35:46,completed,1
7911,591,8,5,27.12,135.6,debit_card,2026-01-27 16:45:17,completed,2
7912,94,71,2,6.27,12.54,upi,2026-02-14 14:23:47,completed,3
7913,145,227,2,387.21,774.42,cod,2026-02-11 01:03:28,completed,0
7914,814,454,3,458.97,1376.91,credit_card,2026-04-08 10:40:04,cancelled,1
7915,659,95,5,133.12,665.6,debit_card,2026-03-10 13:06:26,completed,2
7916,125,14,2,186.07,372.14,credit_card,2026-05-18 03:25:06,completed,1
7917,94,394,2,490.93,981.86,debit_card,2026-05-18 22:50:03,completed,2
7918,535,498,3,464.26,1392.78,credit_card,2026-07-07 11:36:00,completed,1
7919,178,201,3,323.95,971.85,credit_card,2026-05-25 06:34:29,completed,1
7920,113,402,4,164.69,658.76,wallet,2026-03-01 14:11:40,cancelled,4
7921,836,203,4,215.87,863.48,wallet,2026-02-15 16:16:30,completed,4
7922,620,298,4,260.74,1042.96,debit_card,2026-05-16 12:50:22,completed,2
7923,566,286,4,113.32,453.28,debit_card,2026-04-28 02:06:28,completed,2
7924,757,438,4,108.46,433.84,wallet,2026-05-29 23:31:31,refunded,4
7925,132,309,2,207.28,414.56,credit_card,2026-01-31 01:45:46,completed,1
7926,595,37,5,204.41,1022.05,debit_card,2026-01-26 22:08:02,pending,2
7927,774,39,4,398.86,1595.44,debit_card,2026-04-15 20:02:27,completed,2
7928,216,249,4,182.25,729.0,cod,2026-05-24 09:22:04,completed,0
7929,109,238,3,137.15,411.45,upi,2026-04-21 23:52:52,completed,3
7930,334,218,4,161.45,645.8,upi,2026-02-13 14:48:59,completed,3
7931,460,482,3,152.73,458.19,credit_card,2026-04-16 00:30:39,completed,1
7932,195,470,5,165.11,825.55,cod,2026-02-10 16:00:22,completed,0
7933,841,284,3,253.57,760.71,cod,2026-04-07 17:45:31,pending,0
7934,75,28,1,152.37,152.37,credit_card,2026-03-30 22:03:02,completed,1
7935,224,61,2,322.07,644.14,credit_card,2026-03-14 04:25:02,completed,1
7936,96,54,5,302.49,1512.45,credit_card,2026-04-09 18:45:07,completed,1
7937,598,61,3,322.07,966.21,wallet,2026-05-25 13:26:53,completed,4
7938,954,81,1,491.64,491.64,credit_card,2026-06-04 01:41:27,completed,1
7939,745,140,2,44.08,88.16,upi,2026-07-09 06:11:19,completed,3
7940,918,301,3,135.94,407.82,cod,2026-04-28 02:43:55,cancelled,0
7941,66,341,5,376.33,1881.65,debit_card,2026-01-22 07:29:56,completed,2
7942,117,172,4,344.73,1378.92,wallet,2026-05-18 11:57:25,refunded,4
7943,318,348,5,403.02,2015.1,cod,2026-03-10 11:26:37,completed,0
7944,127,389,3,318.29,954.87,credit_card,2026-04-07 13:17:35,completed,1
7945,315,277,3,71.48,214.44,cod,2026-06-11 21:04:46,completed,0
7946,566,169,2,383.91,767.82,credit_card,2026-04-06 22:41:26,completed,1
7947,29,84,2,297.99,595.98,upi,2026-03-06 19:46:33,completed,3
7948,299,323,2,123.43,246.86,debit_card,2026-03-02 23:16:16,completed,2
7949,999,55,4,261.29,1045.16,wallet,2026-02-02 18:34:25,completed,4
7950,5,411,5,210.52,1052.6,credit_card,2026-03-23 20:02:22,completed,1
7951,474,389,4,318.29,1273.16,credit_card,2026-04-06 07:26:48,completed,1
7952,698,438,4,108.46,433.84,wallet,2026-07-18 21:10:07,completed,4
7953,74,397,1,97.38,97.38,cod,2026-06-03 23:36:42,pending,0
7954,440,242,2,211.2,422.4,cod,2026-04-04 23:56:56,cancelled,0
7955,19,177,1,292.25,292.25,upi,2026-06-02 01:55:03,pending,3
7956,603,44,5,51.2,256.0,cod,2026-01-30 10:42:44,completed,0
7957,183,175,2,115.02,230.04,credit_card,2026-01-24 01:03:39,completed,1
7958,55,207,5,490.88,2454.4,upi,2026-06-12 13:38:37,completed,3
7959,615,118,3,474.65,1423.95,wallet,2026-04-09 07:35:54,completed,4
7960,605,194,1,106.72,106.72,wallet,2026-04-11 19:26:31,completed,4
7961,28,287,4,26.19,104.76,cod,2026-07-06 04:48:11,completed,0
7962,496,484,2,183.29,366.58,debit_card,2026-02-11 16:53:32,cancelled,2
7963,257,177,5,292.25,1461.25,wallet,2026-07-09 17:38:46,refunded,4
7964,22,331,4,431.7,1726.8,debit_card,2026-07-17 10:26:21,completed,2
7965,599,453,4,345.82,1383.28,wallet,2026-02-19 13:41:44,completed,4
7966,884,63,4,318.98,1275.92,upi,2026-04-22 14:16:45,completed,3
7967,888,422,2,410.66,821.32,credit_card,2026-03-06 08:32:03,completed,1
7968,721,352,1,407.84,407.84,wallet,2026-03-14 02:28:05,pending,4
7969,154,432,5,165.09,825.45,debit_card,2026-03-30 19:10:01,completed,2
7970,640,250,4,38.75,155.0,credit_card,2026-05-11 12:15:25,completed,1
7971,645,282,5,238.69,1193.45,wallet,2026-01-26 08:03:55,refunded,4
7972,549,463,1,444.36,444.36,wallet,2026-05-20 07:37:03,pending,4
7973,421,224,5,448.95,2244.75,cod,2026-04-02 13:02:15,completed,0
7974,927,18,3,95.61,286.83,wallet,2026-03-29 16:45:49,completed,4
7975,116,151,1,172.24,172.24,credit_card,2026-04-18 01:03:53,completed,1
7976,477,59,2,38.43,76.86,debit_card,2026-05-19 07:28:08,completed,2
7977,50,422,2,410.66,821.32,credit_card,2026-04-01 15:20:05,completed,1
7978,781,406,2,360.33,720.66,upi,2026-03-31 13:36:27,completed,3
7979,29,6,1,159.39,159.39,upi,2026-06-28 04:38:04,completed,3
7980,542,334,1,202.47,202.47,upi,2026-07-18 06:29:11,completed,3
7981,648,308,2,130.99,261.98,debit_card,2026-03-16 20:39:52,pending,2
7982,96,333,4,270.15,1080.6,wallet,2026-02-18 14:09:41,completed,4
7983,551,481,3,32.26,96.78,credit_card,2026-03-01 20:44:06,completed,1
7984,182,381,1,79.59,79.59,wallet,2026-04-08 08:37:20,completed,4
7985,900,214,1,32.01,32.01,credit_card,2026-04-09 03:26:13,pending,1
7986,306,210,2,444.36,888.72,debit_card,2026-02-22 15:40:29,completed,2
7987,309,150,3,346.8,1040.4,cod,2026-04-13 23:56:24,completed,0
7988,314,141,1,90.58,90.58,credit_card,2026-01-28 06:02:26,completed,1
7989,454,10,4,168.84,675.36,wallet,2026-06-24 14:03:32,completed,4
7990,995,73,2,116.14,232.28,cod,2026-03-28 20:49:57,completed,0
7991,509,420,5,120.33,601.65,debit_card,2026-03-07 19:07:03,completed,2
7992,205,378,5,59.63,298.15,upi,2026-07-11 20:54:59,completed,3
7993,622,378,2,59.63,119.26,upi,2026-05-18 13:49:40,completed,3
7994,896,499,5,279.81,1399.05,wallet,2026-02-10 13:14:37,completed,4
7995,646,150,3,346.8,1040.4,debit_card,2026-04-18 20:02:46,completed,2
7996,518,211,2,353.76,707.52,debit_card,2026-05-14 17:20:26,completed,2
7997,319,375,2,85.82,171.64,upi,2026-04-22 01:35:31,completed,3
7998,501,7,1,53.32,53.32,wallet,2026-05-21 18:59:19,pending,4
7999,229,389,5,318.29,1591.45,cod,2026-02-07 05:58:48,refunded,0
8000,793,158,5,412.64,2063.2,debit_card,2026-05-24 17:04:52,completed,2
8001,285,449,2,174.18,348.36,credit_card,2026-02-27 06:53:20,completed,1
8002,185,156,3,440.27,1320.81,upi,2026-04-05 20:18:10,completed,3
8003,662,100,2,208.94,417.88,credit_card,2026-07-09 16:38:32,cancelled,1
8004,836,224,2,448.95,897.9,upi,2026-02-10 23:14:16,completed,3
8005,46,488,3,493.66,1480.98,cod,2026-05-22 23:01:59,completed,0
8006,819,401,5,410.43,2052.15,cod,2026-05-28 06:12:13,completed,0
8007,296,281,3,205.54,616.62,cod,2026-03-15 08:52:23,completed,0
8008,547,14,1,186.07,186.07,debit_card,2026-06-24 00:57:26,completed,2
8009,95,442,2,333.18,666.36,wallet,2026-05-08 08:26:44,pending,4
8010,986,13,5,377.4,1887.0,credit_card,2026-07-10 10:30:12,completed,1
8011,533,500,3,484.96,1454.88,cod,2026-07-16 04:09:36,refunded,0
8012,12,494,1,130.94,130.94,wallet,2026-03-11 10:42:33,pending,4
8013,180,152,3,486.39,1459.17,cod,2026-03-23 12:09:05,completed,0
8014,736,476,3,315.09,945.27,debit_card,2026-04-26 14:34:47,refunded,2
8015,633,386,2,368.98,737.96,debit_card,2026-07-18 10:53:33,cancelled,2
8016,941,370,4,157.39,629.56,cod,2026-06-13 02:54:39,completed,0
8017,701,277,3,71.48,214.44,credit_card,2026-04-03 00:29:01,completed,1
8018,696,12,5,227.54,1137.7,upi,2026-02-14 04:56:54,pending,3
8019,614,44,1,51.2,51.2,cod,2026-06-17 03:43:13,completed,0
8020,197,430,2,103.06,206.12,debit_card,2026-06-08 14:47:46,completed,2
8021,202,314,5,290.94,1454.7,debit_card,2026-02-08 14:14:44,pending,2
8022,919,452,1,70.23,70.23,wallet,2026-05-19 16:35:09,pending,4
8023,933,463,2,444.36,888.72,cod,2026-06-26 03:39:28,completed,0
8024,433,212,2,263.94,527.88,cod,2026-02-11 17:48:47,completed,0
8025,463,258,3,336.82,1010.46,credit_card,2026-06-15 21:26:21,completed,1
8026,771,164,3,403.52,1210.56,wallet,2026-03-01 01:40:00,completed,4
8027,229,484,3,183.29,549.87,upi,2026-04-10 10:39:05,completed,3
8028,602,476,5,315.09,1575.45,cod,2026-05-08 14:53:43,pending,0
8029,868,103,5,175.3,876.5,cod,2026-05-10 18:41:59,completed,0
8030,858,335,5,240.89,1204.45,cod,2026-04-09 09:30:21,completed,0
8031,964,49,2,441.09,882.18,wallet,2026-05-05 03:18:21,completed,4
8032,552,97,5,30.07,150.35,upi,2026-03-03 06:22:17,completed,3
8033,314,126,3,150.98,452.94,cod,2026-06-24 06:47:19,completed,0
8034,252,144,5,201.69,1008.45,cod,2026-02-23 02:58:38,completed,0
8035,307,343,1,232.73,232.73,credit_card,2026-02-13 14:46:01,completed,1
8036,442,263,2,338.28,676.56,upi,2026-02-25 06:51:08,completed,3
8037,356,16,5,177.22,886.1,upi,2026-05-17 06:11:12,completed,3
8038,910,412,4,442.0,1768.0,upi,2026-03-13 10:11:36,completed,3
8039,488,100,1,208.94,208.94,debit_card,2026-03-03 23:14:37,cancelled,2
8040,194,281,5,205.54,1027.7,upi,2026-05-03 07:57:50,completed,3
8041,377,368,3,230.99,692.97,upi,2026-05-12 17:20:41,completed,3
8042,452,401,4,410.43,1641.72,credit_card,2026-03-28 21:14:06,cancelled,1
8043,231,44,4,51.2,204.8,cod,2026-04-02 07:18:23,pending,0
8044,149,72,5,185.17,925.85,wallet,2026-07-01 16:59:24,completed,4
8045,422,73,4,116.14,464.56,wallet,2026-05-05 13:24:14,completed,4
8046,292,135,3,196.83,590.49,cod,2026-01-30 01:15:36,completed,0
8047,30,400,4,311.77,1247.08,cod,2026-04-28 06:53:23,completed,0
8048,480,218,2,161.45,322.9,upi,2026-03-08 14:50:35,completed,3
8049,379,425,3,155.87,467.61,credit_card,2026-04-04 01:45:33,refunded,1
8050,952,114,5,353.75,1768.75,debit_card,2026-03-17 08:55:15,completed,2
8051,12,406,5,360.33,1801.6499999999999,upi,2026-02-22 12:56:16,completed,3
8052,737,380,5,144.65,723.25,cod,2026-05-18 08:02:21,completed,0
8053,655,155,1,396.79,396.79,wallet,2026-07-01 07:00:00,completed,4
8054,861,245,4,491.81,1967.24,cod,2026-02-17 02:36:09,completed,0
8055,18,429,4,202.27,809.08,upi,2026-03-13 09:05:18,completed,3
8056,182,236,2,293.49,586.98,debit_card,2026-06-01 22:32:54,completed,2
8057,498,482,5,152.73,763.65,wallet,2026-04-15 16:30:02,completed,4
8058,83,29,1,222.34,222.34,credit_card,2026-04-22 22:50:48,completed,1
8059,325,427,2,254.84,509.68,wallet,2026-05-02 03:55:25,completed,4
8060,911,161,2,29.58,59.16,credit_card,2026-06-03 10:25:47,completed,1
8061,890,55,3,261.29,783.87,cod,2026-02-13 02:29:18,completed,0
8062,175,300,4,416.03,1664.12,credit_card,2026-02-02 00:28:52,completed,1
8063,293,91,4,201.14,804.56,cod,2026-05-03 19:31:59,completed,0
8064,358,96,4,405.6,1622.4,credit_card,2026-02-18 07:58:59,completed,1
8065,185,160,1,419.64,419.64,credit_card,2026-05-12 10:21:52,completed,1
8066,842,220,3,107.39,322.17,wallet,2026-03-26 18:01:33,completed,4
8067,962,423,4,43.85,175.4,wallet,2026-06-08 04:28:26,completed,4
8068,111,29,5,222.34,1111.7,debit_card,2026-06-05 15:58:29,completed,2
8069,430,392,4,172.52,690.08,wallet,2026-07-02 21:06:02,completed,4
8070,796,302,2,39.08,78.16,wallet,2026-04-03 14:24:38,completed,4
8071,860,130,5,207.59,1037.95,upi,2026-05-10 11:02:23,completed,3
8072,903,413,2,330.48,660.96,cod,2026-04-05 05:31:11,completed,0
8073,689,246,5,217.11,1085.55,upi,2026-03-04 10:09:12,completed,3
8074,643,264,4,464.38,1857.52,cod,2026-04-17 03:48:23,pending,0
8075,301,311,5,81.62,408.1,credit_card,2026-02-06 18:22:34,completed,1
8076,282,361,2,96.02,192.04,wallet,2026-06-18 12:23:08,completed,4
8077,238,240,2,55.73,111.46,debit_card,2026-02-01 22:09:32,completed,2
8078,950,179,3,73.0,219.0,debit_card,2026-07-18 14:17:56,completed,2
8079,383,371,4,264.04,1056.16,debit_card,2026-04-03 06:46:11,pending,2
8080,614,359,4,117.97,471.88,cod,2026-03-29 22:37:50,completed,0
8081,374,29,4,222.34,889.36,wallet,2026-05-06 16:55:36,completed,4
8082,580,121,3,411.72,1235.16,cod,2026-06-11 17:01:18,completed,0
8083,747,239,2,346.84,693.68,debit_card,2026-06-25 01:52:42,completed,2
8084,162,299,5,112.21,561.05,cod,2026-03-27 08:17:02,completed,0
8085,262,447,5,180.91,904.55,wallet,2026-06-19 10:45:46,completed,4
8086,705,91,3,201.14,603.42,upi,2026-07-01 02:39:05,completed,3
8087,808,347,3,228.11,684.33,debit_card,2026-04-11 16:19:42,completed,2
8088,999,210,5,444.36,2221.8,cod,2026-02-27 07:25:27,completed,0
8089,528,297,3,24.4,73.2,cod,2026-06-22 09:33:13,completed,0
8090,561,199,1,121.08,121.08,debit_card,2026-03-08 22:24:20,pending,2
8091,710,80,3,5.72,17.16,upi,2026-04-02 11:17:49,cancelled,3
8092,316,381,2,79.59,159.18,cod,2026-06-13 22:54:55,completed,0
8093,571,419,1,232.88,232.88,credit_card,2026-07-02 18:24:40,completed,1
8094,161,333,1,270.15,270.15,cod,2026-02-25 18:38:49,refunded,0
8095,170,151,1,172.24,172.24,upi,2026-03-27 16:18:16,completed,3
8096,180,138,3,209.92,629.76,cod,2026-04-07 11:32:35,completed,0
8097,901,106,4,330.15,1320.6,debit_card,2026-04-15 19:40:17,completed,2
8098,694,4,3,198.61,595.83,wallet,2026-03-11 22:34:21,completed,4
8099,450,385,1,195.47,195.47,upi,2026-02-23 02:24:56,pending,3
8100,931,22,4,408.53,1634.12,upi,2026-07-07 22:09:59,completed,3
8101,552,147,1,393.94,393.94,debit_card,2026-07-14 12:09:11,completed,2
8102,441,114,2,353.75,707.5,wallet,2026-06-20 02:35:44,completed,4
8103,872,10,2,168.84,337.68,credit_card,2026-05-27 21:57:33,completed,1
8104,295,311,3,81.62,244.86,wallet,2026-04-21 00:26:22,pending,4
8105,565,365,4,370.11,1480.44,wallet,2026-01-20 22:27:35,completed,4
8106,533,444,1,452.42,452.42,debit_card,2026-03-12 19:51:44,completed,2
8107,154,445,2,252.82,505.64,wallet,2026-03-05 16:45:04,completed,4
8108,405,364,5,81.86,409.3,credit_card,2026-04-25 03:02:22,refunded,1
8109,90,27,2,381.2,762.4,upi,2026-05-12 01:51:23,completed,3
8110,722,206,4,400.95,1603.8,debit_card,2026-05-29 15:14:43,completed,2
8111,942,444,4,452.42,1809.68,wallet,2026-05-02 15:21:05,completed,4
8112,489,252,4,113.13,452.52,cod,2026-05-01 20:39:06,completed,0
8113,852,79,2,466.54,933.08,cod,2026-02-15 11:13:36,pending,0
8114,26,262,3,197.08,591.24,cod,2026-03-10 16:34:58,completed,0
8115,114,402,3,164.69,494.07,wallet,2026-03-09 15:17:46,completed,4
8116,83,482,1,152.73,152.73,upi,2026-05-06 23:18:49,refunded,3
8117,927,394,2,490.93,981.86,debit_card,2026-03-07 09:06:36,completed,2
8118,734,329,4,402.46,1609.84,debit_card,2026-05-22 13:58:54,completed,2
8119,713,192,5,29.05,145.25,wallet,2026-02-05 09:03:03,pending,4
8120,254,46,2,5.54,11.08,cod,2026-03-31 03:19:47,pending,0
8121,943,44,3,51.2,153.6,upi,2026-04-01 03:16:24,completed,3
8122,702,94,5,69.7,348.5,credit_card,2026-02-26 05:53:59,completed,1
8123,257,30,2,431.22,862.44,cod,2026-04-18 10:59:45,completed,0
8124,539,62,4,44.12,176.48,upi,2026-04-10 13:05:26,cancelled,3
8125,956,121,2,411.72,823.44,upi,2026-05-14 07:03:16,completed,3
8126,520,219,3,22.74,68.22,upi,2026-05-01 15:32:42,pending,3
8127,56,43,5,495.96,2479.8,cod,2026-01-24 01:43:18,pending,0
8128,121,15,3,483.13,1449.39,upi,2026-05-01 00:59:41,cancelled,3
8129,960,450,5,480.5,2402.5,upi,2026-03-21 20:51:56,completed,3
8130,95,238,2,137.15,274.3,cod,2026-06-24 14:57:23,completed,0
8131,321,357,2,234.56,469.12,debit_card,2026-05-04 15:42:30,completed,2
8132,150,460,4,239.55,958.2,debit_card,2026-07-18 00:07:28,completed,2
8133,853,398,5,84.37,421.85,cod,2026-06-28 08:42:44,refunded,0
8134,286,58,2,185.88,371.76,cod,2026-03-31 05:33:56,pending,0
8135,886,382,2,498.99,997.98,debit_card,2026-02-01 20:55:49,completed,2
8136,496,237,1,263.75,263.75,debit_card,2026-05-20 09:49:28,completed,2
8137,420,280,3,365.08,1095.24,upi,2026-04-02 02:22:55,pending,3
8138,654,49,3,441.09,1323.27,upi,2026-04-03 00:50:49,completed,3
8139,403,438,3,108.46,325.38,debit_card,2026-04-30 17:15:27,completed,2
8140,431,324,4,179.8,719.2,upi,2026-02-04 09:56:44,completed,3
8141,530,395,3,346.18,1038.54,wallet,2026-04-15 02:30:11,completed,4
8142,32,297,3,24.4,73.2,credit_card,2026-04-03 02:39:30,completed,1
8143,798,149,5,204.47,1022.35,upi,2026-06-09 23:52:51,pending,3
8144,997,148,5,329.12,1645.6,upi,2026-05-02 21:49:07,completed,3
8145,918,23,4,210.74,842.96,wallet,2026-01-31 05:42:29,completed,4
8146,215,445,3,252.82,758.46,wallet,2026-04-03 01:20:32,completed,4
8147,398,231,3,140.43,421.29,wallet,2026-04-04 03:14:52,completed,4
8148,411,348,1,403.02,403.02,wallet,2026-01-24 20:04:28,completed,4
8149,937,166,4,8.64,34.56,debit_card,2026-02-07 20:41:46,completed,2
8150,101,119,3,162.52,487.56,credit_card,2026-05-13 07:39:05,completed,1
8151,837,309,4,207.28,829.12,cod,2026-05-18 19:09:08,pending,0
8152,590,152,3,486.39,1459.17,wallet,2026-03-17 11:33:52,refunded,4
8153,565,44,4,51.2,204.8,wallet,2026-02-17 01:16:51,completed,4
8154,895,37,3,204.41,613.23,wallet,2026-06-24 23:13:23,completed,4
8155,689,409,1,472.58,472.58,wallet,2026-05-01 22:00:48,completed,4
8156,992,16,4,177.22,708.88,debit_card,2026-07-15 05:21:13,completed,2
8157,557,270,2,75.52,151.04,credit_card,2026-02-05 07:35:03,cancelled,1
8158,927,255,1,363.37,363.37,cod,2026-04-21 11:54:17,completed,0
8159,253,229,4,347.45,1389.8,wallet,2026-03-10 03:00:12,completed,4
8160,10,32,3,300.44,901.32,upi,2026-02-16 01:06:48,completed,3
8161,971,322,3,393.06,1179.18,wallet,2026-07-02 16:49:34,completed,4
8162,283,467,1,98.98,98.98,wallet,2026-04-13 01:01:36,cancelled,4
8163,347,381,5,79.59,397.95,debit_card,2026-06-22 14:10:30,completed,2
8164,462,235,4,348.68,1394.72,credit_card,2026-04-20 06:49:37,completed,1
8165,107,68,3,404.52,1213.56,debit_card,2026-01-26 02:51:42,completed,2
8166,181,143,4,132.65,530.6,cod,2026-06-01 11:14:22,completed,0
8167,700,279,4,421.69,1686.76,credit_card,2026-04-26 23:09:57,completed,1
8168,606,220,4,107.39,429.56,debit_card,2026-03-03 13:02:05,completed,2
8169,434,219,3,22.74,68.22,credit_card,2026-05-14 11:04:13,completed,1
8170,839,298,1,260.74,260.74,wallet,2026-03-19 04:30:04,completed,4
8171,643,125,2,327.23,654.46,upi,2026-04-03 23:28:17,completed,3
8172,337,12,5,227.54,1137.7,debit_card,2026-06-10 08:01:43,completed,2
8173,27,304,5,92.82,464.1,credit_card,2026-03-19 19:40:52,completed,1
8174,458,88,5,270.28,1351.4,upi,2026-05-06 01:30:00,pending,3
8175,668,413,3,330.48,991.44,debit_card,2026-06-29 12:58:12,completed,2
8176,839,244,5,275.57,1377.85,upi,2026-01-27 07:05:01,completed,3
8177,546,481,1,32.26,32.26,debit_card,2026-04-26 21:45:04,pending,2
8178,255,43,5,495.96,2479.8,wallet,2026-02-23 11:35:49,cancelled,4
8179,721,484,4,183.29,733.16,wallet,2026-05-26 13:41:44,completed,4
8180,300,481,5,32.26,161.3,upi,2026-03-11 17:37:32,completed,3
8181,517,145,3,295.85,887.55,upi,2026-02-14 19:05:00,completed,3
8182,378,53,5,160.68,803.4,debit_card,2026-05-23 18:46:29,completed,2
8183,937,194,3,106.72,320.16,wallet,2026-03-12 21:31:36,completed,4
8184,672,17,5,46.95,234.75,upi,2026-05-13 21:02:52,completed,3
8185,725,420,5,120.33,601.65,credit_card,2026-05-03 15:11:34,completed,1
8186,331,172,4,344.73,1378.92,credit_card,2026-06-01 02:38:01,completed,1
8187,99,109,5,283.99,1419.95,credit_card,2026-05-05 07:33:16,completed,1
8188,325,486,2,71.6,143.2,upi,2026-06-17 06:48:21,pending,3
8189,13,376,5,44.21,221.05,credit_card,2026-01-29 21:14:32,completed,1
8190,894,94,2,69.7,139.4,wallet,2026-02-09 22:36:53,completed,4
8191,253,186,5,68.82,344.1,upi,2026-03-23 10:20:27,completed,3
8192,335,78,2,486.07,972.14,wallet,2026-03-04 21:13:28,pending,4
8193,20,292,5,8.27,41.35,wallet,2026-06-06 05:30:25,completed,4
8194,280,373,4,384.11,1536.44,debit_card,2026-04-19 15:06:27,completed,2
8195,50,317,4,482.46,1929.84,credit_card,2026-02-19 20:23:45,completed,1
8196,895,113,1,295.37,295.37,upi,2026-04-29 20:46:53,completed,3
8197,452,311,4,81.62,326.48,upi,2026-07-10 09:50:47,completed,3
8198,525,426,3,350.4,1051.2,wallet,2026-07-13 17:28:34,pending,4
8199,194,410,4,195.74,782.96,wallet,2026-05-04 17:06:46,completed,4
8200,741,272,5,148.87,744.35,wallet,2026-07-17 08:05:45,completed,4
8201,631,278,4,388.51,1554.04,debit_card,2026-03-25 13:51:15,completed,2
8202,960,23,3,210.74,632.22,wallet,2026-04-26 05:23:38,completed,4
8203,979,37,1,204.41,204.41,debit_card,2026-06-19 23:27:13,completed,2
8204,661,331,3,431.7,1295.1,wallet,2026-05-30 14:50:46,completed,4
8205,578,226,2,359.81,719.62,upi,2026-06-17 17:34:17,completed,3
8206,843,418,2,111.34,222.68,cod,2026-05-28 10:20:48,completed,0
8207,940,220,5,107.39,536.95,credit_card,2026-03-01 20:38:29,completed,1
8208,809,231,2,140.43,280.86,upi,2026-02-21 18:52:32,pending,3
8209,537,89,2,136.18,272.36,wallet,2026-07-05 02:35:32,completed,4
8210,365,52,5,448.81,2244.05,cod,2026-04-16 13:27:11,completed,0
8211,490,390,1,200.93,200.93,cod,2026-03-16 21:17:14,completed,0
8212,276,184,3,269.22,807.66,debit_card,2026-04-24 19:03:07,completed,2
8213,757,158,1,412.64,412.64,cod,2026-06-27 09:13:09,completed,0
8214,381,238,3,137.15,411.45,wallet,2026-04-07 17:29:57,refunded,4
8215,332,495,1,344.49,344.49,upi,2026-06-11 11:41:46,completed,3
8216,211,326,5,177.31,886.55,wallet,2026-05-31 10:55:21,completed,4
8217,252,147,5,393.94,1969.7,upi,2026-06-28 21:19:02,completed,3
8218,495,394,1,490.93,490.93,wallet,2026-07-17 20:48:30,completed,4
8219,527,176,2,133.98,267.96,wallet,2026-06-18 04:39:20,completed,4
8220,826,363,4,18.05,72.2,debit_card,2026-05-16 20:32:52,completed,2
8221,205,282,2,238.69,477.38,debit_card,2026-03-12 00:59:35,completed,2
8222,362,295,2,243.35,486.7,upi,2026-01-25 22:51:09,completed,3
8223,883,225,2,101.98,203.96,credit_card,2026-01-23 18:09:47,completed,1
8224,19,315,3,226.06,678.18,credit_card,2026-05-08 14:56:42,completed,1
8225,946,200,3,78.83,236.49,wallet,2026-02-05 12:16:56,completed,4
8226,464,88,4,270.28,1081.12,upi,2026-02-22 22:16:27,completed,3
8227,320,168,2,329.78,659.56,cod,2026-06-28 22:04:33,refunded,0
8228,583,398,5,84.37,421.85,upi,2026-07-07 15:26:34,completed,3
8229,466,25,2,271.12,542.24,upi,2026-05-14 04:47:01,refunded,3
8230,51,176,4,133.98,535.92,debit_card,2026-07-08 03:56:12,completed,2
8231,672,337,4,105.37,421.48,debit_card,2026-04-12 09:25:53,completed,2
8232,629,394,1,490.93,490.93,cod,2026-03-15 19:26:50,completed,0
8233,770,276,2,88.48,176.96,wallet,2026-05-14 19:46:13,completed,4
8234,306,268,2,74.98,149.96,wallet,2026-05-13 14:59:03,completed,4
8235,777,269,2,473.75,947.5,upi,2026-04-15 14:54:32,completed,3
8236,516,156,2,440.27,880.54,credit_card,2026-06-29 11:22:47,completed,1
8237,704,79,1,466.54,466.54,cod,2026-04-18 06:22:14,cancelled,0
8238,870,421,4,368.46,1473.84,credit_card,2026-05-21 02:39:11,completed,1
8239,178,227,5,387.21,1936.05,upi,2026-06-05 09:51:33,completed,3
8240,178,433,2,185.81,371.62,upi,2026-03-13 05:34:14,pending,3
8241,53,17,4,46.95,187.8,upi,2026-02-05 11:49:33,cancelled,3
8242,595,50,2,283.83,567.66,cod,2026-04-05 11:15:02,completed,0
8243,262,138,4,209.92,839.68,debit_card,2026-07-05 18:42:21,completed,2
8244,418,157,5,21.37,106.85,upi,2026-06-19 11:27:59,completed,3
8245,179,312,2,284.51,569.02,cod,2026-06-24 05:09:19,completed,0
8246,798,499,5,279.81,1399.05,wallet,2026-01-29 15:30:19,completed,4
8247,344,411,1,210.52,210.52,cod,2026-02-26 16:36:16,completed,0
8248,923,104,2,17.9,35.8,wallet,2026-04-21 09:00:20,completed,4
8249,759,179,5,73.0,365.0,wallet,2026-06-02 21:00:17,completed,4
8250,140,164,2,403.52,807.04,upi,2026-07-10 19:09:20,completed,3
8251,131,41,3,395.21,1185.63,debit_card,2026-04-09 03:28:37,completed,2
8252,890,74,1,189.54,189.54,debit_card,2026-04-13 09:28:39,completed,2
8253,1000,318,4,220.51,882.04,cod,2026-03-29 11:08:48,completed,0
8254,665,398,5,84.37,421.85,credit_card,2026-04-08 18:45:31,pending,1
8255,14,88,1,270.28,270.28,credit_card,2026-02-01 00:41:07,refunded,1
8256,140,144,3,201.69,605.07,credit_card,2026-07-04 06:43:25,completed,1
8257,221,76,5,167.01,835.05,credit_card,2026-01-25 05:27:04,completed,1
8258,626,379,4,97.96,391.84,debit_card,2026-04-15 14:11:25,completed,2
8259,939,4,5,198.61,993.05,cod,2026-02-22 19:10:38,completed,0
8260,3,61,5,322.07,1610.35,wallet,2026-02-16 11:49:18,completed,4
8261,973,71,5,6.27,31.35,wallet,2026-07-12 08:16:02,completed,4
8262,262,141,3,90.58,271.74,credit_card,2026-07-04 05:40:58,pending,1
8263,935,369,3,158.28,474.84,credit_card,2026-02-16 16:43:27,completed,1
8264,896,51,1,315.9,315.9,cod,2026-04-05 04:48:11,completed,0
8265,495,28,2,152.37,304.74,credit_card,2026-02-19 13:08:36,completed,1
8266,563,161,5,29.58,147.9,credit_card,2026-06-17 22:11:39,pending,1
8267,595,144,2,201.69,403.38,debit_card,2026-07-05 05:17:35,completed,2
8268,33,396,3,354.78,1064.34,cod,2026-03-05 12:25:22,completed,0
8269,505,380,2,144.65,289.3,wallet,2026-02-17 18:53:51,completed,4
8270,756,114,4,353.75,1415.0,cod,2026-06-12 22:35:02,completed,0
8271,334,125,4,327.23,1308.92,upi,2026-06-09 08:17:32,pending,3
8272,375,454,3,458.97,1376.91,wallet,2026-07-08 17:21:51,refunded,4
8273,45,231,1,140.43,140.43,upi,2026-04-23 20:37:30,completed,3
8274,884,78,3,486.07,1458.21,wallet,2026-06-02 08:08:37,completed,4
8275,688,373,3,384.11,1152.33,credit_card,2026-01-31 14:29:42,pending,1
8276,538,459,4,423.84,1695.36,debit_card,2026-04-10 11:14:15,completed,2
8277,966,34,2,496.28,992.56,cod,2026-04-24 20:34:15,pending,0
8278,9,231,1,140.43,140.43,cod,2026-03-11 05:48:55,pending,0
8279,993,86,3,139.62,418.86,upi,2026-04-03 21:28:47,completed,3
8280,584,67,4,67.83,271.32,upi,2026-03-29 23:28:15,refunded,3
8281,567,362,5,87.62,438.1,credit_card,2026-05-10 14:19:23,completed,1
8282,177,33,3,476.44,1429.32,cod,2026-04-17 21:46:54,completed,0
8283,666,373,4,384.11,1536.44,debit_card,2026-01-30 00:51:18,completed,2
8284,281,295,4,243.35,973.4,credit_card,2026-05-31 19:40:14,completed,1
8285,1,178,3,434.41,1303.23,credit_card,2026-02-12 15:03:17,completed,1
8286,555,123,5,28.83,144.15,debit_card,2026-05-15 14:24:11,completed,2
8287,153,195,4,332.93,1331.72,wallet,2026-05-05 05:40:46,refunded,4
8288,791,135,2,196.83,393.66,wallet,2026-07-02 15:24:02,completed,4
8289,563,89,1,136.18,136.18,upi,2026-04-07 21:02:34,completed,3
8290,92,158,3,412.64,1237.92,debit_card,2026-03-22 22:07:49,completed,2
8291,377,225,4,101.98,407.92,upi,2026-07-07 09:36:30,completed,3
8292,267,430,4,103.06,412.24,credit_card,2026-06-17 09:10:19,completed,1
8293,614,345,4,122.38,489.52,debit_card,2026-04-05 21:48:59,completed,2
8294,604,463,1,444.36,444.36,upi,2026-03-05 22:51:47,completed,3
8295,29,390,5,200.93,1004.65,credit_card,2026-04-29 19:53:26,completed,1
8296,126,35,5,357.14,1785.7,credit_card,2026-01-28 17:30:20,completed,1
8297,617,281,4,205.54,822.16,upi,2026-03-08 10:29:09,completed,3
8298,218,312,3,284.51,853.53,cod,2026-02-09 14:19:09,completed,0
8299,788,222,4,61.44,245.76,upi,2026-02-19 22:29:51,completed,3
8300,212,131,3,122.59,367.77,debit_card,2026-03-01 16:04:36,refunded,2
8301,962,26,5,61.04,305.2,debit_card,2026-04-11 20:36:31,completed,2
8302,281,67,1,67.83,67.83,credit_card,2026-01-30 01:22:34,refunded,1
8303,349,153,5,365.76,1828.8,debit_card,2026-04-07 05:14:01,completed,2
8304,429,256,2,225.55,451.1,credit_card,2026-04-05 03:13:39,completed,1
8305,710,357,2,234.56,469.12,upi,2026-05-12 07:38:03,completed,3
8306,900,153,5,365.76,1828.8,debit_card,2026-03-13 17:45:18,completed,2
8307,806,233,2,357.38,714.76,upi,2026-02-06 17:11:30,completed,3
8308,623,3,2,57.44,114.88,wallet,2026-06-19 09:23:35,pending,4
8309,997,444,3,452.42,1357.26,cod,2026-04-17 23:22:55,completed,0
8310,528,327,4,230.11,920.44,upi,2026-02-08 13:57:01,pending,3
8311,974,293,1,259.7,259.7,cod,2026-04-21 11:56:59,completed,0
8312,294,90,3,111.44,334.32,wallet,2026-06-03 11:28:19,completed,4
8313,205,103,2,175.3,350.6,cod,2026-05-31 23:08:44,completed,0
8314,757,290,3,185.82,557.46,upi,2026-03-14 00:47:34,completed,3
8315,974,473,4,475.13,1900.52,credit_card,2026-06-19 00:04:44,completed,1
8316,185,444,3,452.42,1357.26,upi,2026-07-07 02:26:49,completed,3
8317,315,8,4,27.12,108.48,credit_card,2026-03-25 15:37:17,completed,1
8318,222,75,1,490.8,490.8,upi,2026-04-15 12:33:18,completed,3
8319,581,247,5,7.79,38.95,debit_card,2026-06-15 06:09:21,completed,2
8320,943,448,3,439.95,1319.85,cod,2026-03-27 01:01:12,completed,0
8321,701,364,1,81.86,81.86,credit_card,2026-07-03 06:53:39,completed,1
8322,582,28,3,152.37,457.11,wallet,2026-05-01 01:40:15,completed,4
8323,342,159,5,246.95,1234.75,wallet,2026-03-01 06:01:39,completed,4
8324,98,247,1,7.79,7.79,debit_card,2026-06-24 16:32:49,pending,2
8325,218,63,4,318.98,1275.92,upi,2026-02-03 03:17:06,completed,3
8326,536,73,1,116.14,116.14,debit_card,2026-05-05 20:00:08,completed,2
8327,261,408,4,412.7,1650.8,upi,2026-04-18 18:41:34,completed,3
8328,497,325,1,369.78,369.78,credit_card,2026-04-27 20:02:28,completed,1
8329,774,25,5,271.12,1355.6,upi,2026-05-03 20:59:32,completed,3
8330,20,497,2,243.34,486.68,credit_card,2026-02-03 14:43:24,completed,1
8331,319,142,5,214.57,1072.85,debit_card,2026-04-14 18:25:12,refunded,2
8332,677,483,1,84.86,84.86,upi,2026-03-12 10:43:49,completed,3
8333,742,63,2,318.98,637.96,wallet,2026-07-06 11:13:25,cancelled,4
8334,969,303,3,263.74,791.22,wallet,2026-04-16 07:24:50,pending,4
8335,387,162,3,138.2,414.6,cod,2026-02-19 07:32:30,completed,0
8336,554,36,5,318.04,1590.2,wallet,2026-04-13 21:00:30,completed,4
8337,47,63,4,318.98,1275.92,wallet,2026-02-18 08:51:12,completed,4
8338,5,375,5,85.82,429.1,debit_card,2026-05-22 23:43:23,completed,2
8339,205,418,5,111.34,556.7,credit_card,2026-03-10 08:06:21,completed,1
8340,102,372,5,269.87,1349.35,cod,2026-02-16 09:59:09,completed,0
8341,546,482,5,152.73,763.65,upi,2026-03-25 05:53:00,completed,3
8342,417,211,2,353.76,707.52,credit_card,2026-05-31 11:12:20,completed,1
8343,99,457,5,70.12,350.6,upi,2026-06-07 17:37:29,completed,3
8344,880,315,5,226.06,1130.3,credit_card,2026-06-10 17:11:29,completed,1
8345,5,172,4,344.73,1378.92,cod,2026-06-14 21:30:35,completed,0
8346,624,33,1,476.44,476.44,wallet,2026-03-13 00:56:23,completed,4
8347,632,223,5,415.79,2078.95,debit_card,2026-03-03 01:44:47,completed,2
8348,64,384,3,448.37,1345.11,wallet,2026-01-30 23:06:53,completed,4
8349,927,64,5,33.66,168.3,debit_card,2026-07-17 12:47:36,refunded,2
8350,332,173,3,423.48,1270.44,credit_card,2026-06-17 13:24:09,completed,1
8351,233,26,4,61.04,244.16,cod,2026-06-26 23:51:12,completed,0
8352,272,102,5,494.75,2473.75,credit_card,2026-05-12 06:05:23,completed,1
8353,931,220,4,107.39,429.56,wallet,2026-05-02 11:13:14,completed,4
8354,61,349,5,239.13,1195.65,cod,2026-02-09 14:56:09,pending,0
8355,684,64,1,33.66,33.66,debit_card,2026-03-30 21:20:21,completed,2
8356,692,180,5,431.89,2159.45,cod,2026-02-07 18:08:07,completed,0
8357,727,88,3,270.28,810.84,cod,2026-06-24 09:43:55,completed,0
8358,563,98,3,194.45,583.35,upi,2026-03-12 04:37:56,completed,3
8359,93,364,5,81.86,409.3,cod,2026-03-30 03:37:14,completed,0
8360,649,286,1,113.32,113.32,debit_card,2026-03-12 08:28:57,pending,2
8361,140,63,5,318.98,1594.9,wallet,2026-02-10 06:27:55,completed,4
8362,105,331,5,431.7,2158.5,credit_card,2026-04-04 02:12:12,refunded,1
8363,11,55,3,261.29,783.87,credit_card,2026-02-13 06:38:12,completed,1
8364,356,66,1,352.24,352.24,debit_card,2026-05-02 05:10:14,cancelled,2
8365,179,278,3,388.51,1165.53,wallet,2026-07-06 01:33:42,completed,4
8366,617,338,4,460.49,1841.96,credit_card,2026-02-20 08:53:17,completed,1
8367,190,82,1,26.73,26.73,wallet,2026-07-11 11:07:16,completed,4
8368,830,362,5,87.62,438.1,upi,2026-03-30 13:46:05,completed,3
8369,113,194,5,106.72,533.6,wallet,2026-05-21 12:36:23,completed,4
8370,883,19,1,73.24,73.24,debit_card,2026-05-08 01:37:52,completed,2
8371,505,424,3,465.47,1396.41,cod,2026-02-27 06:31:01,completed,0
8372,156,35,4,357.14,1428.56,cod,2026-04-28 12:12:18,completed,0
8373,739,475,1,385.73,385.73,wallet,2026-02-02 18:17:12,completed,4
8374,908,12,1,227.54,227.54,upi,2026-06-06 02:15:49,completed,3
8375,222,499,1,279.81,279.81,debit_card,2026-07-03 16:50:42,completed,2
8376,346,346,2,214.85,429.7,cod,2026-02-17 03:22:57,cancelled,0
8377,783,404,1,245.26,245.26,debit_card,2026-03-15 08:46:57,completed,2
8378,132,418,2,111.34,222.68,wallet,2026-07-18 03:58:02,completed,4
8379,511,394,2,490.93,981.86,debit_card,2026-06-01 13:25:42,completed,2
8380,76,207,5,490.88,2454.4,cod,2026-07-10 01:47:54,refunded,0
8381,304,52,3,448.81,1346.43,wallet,2026-04-25 08:01:56,completed,4
8382,915,296,5,125.62,628.1,upi,2026-07-17 07:10:14,completed,3
8383,447,333,3,270.15,810.45,wallet,2026-07-07 13:48:35,completed,4
8384,873,177,5,292.25,1461.25,upi,2026-04-18 19:03:19,completed,3
8385,256,367,3,467.75,1403.25,credit_card,2026-06-13 10:30:53,completed,1
8386,73,90,1,111.44,111.44,credit_card,2026-04-16 05:10:15,completed,1
8387,402,466,3,200.83,602.49,upi,2026-05-04 07:30:19,completed,3
8388,407,279,3,421.69,1265.07,wallet,2026-07-16 12:02:59,completed,4
8389,109,491,1,120.2,120.2,debit_card,2026-06-04 18:14:25,completed,2
8390,576,126,4,150.98,603.92,cod,2026-05-21 17:02:08,completed,0
8391,938,225,5,101.98,509.9,credit_card,2026-06-07 06:55:11,completed,1
8392,937,395,1,346.18,346.18,upi,2026-06-23 02:00:29,completed,3
8393,690,99,2,143.53,287.06,wallet,2026-05-11 18:44:28,completed,4
8394,765,452,3,70.23,210.69,wallet,2026-04-08 02:17:15,completed,4
8395,230,168,5,329.78,1648.9,credit_card,2026-07-07 23:22:59,completed,1
8396,883,339,1,424.77,424.77,upi,2026-04-28 21:44:11,completed,3
8397,964,220,2,107.39,214.78,debit_card,2026-05-08 16:12:14,cancelled,2
8398,813,484,2,183.29,366.58,credit_card,2026-02-25 19:22:45,completed,1
8399,229,87,5,81.93,409.65,upi,2026-04-27 16:30:33,pending,3
8400,128,261,4,398.14,1592.56,wallet,2026-07-19 13:51:08,completed,4
8401,419,377,5,405.36,2026.8,debit_card,2026-03-10 02:21:08,completed,2
8402,239,61,2,322.07,644.14,debit_card,2026-04-10 07:04:15,completed,2
8403,371,456,4,155.16,620.64,wallet,2026-07-05 15:04:56,completed,4
8404,949,431,4,498.55,1994.2,debit_card,2026-05-22 00:44:07,completed,2
8405,432,6,5,159.39,796.95,cod,2026-06-05 19:17:25,completed,0
8406,742,221,4,422.94,1691.76,debit_card,2026-04-13 02:49:39,completed,2
8407,553,136,1,27.09,27.09,debit_card,2026-07-04 13:58:10,completed,2
8408,671,213,1,176.15,176.15,debit_card,2026-03-08 13:48:21,completed,2
8409,773,332,1,340.07,340.07,debit_card,2026-04-23 22:15:11,completed,2
8410,860,456,2,155.16,310.32,wallet,2026-02-10 03:24:05,completed,4
8411,274,310,4,190.64,762.56,wallet,2026-07-07 06:51:28,completed,4
8412,619,335,5,240.89,1204.45,cod,2026-06-12 05:49:20,completed,0
8413,31,459,1,423.84,423.84,cod,2026-05-04 13:00:36,completed,0
8414,913,211,4,353.76,1415.04,debit_card,2026-04-18 22:09:16,cancelled,2
8415,755,153,2,365.76,731.52,wallet,2026-03-06 21:38:57,completed,4
8416,513,121,4,411.72,1646.88,debit_card,2026-03-16 06:12:24,cancelled,2
8417,264,8,2,27.12,54.24,credit_card,2026-05-15 10:07:11,completed,1
8418,367,441,4,31.28,125.12,wallet,2026-04-04 05:57:14,refunded,4
8419,471,469,5,49.77,248.85,upi,2026-04-06 08:53:56,completed,3
8420,949,443,3,434.37,1303.11,wallet,2026-05-27 21:58:25,refunded,4
8421,656,355,4,326.68,1306.72,cod,2026-02-25 01:20:54,completed,0
8422,367,370,1,157.39,157.39,cod,2026-06-08 21:55:33,completed,0
8423,405,378,1,59.63,59.63,cod,2026-06-15 07:25:51,completed,0
8424,231,137,2,35.51,71.02,debit_card,2026-04-22 00:49:23,refunded,2
8425,195,49,1,441.09,441.09,cod,2026-01-27 20:38:07,completed,0
8426,295,410,3,195.74,587.22,credit_card,2026-02-24 09:44:48,completed,1
8427,479,382,4,498.99,1995.96,credit_card,2026-05-16 00:17:47,completed,1
8428,289,443,2,434.37,868.74,wallet,2026-02-01 03:18:54,completed,4
8429,796,469,4,49.77,199.08,debit_card,2026-06-17 11:06:43,completed,2
8430,564,465,5,228.55,1142.75,debit_card,2026-06-04 12:51:20,completed,2
8431,453,344,5,54.87,274.35,wallet,2026-05-08 04:26:50,cancelled,4
8432,868,240,1,55.73,55.73,upi,2026-02-11 14:40:37,pending,3
8433,7,95,3,133.12,399.36,upi,2026-03-06 04:50:22,completed,3
8434,41,216,1,255.93,255.93,credit_card,2026-02-21 21:32:52,completed,1
8435,567,480,4,311.78,1247.12,cod,2026-04-04 13:02:15,completed,0
8436,516,23,2,210.74,421.48,upi,2026-04-14 05:56:47,refunded,3
8437,677,364,1,81.86,81.86,cod,2026-04-06 09:53:56,completed,0
8438,818,178,2,434.41,868.82,wallet,2026-04-20 21:53:03,completed,4
8439,305,132,5,183.61,918.05,debit_card,2026-06-15 17:53:35,cancelled,2
8440,920,468,1,214.12,214.12,cod,2026-05-23 17:42:39,completed,0
8441,20,67,5,67.83,339.15,wallet,2026-04-15 13:09:36,completed,4
8442,968,57,5,493.51,2467.55,credit_card,2026-05-21 06:46:21,completed,1
8443,228,420,4,120.33,481.32,upi,2026-07-12 05:50:03,completed,3
8444,359,459,5,423.84,2119.2,debit_card,2026-02-17 05:32:27,completed,2
8445,188,319,3,23.69,71.07,upi,2026-03-27 10:48:03,completed,3
8446,583,184,2,269.22,538.44,debit_card,2026-05-20 00:15:02,completed,2
8447,259,74,2,189.54,379.08,credit_card,2026-06-10 00:03:16,completed,1
8448,830,83,4,487.4,1949.6,credit_card,2026-06-30 19:53:01,completed,1
8449,850,26,3,61.04,183.12,credit_card,2026-02-23 21:09:35,completed,1
8450,466,7,1,53.32,53.32,upi,2026-06-30 04:32:09,completed,3
8451,7,266,3,113.83,341.49,cod,2026-06-26 18:28:23,completed,0
8452,949,280,2,365.08,730.16,credit_card,2026-05-23 14:42:57,cancelled,1
8453,860,395,3,346.18,1038.54,cod,2026-02-22 09:05:40,completed,0
8454,779,146,3,285.46,856.38,credit_card,2026-04-23 13:21:20,completed,1
8455,178,119,3,162.52,487.56,credit_card,2026-03-12 11:57:36,refunded,1
8456,132,170,4,362.04,1448.16,cod,2026-05-02 22:13:45,completed,0
8457,30,244,4,275.57,1102.28,credit_card,2026-07-10 14:53:29,completed,1
8458,316,46,5,5.54,27.7,cod,2026-02-21 03:57:05,completed,0
8459,590,424,1,465.47,465.47,debit_card,2026-02-15 10:40:12,completed,2
8460,882,117,3,192.3,576.9,credit_card,2026-01-25 07:53:14,completed,1
8461,230,96,2,405.6,811.2,debit_card,2026-07-07 01:51:09,completed,2
8462,304,319,5,23.69,118.45,cod,2026-05-06 05:56:10,completed,0
8463,157,244,3,275.57,826.71,debit_card,2026-01-23 11:20:42,completed,2
8464,660,347,2,228.11,456.22,upi,2026-05-04 17:33:59,completed,3
8465,906,223,4,415.79,1663.16,wallet,2026-06-22 23:01:53,completed,4
8466,209,367,4,467.75,1871.0,wallet,2026-02-11 07:10:06,completed,4
8467,459,122,3,108.79,326.37,wallet,2026-05-12 04:19:23,completed,4
8468,833,442,5,333.18,1665.9,debit_card,2026-02-13 10:27:12,refunded,2
8469,862,443,4,434.37,1737.48,credit_card,2026-04-06 17:29:59,completed,1
8470,342,474,3,284.92,854.76,wallet,2026-03-28 13:35:47,cancelled,4
8471,243,470,5,165.11,825.55,debit_card,2026-04-04 02:27:44,completed,2
8472,994,357,3,234.56,703.68,cod,2026-07-04 23:25:43,completed,0
8473,41,131,1,122.59,122.59,upi,2026-07-16 00:29:43,completed,3
8474,605,142,1,214.57,214.57,cod,2026-03-26 06:30:37,completed,0
8475,929,487,5,264.7,1323.5,wallet,2026-03-27 22:51:56,completed,4
8476,875,137,3,35.51,106.53,debit_card,2026-05-08 03:07:17,refunded,2
8477,774,479,2,223.73,447.46,debit_card,2026-02-11 17:06:41,completed,2
8478,226,93,3,55.44,166.32,upi,2026-04-12 06:32:09,completed,3
8479,16,344,1,54.87,54.87,upi,2026-02-23 06:17:05,pending,3
8480,158,472,3,354.58,1063.74,debit_card,2026-02-08 01:48:58,completed,2
8481,48,361,2,96.02,192.04,debit_card,2026-02-27 17:40:52,completed,2
8482,678,344,1,54.87,54.87,wallet,2026-03-15 12:13:19,completed,4
8483,532,429,3,202.27,606.81,credit_card,2026-06-23 13:43:02,completed,1
8484,406,110,4,91.9,367.6,cod,2026-03-06 09:53:08,pending,0
8485,14,90,1,111.44,111.44,debit_card,2026-05-20 10:01:53,completed,2
8486,861,280,4,365.08,1460.32,cod,2026-04-10 13:03:34,cancelled,0
8487,870,256,3,225.55,676.65,credit_card,2026-04-05 14:57:51,refunded,1
8488,576,47,3,9.6,28.8,wallet,2026-05-01 23:12:48,completed,4
8489,844,62,4,44.12,176.48,debit_card,2026-05-26 09:00:45,completed,2
8490,999,208,5,402.12,2010.6,wallet,2026-07-02 13:43:52,completed,4
8491,15,117,5,192.3,961.5,credit_card,2026-03-13 18:55:24,pending,1
8492,421,371,4,264.04,1056.16,upi,2026-03-21 00:36:48,completed,3
8493,670,477,5,383.87,1919.35,wallet,2026-04-22 07:47:04,pending,4
8494,511,144,2,201.69,403.38,cod,2026-04-22 07:50:51,completed,0
8495,618,477,3,383.87,1151.61,upi,2026-04-19 14:45:21,completed,3
8496,864,14,1,186.07,186.07,cod,2026-04-02 21:36:17,completed,0
8497,913,200,2,78.83,157.66,wallet,2026-02-27 03:03:51,completed,4
8498,366,380,1,144.65,144.65,credit_card,2026-02-14 19:28:22,completed,1
8499,369,372,1,269.87,269.87,debit_card,2026-07-07 13:13:31,completed,2
8500,453,296,4,125.62,502.48,credit_card,2026-06-06 10:49:21,pending,1
8501,10,436,1,371.09,371.09,wallet,2026-03-04 10:22:33,completed,4
8502,333,125,3,327.23,981.69,debit_card,2026-04-28 14:56:14,completed,2
8503,56,112,2,359.88,719.76,wallet,2026-06-26 01:17:57,completed,4
8504,962,139,4,212.22,848.88,upi,2026-05-18 06:39:17,pending,3
8505,177,26,4,61.04,244.16,debit_card,2026-01-24 01:22:03,completed,2
8506,876,410,2,195.74,391.48,wallet,2026-05-22 18:15:01,completed,4
8507,501,269,3,473.75,1421.25,debit_card,2026-02-17 00:01:22,pending,2
8508,81,41,3,395.21,1185.63,cod,2026-03-09 06:38:57,completed,0
8509,854,373,3,384.11,1152.33,upi,2026-03-05 10:40:15,completed,3
8510,255,321,3,426.03,1278.09,cod,2026-04-01 10:02:28,completed,0
8511,524,386,1,368.98,368.98,cod,2026-05-10 12:13:37,completed,0
8512,604,142,2,214.57,429.14,debit_card,2026-02-17 08:15:34,completed,2
8513,218,8,5,27.12,135.6,debit_card,2026-04-26 20:19:08,completed,2
8514,845,407,5,401.5,2007.5,debit_card,2026-02-20 05:26:32,completed,2
8515,803,370,5,157.39,786.95,wallet,2026-05-29 23:18:17,completed,4
8516,345,245,5,491.81,2459.05,cod,2026-03-19 19:13:03,completed,0
8517,781,343,5,232.73,1163.65,upi,2026-01-30 08:06:31,completed,3
8518,726,392,3,172.52,517.56,upi,2026-05-11 15:07:01,completed,3
8519,476,290,1,185.82,185.82,debit_card,2026-06-26 08:05:14,completed,2
8520,269,248,2,300.46,600.92,debit_card,2026-05-17 00:39:02,completed,2
8521,408,62,2,44.12,88.24,wallet,2026-07-02 14:27:14,completed,4
8522,470,44,2,51.2,102.4,wallet,2026-07-15 13:15:38,completed,4
8523,820,460,3,239.55,718.65,cod,2026-05-03 14:30:37,completed,0
8524,140,150,3,346.8,1040.4,upi,2026-03-20 08:43:58,completed,3
8525,75,198,3,151.2,453.6,credit_card,2026-06-15 17:43:13,completed,1
8526,77,241,5,122.61,613.05,cod,2026-04-18 10:34:02,completed,0
8527,593,304,2,92.82,185.64,cod,2026-07-15 18:55:01,completed,0
8528,422,123,2,28.83,57.66,debit_card,2026-03-01 03:38:56,completed,2
8529,595,405,2,313.87,627.74,upi,2026-04-28 01:01:36,refunded,3
8530,22,235,3,348.68,1046.04,cod,2026-04-30 08:38:51,pending,0
8531,698,318,1,220.51,220.51,wallet,2026-05-08 07:05:00,completed,4
8532,903,229,1,347.45,347.45,credit_card,2026-02-01 04:27:33,completed,1
8533,803,380,2,144.65,289.3,credit_card,2026-03-29 11:28:45,completed,1
8534,407,133,3,17.74,53.22,cod,2026-04-20 12:34:09,completed,0
8535,69,161,1,29.58,29.58,wallet,2026-02-04 14:28:31,completed,4
8536,343,182,1,290.26,290.26,debit_card,2026-02-17 11:41:08,completed,2
8537,133,281,4,205.54,822.16,cod,2026-04-21 13:51:38,completed,0
8538,751,447,3,180.91,542.73,wallet,2026-04-05 09:25:51,completed,4
8539,5,133,5,17.74,88.7,wallet,2026-06-26 01:20:14,completed,4
8540,936,375,3,85.82,257.46,upi,2026-05-05 23:02:40,completed,3
8541,440,498,2,464.26,928.52,cod,2026-04-17 23:31:29,completed,0
8542,946,32,1,300.44,300.44,wallet,2026-01-21 04:03:33,pending,4
8543,160,30,1,431.22,431.22,upi,2026-04-12 18:10:47,pending,3
8544,443,261,1,398.14,398.14,upi,2026-06-17 14:33:34,completed,3
8545,514,225,2,101.98,203.96,debit_card,2026-06-10 21:40:14,completed,2
8546,613,330,5,283.77,1418.85,wallet,2026-05-25 13:21:01,completed,4
8547,435,471,5,128.79,643.95,upi,2026-01-23 16:16:49,completed,3
8548,710,199,3,121.08,363.24,upi,2026-06-16 07:35:45,pending,3
8549,965,448,3,439.95,1319.85,cod,2026-04-16 20:31:02,completed,0
8550,609,167,5,243.46,1217.3,credit_card,2026-06-02 20:56:50,completed,1
8551,164,389,5,318.29,1591.45,upi,2026-03-25 19:33:15,completed,3
8552,99,94,1,69.7,69.7,wallet,2026-03-03 08:29:29,completed,4
8553,336,462,1,92.65,92.65,cod,2026-06-25 18:01:44,pending,0
8554,726,322,3,393.06,1179.18,credit_card,2026-06-19 15:12:18,completed,1
8555,155,139,2,212.22,424.44,debit_card,2026-07-15 16:05:06,completed,2
8556,607,345,3,122.38,367.14,cod,2026-05-21 10:48:18,completed,0
8557,511,74,1,189.54,189.54,credit_card,2026-06-14 04:33:56,refunded,1
8558,991,32,3,300.44,901.32,wallet,2026-06-01 16:56:33,completed,4
8559,922,170,3,362.04,1086.12,wallet,2026-02-05 10:31:26,completed,4
8560,695,220,2,107.39,214.78,cod,2026-05-09 19:02:27,pending,0
8561,853,279,4,421.69,1686.76,debit_card,2026-06-20 05:16:51,completed,2
8562,19,217,2,232.25,464.5,cod,2026-05-13 06:44:44,completed,0
8563,177,112,1,359.88,359.88,wallet,2026-03-15 07:57:36,completed,4
8564,43,400,3,311.77,935.31,wallet,2026-03-27 23:20:57,completed,4
8565,564,184,2,269.22,538.44,debit_card,2026-06-23 16:23:03,completed,2
8566,40,174,2,238.04,476.08,wallet,2026-07-08 03:30:03,completed,4
8567,217,448,1,439.95,439.95,upi,2026-02-07 13:09:06,completed,3
8568,536,411,5,210.52,1052.6,wallet,2026-06-12 08:20:40,refunded,4
8569,551,440,5,26.52,132.6,wallet,2026-05-01 05:32:00,pending,4
8570,86,339,1,424.77,424.77,wallet,2026-05-09 15:38:33,pending,4
8571,300,49,5,441.09,2205.45,credit_card,2026-02-08 02:22:52,completed,1
8572,708,32,1,300.44,300.44,credit_card,2026-06-02 12:32:01,completed,1
8573,788,308,3,130.99,392.97,upi,2026-05-19 04:52:14,completed,3
8574,908,188,4,264.44,1057.76,debit_card,2026-05-26 20:24:06,completed,2
8575,274,279,1,421.69,421.69,debit_card,2026-03-13 11:26:44,completed,2
8576,933,432,5,165.09,825.45,credit_card,2026-06-29 05:15:13,completed,1
8577,688,219,2,22.74,45.48,cod,2026-04-03 09:21:23,refunded,0
8578,303,404,1,245.26,245.26,credit_card,2026-07-14 08:26:46,completed,1
8579,445,387,2,468.43,936.86,debit_card,2026-02-05 11:09:29,completed,2
8580,417,239,1,346.84,346.84,wallet,2026-02-12 16:30:12,completed,4
8581,102,54,2,302.49,604.98,credit_card,2026-03-04 08:45:10,pending,1
8582,974,371,1,264.04,264.04,debit_card,2026-02-28 17:49:46,completed,2
8583,832,226,1,359.81,359.81,cod,2026-06-21 18:08:19,completed,0
8584,75,233,5,357.38,1786.9,wallet,2026-05-03 20:29:29,completed,4
8585,231,54,2,302.49,604.98,upi,2026-04-01 12:02:56,completed,3
8586,275,460,1,239.55,239.55,cod,2026-06-15 07:04:55,completed,0
8587,682,267,4,340.26,1361.04,cod,2026-06-05 18:33:20,completed,0
8588,657,288,2,441.37,882.74,debit_card,2026-04-04 02:04:24,refunded,2
8589,130,194,1,106.72,106.72,wallet,2026-05-02 16:01:42,completed,4
8590,484,166,4,8.64,34.56,upi,2026-03-16 22:56:35,pending,3
8591,93,110,3,91.9,275.7,cod,2026-07-18 14:32:01,completed,0
8592,691,94,5,69.7,348.5,debit_card,2026-04-20 11:25:33,completed,2
8593,511,96,1,405.6,405.6,credit_card,2026-01-29 08:56:23,completed,1
8594,392,273,1,476.01,476.01,cod,2026-06-06 16:25:04,completed,0
8595,901,260,4,232.32,929.28,debit_card,2026-04-09 03:36:29,completed,2
8596,970,288,4,441.37,1765.48,cod,2026-05-13 11:59:40,refunded,0
8597,157,357,1,234.56,234.56,debit_card,2026-05-12 08:58:53,refunded,2
8598,527,279,5,421.69,2108.45,debit_card,2026-02-09 03:37:30,refunded,2
8599,924,384,1,448.37,448.37,credit_card,2026-05-23 04:50:58,completed,1
8600,824,182,1,290.26,290.26,credit_card,2026-02-23 03:34:32,pending,1
8601,864,206,2,400.95,801.9,wallet,2026-07-04 15:12:04,completed,4
8602,401,185,1,13.87,13.87,credit_card,2026-03-05 07:07:59,completed,1
8603,574,43,3,495.96,1487.88,wallet,2026-03-29 08:25:36,completed,4
8604,66,87,5,81.93,409.65,debit_card,2026-05-10 10:31:43,completed,2
8605,120,307,5,395.83,1979.15,upi,2026-02-01 11:59:27,completed,3
8606,682,97,3,30.07,90.21,wallet,2026-06-05 22:45:49,completed,4
8607,281,250,5,38.75,193.75,credit_card,2026-05-17 05:30:43,refunded,1
8608,695,453,4,345.82,1383.28,upi,2026-04-11 01:32:26,completed,3
8609,161,57,2,493.51,987.02,wallet,2026-04-22 18:47:47,completed,4
8610,263,98,3,194.45,583.35,credit_card,2026-07-03 00:38:52,completed,1
8611,895,180,4,431.89,1727.56,wallet,2026-01-24 08:13:11,completed,4
8612,115,333,4,270.15,1080.6,upi,2026-02-12 06:56:49,completed,3
8613,392,438,4,108.46,433.84,wallet,2026-06-18 22:33:18,completed,4
8614,497,418,5,111.34,556.7,upi,2026-03-25 06:07:54,cancelled,3
8615,164,126,2,150.98,301.96,debit_card,2026-03-29 04:02:11,completed,2
8616,102,109,5,283.99,1419.95,debit_card,2026-03-09 01:09:37,completed,2
8617,910,137,1,35.51,35.51,upi,2026-04-01 12:50:35,completed,3
8618,652,244,1,275.57,275.57,wallet,2026-04-24 21:09:14,completed,4
8619,335,429,1,202.27,202.27,wallet,2026-07-06 07:16:10,refunded,4
8620,565,414,2,277.29,554.58,upi,2026-04-03 16:59:57,completed,3
8621,34,421,5,368.46,1842.3,cod,2026-06-20 04:50:50,completed,0
8622,16,466,4,200.83,803.32,upi,2026-06-07 20:18:41,completed,3
8623,47,437,1,348.43,348.43,cod,2026-04-27 23:11:17,completed,0
8624,837,305,2,377.43,754.86,wallet,2026-01-25 21:00:57,completed,4
8625,887,306,2,213.24,426.48,debit_card,2026-05-06 12:40:02,completed,2
8626,698,24,5,20.28,101.4,credit_card,2026-06-18 23:00:13,refunded,1
8627,909,353,2,183.68,367.36,credit_card,2026-01-25 19:14:35,completed,1
8628,715,92,3,476.29,1428.87,debit_card,2026-03-14 21:02:27,completed,2
8629,513,434,2,493.89,987.78,credit_card,2026-03-13 21:44:05,completed,1
8630,56,437,3,348.43,1045.29,upi,2026-07-02 13:34:25,pending,3
8631,529,264,5,464.38,2321.9,debit_card,2026-04-20 03:54:17,completed,2
8632,678,436,3,371.09,1113.27,cod,2026-05-15 04:26:06,completed,0
8633,792,448,3,439.95,1319.85,wallet,2026-05-10 04:40:31,completed,4
8634,197,52,1,448.81,448.81,credit_card,2026-05-30 21:12:09,completed,1
8635,540,94,2,69.7,139.4,debit_card,2026-04-27 16:44:57,completed,2
8636,474,341,4,376.33,1505.32,debit_card,2026-04-18 12:30:42,completed,2
8637,362,193,4,211.3,845.2,debit_card,2026-06-10 14:52:33,completed,2
8638,669,319,5,23.69,118.45,wallet,2026-02-05 12:20:10,completed,4
8639,965,476,5,315.09,1575.45,wallet,2026-02-02 19:02:37,completed,4
8640,272,207,1,490.88,490.88,debit_card,2026-05-03 16:09:02,completed,2
8641,654,126,2,150.98,301.96,debit_card,2026-04-09 11:42:00,completed,2
8642,531,482,2,152.73,305.46,debit_card,2026-03-30 08:38:07,completed,2
8643,391,291,3,260.6,781.8,upi,2026-02-02 04:12:11,completed,3
8644,823,329,3,402.46,1207.38,cod,2026-07-10 23:34:11,completed,0
8645,66,374,4,189.95,759.8,wallet,2026-03-17 12:57:22,completed,4
8646,241,105,1,267.07,267.07,credit_card,2026-02-11 00:52:11,completed,1
8647,905,435,1,462.49,462.49,wallet,2026-07-04 15:17:51,completed,4
8648,340,468,3,214.12,642.36,cod,2026-04-18 12:58:52,completed,0
8649,825,5,4,243.97,975.88,cod,2026-03-12 02:49:18,completed,0
8650,503,484,5,183.29,916.45,upi,2026-06-29 10:14:19,completed,3
8651,574,211,2,353.76,707.52,cod,2026-01-23 14:51:40,completed,0
8652,299,18,4,95.61,382.44,credit_card,2026-03-16 02:52:53,pending,1
8653,884,395,5,346.18,1730.9,credit_card,2026-02-08 17:04:52,completed,1
8654,463,36,5,318.04,1590.2,upi,2026-04-13 17:45:23,pending,3
8655,931,383,4,32.74,130.96,upi,2026-05-05 23:43:48,pending,3
8656,547,447,4,180.91,723.64,upi,2026-04-28 07:28:13,pending,3
8657,755,262,1,197.08,197.08,upi,2026-05-01 08:33:40,completed,3
8658,834,430,2,103.06,206.12,credit_card,2026-07-08 17:06:49,completed,1
8659,290,83,1,487.4,487.4,cod,2026-04-26 21:17:47,completed,0
8660,512,319,2,23.69,47.38,debit_card,2026-02-20 22:50:53,completed,2
8661,634,135,2,196.83,393.66,wallet,2026-05-21 07:16:21,completed,4
8662,773,114,5,353.75,1768.75,debit_card,2026-05-09 12:43:30,completed,2
8663,396,257,4,474.36,1897.44,upi,2026-03-02 08:26:17,completed,3
8664,736,458,1,119.3,119.3,cod,2026-03-01 06:06:30,completed,0
8665,42,274,3,39.56,118.68,debit_card,2026-06-19 23:33:41,completed,2
8666,756,45,1,201.19,201.19,upi,2026-04-11 18:04:56,completed,3
8667,136,273,2,476.01,952.02,upi,2026-04-09 13:44:49,pending,3
8668,461,229,5,347.45,1737.25,debit_card,2026-04-02 11:50:17,completed,2
8669,550,251,2,114.49,228.98,credit_card,2026-03-04 00:28:41,pending,1
8670,684,178,3,434.41,1303.23,debit_card,2026-07-11 09:44:13,completed,2
8671,911,64,1,33.66,33.66,cod,2026-05-01 11:45:01,completed,0
8672,68,382,2,498.99,997.98,wallet,2026-01-22 04:46:09,completed,4
8673,763,100,3,208.94,626.82,cod,2026-03-30 23:07:34,completed,0
8674,312,92,3,476.29,1428.87,credit_card,2026-04-27 00:10:27,refunded,1
8675,57,78,2,486.07,972.14,debit_card,2026-04-07 06:20:59,completed,2
8676,765,54,5,302.49,1512.45,wallet,2026-07-13 03:04:42,completed,4
8677,980,272,4,148.87,595.48,cod,2026-05-14 00:32:48,completed,0
8678,576,81,4,491.64,1966.56,wallet,2026-02-05 20:14:10,completed,4
8679,996,470,3,165.11,495.33,credit_card,2026-05-19 12:24:46,completed,1
8680,257,338,4,460.49,1841.96,wallet,2026-05-16 07:47:35,completed,4
8681,625,216,3,255.93,767.79,debit_card,2026-05-02 14:23:27,cancelled,2
8682,917,403,3,26.67,80.01,cod,2026-03-13 19:18:59,completed,0
8683,971,250,2,38.75,77.5,credit_card,2026-06-16 06:07:04,completed,1
8684,319,397,3,97.38,292.14,cod,2026-06-04 02:50:59,completed,0
8685,771,349,1,239.13,239.13,credit_card,2026-05-21 09:49:53,completed,1
8686,469,489,3,424.66,1273.98,debit_card,2026-04-02 06:16:55,completed,2
8687,831,278,3,388.51,1165.53,credit_card,2026-06-03 00:18:21,completed,1
8688,480,436,5,371.09,1855.45,cod,2026-01-20 21:02:04,cancelled,0
8689,368,233,4,357.38,1429.52,credit_card,2026-07-11 03:27:54,completed,1
8690,196,339,5,424.77,2123.85,debit_card,2026-04-11 15:10:25,pending,2
8691,337,420,3,120.33,360.99,credit_card,2026-03-03 16:04:17,completed,1
8692,23,407,3,401.5,1204.5,cod,2026-04-27 14:16:42,completed,0
8693,798,173,3,423.48,1270.44,credit_card,2026-05-30 02:25:50,pending,1
8694,676,272,5,148.87,744.35,credit_card,2026-03-08 00:38:16,completed,1
8695,940,86,1,139.62,139.62,wallet,2026-02-19 15:09:35,refunded,4
8696,377,499,2,279.81,559.62,upi,2026-07-08 01:30:46,completed,3
8697,706,43,2,495.96,991.92,debit_card,2026-06-28 12:33:09,cancelled,2
8698,827,202,4,54.41,217.64,credit_card,2026-04-12 14:02:39,completed,1
8699,512,129,3,445.43,1336.29,upi,2026-04-09 13:24:53,completed,3
8700,168,462,3,92.65,277.95,upi,2026-06-18 19:16:02,cancelled,3
8701,784,207,4,490.88,1963.52,credit_card,2026-04-02 05:29:41,completed,1
8702,994,312,4,284.51,1138.04,upi,2026-05-21 18:43:29,completed,3
8703,851,160,4,419.64,1678.56,debit_card,2026-03-30 06:32:41,completed,2
8704,29,476,2,315.09,630.18,cod,2026-04-17 14:31:02,completed,0
8705,237,136,1,27.09,27.09,upi,2026-01-22 08:15:12,completed,3
8706,534,300,3,416.03,1248.09,credit_card,2026-04-16 15:29:33,completed,1
8707,75,389,5,318.29,1591.45,debit_card,2026-02-23 19:35:02,pending,2
8708,433,41,2,395.21,790.42,debit_card,2026-05-29 06:06:43,completed,2
8709,730,284,3,253.57,760.71,cod,2026-01-31 22:49:54,completed,0
8710,71,490,5,283.5,1417.5,debit_card,2026-05-03 10:08:20,completed,2
8711,412,103,1,175.3,175.3,upi,2026-03-09 13:23:44,completed,3
8712,247,251,5,114.49,572.45,wallet,2026-06-23 11:35:53,completed,4
8713,224,207,3,490.88,1472.64,debit_card,2026-03-17 12:44:18,completed,2
8714,705,301,1,135.94,135.94,upi,2026-02-20 06:41:07,refunded,3
8715,421,64,1,33.66,33.66,debit_card,2026-05-19 08:05:10,completed,2
8716,863,316,1,203.28,203.28,upi,2026-03-18 07:50:45,completed,3
8717,637,145,4,295.85,1183.4,wallet,2026-02-10 21:00:52,completed,4
8718,339,167,2,243.46,486.92,debit_card,2026-02-16 09:05:30,completed,2
8719,641,26,2,61.04,122.08,upi,2026-05-20 19:09:32,completed,3
8720,349,422,2,410.66,821.32,cod,2026-01-22 02:18:43,completed,0
8721,733,46,3,5.54,16.62,cod,2026-06-02 15:37:41,completed,0
8722,519,432,1,165.09,165.09,upi,2026-02-26 14:16:51,cancelled,3
8723,182,429,2,202.27,404.54,debit_card,2026-04-06 13:35:49,completed,2
8724,16,49,3,441.09,1323.27,debit_card,2026-06-07 21:55:48,completed,2
8725,510,155,4,396.79,1587.16,upi,2026-05-19 08:21:58,completed,3
8726,48,484,3,183.29,549.87,upi,2026-06-14 18:56:09,completed,3
8727,184,158,1,412.64,412.64,debit_card,2026-04-01 21:25:08,cancelled,2
8728,247,341,2,376.33,752.66,credit_card,2026-01-28 16:11:47,completed,1
8729,768,9,3,465.31,1395.93,credit_card,2026-04-07 05:00:17,completed,1
8730,439,411,4,210.52,842.08,upi,2026-05-13 19:09:15,completed,3
8731,758,181,2,160.14,320.28,debit_card,2026-02-07 18:29:14,cancelled,2
8732,754,52,5,448.81,2244.05,wallet,2026-07-16 12:56:09,pending,4
8733,776,124,4,441.48,1765.92,debit_card,2026-03-03 16:03:05,completed,2
8734,64,418,2,111.34,222.68,upi,2026-02-17 14:23:20,completed,3
8735,145,126,5,150.98,754.9,cod,2026-05-10 09:51:05,completed,0
8736,457,1,1,23.2,23.2,debit_card,2026-05-27 01:23:55,pending,2
8737,197,205,4,95.52,382.08,wallet,2026-05-04 22:43:41,pending,4
8738,462,396,2,354.78,709.56,cod,2026-03-31 16:06:17,completed,0
8739,899,134,3,157.63,472.89,debit_card,2026-04-07 09:18:39,completed,2
8740,884,169,5,383.91,1919.55,debit_card,2026-05-31 10:46:47,completed,2
8741,257,115,1,164.69,164.69,wallet,2026-04-10 11:49:52,completed,4
8742,457,110,1,91.9,91.9,debit_card,2026-03-29 12:08:25,completed,2
8743,119,201,5,323.95,1619.75,cod,2026-07-01 07:32:10,completed,0
8744,986,189,2,376.31,752.62,credit_card,2026-04-03 21:27:10,pending,1
8745,484,155,4,396.79,1587.16,debit_card,2026-05-18 03:50:53,pending,2
8746,227,214,1,32.01,32.01,wallet,2026-05-24 14:16:39,pending,4
8747,658,33,5,476.44,2382.2,cod,2026-04-15 01:06:37,completed,0
8748,937,132,4,183.61,734.44,upi,2026-03-11 14:08:53,completed,3
8749,44,226,5,359.81,1799.05,upi,2026-07-14 23:13:07,completed,3
8750,519,232,3,209.31,627.93,wallet,2026-03-26 06:07:41,completed,4
8751,143,240,1,55.73,55.73,wallet,2026-01-20 22:49:28,completed,4
8752,656,226,5,359.81,1799.05,upi,2026-03-02 09:57:26,refunded,3
8753,671,62,5,44.12,220.6,wallet,2026-06-23 21:25:07,completed,4
8754,778,184,4,269.22,1076.88,cod,2026-06-19 18:12:39,completed,0
8755,538,93,2,55.44,110.88,credit_card,2026-06-28 02:45:30,completed,1
8756,699,425,2,155.87,311.74,wallet,2026-07-09 20:19:09,completed,4
8757,131,432,1,165.09,165.09,upi,2026-06-12 04:42:49,completed,3
8758,22,379,2,97.96,195.92,upi,2026-06-06 21:33:12,refunded,3
8759,319,439,2,313.41,626.82,credit_card,2026-05-13 10:12:04,completed,1
8760,451,447,1,180.91,180.91,cod,2026-05-28 04:29:59,refunded,0
8761,286,55,5,261.29,1306.45,debit_card,2026-04-07 16:10:43,completed,2
8762,117,213,3,176.15,528.45,wallet,2026-04-07 12:20:07,completed,4
8763,163,436,1,371.09,371.09,credit_card,2026-04-03 17:20:30,completed,1
8764,580,329,2,402.46,804.92,credit_card,2026-06-02 21:57:17,completed,1
8765,791,470,3,165.11,495.33,debit_card,2026-01-28 06:13:51,completed,2
8766,485,182,2,290.26,580.52,upi,2026-02-15 23:54:03,completed,3
8767,848,231,4,140.43,561.72,credit_card,2026-03-17 17:08:12,completed,1
8768,870,424,1,465.47,465.47,debit_card,2026-04-29 10:29:50,pending,2
8769,912,228,5,267.53,1337.65,upi,2026-03-11 06:35:49,completed,3
8770,138,417,4,299.9,1199.6,cod,2026-02-09 17:42:38,completed,0
8771,174,24,4,20.28,81.12,credit_card,2026-02-15 22:58:02,completed,1
8772,971,269,1,473.75,473.75,cod,2026-05-18 12:54:40,completed,0
8773,273,154,1,457.15,457.15,cod,2026-04-02 01:42:11,pending,0
8774,748,298,5,260.74,1303.7,upi,2026-04-29 15:58:57,completed,3
8775,784,350,4,269.32,1077.28,credit_card,2026-02-26 12:59:21,completed,1
8776,581,261,1,398.14,398.14,credit_card,2026-01-27 13:48:53,completed,1
8777,694,366,2,19.14,38.28,cod,2026-04-10 09:13:56,completed,0
8778,715,181,2,160.14,320.28,upi,2026-04-10 23:32:59,completed,3
8779,866,136,2,27.09,54.18,debit_card,2026-01-30 13:55:37,completed,2
8780,542,195,1,332.93,332.93,upi,2026-05-18 21:38:29,completed,3
8781,430,163,3,325.45,976.35,wallet,2026-03-12 09:16:36,completed,4
8782,389,14,2,186.07,372.14,debit_card,2026-06-27 08:47:41,completed,2
8783,707,398,3,84.37,253.11,debit_card,2026-06-30 13:28:12,completed,2
8784,5,299,5,112.21,561.05,credit_card,2026-03-26 10:42:56,pending,1
8785,257,494,3,130.94,392.82,upi,2026-03-16 09:36:09,completed,3
8786,251,129,3,445.43,1336.29,upi,2026-03-04 18:09:58,completed,3
8787,525,399,4,186.72,746.88,debit_card,2026-03-10 11:21:30,pending,2
8788,382,256,2,225.55,451.1,upi,2026-06-18 12:03:47,completed,3
8789,489,69,2,250.59,501.18,credit_card,2026-06-21 19:47:20,completed,1
8790,402,358,5,287.96,1439.8,wallet,2026-06-19 15:34:24,completed,4
8791,77,62,5,44.12,220.6,credit_card,2026-05-28 16:56:59,completed,1
8792,132,113,3,295.37,886.11,debit_card,2026-02-17 11:58:37,completed,2
8793,371,450,4,480.5,1922.0,debit_card,2026-02-20 06:45:47,pending,2
8794,681,411,3,210.52,631.56,upi,2026-02-17 13:47:40,completed,3
8795,583,320,1,473.13,473.13,upi,2026-02-09 03:03:24,completed,3
8796,124,297,3,24.4,73.2,credit_card,2026-05-29 01:53:08,completed,1
8797,801,378,1,59.63,59.63,wallet,2026-04-26 06:08:45,completed,4
8798,137,351,1,429.96,429.96,upi,2026-05-12 21:01:41,completed,3
8799,439,438,3,108.46,325.38,debit_card,2026-05-04 07:24:12,completed,2
8800,33,28,3,152.37,457.11,credit_card,2026-04-27 23:06:16,completed,1
8801,902,12,3,227.54,682.62,upi,2026-04-27 03:01:37,completed,3
8802,436,114,1,353.75,353.75,credit_card,2026-02-25 06:42:41,completed,1
8803,949,208,3,402.12,1206.36,wallet,2026-06-16 09:01:12,completed,4
8804,214,370,2,157.39,314.78,credit_card,2026-01-27 16:49:18,completed,1
8805,240,301,5,135.94,679.7,cod,2026-03-03 07:53:08,completed,0
8806,598,341,2,376.33,752.66,upi,2026-02-09 12:18:08,refunded,3
8807,924,417,2,299.9,599.8,upi,2026-03-04 02:34:08,completed,3
8808,8,141,4,90.58,362.32,credit_card,2026-04-29 18:59:11,completed,1
8809,470,93,3,55.44,166.32,upi,2026-03-19 03:47:58,completed,3
8810,33,465,3,228.55,685.65,wallet,2026-01-22 15:44:24,completed,4
8811,790,151,2,172.24,344.48,debit_card,2026-07-14 13:12:33,cancelled,2
8812,463,270,3,75.52,226.56,upi,2026-06-12 03:21:31,completed,3
8813,215,99,4,143.53,574.12,credit_card,2026-07-02 18:27:47,completed,1
8814,236,446,3,155.94,467.82,upi,2026-05-15 14:39:25,completed,3
8815,312,256,2,225.55,451.1,debit_card,2026-04-07 08:00:34,completed,2
8816,965,201,1,323.95,323.95,cod,2026-04-27 20:45:28,completed,0
8817,42,437,2,348.43,696.86,credit_card,2026-06-22 03:19:19,pending,1
8818,267,190,1,364.95,364.95,debit_card,2026-05-23 04:59:10,completed,2
8819,519,414,1,277.29,277.29,upi,2026-06-22 00:17:23,completed,3
8820,537,463,5,444.36,2221.8,debit_card,2026-05-08 18:08:55,completed,2
8821,276,176,4,133.98,535.92,upi,2026-03-17 19:41:50,completed,3
8822,900,96,5,405.6,2028.0,upi,2026-06-02 23:28:05,completed,3
8823,298,164,1,403.52,403.52,upi,2026-07-16 08:47:38,cancelled,3
8824,239,305,4,377.43,1509.72,credit_card,2026-07-18 17:31:59,completed,1
8825,517,65,5,306.37,1531.85,credit_card,2026-06-11 14:59:09,completed,1
8826,204,358,5,287.96,1439.8,credit_card,2026-07-05 15:39:04,pending,1
8827,848,237,2,263.75,527.5,credit_card,2026-01-26 18:07:20,completed,1
8828,120,17,1,46.95,46.95,credit_card,2026-02-23 16:35:08,completed,1
8829,106,272,4,148.87,595.48,upi,2026-07-19 03:21:24,completed,3
8830,415,203,3,215.87,647.61,debit_card,2026-02-22 17:33:27,completed,2
8831,390,427,1,254.84,254.84,cod,2026-04-15 15:20:04,completed,0
8832,279,18,1,95.61,95.61,cod,2026-03-28 04:23:00,completed,0
8833,455,403,4,26.67,106.68,credit_card,2026-02-08 06:02:06,completed,1
8834,106,151,5,172.24,861.2,credit_card,2026-04-01 04:07:45,pending,1
8835,317,234,1,358.62,358.62,upi,2026-05-23 21:48:42,completed,3
8836,303,142,3,214.57,643.71,credit_card,2026-07-13 14:16:42,completed,1
8837,736,103,4,175.3,701.2,cod,2026-05-24 02:55:33,completed,0
8838,515,405,5,313.87,1569.35,wallet,2026-06-01 15:37:42,completed,4
8839,958,32,3,300.44,901.32,credit_card,2026-05-15 09:47:19,cancelled,1
8840,893,136,1,27.09,27.09,credit_card,2026-04-29 19:22:37,pending,1
8841,256,343,3,232.73,698.19,wallet,2026-04-08 13:29:28,completed,4
8842,174,285,1,93.68,93.68,upi,2026-06-26 21:08:15,completed,3
8843,750,64,3,33.66,100.98,debit_card,2026-03-26 02:38:52,pending,2
8844,158,90,1,111.44,111.44,wallet,2026-02-22 21:46:10,completed,4
8845,699,476,4,315.09,1260.36,upi,2026-04-10 09:13:53,completed,3
8846,37,82,5,26.73,133.65,credit_card,2026-06-16 20:35:59,completed,1
8847,874,23,4,210.74,842.96,debit_card,2026-06-08 08:02:24,pending,2
8848,768,456,3,155.16,465.48,wallet,2026-05-12 15:16:14,cancelled,4
8849,381,334,5,202.47,1012.35,credit_card,2026-06-30 13:13:07,completed,1
8850,186,233,4,357.38,1429.52,debit_card,2026-05-21 17:42:23,completed,2
8851,683,403,5,26.67,133.35,wallet,2026-07-10 04:10:19,completed,4
8852,79,91,4,201.14,804.56,credit_card,2026-05-23 23:39:52,completed,1
8853,931,246,4,217.11,868.44,credit_card,2026-03-19 19:23:00,completed,1
8854,915,84,1,297.99,297.99,credit_card,2026-02-14 01:25:02,pending,1
8855,988,156,3,440.27,1320.81,upi,2026-03-22 16:32:43,completed,3
8856,889,88,2,270.28,540.56,cod,2026-05-09 03:39:13,refunded,0
8857,685,176,1,133.98,133.98,credit_card,2026-06-03 02:03:38,completed,1
8858,972,125,5,327.23,1636.15,wallet,2026-02-24 10:13:00,completed,4
8859,672,282,2,238.69,477.38,upi,2026-04-05 14:10:13,completed,3
8860,753,424,4,465.47,1861.88,cod,2026-04-10 06:00:24,completed,0
8861,375,459,2,423.84,847.68,credit_card,2026-02-09 10:27:26,completed,1
8862,262,207,1,490.88,490.88,credit_card,2026-07-04 14:16:52,completed,1
8863,157,299,4,112.21,448.84,wallet,2026-07-10 16:50:48,completed,4
8864,825,158,1,412.64,412.64,cod,2026-06-29 08:37:39,completed,0
8865,885,299,2,112.21,224.42,cod,2026-04-24 00:24:01,completed,0
8866,52,121,2,411.72,823.44,wallet,2026-02-12 21:51:50,completed,4
8867,248,390,5,200.93,1004.65,debit_card,2026-02-03 00:56:33,completed,2
8868,189,469,4,49.77,199.08,credit_card,2026-05-16 18:13:35,completed,1
8869,940,293,2,259.7,519.4,cod,2026-03-19 07:54:22,pending,0
8870,106,144,3,201.69,605.07,cod,2026-02-01 05:53:10,completed,0
8871,563,37,2,204.41,408.82,cod,2026-05-24 19:33:22,refunded,0
8872,262,359,1,117.97,117.97,credit_card,2026-05-05 21:13:49,completed,1
8873,793,381,3,79.59,238.77,wallet,2026-03-11 03:22:38,completed,4
8874,941,460,5,239.55,1197.75,upi,2026-04-25 11:02:05,completed,3
8875,326,443,3,434.37,1303.11,credit_card,2026-01-26 14:57:52,completed,1
8876,939,334,5,202.47,1012.35,wallet,2026-04-21 06:27:31,completed,4
8877,127,17,2,46.95,93.9,upi,2026-02-26 21:54:04,completed,3
8878,743,316,2,203.28,406.56,credit_card,2026-03-24 18:25:39,cancelled,1
8879,72,83,3,487.4,1462.2,credit_card,2026-05-08 14:23:45,completed,1
8880,375,321,2,426.03,852.06,cod,2026-04-03 17:13:10,completed,0
8881,861,222,4,61.44,245.76,debit_card,2026-02-16 18:03:23,cancelled,2
8882,151,319,5,23.69,118.45,upi,2026-06-13 20:04:58,completed,3
8883,307,171,1,197.2,197.2,cod,2026-05-10 04:07:46,completed,0
8884,685,316,1,203.28,203.28,upi,2026-06-28 12:27:01,completed,3
8885,141,29,3,222.34,667.02,credit_card,2026-05-14 15:34:22,completed,1
8886,76,218,5,161.45,807.25,cod,2026-02-13 00:17:18,completed,0
8887,173,93,4,55.44,221.76,credit_card,2026-07-18 20:41:45,completed,1
8888,440,499,5,279.81,1399.05,wallet,2026-02-15 12:52:57,completed,4
8889,400,464,2,307.69,615.38,credit_card,2026-02-04 17:04:09,pending,1
8890,708,144,3,201.69,605.07,credit_card,2026-06-20 17:24:11,completed,1
8891,596,307,4,395.83,1583.32,debit_card,2026-06-01 00:19:25,completed,2
8892,902,476,5,315.09,1575.45,cod,2026-03-02 11:33:55,pending,0
8893,855,431,5,498.55,2492.75,credit_card,2026-06-04 18:30:55,pending,1
8894,241,5,2,243.97,487.94,wallet,2026-03-09 01:07:46,completed,4
8895,757,195,3,332.93,998.79,credit_card,2026-02-21 09:57:50,pending,1
8896,37,205,1,95.52,95.52,upi,2026-06-05 23:54:07,completed,3
8897,102,160,4,419.64,1678.56,wallet,2026-04-22 12:58:26,completed,4
8898,196,158,1,412.64,412.64,cod,2026-07-03 23:21:30,pending,0
8899,93,30,3,431.22,1293.66,debit_card,2026-04-01 12:37:42,completed,2
8900,916,185,3,13.87,41.61,debit_card,2026-02-25 20:35:06,completed,2
8901,823,374,4,189.95,759.8,debit_card,2026-02-27 01:05:19,completed,2
8902,463,345,4,122.38,489.52,debit_card,2026-03-07 17:02:43,completed,2
8903,11,101,1,72.93,72.93,wallet,2026-03-19 05:36:08,completed,4
8904,644,447,1,180.91,180.91,debit_card,2026-02-20 15:26:24,completed,2
8905,989,47,4,9.6,38.4,debit_card,2026-02-25 01:42:23,completed,2
8906,336,11,2,97.26,194.52,cod,2026-04-12 21:43:01,completed,0
8907,964,2,2,330.51,661.02,wallet,2026-05-13 07:45:26,completed,4
8908,381,207,5,490.88,2454.4,credit_card,2026-03-26 14:11:13,refunded,1
8909,606,79,2,466.54,933.08,cod,2026-05-04 19:48:11,completed,0
8910,387,331,5,431.7,2158.5,cod,2026-05-31 12:28:48,refunded,0
8911,550,393,3,352.16,1056.48,cod,2026-04-05 04:56:42,completed,0
8912,891,128,4,492.71,1970.84,debit_card,2026-06-19 15:24:21,completed,2
8913,535,379,5,97.96,489.8,credit_card,2026-06-09 23:47:18,pending,1
8914,99,347,2,228.11,456.22,wallet,2026-02-18 16:36:01,completed,4
8915,928,63,3,318.98,956.94,cod,2026-06-09 05:29:06,completed,0
8916,517,255,4,363.37,1453.48,debit_card,2026-05-28 02:49:35,completed,2
8917,507,367,2,467.75,935.5,credit_card,2026-03-04 16:44:20,completed,1
8918,770,242,5,211.2,1056.0,cod,2026-07-18 12:03:24,completed,0
8919,401,28,4,152.37,609.48,wallet,2026-07-04 20:18:12,completed,4
8920,785,2,5,330.51,1652.55,upi,2026-04-18 05:46:35,completed,3
8921,799,210,4,444.36,1777.44,debit_card,2026-05-30 22:13:03,completed,2
8922,319,312,5,284.51,1422.55,debit_card,2026-05-01 03:42:10,pending,2
8923,319,178,4,434.41,1737.64,cod,2026-05-03 09:38:25,completed,0
8924,22,89,5,136.18,680.9,upi,2026-02-23 02:58:53,cancelled,3
8925,116,400,1,311.77,311.77,wallet,2026-06-09 05:29:51,completed,4
8926,281,357,5,234.56,1172.8,debit_card,2026-03-26 21:42:07,completed,2
8927,830,348,2,403.02,806.04,cod,2026-06-11 09:20:21,completed,0
8928,841,440,5,26.52,132.6,upi,2026-06-30 17:12:51,completed,3
8929,225,22,5,408.53,2042.65,upi,2026-06-12 18:27:36,completed,3
8930,103,361,4,96.02,384.08,cod,2026-05-06 03:19:32,refunded,0
8931,732,294,3,303.0,909.0,cod,2026-01-23 11:48:33,completed,0
8932,269,474,2,284.92,569.84,debit_card,2026-04-13 13:34:44,completed,2
8933,577,225,3,101.98,305.94,debit_card,2026-03-15 21:34:18,completed,2
8934,536,167,1,243.46,243.46,wallet,2026-06-08 15:21:14,completed,4
8935,841,77,2,284.08,568.16,cod,2026-03-23 16:27:32,completed,0
8936,154,458,3,119.3,357.9,cod,2026-07-05 00:04:31,pending,0
8937,898,149,1,204.47,204.47,cod,2026-02-08 06:45:04,completed,0
8938,951,185,1,13.87,13.87,cod,2026-05-18 17:46:22,completed,0
8939,149,327,1,230.11,230.11,debit_card,2026-05-03 08:23:55,completed,2
8940,258,5,2,243.97,487.94,wallet,2026-02-15 20:08:34,completed,4
8941,238,288,4,441.37,1765.48,wallet,2026-03-10 22:29:48,completed,4
8942,272,259,5,415.23,2076.15,wallet,2026-07-16 01:12:35,completed,4
8943,288,433,4,185.81,743.24,debit_card,2026-04-30 18:57:42,completed,2
8944,343,491,3,120.2,360.6,upi,2026-03-03 10:21:36,completed,3
8945,103,382,3,498.99,1496.97,wallet,2026-05-06 13:17:38,cancelled,4
8946,865,111,2,14.86,29.72,cod,2026-07-09 02:33:10,completed,0
8947,287,286,5,113.32,566.6,cod,2026-07-10 08:34:08,completed,0
8948,20,220,3,107.39,322.17,cod,2026-03-01 01:27:48,cancelled,0
8949,778,159,1,246.95,246.95,debit_card,2026-03-08 18:20:57,pending,2
8950,636,383,2,32.74,65.48,credit_card,2026-02-26 15:32:33,completed,1
8951,983,299,2,112.21,224.42,credit_card,2026-07-13 01:12:05,completed,1
8952,834,354,4,65.01,260.04,cod,2026-06-06 18:54:44,cancelled,0
8953,603,53,2,160.68,321.36,upi,2026-02-14 04:51:30,completed,3
8954,784,476,3,315.09,945.27,cod,2026-05-16 21:01:14,pending,0
8955,536,73,2,116.14,232.28,credit_card,2026-04-17 20:22:07,pending,1
8956,611,281,2,205.54,411.08,wallet,2026-03-29 13:55:55,completed,4
8957,155,124,3,441.48,1324.44,cod,2026-04-11 04:49:25,completed,0
8958,318,245,1,491.81,491.81,wallet,2026-03-03 08:56:37,completed,4
8959,743,301,5,135.94,679.7,credit_card,2026-06-18 13:12:14,completed,1
8960,116,85,5,426.2,2131.0,credit_card,2026-03-20 00:36:44,completed,1
8961,89,231,4,140.43,561.72,debit_card,2026-02-19 06:49:44,completed,2
8962,268,13,5,377.4,1887.0,upi,2026-06-18 23:51:38,completed,3
8963,115,422,4,410.66,1642.64,cod,2026-06-04 08:43:34,completed,0
8964,282,217,3,232.25,696.75,upi,2026-06-14 04:38:18,completed,3
8965,703,2,4,330.51,1322.04,upi,2026-02-16 18:58:01,pending,3
8966,292,440,1,26.52,26.52,credit_card,2026-07-18 19:24:31,completed,1
8967,928,96,2,405.6,811.2,upi,2026-05-18 12:04:12,cancelled,3
8968,917,9,2,465.31,930.62,cod,2026-07-07 12:17:54,completed,0
8969,500,285,1,93.68,93.68,wallet,2026-05-30 08:26:28,completed,4
8970,142,451,2,80.61,161.22,cod,2026-06-02 23:35:52,completed,0
8971,798,496,5,168.6,843.0,debit_card,2026-06-16 16:40:46,completed,2
8972,350,244,5,275.57,1377.85,upi,2026-05-11 14:58:37,completed,3
8973,826,261,2,398.14,796.28,debit_card,2026-02-21 00:03:15,completed,2
8974,3,442,4,333.18,1332.72,upi,2026-05-11 08:34:14,completed,3
8975,563,388,2,321.07,642.14,credit_card,2026-06-23 17:45:03,completed,1
8976,162,167,5,243.46,1217.3,wallet,2026-02-24 18:47:35,completed,4
8977,466,144,5,201.69,1008.45,credit_card,2026-07-11 05:51:25,completed,1
8978,970,386,4,368.98,1475.92,credit_card,2026-06-08 21:36:14,completed,1
8979,235,63,2,318.98,637.96,cod,2026-04-04 10:04:51,completed,0
8980,629,68,5,404.52,2022.6,wallet,2026-06-06 04:08:53,completed,4
8981,828,5,4,243.97,975.88,cod,2026-06-01 21:46:18,completed,0
8982,438,31,5,393.5,1967.5,upi,2026-04-06 21:45:37,completed,3
8983,368,409,2,472.58,945.16,debit_card,2026-04-08 17:42:31,completed,2
8984,394,83,3,487.4,1462.2,upi,2026-03-12 13:50:28,completed,3
8985,397,179,4,73.0,292.0,credit_card,2026-06-05 07:39:21,completed,1
8986,932,190,1,364.95,364.95,upi,2026-04-18 23:57:45,cancelled,3
8987,613,339,4,424.77,1699.08,credit_card,2026-06-21 01:54:39,completed,1
8988,548,222,2,61.44,122.88,wallet,2026-05-18 12:53:25,completed,4
8989,667,31,4,393.5,1574.0,wallet,2026-07-07 07:32:58,completed,4
8990,360,333,5,270.15,1350.75,cod,2026-04-19 04:43:10,completed,0
8991,807,454,3,458.97,1376.91,cod,2026-05-31 07:37:35,completed,0
8992,898,285,2,93.68,187.36,upi,2026-06-15 07:13:15,completed,3
8993,979,112,2,359.88,719.76,credit_card,2026-05-28 08:32:01,completed,1
8994,930,338,1,460.49,460.49,debit_card,2026-05-12 16:42:07,cancelled,2
8995,243,410,2,195.74,391.48,upi,2026-06-14 04:56:36,pending,3
8996,634,137,5,35.51,177.55,debit_card,2026-05-13 02:01:25,completed,2
8997,330,246,1,217.11,217.11,cod,2026-07-19 05:15:06,cancelled,0
8998,573,472,2,354.58,709.16,debit_card,2026-06-29 20:35:58,completed,2
8999,229,278,5,388.51,1942.55,upi,2026-05-13 23:58:45,pending,3
9000,641,90,5,111.44,557.2,credit_card,2026-06-09 07:05:00,completed,1
9001,709,122,3,108.79,326.37,upi,2026-05-29 14:27:54,completed,3
9002,450,250,1,38.75,38.75,upi,2026-03-30 23:33:20,completed,3
9003,194,95,5,133.12,665.6,cod,2026-03-14 06:36:23,refunded,0
9004,603,205,1,95.52,95.52,debit_card,2026-01-25 05:04:41,completed,2
9005,169,435,1,462.49,462.49,credit_card,2026-07-06 05:27:36,completed,1
9006,810,369,3,158.28,474.84,cod,2026-05-24 19:20:03,completed,0
9007,435,27,5,381.2,1906.0,cod,2026-04-29 06:38:59,completed,0
9008,954,418,1,111.34,111.34,cod,2026-05-16 11:33:07,completed,0
9009,40,358,2,287.96,575.92,debit_card,2026-05-31 05:47:50,completed,2
9010,977,131,4,122.59,490.36,wallet,2026-07-03 22:27:33,completed,4
9011,942,94,3,69.7,209.1,wallet,2026-05-04 23:19:55,completed,4
9012,204,402,2,164.69,329.38,wallet,2026-04-25 17:47:51,cancelled,4
9013,386,88,4,270.28,1081.12,wallet,2026-02-12 01:07:08,completed,4
9014,370,55,2,261.29,522.58,upi,2026-02-07 04:43:49,completed,3
9015,459,408,5,412.7,2063.5,cod,2026-03-27 23:09:14,completed,0
9016,39,229,3,347.45,1042.35,debit_card,2026-03-30 04:57:33,pending,2
9017,290,170,5,362.04,1810.2,upi,2026-03-16 17:30:36,completed,3
9018,363,414,4,277.29,1109.16,cod,2026-04-19 13:44:05,completed,0
9019,706,154,5,457.15,2285.75,wallet,2026-03-04 21:56:42,completed,4
9020,664,97,3,30.07,90.21,upi,2026-04-17 13:42:30,completed,3
9021,660,148,2,329.12,658.24,credit_card,2026-03-27 00:51:39,completed,1
9022,395,256,1,225.55,225.55,cod,2026-04-09 11:17:40,pending,0
9023,461,283,3,367.95,1103.85,credit_card,2026-05-18 17:53:25,pending,1
9024,688,318,2,220.51,441.02,cod,2026-07-18 16:37:43,cancelled,0
9025,430,350,4,269.32,1077.28,wallet,2026-04-25 05:33:20,pending,4
9026,845,495,2,344.49,688.98,credit_card,2026-01-24 15:55:18,completed,1
9027,713,85,2,426.2,852.4,credit_card,2026-04-18 01:53:21,refunded,1
9028,168,421,5,368.46,1842.3,debit_card,2026-05-17 09:34:51,completed,2
9029,776,211,3,353.76,1061.28,debit_card,2026-03-04 15:35:09,completed,2
9030,809,65,3,306.37,919.11,credit_card,2026-01-25 04:14:10,completed,1
9031,434,423,5,43.85,219.25,upi,2026-04-12 05:01:08,completed,3
9032,577,82,5,26.73,133.65,debit_card,2026-02-22 08:01:49,pending,2
9033,753,148,5,329.12,1645.6,cod,2026-03-20 22:10:22,completed,0
9034,683,427,4,254.84,1019.36,credit_card,2026-05-23 06:01:23,completed,1
9035,231,272,1,148.87,148.87,upi,2026-07-01 09:10:50,completed,3
9036,547,497,2,243.34,486.68,wallet,2026-05-07 06:04:52,completed,4
9037,235,199,3,121.08,363.24,cod,2026-04-21 22:21:34,completed,0
9038,150,207,5,490.88,2454.4,credit_card,2026-05-29 03:39:02,completed,1
9039,839,2,2,330.51,661.02,credit_card,2026-07-12 15:07:07,completed,1
9040,447,245,4,491.81,1967.24,debit_card,2026-06-19 20:17:48,completed,2
9041,78,397,1,97.38,97.38,debit_card,2026-03-31 05:43:28,completed,2
9042,341,374,5,189.95,949.75,cod,2026-06-12 14:07:17,completed,0
9043,807,297,1,24.4,24.4,cod,2026-03-25 19:45:36,completed,0
9044,209,250,3,38.75,116.25,debit_card,2026-01-28 08:22:08,completed,2
9045,19,304,4,92.82,371.28,upi,2026-06-03 07:42:01,completed,3
9046,763,239,3,346.84,1040.52,wallet,2026-04-21 04:40:25,completed,4
9047,965,427,2,254.84,509.68,cod,2026-03-03 03:26:40,completed,0
9048,950,388,5,321.07,1605.35,debit_card,2026-04-26 18:52:19,pending,2
9049,625,179,1,73.0,73.0,credit_card,2026-06-23 22:49:45,completed,1
9050,467,262,4,197.08,788.32,upi,2026-06-30 07:15:07,pending,3
9051,768,173,1,423.48,423.48,wallet,2026-02-07 10:45:03,completed,4
9052,920,339,2,424.77,849.54,debit_card,2026-03-02 10:31:52,completed,2
9053,279,295,1,243.35,243.35,wallet,2026-05-04 20:38:38,pending,4
9054,821,154,4,457.15,1828.6,upi,2026-05-31 18:50:34,completed,3
9055,728,271,1,337.13,337.13,debit_card,2026-04-28 04:56:20,completed,2
9056,772,222,3,61.44,184.32,credit_card,2026-03-08 18:55:53,completed,1
9057,529,400,1,311.77,311.77,debit_card,2026-07-11 17:49:20,completed,2
9058,521,207,1,490.88,490.88,debit_card,2026-06-12 15:45:50,completed,2
9059,803,445,5,252.82,1264.1,debit_card,2026-03-24 21:35:35,completed,2
9060,388,298,2,260.74,521.48,credit_card,2026-02-01 20:29:44,completed,1
9061,554,438,4,108.46,433.84,debit_card,2026-03-30 12:27:33,completed,2
9062,856,153,3,365.76,1097.28,debit_card,2026-04-17 12:06:49,completed,2
9063,778,8,1,27.12,27.12,credit_card,2026-07-10 05:23:42,completed,1
9064,416,138,5,209.92,1049.6,cod,2026-03-11 21:19:25,cancelled,0
9065,357,243,4,105.53,422.12,wallet,2026-05-30 08:44:35,completed,4
9066,52,28,4,152.37,609.48,cod,2026-04-09 15:11:30,completed,0
9067,196,392,5,172.52,862.6,upi,2026-06-08 02:46:20,completed,3
9068,857,442,3,333.18,999.54,cod,2026-04-25 13:51:54,completed,0
9069,477,393,5,352.16,1760.8,credit_card,2026-06-26 07:15:33,completed,1
9070,166,370,1,157.39,157.39,cod,2026-02-20 20:44:43,completed,0
9071,376,165,3,232.2,696.6,debit_card,2026-02-24 14:52:29,completed,2
9072,706,94,4,69.7,278.8,credit_card,2026-05-07 04:50:44,completed,1
9073,688,466,1,200.83,200.83,cod,2026-05-29 06:13:11,completed,0
9074,205,68,5,404.52,2022.6,debit_card,2026-02-10 12:57:25,completed,2
9075,311,254,4,193.78,775.12,credit_card,2026-06-25 17:05:35,completed,1
9076,217,396,3,354.78,1064.34,credit_card,2026-05-30 17:52:51,completed,1
9077,746,261,1,398.14,398.14,credit_card,2026-07-18 05:56:22,completed,1
9078,85,35,3,357.14,1071.42,cod,2026-02-07 19:41:06,completed,0
9079,102,60,5,146.81,734.05,credit_card,2026-05-08 05:15:00,completed,1
9080,483,358,1,287.96,287.96,upi,2026-03-25 03:50:14,refunded,3
9081,829,28,3,152.37,457.11,upi,2026-02-23 14:53:53,completed,3
9082,338,387,1,468.43,468.43,upi,2026-06-30 07:47:49,completed,3
9083,964,364,1,81.86,81.86,upi,2026-04-03 04:15:25,pending,3
9084,633,83,5,487.4,2437.0,debit_card,2026-01-23 04:38:31,completed,2
9085,72,73,4,116.14,464.56,credit_card,2026-05-31 12:13:18,refunded,1
9086,757,132,4,183.61,734.44,wallet,2026-02-18 05:46:38,completed,4
9087,660,185,3,13.87,41.61,wallet,2026-04-16 19:10:20,completed,4
9088,794,47,1,9.6,9.6,debit_card,2026-04-21 05:11:06,pending,2
9089,866,287,5,26.19,130.95,upi,2026-02-02 19:38:51,completed,3
9090,699,179,1,73.0,73.0,upi,2026-04-19 03:45:45,completed,3
9091,244,42,1,13.06,13.06,upi,2026-04-09 06:36:57,completed,3
9092,653,314,3,290.94,872.82,upi,2026-06-07 03:26:04,completed,3
9093,991,489,3,424.66,1273.98,wallet,2026-06-28 02:54:18,completed,4
9094,454,461,5,463.09,2315.45,upi,2026-06-19 21:00:55,completed,3
9095,964,392,1,172.52,172.52,upi,2026-07-17 22:04:56,completed,3
9096,94,80,5,5.72,28.6,debit_card,2026-06-28 11:15:01,completed,2
9097,741,344,3,54.87,164.61,cod,2026-04-01 19:17:43,completed,0
9098,911,211,5,353.76,1768.8,credit_card,2026-07-10 06:02:42,pending,1
9099,83,153,1,365.76,365.76,debit_card,2026-05-26 17:37:41,completed,2
9100,110,389,4,318.29,1273.16,credit_card,2026-03-13 23:40:42,completed,1
9101,949,247,5,7.79,38.95,credit_card,2026-06-15 02:09:03,pending,1
9102,23,398,4,84.37,337.48,cod,2026-02-17 12:49:24,completed,0
9103,939,235,4,348.68,1394.72,debit_card,2026-02-07 05:59:22,completed,2
9104,796,42,1,13.06,13.06,debit_card,2026-02-06 18:45:16,refunded,2
9105,555,154,3,457.15,1371.45,credit_card,2026-07-07 16:11:51,pending,1
9106,956,340,3,247.95,743.85,upi,2026-03-13 23:23:34,completed,3
9107,510,15,4,483.13,1932.52,debit_card,2026-04-24 16:29:55,cancelled,2
9108,130,190,3,364.95,1094.85,upi,2026-05-17 13:10:08,completed,3
9109,292,126,1,150.98,150.98,upi,2026-03-22 20:53:40,completed,3
9110,765,93,3,55.44,166.32,cod,2026-04-24 09:28:45,completed,0
9111,381,128,1,492.71,492.71,wallet,2026-06-24 11:55:03,completed,4
9112,144,483,1,84.86,84.86,credit_card,2026-07-19 03:39:03,pending,1
9113,672,46,4,5.54,22.16,debit_card,2026-02-02 07:35:21,completed,2
9114,221,482,1,152.73,152.73,cod,2026-06-02 20:33:26,completed,0
9115,972,458,1,119.3,119.3,wallet,2026-05-31 13:47:41,pending,4
9116,636,102,1,494.75,494.75,debit_card,2026-02-08 04:42:08,completed,2
9117,447,226,3,359.81,1079.43,wallet,2026-02-02 17:10:40,pending,4
9118,603,300,1,416.03,416.03,debit_card,2026-05-02 20:00:38,completed,2
9119,198,475,4,385.73,1542.92,upi,2026-05-11 05:45:28,completed,3
9120,180,105,2,267.07,534.14,credit_card,2026-05-23 18:02:47,completed,1
9121,365,237,2,263.75,527.5,credit_card,2026-03-01 20:59:03,completed,1
9122,648,226,1,359.81,359.81,cod,2026-04-09 08:09:51,cancelled,0
9123,643,347,3,228.11,684.33,upi,2026-05-09 07:21:26,completed,3
9124,325,215,3,42.06,126.18,upi,2026-02-20 20:07:53,completed,3
9125,785,146,2,285.46,570.92,wallet,2026-06-06 21:58:09,completed,4
9126,909,232,3,209.31,627.93,credit_card,2026-01-27 03:38:15,completed,1
9127,124,396,3,354.78,1064.34,upi,2026-07-02 21:30:32,completed,3
9128,42,441,3,31.28,93.84,wallet,2026-03-07 13:11:55,completed,4
9129,404,42,3,13.06,39.18,debit_card,2026-02-21 19:39:19,pending,2
9130,252,193,3,211.3,633.9,cod,2026-05-26 01:59:11,completed,0
9131,565,357,1,234.56,234.56,wallet,2026-07-09 23:52:31,completed,4
9132,467,332,2,340.07,680.14,wallet,2026-05-13 12:58:09,completed,4
9133,391,448,5,439.95,2199.75,debit_card,2026-02-16 08:25:41,completed,2
9134,287,258,1,336.82,336.82,wallet,2026-04-29 02:19:44,completed,4
9135,456,84,2,297.99,595.98,debit_card,2026-06-10 22:20:23,cancelled,2
9136,589,55,2,261.29,522.58,upi,2026-01-31 02:00:50,completed,3
9137,540,173,5,423.48,2117.4,wallet,2026-07-12 09:07:17,pending,4
9138,669,264,2,464.38,928.76,wallet,2026-02-06 22:49:10,completed,4
9139,205,410,5,195.74,978.7,debit_card,2026-02-27 11:00:17,completed,2
9140,385,154,4,457.15,1828.6,wallet,2026-04-26 11:11:27,completed,4
9141,433,300,4,416.03,1664.12,cod,2026-05-18 17:43:29,completed,0
9142,611,242,2,211.2,422.4,credit_card,2026-04-28 11:38:38,completed,1
9143,760,257,2,474.36,948.72,upi,2026-07-13 16:26:42,completed,3
9144,607,235,1,348.68,348.68,credit_card,2026-04-13 13:42:52,completed,1
9145,390,62,2,44.12,88.24,debit_card,2026-04-17 18:13:56,completed,2
9146,401,438,2,108.46,216.92,wallet,2026-03-10 16:42:44,completed,4
9147,617,382,3,498.99,1496.97,debit_card,2026-03-27 13:57:59,completed,2
9148,680,200,4,78.83,315.32,upi,2026-03-24 21:46:21,completed,3
9149,149,134,1,157.63,157.63,credit_card,2026-05-24 12:38:24,cancelled,1
9150,922,488,4,493.66,1974.64,wallet,2026-05-29 16:30:58,refunded,4
9151,398,338,1,460.49,460.49,wallet,2026-06-29 03:35:13,completed,4
9152,161,252,1,113.13,113.13,debit_card,2026-07-14 17:01:18,completed,2
9153,467,36,5,318.04,1590.2,upi,2026-02-15 02:14:23,completed,3
9154,112,106,4,330.15,1320.6,debit_card,2026-06-11 03:13:19,completed,2
9155,469,246,1,217.11,217.11,cod,2026-02-18 07:58:46,pending,0
9156,280,209,1,19.26,19.26,wallet,2026-02-05 14:11:53,completed,4
9157,823,391,3,188.84,566.52,debit_card,2026-03-02 15:12:16,completed,2
9158,763,241,5,122.61,613.05,debit_card,2026-05-22 05:03:41,completed,2
9159,900,317,3,482.46,1447.38,upi,2026-03-01 13:51:54,completed,3
9160,63,333,5,270.15,1350.75,credit_card,2026-04-11 20:09:18,completed,1
9161,607,63,3,318.98,956.94,upi,2026-06-15 06:06:56,pending,3
9162,814,81,1,491.64,491.64,cod,2026-07-01 13:44:03,cancelled,0
9163,698,120,2,168.93,337.86,cod,2026-06-08 19:52:26,completed,0
9164,469,130,3,207.59,622.77,cod,2026-03-07 12:48:38,pending,0
9165,311,9,2,465.31,930.62,debit_card,2026-04-20 04:25:31,pending,2
9166,303,190,5,364.95,1824.75,credit_card,2026-02-23 09:46:05,completed,1
9167,744,76,2,167.01,334.02,wallet,2026-02-22 06:52:29,completed,4
9168,898,434,4,493.89,1975.56,credit_card,2026-04-09 19:35:07,completed,1
9169,508,161,3,29.58,88.74,credit_card,2026-04-14 08:59:03,completed,1
9170,570,203,2,215.87,431.74,credit_card,2026-02-20 00:00:45,pending,1
9171,891,307,2,395.83,791.66,cod,2026-01-29 20:07:31,pending,0
9172,184,299,3,112.21,336.63,cod,2026-03-27 06:28:23,completed,0
9173,526,441,2,31.28,62.56,debit_card,2026-06-13 03:01:56,completed,2
9174,402,4,3,198.61,595.83,wallet,2026-03-10 02:17:06,completed,4
9175,360,183,3,318.58,955.74,cod,2026-05-16 06:08:15,cancelled,0
9176,849,233,5,357.38,1786.9,wallet,2026-05-16 14:46:59,completed,4
9177,89,462,3,92.65,277.95,cod,2026-03-20 13:29:47,refunded,0
9178,373,422,3,410.66,1231.98,debit_card,2026-02-09 09:01:47,completed,2
9179,542,10,1,168.84,168.84,wallet,2026-04-26 03:19:23,cancelled,4
9180,815,75,4,490.8,1963.2,upi,2026-03-18 12:49:48,completed,3
9181,797,393,2,352.16,704.32,wallet,2026-02-24 18:16:25,completed,4
9182,103,59,1,38.43,38.43,cod,2026-04-28 23:25:15,pending,0
9183,972,197,2,103.33,206.66,debit_card,2026-05-15 06:53:35,completed,2
9184,906,70,2,187.01,374.02,upi,2026-02-26 10:26:53,completed,3
9185,809,130,5,207.59,1037.95,cod,2026-02-09 11:46:25,pending,0
9186,335,464,2,307.69,615.38,wallet,2026-03-03 11:21:12,refunded,4
9187,841,97,3,30.07,90.21,debit_card,2026-07-13 12:23:12,refunded,2
9188,24,201,4,323.95,1295.8,upi,2026-04-08 19:08:14,completed,3
9189,950,290,5,185.82,929.1,cod,2026-03-31 23:23:38,completed,0
9190,683,93,1,55.44,55.44,cod,2026-01-31 10:08:31,completed,0
9191,464,4,4,198.61,794.44,debit_card,2026-03-06 00:49:40,completed,2
9192,221,272,4,148.87,595.48,cod,2026-03-08 05:05:04,completed,0
9193,24,221,2,422.94,845.88,upi,2026-07-17 01:25:15,completed,3
9194,624,480,1,311.78,311.78,cod,2026-07-06 12:18:50,completed,0
9195,214,321,2,426.03,852.06,debit_card,2026-01-26 08:50:03,completed,2
9196,836,144,1,201.69,201.69,credit_card,2026-04-27 16:14:27,cancelled,1
9197,652,240,1,55.73,55.73,credit_card,2026-01-26 11:22:20,refunded,1
9198,305,35,5,357.14,1785.7,wallet,2026-02-11 22:20:01,completed,4
9199,403,342,4,21.12,84.48,upi,2026-05-01 10:24:32,completed,3
9200,504,71,1,6.27,6.27,cod,2026-04-20 12:32:31,completed,0
9201,604,329,2,402.46,804.92,wallet,2026-02-13 23:51:44,pending,4
9202,443,353,1,183.68,183.68,cod,2026-05-18 06:40:36,completed,0
9203,977,407,1,401.5,401.5,upi,2026-04-17 20:29:27,completed,3
9204,724,490,4,283.5,1134.0,upi,2026-02-11 23:21:45,completed,3
9205,394,46,5,5.54,27.7,cod,2026-04-12 07:35:29,completed,0
9206,990,82,1,26.73,26.73,cod,2026-06-07 01:02:57,completed,0
9207,476,15,3,483.13,1449.39,wallet,2026-03-19 20:41:28,refunded,4
9208,229,383,2,32.74,65.48,wallet,2026-07-12 01:36:39,completed,4
9209,181,42,4,13.06,52.24,wallet,2026-07-01 12:33:45,completed,4
9210,42,472,1,354.58,354.58,debit_card,2026-04-04 01:16:28,completed,2
9211,991,61,1,322.07,322.07,wallet,2026-05-28 05:09:04,refunded,4
9212,955,285,1,93.68,93.68,credit_card,2026-05-17 08:38:28,completed,1
9213,898,466,2,200.83,401.66,debit_card,2026-05-11 05:14:20,completed,2
9214,701,133,1,17.74,17.74,wallet,2026-02-23 23:35:18,completed,4
9215,270,138,1,209.92,209.92,debit_card,2026-02-27 01:12:20,completed,2
9216,677,266,3,113.83,341.49,cod,2026-04-07 07:38:11,completed,0
9217,679,178,5,434.41,2172.05,wallet,2026-04-08 23:49:23,completed,4
9218,744,500,3,484.96,1454.88,wallet,2026-06-14 12:04:54,completed,4
9219,681,231,5,140.43,702.15,cod,2026-07-14 06:47:45,completed,0
9220,552,411,3,210.52,631.56,credit_card,2026-02-22 17:17:38,completed,1
9221,261,4,3,198.61,595.83,credit_card,2026-06-29 13:57:24,completed,1
9222,227,500,1,484.96,484.96,wallet,2026-04-22 20:33:17,completed,4
9223,611,466,2,200.83,401.66,cod,2026-04-19 12:59:26,completed,0
9224,535,259,4,415.23,1660.92,wallet,2026-06-22 20:41:11,completed,4
9225,443,349,2,239.13,478.26,upi,2026-04-05 17:26:00,completed,3
9226,307,18,3,95.61,286.83,credit_card,2026-03-26 15:27:01,completed,1
9227,64,247,4,7.79,31.16,upi,2026-05-25 02:58:59,completed,3
9228,937,240,3,55.73,167.19,credit_card,2026-04-24 15:47:28,completed,1
9229,912,242,5,211.2,1056.0,wallet,2026-07-11 02:59:20,completed,4
9230,836,454,2,458.97,917.94,debit_card,2026-04-07 20:30:07,completed,2
9231,897,357,5,234.56,1172.8,credit_card,2026-06-06 18:26:46,completed,1
9232,307,18,1,95.61,95.61,upi,2026-07-16 23:04:37,completed,3
9233,216,4,3,198.61,595.83,upi,2026-03-21 18:12:39,pending,3
9234,866,326,4,177.31,709.24,upi,2026-03-23 16:36:35,completed,3
9235,97,423,3,43.85,131.55,wallet,2026-02-11 12:26:04,completed,4
9236,480,289,4,418.26,1673.04,wallet,2026-04-03 02:49:03,refunded,4
9237,628,43,2,495.96,991.92,upi,2026-01-24 16:12:19,completed,3
9238,762,434,3,493.89,1481.67,cod,2026-06-20 14:46:09,completed,0
9239,700,336,3,252.0,756.0,wallet,2026-05-21 14:50:23,completed,4
9240,634,285,3,93.68,281.04,credit_card,2026-06-15 21:47:16,completed,1
9241,817,498,1,464.26,464.26,cod,2026-04-25 13:31:06,pending,0
9242,86,253,4,61.79,247.16,cod,2026-01-31 09:31:22,pending,0
9243,36,51,3,315.9,947.7,upi,2026-02-01 16:59:17,refunded,3
9244,362,216,4,255.93,1023.72,debit_card,2026-01-27 07:33:51,completed,2
9245,681,261,5,398.14,1990.7,wallet,2026-02-07 10:50:13,completed,4
9246,773,424,4,465.47,1861.88,upi,2026-03-15 02:02:48,completed,3
9247,492,5,1,243.97,243.97,wallet,2026-03-21 05:28:07,cancelled,4
9248,923,8,3,27.12,81.36,wallet,2026-06-09 22:42:07,completed,4
9249,401,206,3,400.95,1202.85,upi,2026-06-03 01:15:40,completed,3
9250,248,104,3,17.9,53.7,upi,2026-01-23 22:40:24,completed,3
9251,673,415,2,306.16,612.32,cod,2026-04-24 03:44:47,completed,0
9252,325,168,2,329.78,659.56,cod,2026-05-05 16:18:29,completed,0
9253,246,431,3,498.55,1495.65,upi,2026-05-01 18:29:56,cancelled,3
9254,393,460,4,239.55,958.2,credit_card,2026-03-15 19:57:59,completed,1
9255,76,289,3,418.26,1254.78,upi,2026-03-11 14:01:00,completed,3
9256,761,448,5,439.95,2199.75,cod,2026-04-21 21:01:57,completed,0
9257,188,6,2,159.39,318.78,upi,2026-06-01 19:59:19,completed,3
9258,664,163,3,325.45,976.35,upi,2026-03-08 18:27:09,pending,3
9259,113,91,5,201.14,1005.7,credit_card,2026-04-21 19:37:32,completed,1
9260,673,123,4,28.83,115.32,credit_card,2026-02-06 04:53:18,completed,1
9261,308,87,2,81.93,163.86,credit_card,2026-04-28 02:58:22,completed,1
9262,264,387,1,468.43,468.43,wallet,2026-03-25 13:29:38,completed,4
9263,893,187,4,412.8,1651.2,credit_card,2026-06-10 10:06:42,completed,1
9264,734,267,2,340.26,680.52,credit_card,2026-04-17 02:15:59,completed,1
9265,612,302,4,39.08,156.32,wallet,2026-05-06 17:08:58,completed,4
9266,455,415,5,306.16,1530.8,cod,2026-02-06 11:02:43,completed,0
9267,634,491,2,120.2,240.4,cod,2026-07-19 03:30:14,completed,0
9268,780,383,3,32.74,98.22,cod,2026-03-09 10:33:01,completed,0
9269,63,447,2,180.91,361.82,debit_card,2026-06-23 19:42:33,completed,2
9270,32,341,3,376.33,1128.99,upi,2026-06-07 15:28:14,completed,3
9271,963,224,5,448.95,2244.75,debit_card,2026-03-17 14:36:21,completed,2
9272,807,335,5,240.89,1204.45,wallet,2026-07-15 17:45:53,completed,4
9273,156,149,1,204.47,204.47,wallet,2026-04-15 01:02:37,completed,4
9274,216,30,2,431.22,862.44,credit_card,2026-06-11 15:14:35,cancelled,1
9275,140,464,4,307.69,1230.76,debit_card,2026-02-10 18:51:55,completed,2
9276,520,160,2,419.64,839.28,debit_card,2026-05-13 10:31:00,completed,2
9277,544,199,1,121.08,121.08,cod,2026-03-08 00:09:12,completed,0
9278,181,116,3,355.06,1065.18,credit_card,2026-06-04 17:44:52,completed,1
9279,361,352,3,407.84,1223.52,debit_card,2026-02-04 15:07:55,cancelled,2
9280,808,308,3,130.99,392.97,debit_card,2026-01-27 18:21:49,completed,2
9281,697,309,2,207.28,414.56,upi,2026-03-16 11:36:42,completed,3
9282,360,457,2,70.12,140.24,debit_card,2026-06-16 20:53:22,cancelled,2
9283,55,304,1,92.82,92.82,upi,2026-07-04 01:00:40,pending,3
9284,766,336,3,252.0,756.0,credit_card,2026-04-08 14:27:24,completed,1
9285,271,190,4,364.95,1459.8,upi,2026-02-10 08:52:33,completed,3
9286,175,15,2,483.13,966.26,wallet,2026-03-19 22:00:48,completed,4
9287,550,439,1,313.41,313.41,cod,2026-05-13 02:21:24,refunded,0
9288,497,295,3,243.35,730.05,cod,2026-03-20 01:28:56,completed,0
9289,332,99,3,143.53,430.59,debit_card,2026-03-08 03:54:09,pending,2
9290,159,52,1,448.81,448.81,credit_card,2026-05-18 01:27:03,pending,1
9291,963,232,3,209.31,627.93,debit_card,2026-05-15 16:04:08,completed,2
9292,119,308,3,130.99,392.97,credit_card,2026-04-02 19:46:00,completed,1
9293,836,13,3,377.4,1132.2,cod,2026-04-26 22:52:36,completed,0
9294,75,20,5,279.68,1398.4,wallet,2026-07-07 02:49:34,completed,4
9295,225,467,5,98.98,494.9,credit_card,2026-03-28 15:56:43,completed,1
9296,997,214,4,32.01,128.04,debit_card,2026-02-14 14:57:34,completed,2
9297,233,309,2,207.28,414.56,credit_card,2026-05-10 08:59:15,completed,1
9298,96,113,1,295.37,295.37,upi,2026-04-20 05:08:49,cancelled,3
9299,850,160,4,419.64,1678.56,credit_card,2026-06-06 16:56:28,completed,1
9300,526,472,2,354.58,709.16,cod,2026-06-20 13:43:58,completed,0
9301,722,116,2,355.06,710.12,cod,2026-03-07 11:14:47,completed,0
9302,547,45,3,201.19,603.57,upi,2026-04-25 06:06:51,completed,3
9303,963,111,5,14.86,74.3,debit_card,2026-01-22 06:24:02,cancelled,2
9304,597,161,3,29.58,88.74,upi,2026-05-27 09:32:01,completed,3
9305,421,351,2,429.96,859.92,upi,2026-02-25 03:09:59,completed,3
9306,500,273,5,476.01,2380.05,cod,2026-07-14 16:52:29,pending,0
9307,367,73,5,116.14,580.7,upi,2026-06-05 02:19:12,refunded,3
9308,604,447,1,180.91,180.91,wallet,2026-02-27 13:25:35,pending,4
9309,504,215,5,42.06,210.3,debit_card,2026-01-23 11:06:26,completed,2
9310,606,408,5,412.7,2063.5,upi,2026-02-09 05:50:49,completed,3
9311,608,416,2,183.2,366.4,debit_card,2026-05-07 04:17:32,completed,2
9312,828,90,3,111.44,334.32,wallet,2026-03-16 23:25:25,completed,4
9313,745,399,5,186.72,933.6,wallet,2026-05-24 17:37:35,pending,4
9314,195,48,3,40.06,120.18,upi,2026-01-30 18:32:44,completed,3
9315,981,439,2,313.41,626.82,debit_card,2026-05-31 18:36:13,pending,2
9316,522,305,3,377.43,1132.29,wallet,2026-06-27 08:00:12,refunded,4
9317,369,243,2,105.53,211.06,cod,2026-04-04 02:50:08,completed,0
9318,306,495,3,344.49,1033.47,upi,2026-01-28 01:06:54,completed,3
9319,498,291,3,260.6,781.8,debit_card,2026-02-27 09:03:36,refunded,2
9320,666,135,4,196.83,787.32,wallet,2026-05-28 00:18:26,completed,4
9321,431,65,2,306.37,612.74,credit_card,2026-06-09 15:08:48,completed,1
9322,787,499,2,279.81,559.62,wallet,2026-07-02 07:34:35,completed,4
9323,208,156,5,440.27,2201.35,credit_card,2026-07-01 14:21:10,completed,1
9324,857,240,1,55.73,55.73,cod,2026-06-11 09:54:37,completed,0
9325,286,315,5,226.06,1130.3,cod,2026-05-16 13:54:35,pending,0
9326,231,156,5,440.27,2201.35,credit_card,2026-06-13 00:18:16,completed,1
9327,845,274,5,39.56,197.8,cod,2026-04-21 17:16:17,completed,0
9328,70,19,5,73.24,366.2,credit_card,2026-04-22 16:46:43,completed,1
9329,329,130,3,207.59,622.77,upi,2026-07-05 05:41:46,completed,3
9330,846,55,5,261.29,1306.45,debit_card,2026-04-08 20:38:37,completed,2
9331,95,390,3,200.93,602.79,credit_card,2026-03-15 10:40:57,completed,1
9332,911,161,1,29.58,29.58,cod,2026-05-01 18:22:59,completed,0
9333,30,468,4,214.12,856.48,wallet,2026-04-03 02:23:01,pending,4
9334,702,394,5,490.93,2454.65,upi,2026-07-14 00:22:15,completed,3
9335,669,24,5,20.28,101.4,credit_card,2026-03-27 01:47:18,completed,1
9336,906,229,4,347.45,1389.8,debit_card,2026-04-15 04:07:10,completed,2
9337,921,426,4,350.4,1401.6,upi,2026-02-10 17:30:31,completed,3
9338,429,78,3,486.07,1458.21,upi,2026-02-12 22:49:07,completed,3
9339,859,245,3,491.81,1475.43,credit_card,2026-06-18 08:05:41,completed,1
9340,527,162,1,138.2,138.2,credit_card,2026-03-16 02:18:52,completed,1
9341,978,9,2,465.31,930.62,upi,2026-03-27 16:06:20,completed,3
9342,372,384,4,448.37,1793.48,cod,2026-03-04 09:56:00,completed,0
9343,615,42,4,13.06,52.24,wallet,2026-01-21 00:15:08,pending,4
9344,633,128,4,492.71,1970.84,cod,2026-07-13 05:17:41,pending,0
9345,787,351,1,429.96,429.96,cod,2026-03-26 18:25:09,pending,0
9346,39,457,4,70.12,280.48,cod,2026-05-12 08:49:42,completed,0
9347,563,106,3,330.15,990.45,cod,2026-05-08 10:14:15,completed,0
9348,424,179,2,73.0,146.0,credit_card,2026-02-13 11:17:08,completed,1
9349,354,92,4,476.29,1905.16,upi,2026-03-19 12:14:40,completed,3
9350,370,423,4,43.85,175.4,wallet,2026-05-19 16:01:19,completed,4
9351,106,418,5,111.34,556.7,debit_card,2026-02-15 06:20:09,completed,2
9352,79,191,1,357.0,357.0,credit_card,2026-07-12 18:37:04,completed,1
9353,795,363,5,18.05,90.25,credit_card,2026-03-17 04:17:54,completed,1
9354,556,455,5,420.56,2102.8,wallet,2026-03-23 07:34:36,completed,4
9355,338,27,3,381.2,1143.6,debit_card,2026-03-03 22:48:59,completed,2
9356,257,489,2,424.66,849.32,cod,2026-06-20 18:31:35,completed,0
9357,324,29,2,222.34,444.68,debit_card,2026-05-25 01:45:41,completed,2
9358,311,224,4,448.95,1795.8,upi,2026-04-24 02:18:20,completed,3
9359,40,272,1,148.87,148.87,credit_card,2026-07-16 10:53:00,completed,1
9360,910,181,5,160.14,800.7,wallet,2026-03-18 10:26:49,completed,4
9361,757,323,3,123.43,370.29,wallet,2026-03-10 10:00:19,completed,4
9362,440,140,2,44.08,88.16,cod,2026-03-28 10:09:26,completed,0
9363,159,286,3,113.32,339.96,wallet,2026-04-15 01:03:19,completed,4
9364,613,254,4,193.78,775.12,debit_card,2026-03-30 18:41:34,completed,2
9365,365,16,4,177.22,708.88,credit_card,2026-01-22 21:40:07,pending,1
9366,974,388,2,321.07,642.14,upi,2026-04-22 20:14:40,cancelled,3
9367,975,137,2,35.51,71.02,cod,2026-04-03 19:20:14,completed,0
9368,16,191,1,357.0,357.0,cod,2026-04-15 12:11:59,completed,0
9369,706,470,1,165.11,165.11,cod,2026-03-31 22:02:02,completed,0
9370,93,378,4,59.63,238.52,wallet,2026-03-19 09:40:58,completed,4
9371,710,463,3,444.36,1333.08,wallet,2026-03-04 11:32:44,completed,4
9372,244,5,5,243.97,1219.85,debit_card,2026-05-29 22:21:08,completed,2
9373,773,208,5,402.12,2010.6,debit_card,2026-02-09 14:34:47,completed,2
9374,251,483,4,84.86,339.44,upi,2026-07-04 19:24:24,completed,3
9375,678,430,4,103.06,412.24,debit_card,2026-04-13 06:37:29,completed,2
9376,102,60,2,146.81,293.62,wallet,2026-03-23 22:50:27,completed,4
9377,260,322,1,393.06,393.06,debit_card,2026-04-26 15:06:52,completed,2
9378,46,441,4,31.28,125.12,wallet,2026-05-12 14:24:31,completed,4
9379,391,147,4,393.94,1575.76,debit_card,2026-02-21 14:14:26,completed,2
9380,266,87,5,81.93,409.65,credit_card,2026-02-11 19:34:58,pending,1
9381,303,71,2,6.27,12.54,upi,2026-07-12 16:39:33,cancelled,3
9382,175,337,5,105.37,526.85,upi,2026-07-15 22:59:23,completed,3
9383,157,77,5,284.08,1420.4,cod,2026-05-16 17:19:03,completed,0
9384,345,444,1,452.42,452.42,wallet,2026-04-14 02:54:23,pending,4
9385,679,128,1,492.71,492.71,wallet,2026-07-07 09:03:57,completed,4
9386,887,170,3,362.04,1086.12,credit_card,2026-05-29 09:26:21,completed,1
9387,755,123,4,28.83,115.32,wallet,2026-03-16 09:04:50,completed,4
9388,429,344,2,54.87,109.74,cod,2026-05-09 01:28:26,refunded,0
9389,709,197,3,103.33,309.99,wallet,2026-03-08 07:22:44,cancelled,4
9390,812,424,5,465.47,2327.35,upi,2026-05-20 15:32:55,completed,3
9391,31,312,2,284.51,569.02,wallet,2026-07-07 15:30:36,completed,4
9392,910,40,3,164.82,494.46,wallet,2026-03-09 15:26:03,completed,4
9393,369,343,5,232.73,1163.65,credit_card,2026-06-14 02:31:01,completed,1
9394,231,401,2,410.43,820.86,cod,2026-04-07 09:02:08,completed,0
9395,42,428,1,171.4,171.4,credit_card,2026-04-11 13:50:45,completed,1
9396,424,487,1,264.7,264.7,credit_card,2026-02-20 12:53:13,completed,1
9397,541,181,3,160.14,480.42,credit_card,2026-05-30 21:46:56,completed,1
9398,491,283,2,367.95,735.9,wallet,2026-04-22 13:41:36,completed,4
9399,327,259,1,415.23,415.23,upi,2026-02-01 00:08:09,completed,3
9400,920,238,2,137.15,274.3,debit_card,2026-05-08 18:26:28,cancelled,2
9401,451,409,4,472.58,1890.32,cod,2026-04-04 19:08:15,completed,0
9402,636,97,2,30.07,60.14,credit_card,2026-01-29 16:59:38,completed,1
9403,546,297,1,24.4,24.4,cod,2026-03-11 06:29:40,completed,0
9404,24,491,3,120.2,360.6,cod,2026-06-26 09:56:12,completed,0
9405,749,454,5,458.97,2294.85,upi,2026-05-16 09:12:00,completed,3
9406,328,468,3,214.12,642.36,upi,2026-03-09 23:00:02,completed,3
9407,636,20,4,279.68,1118.72,cod,2026-03-12 17:22:47,completed,0
9408,12,36,3,318.04,954.12,credit_card,2026-06-06 15:13:24,completed,1
9409,309,98,4,194.45,777.8,upi,2026-05-24 19:26:01,completed,3
9410,584,221,3,422.94,1268.82,upi,2026-02-21 19:39:19,completed,3
9411,446,491,5,120.2,601.0,upi,2026-02-16 11:46:06,completed,3
9412,230,100,1,208.94,208.94,wallet,2026-03-07 04:55:34,completed,4
9413,692,330,1,283.77,283.77,wallet,2026-05-08 03:35:13,refunded,4
9414,444,480,3,311.78,935.34,upi,2026-01-21 12:37:35,pending,3
9415,16,37,2,204.41,408.82,cod,2026-06-29 20:12:31,cancelled,0
9416,616,7,2,53.32,106.64,credit_card,2026-06-05 00:14:29,completed,1
9417,379,267,4,340.26,1361.04,credit_card,2026-01-23 17:44:17,completed,1
9418,118,155,2,396.79,793.58,cod,2026-06-25 18:01:00,completed,0
9419,859,367,5,467.75,2338.75,upi,2026-03-16 11:50:04,completed,3
9420,965,119,1,162.52,162.52,cod,2026-06-23 10:37:06,completed,0
9421,164,109,1,283.99,283.99,wallet,2026-04-21 18:21:44,pending,4
9422,792,191,3,357.0,1071.0,wallet,2026-05-12 21:43:27,completed,4
9423,794,188,5,264.44,1322.2,credit_card,2026-02-21 01:22:18,completed,1
9424,652,401,4,410.43,1641.72,cod,2026-05-05 12:06:12,refunded,0
9425,465,288,5,441.37,2206.85,upi,2026-04-23 03:11:51,pending,3
9426,83,175,1,115.02,115.02,credit_card,2026-03-17 15:14:42,completed,1
9427,236,376,4,44.21,176.84,upi,2026-02-19 17:37:32,completed,3
9428,738,455,2,420.56,841.12,debit_card,2026-04-09 21:20:28,completed,2
9429,61,423,5,43.85,219.25,credit_card,2026-07-14 15:02:50,pending,1
9430,127,180,1,431.89,431.89,credit_card,2026-03-21 12:55:52,completed,1
9431,477,89,2,136.18,272.36,debit_card,2026-06-26 03:10:56,completed,2
9432,604,29,2,222.34,444.68,credit_card,2026-07-04 02:29:21,completed,1
9433,373,81,2,491.64,983.28,upi,2026-06-28 04:14:14,completed,3
9434,275,389,5,318.29,1591.45,credit_card,2026-05-31 08:57:56,completed,1
9435,96,353,2,183.68,367.36,wallet,2026-04-02 22:49:13,cancelled,4
9436,801,128,2,492.71,985.42,cod,2026-03-28 03:15:06,completed,0
9437,198,437,1,348.43,348.43,credit_card,2026-07-12 13:56:28,completed,1
9438,917,30,3,431.22,1293.66,upi,2026-07-19 02:01:14,completed,3
9439,290,107,4,180.63,722.52,debit_card,2026-06-04 08:07:27,completed,2
9440,944,353,1,183.68,183.68,debit_card,2026-06-23 18:07:42,cancelled,2
9441,483,90,4,111.44,445.76,debit_card,2026-06-12 21:30:22,completed,2
9442,377,194,1,106.72,106.72,credit_card,2026-03-03 00:52:56,completed,1
9443,59,142,4,214.57,858.28,cod,2026-05-24 08:23:07,completed,0
9444,391,90,5,111.44,557.2,wallet,2026-04-02 05:53:23,completed,4
9445,2,382,5,498.99,2494.95,credit_card,2026-03-04 14:11:01,completed,1
9446,870,219,1,22.74,22.74,debit_card,2026-03-17 17:51:10,completed,2
9447,773,77,5,284.08,1420.4,wallet,2026-02-19 00:42:06,pending,4
9448,921,93,1,55.44,55.44,wallet,2026-05-22 19:59:55,completed,4
9449,615,18,3,95.61,286.83,debit_card,2026-06-09 00:29:42,completed,2
9450,822,337,4,105.37,421.48,upi,2026-04-26 19:43:10,completed,3
9451,409,392,5,172.52,862.6,wallet,2026-03-06 23:37:55,completed,4
9452,267,69,3,250.59,751.77,cod,2026-05-06 20:25:47,completed,0
9453,345,106,5,330.15,1650.75,wallet,2026-06-30 23:02:24,completed,4
9454,842,49,3,441.09,1323.27,credit_card,2026-07-04 19:31:26,pending,1
9455,393,450,5,480.5,2402.5,wallet,2026-01-30 18:25:33,completed,4
9456,746,376,3,44.21,132.63,wallet,2026-03-03 00:41:17,completed,4
9457,277,100,5,208.94,1044.7,wallet,2026-06-13 20:20:56,cancelled,4
9458,684,178,3,434.41,1303.23,upi,2026-04-16 03:02:16,completed,3
9459,276,252,2,113.13,226.26,cod,2026-03-15 22:55:45,completed,0
9460,757,246,2,217.11,434.22,cod,2026-01-27 20:54:30,completed,0
9461,432,240,4,55.73,222.92,wallet,2026-04-25 16:37:23,completed,4
9462,889,28,3,152.37,457.11,cod,2026-05-18 09:35:28,completed,0
9463,807,52,1,448.81,448.81,wallet,2026-06-20 05:12:01,refunded,4
9464,527,245,4,491.81,1967.24,debit_card,2026-01-21 08:19:46,completed,2
9465,259,379,4,97.96,391.84,wallet,2026-03-12 15:26:59,completed,4
9466,188,312,5,284.51,1422.55,wallet,2026-03-07 07:21:19,completed,4
9467,277,155,4,396.79,1587.16,upi,2026-02-19 06:51:22,completed,3
9468,769,23,2,210.74,421.48,cod,2026-04-25 02:34:22,completed,0
9469,824,430,3,103.06,309.18,cod,2026-04-11 08:30:30,completed,0
9470,852,138,1,209.92,209.92,cod,2026-02-19 13:32:41,completed,0
9471,160,499,5,279.81,1399.05,wallet,2026-05-22 19:03:03,completed,4
9472,200,396,4,354.78,1419.12,upi,2026-05-14 20:21:05,completed,3
9473,1000,302,1,39.08,39.08,cod,2026-05-19 15:56:45,completed,0
9474,322,265,3,193.8,581.4,credit_card,2026-04-18 20:54:03,completed,1
9475,899,297,1,24.4,24.4,wallet,2026-04-08 03:09:05,completed,4
9476,25,105,5,267.07,1335.35,upi,2026-03-22 21:19:02,completed,3
9477,59,311,3,81.62,244.86,debit_card,2026-06-04 08:47:20,completed,2
9478,960,276,2,88.48,176.96,cod,2026-06-22 12:18:55,completed,0
9479,910,434,3,493.89,1481.67,upi,2026-04-21 20:36:46,completed,3
9480,124,414,4,277.29,1109.16,cod,2026-07-07 21:45:46,completed,0
9481,309,98,5,194.45,972.25,cod,2026-03-08 17:39:43,cancelled,0
9482,819,269,1,473.75,473.75,debit_card,2026-04-12 18:26:30,cancelled,2
9483,825,477,5,383.87,1919.35,cod,2026-04-24 05:29:31,completed,0
9484,461,75,1,490.8,490.8,upi,2026-01-23 00:24:05,completed,3
9485,1,136,2,27.09,54.18,debit_card,2026-03-02 15:32:33,completed,2
9486,985,238,3,137.15,411.45,cod,2026-01-30 01:46:45,completed,0
9487,408,34,5,496.28,2481.4,debit_card,2026-04-16 11:50:05,completed,2
9488,68,279,4,421.69,1686.76,cod,2026-04-23 17:05:24,cancelled,0
9489,21,91,5,201.14,1005.7,cod,2026-05-19 11:17:47,completed,0
9490,11,119,1,162.52,162.52,debit_card,2026-04-10 23:57:56,completed,2
9491,653,371,2,264.04,528.08,credit_card,2026-01-20 21:01:05,pending,1
9492,457,181,3,160.14,480.42,credit_card,2026-05-23 04:35:19,completed,1
9493,546,359,3,117.97,353.91,cod,2026-02-22 19:34:44,completed,0
9494,24,201,3,323.95,971.85,wallet,2026-07-12 00:15:22,pending,4
9495,19,55,2,261.29,522.58,cod,2026-05-19 21:25:27,completed,0
9496,377,105,5,267.07,1335.35,wallet,2026-02-20 06:09:48,cancelled,4
9497,957,221,1,422.94,422.94,wallet,2026-06-24 18:55:05,completed,4
9498,575,382,1,498.99,498.99,cod,2026-03-09 07:13:02,completed,0
9499,832,388,5,321.07,1605.35,wallet,2026-06-30 05:16:51,completed,4
9500,988,392,4,172.52,690.08,credit_card,2026-03-26 23:33:59,completed,1
9501,22,302,3,39.08,117.24,cod,2026-02-12 04:56:36,completed,0
9502,953,219,2,22.74,45.48,upi,2026-03-22 05:36:09,completed,3
9503,523,268,4,74.98,299.92,wallet,2026-05-28 17:24:22,completed,4
9504,990,53,3,160.68,482.04,debit_card,2026-07-17 11:39:09,completed,2
9505,561,482,3,152.73,458.19,debit_card,2026-03-04 01:08:53,completed,2
9506,151,298,2,260.74,521.48,upi,2026-05-04 07:34:07,completed,3
9507,795,24,4,20.28,81.12,debit_card,2026-07-04 16:28:56,completed,2
9508,141,333,4,270.15,1080.6,upi,2026-03-27 09:15:37,completed,3
9509,442,253,1,61.79,61.79,credit_card,2026-02-02 07:09:42,completed,1
9510,698,439,2,313.41,626.82,credit_card,2026-05-16 04:22:17,completed,1
9511,898,189,3,376.31,1128.93,debit_card,2026-04-01 04:39:14,refunded,2
9512,399,334,4,202.47,809.88,upi,2026-02-16 21:25:25,completed,3
9513,230,206,1,400.95,400.95,cod,2026-03-25 22:52:31,completed,0
9514,96,237,1,263.75,263.75,wallet,2026-02-13 04:30:59,completed,4
9515,182,349,4,239.13,956.52,cod,2026-03-28 01:48:07,completed,0
9516,699,357,2,234.56,469.12,debit_card,2026-05-19 13:01:10,completed,2
9517,819,133,2,17.74,35.48,credit_card,2026-06-13 14:05:11,completed,1
9518,945,264,2,464.38,928.76,upi,2026-06-08 08:30:37,completed,3
9519,160,116,1,355.06,355.06,cod,2026-03-22 19:35:29,completed,0
9520,538,244,1,275.57,275.57,upi,2026-04-08 03:20:58,completed,3
9521,284,81,5,491.64,2458.2,cod,2026-03-31 17:18:12,completed,0
9522,845,30,2,431.22,862.44,debit_card,2026-06-29 17:54:40,completed,2
9523,618,211,2,353.76,707.52,debit_card,2026-04-12 12:15:29,completed,2
9524,651,169,3,383.91,1151.73,upi,2026-05-24 11:39:25,completed,3
9525,543,460,2,239.55,479.1,upi,2026-04-25 07:03:33,completed,3
9526,434,499,2,279.81,559.62,cod,2026-05-20 22:26:10,completed,0
9527,709,333,2,270.15,540.3,wallet,2026-07-10 16:17:00,completed,4
9528,727,174,1,238.04,238.04,cod,2026-04-17 11:55:34,completed,0
9529,297,274,3,39.56,118.68,debit_card,2026-02-24 06:28:15,completed,2
9530,526,451,4,80.61,322.44,debit_card,2026-01-27 15:32:29,completed,2
9531,330,187,4,412.8,1651.2,credit_card,2026-07-08 11:15:39,completed,1
9532,360,451,3,80.61,241.83,debit_card,2026-04-04 18:07:41,completed,2
9533,277,122,4,108.79,435.16,debit_card,2026-07-03 11:37:47,completed,2
9534,946,499,2,279.81,559.62,wallet,2026-03-08 10:17:01,completed,4
9535,384,91,3,201.14,603.42,wallet,2026-06-15 01:21:14,cancelled,4
9536,352,388,5,321.07,1605.35,debit_card,2026-04-22 07:52:58,completed,2
9537,191,107,2,180.63,361.26,cod,2026-04-24 18:38:59,completed,0
9538,472,65,5,306.37,1531.85,wallet,2026-07-09 06:14:12,completed,4
9539,627,447,5,180.91,904.55,upi,2026-05-05 17:21:38,completed,3
9540,725,206,2,400.95,801.9,credit_card,2026-04-16 05:00:05,completed,1
9541,704,398,1,84.37,84.37,upi,2026-04-12 14:21:32,pending,3
9542,627,488,2,493.66,987.32,debit_card,2026-06-16 10:12:19,completed,2
9543,732,41,5,395.21,1976.05,cod,2026-06-28 06:40:57,completed,0
9544,194,210,2,444.36,888.72,cod,2026-05-17 01:04:50,completed,0
9545,291,5,5,243.97,1219.85,debit_card,2026-05-05 17:36:26,completed,2
9546,960,305,2,377.43,754.86,upi,2026-01-30 23:16:48,pending,3
9547,883,298,5,260.74,1303.7,credit_card,2026-01-23 10:48:44,completed,1
9548,805,41,4,395.21,1580.84,debit_card,2026-04-30 02:37:42,cancelled,2
9549,702,99,1,143.53,143.53,credit_card,2026-06-04 09:09:35,completed,1
9550,318,402,3,164.69,494.07,upi,2026-05-18 22:37:38,completed,3
9551,133,467,1,98.98,98.98,debit_card,2026-05-20 16:57:12,completed,2
9552,974,163,4,325.45,1301.8,cod,2026-04-29 13:14:32,completed,0
9553,703,254,3,193.78,581.34,upi,2026-01-21 08:17:06,completed,3
9554,868,227,2,387.21,774.42,wallet,2026-04-21 23:30:43,completed,4
9555,145,184,1,269.22,269.22,credit_card,2026-03-26 13:57:25,completed,1
9556,222,386,3,368.98,1106.94,upi,2026-06-06 06:41:32,completed,3
9557,628,244,3,275.57,826.71,upi,2026-03-26 09:32:03,completed,3
9558,746,354,5,65.01,325.05,upi,2026-03-24 06:25:58,completed,3
9559,350,79,4,466.54,1866.16,wallet,2026-02-15 15:29:53,completed,4
9560,439,229,3,347.45,1042.35,credit_card,2026-03-16 17:53:28,cancelled,1
9561,710,96,1,405.6,405.6,upi,2026-06-15 20:50:17,pending,3
9562,751,271,3,337.13,1011.39,debit_card,2026-04-11 10:34:47,completed,2
9563,477,169,1,383.91,383.91,debit_card,2026-06-29 12:15:30,pending,2
9564,489,444,2,452.42,904.84,cod,2026-02-15 18:59:52,completed,0
9565,937,341,4,376.33,1505.32,debit_card,2026-05-11 21:21:41,completed,2
9566,118,440,4,26.52,106.08,upi,2026-03-31 06:35:07,refunded,3
9567,165,128,2,492.71,985.42,wallet,2026-05-26 15:50:45,pending,4
9568,65,14,4,186.07,744.28,wallet,2026-07-05 13:10:22,completed,4
9569,865,3,3,57.44,172.32,debit_card,2026-05-24 21:15:24,pending,2
9570,176,373,4,384.11,1536.44,debit_card,2026-02-09 22:43:15,completed,2
9571,359,45,4,201.19,804.76,debit_card,2026-05-16 22:49:12,pending,2
9572,134,46,3,5.54,16.62,wallet,2026-06-08 11:07:32,cancelled,4
9573,805,65,5,306.37,1531.85,debit_card,2026-05-01 12:21:49,completed,2
9574,11,448,1,439.95,439.95,credit_card,2026-04-30 16:59:03,completed,1
9575,955,96,5,405.6,2028.0,upi,2026-07-14 17:57:16,completed,3
9576,607,281,1,205.54,205.54,debit_card,2026-04-08 03:36:40,completed,2
9577,870,452,4,70.23,280.92,credit_card,2026-02-06 11:08:59,completed,1
9578,881,157,3,21.37,64.11,cod,2026-03-02 05:17:52,completed,0
9579,400,298,1,260.74,260.74,cod,2026-05-16 23:59:42,completed,0
9580,389,180,4,431.89,1727.56,cod,2026-02-10 16:41:55,completed,0
9581,654,221,2,422.94,845.88,cod,2026-04-18 18:34:20,completed,0
9582,804,24,2,20.28,40.56,upi,2026-07-10 19:24:32,completed,3
9583,697,63,2,318.98,637.96,upi,2026-06-09 11:21:23,completed,3
9584,50,498,3,464.26,1392.78,credit_card,2026-03-17 04:41:43,completed,1
9585,567,204,1,167.69,167.69,cod,2026-02-19 18:50:25,completed,0
9586,292,347,2,228.11,456.22,wallet,2026-03-24 22:06:29,completed,4
9587,447,30,1,431.22,431.22,credit_card,2026-02-13 14:42:21,completed,1
9588,105,369,5,158.28,791.4,upi,2026-03-14 19:51:10,completed,3
9589,67,4,5,198.61,993.05,upi,2026-03-17 14:18:57,refunded,3
9590,928,45,3,201.19,603.57,cod,2026-06-26 07:53:05,completed,0
9591,307,249,5,182.25,911.25,wallet,2026-04-11 13:50:14,completed,4
9592,563,333,4,270.15,1080.6,upi,2026-02-03 03:18:26,completed,3
9593,607,239,2,346.84,693.68,upi,2026-03-15 08:21:26,pending,3
9594,193,466,3,200.83,602.49,wallet,2026-05-13 16:35:49,pending,4
9595,511,470,2,165.11,330.22,cod,2026-07-07 01:44:28,completed,0
9596,828,296,5,125.62,628.1,wallet,2026-06-06 04:37:55,completed,4
9597,431,219,1,22.74,22.74,debit_card,2026-06-08 12:20:01,completed,2
9598,667,201,2,323.95,647.9,cod,2026-06-11 13:44:17,cancelled,0
9599,35,213,5,176.15,880.75,debit_card,2026-04-27 01:59:36,completed,2
9600,674,312,2,284.51,569.02,cod,2026-06-02 17:19:52,completed,0
9601,714,373,1,384.11,384.11,upi,2026-03-27 08:16:36,completed,3
9602,820,435,4,462.49,1849.96,cod,2026-04-10 02:57:27,refunded,0
9603,72,166,5,8.64,43.2,cod,2026-05-23 19:32:55,completed,0
9604,649,290,5,185.82,929.1,upi,2026-05-25 02:01:46,completed,3
9605,14,474,2,284.92,569.84,wallet,2026-03-06 17:47:15,completed,4
9606,292,416,2,183.2,366.4,wallet,2026-04-17 08:24:32,completed,4
9607,308,30,5,431.22,2156.1,wallet,2026-07-07 17:43:42,completed,4
9608,417,247,5,7.79,38.95,wallet,2026-05-22 07:56:42,completed,4
9609,425,12,2,227.54,455.08,debit_card,2026-04-04 09:09:15,completed,2
9610,709,317,4,482.46,1929.84,cod,2026-02-24 05:19:58,completed,0
9611,133,317,2,482.46,964.92,debit_card,2026-07-14 05:34:42,completed,2
9612,287,449,2,174.18,348.36,wallet,2026-03-21 16:45:19,completed,4
9613,187,309,1,207.28,207.28,wallet,2026-03-30 06:13:10,completed,4
9614,212,230,3,305.05,915.15,cod,2026-04-20 09:43:03,completed,0
9615,860,199,3,121.08,363.24,cod,2026-04-02 04:35:42,pending,0
9616,561,463,4,444.36,1777.44,credit_card,2026-06-04 22:59:52,completed,1
9617,43,88,1,270.28,270.28,cod,2026-04-01 12:31:28,completed,0
9618,811,219,5,22.74,113.7,wallet,2026-06-22 23:58:34,completed,4
9619,335,73,2,116.14,232.28,cod,2026-05-20 16:06:22,completed,0
9620,451,459,2,423.84,847.68,debit_card,2026-04-21 20:35:33,completed,2
9621,65,225,5,101.98,509.9,debit_card,2026-05-05 15:02:29,refunded,2
9622,180,183,1,318.58,318.58,credit_card,2026-07-09 01:14:54,completed,1
9623,410,425,4,155.87,623.48,cod,2026-03-29 08:40:57,completed,0
9624,53,200,2,78.83,157.66,debit_card,2026-05-22 09:36:56,pending,2
9625,121,307,5,395.83,1979.15,debit_card,2026-04-24 11:42:09,completed,2
9626,494,472,1,354.58,354.58,wallet,2026-06-18 21:00:06,completed,4
9627,355,368,4,230.99,923.96,cod,2026-06-12 23:30:02,completed,0
9628,907,370,1,157.39,157.39,cod,2026-01-27 02:51:48,completed,0
9629,684,137,1,35.51,35.51,wallet,2026-05-10 20:14:16,refunded,4
9630,875,222,5,61.44,307.2,cod,2026-02-09 15:16:01,completed,0
9631,968,283,5,367.95,1839.75,wallet,2026-07-11 09:30:26,completed,4
9632,69,172,3,344.73,1034.19,cod,2026-04-02 19:40:48,completed,0
9633,667,142,4,214.57,858.28,wallet,2026-02-23 13:43:46,completed,4
9634,99,100,3,208.94,626.82,cod,2026-02-12 17:58:04,cancelled,0
9635,116,210,5,444.36,2221.8,wallet,2026-06-20 07:58:48,completed,4
9636,733,144,2,201.69,403.38,upi,2026-01-29 02:30:29,completed,3
9637,250,38,1,293.07,293.07,credit_card,2026-07-06 21:53:12,completed,1
9638,863,426,2,350.4,700.8,wallet,2026-03-16 13:42:24,completed,4
9639,361,308,3,130.99,392.97,cod,2026-04-08 19:06:19,pending,0
9640,627,214,3,32.01,96.03,debit_card,2026-04-02 23:07:51,completed,2
9641,20,276,5,88.48,442.4,upi,2026-03-05 13:52:48,completed,3
9642,670,112,4,359.88,1439.52,credit_card,2026-07-08 19:53:03,completed,1
9643,888,243,5,105.53,527.65,upi,2026-05-26 23:01:42,completed,3
9644,359,171,2,197.2,394.4,debit_card,2026-07-08 23:35:45,completed,2
9645,519,23,5,210.74,1053.7,credit_card,2026-06-11 16:14:41,completed,1
9646,265,369,2,158.28,316.56,upi,2026-02-06 00:37:28,completed,3
9647,120,29,4,222.34,889.36,cod,2026-02-20 13:21:47,completed,0
9648,64,264,2,464.38,928.76,debit_card,2026-06-28 14:25:41,cancelled,2
9649,116,103,5,175.3,876.5,cod,2026-03-27 09:45:30,pending,0
9650,425,436,3,371.09,1113.27,cod,2026-01-25 13:42:45,completed,0
9651,515,368,4,230.99,923.96,debit_card,2026-07-09 19:35:53,completed,2
9652,437,356,5,246.31,1231.55,cod,2026-06-24 17:58:09,refunded,0
9653,366,418,4,111.34,445.36,debit_card,2026-04-14 05:21:35,refunded,2
9654,611,463,5,444.36,2221.8,debit_card,2026-04-13 06:01:24,completed,2
9655,832,334,1,202.47,202.47,cod,2026-01-29 03:09:58,completed,0
9656,553,22,2,408.53,817.06,wallet,2026-04-01 16:46:12,completed,4
9657,545,423,4,43.85,175.4,credit_card,2026-06-19 06:44:23,completed,1
9658,843,220,1,107.39,107.39,upi,2026-02-03 08:49:27,completed,3
9659,325,64,4,33.66,134.64,debit_card,2026-02-15 07:55:59,completed,2
9660,375,479,1,223.73,223.73,upi,2026-03-21 19:39:38,completed,3
9661,438,457,4,70.12,280.48,credit_card,2026-05-11 02:51:23,completed,1
9662,258,162,1,138.2,138.2,wallet,2026-04-30 19:01:47,completed,4
9663,498,41,1,395.21,395.21,cod,2026-02-14 08:09:45,completed,0
9664,251,446,1,155.94,155.94,wallet,2026-07-03 01:02:35,completed,4
9665,851,299,3,112.21,336.63,cod,2026-02-28 03:00:52,completed,0
9666,846,271,2,337.13,674.26,upi,2026-03-16 23:32:53,completed,3
9667,683,321,5,426.03,2130.15,cod,2026-06-23 19:43:35,completed,0
9668,751,442,1,333.18,333.18,cod,2026-04-24 18:05:26,completed,0
9669,205,477,4,383.87,1535.48,wallet,2026-05-15 08:20:30,completed,4
9670,776,57,3,493.51,1480.53,wallet,2026-06-18 07:42:31,completed,4
9671,210,351,3,429.96,1289.88,upi,2026-06-02 20:22:23,completed,3
9672,759,238,4,137.15,548.6,wallet,2026-07-15 10:50:34,completed,4
9673,43,397,5,97.38,486.9,upi,2026-05-14 06:05:32,cancelled,3
9674,35,319,1,23.69,23.69,upi,2026-05-23 16:43:52,refunded,3
9675,25,157,4,21.37,85.48,debit_card,2026-07-10 17:54:04,completed,2
9676,697,271,1,337.13,337.13,debit_card,2026-05-12 12:00:03,completed,2
9677,383,212,5,263.94,1319.7,debit_card,2026-05-03 21:44:16,completed,2
9678,232,24,5,20.28,101.4,cod,2026-02-14 06:33:25,completed,0
9679,633,269,3,473.75,1421.25,upi,2026-01-24 16:14:28,refunded,3
9680,221,430,1,103.06,103.06,upi,2026-01-25 13:27:59,pending,3
9681,245,326,2,177.31,354.62,credit_card,2026-03-12 07:19:35,completed,1
9682,174,184,3,269.22,807.66,credit_card,2026-04-02 07:28:35,completed,1
9683,673,18,5,95.61,478.05,upi,2026-06-29 06:45:53,pending,3
9684,629,64,3,33.66,100.98,upi,2026-05-04 06:10:55,completed,3
9685,165,41,3,395.21,1185.63,debit_card,2026-06-10 16:15:52,completed,2
9686,294,11,1,97.26,97.26,debit_card,2026-03-08 02:20:40,completed,2
9687,566,172,1,344.73,344.73,debit_card,2026-05-13 14:28:49,completed,2
9688,989,154,2,457.15,914.3,upi,2026-02-22 20:31:19,cancelled,3
9689,216,88,4,270.28,1081.12,wallet,2026-07-07 07:01:16,completed,4
9690,192,218,5,161.45,807.25,credit_card,2026-02-03 17:30:40,completed,1
9691,351,265,4,193.8,775.2,credit_card,2026-06-18 22:41:30,completed,1
9692,594,99,4,143.53,574.12,cod,2026-04-27 13:21:38,completed,0
9693,68,197,5,103.33,516.65,credit_card,2026-06-05 07:37:33,completed,1
9694,291,24,4,20.28,81.12,credit_card,2026-05-22 16:45:28,completed,1
9695,437,302,5,39.08,195.4,debit_card,2026-03-26 13:23:00,completed,2
9696,437,142,5,214.57,1072.85,upi,2026-02-03 23:17:07,completed,3
9697,494,87,1,81.93,81.93,wallet,2026-02-17 04:53:39,completed,4
9698,625,142,3,214.57,643.71,credit_card,2026-05-17 16:28:28,cancelled,1
9699,656,324,5,179.8,899.0,wallet,2026-05-01 03:26:32,completed,4
9700,287,247,5,7.79,38.95,credit_card,2026-04-03 02:30:02,completed,1
9701,956,417,2,299.9,599.8,credit_card,2026-03-10 11:46:53,cancelled,1
9702,871,45,3,201.19,603.57,cod,2026-02-03 19:31:17,completed,0
9703,729,196,3,258.23,774.69,cod,2026-05-07 13:14:59,completed,0
9704,921,139,4,212.22,848.88,cod,2026-07-14 05:12:53,completed,0
9705,402,286,5,113.32,566.6,upi,2026-05-05 09:08:49,completed,3
9706,896,163,2,325.45,650.9,debit_card,2026-07-07 19:03:07,completed,2
9707,518,473,4,475.13,1900.52,credit_card,2026-03-28 16:06:33,completed,1
9708,801,332,1,340.07,340.07,upi,2026-01-29 03:16:22,completed,3
9709,119,49,1,441.09,441.09,debit_card,2026-04-15 16:30:42,completed,2
9710,201,63,5,318.98,1594.9,wallet,2026-06-05 01:31:08,completed,4
9711,920,499,1,279.81,279.81,credit_card,2026-02-24 16:45:27,refunded,1
9712,397,385,2,195.47,390.94,wallet,2026-01-23 06:22:29,completed,4
9713,864,151,3,172.24,516.72,wallet,2026-02-06 08:14:53,completed,4
9714,705,445,1,252.82,252.82,upi,2026-03-10 11:55:54,completed,3
9715,726,84,2,297.99,595.98,upi,2026-04-18 02:42:36,completed,3
9716,489,232,1,209.31,209.31,wallet,2026-03-10 14:19:35,completed,4
9717,900,383,1,32.74,32.74,cod,2026-05-27 09:51:53,refunded,0
9718,744,181,1,160.14,160.14,upi,2026-05-10 15:13:39,completed,3
9719,914,384,1,448.37,448.37,wallet,2026-05-16 22:29:49,completed,4
9720,976,179,1,73.0,73.0,credit_card,2026-02-12 17:02:28,completed,1
9721,769,431,5,498.55,2492.75,cod,2026-02-04 01:25:46,completed,0
9722,87,195,1,332.93,332.93,debit_card,2026-05-24 08:51:10,completed,2
9723,188,480,3,311.78,935.34,cod,2026-05-20 01:55:27,completed,0
9724,737,279,5,421.69,2108.45,wallet,2026-04-07 13:39:20,completed,4
9725,799,222,1,61.44,61.44,debit_card,2026-07-08 04:02:44,refunded,2
9726,578,148,4,329.12,1316.48,debit_card,2026-02-26 07:26:35,completed,2
9727,30,365,1,370.11,370.11,debit_card,2026-05-01 11:42:17,completed,2
9728,667,369,5,158.28,791.4,cod,2026-05-13 07:54:28,completed,0
9729,900,489,3,424.66,1273.98,upi,2026-03-17 20:55:54,completed,3
9730,681,110,3,91.9,275.7,credit_card,2026-02-28 16:28:42,completed,1
9731,328,45,2,201.19,402.38,wallet,2026-04-24 19:50:55,completed,4
9732,570,244,2,275.57,551.14,upi,2026-04-25 14:04:23,completed,3
9733,413,382,4,498.99,1995.96,credit_card,2026-03-30 09:48:07,completed,1
9734,353,147,5,393.94,1969.7,credit_card,2026-02-19 13:12:06,completed,1
9735,64,130,3,207.59,622.77,debit_card,2026-03-05 18:50:36,completed,2
9736,16,393,2,352.16,704.32,credit_card,2026-05-05 16:38:24,completed,1
9737,329,340,5,247.95,1239.75,cod,2026-06-19 03:34:59,completed,0
9738,989,188,1,264.44,264.44,wallet,2026-02-15 03:12:38,completed,4
9739,318,469,5,49.77,248.85,upi,2026-02-28 05:20:54,completed,3
9740,706,184,3,269.22,807.66,upi,2026-04-07 14:11:31,completed,3
9741,17,319,2,23.69,47.38,credit_card,2026-05-18 01:50:44,completed,1
9742,784,47,5,9.6,48.0,debit_card,2026-02-25 20:30:46,completed,2
9743,331,396,2,354.78,709.56,debit_card,2026-04-28 23:02:53,completed,2
9744,156,127,3,444.53,1333.59,debit_card,2026-02-04 11:31:11,pending,2
9745,665,324,1,179.8,179.8,wallet,2026-04-20 01:09:47,completed,4
9746,731,377,4,405.36,1621.44,upi,2026-04-02 02:57:48,completed,3
9747,98,169,3,383.91,1151.73,cod,2026-05-16 00:01:56,completed,0
9748,932,5,3,243.97,731.91,credit_card,2026-02-21 13:43:22,completed,1
9749,544,4,1,198.61,198.61,upi,2026-03-10 01:08:47,completed,3
9750,643,429,2,202.27,404.54,cod,2026-05-24 16:13:37,completed,0
9751,966,422,5,410.66,2053.3,debit_card,2026-04-10 12:13:40,pending,2
9752,287,146,5,285.46,1427.3,credit_card,2026-01-23 20:51:23,completed,1
9753,534,390,2,200.93,401.86,cod,2026-05-12 21:26:35,completed,0
9754,736,240,2,55.73,111.46,wallet,2026-04-19 12:14:05,completed,4
9755,497,116,2,355.06,710.12,cod,2026-06-26 14:11:12,completed,0
9756,597,265,4,193.8,775.2,debit_card,2026-06-09 11:40:04,completed,2
9757,640,496,1,168.6,168.6,upi,2026-07-13 00:20:24,completed,3
9758,641,421,3,368.46,1105.3799999999999,cod,2026-07-09 10:44:01,pending,0
9759,471,495,5,344.49,1722.45,cod,2026-03-05 09:02:33,completed,0
9760,25,129,2,445.43,890.86,debit_card,2026-06-06 04:14:33,completed,2
9761,572,385,1,195.47,195.47,cod,2026-07-03 13:58:30,completed,0
9762,734,35,3,357.14,1071.42,debit_card,2026-06-22 01:13:55,completed,2
9763,280,226,4,359.81,1439.24,wallet,2026-04-21 13:07:22,pending,4
9764,230,101,3,72.93,218.79,cod,2026-07-10 16:18:14,completed,0
9765,560,28,4,152.37,609.48,wallet,2026-03-09 04:35:12,completed,4
9766,580,414,5,277.29,1386.45,wallet,2026-04-12 11:05:11,pending,4
9767,162,50,2,283.83,567.66,cod,2026-04-22 14:35:04,completed,0
9768,519,5,1,243.97,243.97,debit_card,2026-02-11 23:46:09,completed,2
9769,484,174,5,238.04,1190.2,upi,2026-06-23 00:55:29,completed,3
9770,957,22,5,408.53,2042.65,upi,2026-06-07 11:25:42,completed,3
9771,877,235,3,348.68,1046.04,wallet,2026-02-01 05:53:01,pending,4
9772,851,27,4,381.2,1524.8,cod,2026-06-30 22:42:50,completed,0
9773,927,133,2,17.74,35.48,upi,2026-07-06 09:40:12,completed,3
9774,344,472,4,354.58,1418.32,credit_card,2026-07-11 13:33:14,pending,1
9775,296,498,4,464.26,1857.04,cod,2026-07-06 01:52:28,refunded,0
9776,765,351,5,429.96,2149.8,cod,2026-03-26 09:18:37,completed,0
9777,3,54,4,302.49,1209.96,debit_card,2026-07-17 19:51:00,completed,2
9778,600,433,2,185.81,371.62,cod,2026-06-04 19:18:44,completed,0
9779,262,3,4,57.44,229.76,credit_card,2026-04-14 12:19:49,completed,1
9780,512,87,4,81.93,327.72,cod,2026-02-23 23:03:04,completed,0
9781,513,368,1,230.99,230.99,upi,2026-07-09 08:32:12,completed,3
9782,921,321,2,426.03,852.06,credit_card,2026-02-07 23:45:20,completed,1
9783,294,350,2,269.32,538.64,debit_card,2026-01-26 09:44:21,completed,2
9784,14,153,1,365.76,365.76,cod,2026-07-16 13:45:01,completed,0
9785,502,188,1,264.44,264.44,upi,2026-02-09 06:59:30,completed,3
9786,845,426,4,350.4,1401.6,cod,2026-02-08 21:04:33,completed,0
9787,868,300,5,416.03,2080.15,cod,2026-04-30 08:03:25,completed,0
9788,245,211,4,353.76,1415.04,credit_card,2026-07-08 19:25:49,completed,1
9789,34,267,4,340.26,1361.04,debit_card,2026-04-08 18:15:47,completed,2
9790,794,280,1,365.08,365.08,upi,2026-05-26 23:32:57,completed,3
9791,824,206,1,400.95,400.95,debit_card,2026-06-10 22:58:56,completed,2
9792,484,91,1,201.14,201.14,cod,2026-06-01 20:32:09,completed,0
9793,701,475,1,385.73,385.73,debit_card,2026-03-26 01:53:36,pending,2
9794,216,333,5,270.15,1350.75,credit_card,2026-03-29 11:45:02,pending,1
9795,716,343,5,232.73,1163.65,debit_card,2026-03-09 02:34:01,completed,2
9796,363,290,5,185.82,929.1,cod,2026-06-06 04:44:42,completed,0
9797,151,17,2,46.95,93.9,debit_card,2026-05-31 02:35:38,completed,2
9798,148,67,3,67.83,203.49,upi,2026-06-20 20:40:52,completed,3
9799,810,420,3,120.33,360.99,debit_card,2026-04-22 12:33:00,pending,2
9800,969,157,1,21.37,21.37,cod,2026-05-25 05:30:58,completed,0
9801,104,266,3,113.83,341.49,debit_card,2026-04-12 12:27:48,completed,2
9802,889,48,3,40.06,120.18,cod,2026-06-26 15:33:30,pending,0
9803,863,254,1,193.78,193.78,debit_card,2026-06-17 15:49:03,completed,2
9804,795,237,1,263.75,263.75,credit_card,2026-03-19 09:06:22,completed,1
9805,576,299,5,112.21,561.05,credit_card,2026-06-26 18:52:03,completed,1
9806,512,23,2,210.74,421.48,debit_card,2026-03-30 23:03:55,cancelled,2
9807,869,116,4,355.06,1420.24,credit_card,2026-04-08 19:22:32,completed,1
9808,708,462,4,92.65,370.6,cod,2026-04-08 16:18:04,completed,0
9809,222,198,1,151.2,151.2,cod,2026-05-02 06:17:37,completed,0
9810,581,271,5,337.13,1685.65,upi,2026-02-26 22:30:30,completed,3
9811,192,3,5,57.44,287.2,wallet,2026-07-02 06:33:42,cancelled,4
9812,953,403,4,26.67,106.68,cod,2026-05-18 15:25:09,completed,0
9813,347,406,2,360.33,720.66,wallet,2026-06-10 00:19:52,completed,4
9814,906,10,4,168.84,675.36,wallet,2026-02-08 03:09:06,completed,4
9815,989,393,1,352.16,352.16,upi,2026-04-29 05:31:18,refunded,3
9816,991,292,2,8.27,16.54,wallet,2026-01-31 11:59:16,completed,4
9817,678,8,1,27.12,27.12,upi,2026-04-13 09:21:07,completed,3
9818,999,191,5,357.0,1785.0,wallet,2026-05-16 18:07:01,completed,4
9819,248,232,1,209.31,209.31,debit_card,2026-06-22 05:22:53,pending,2
9820,360,188,1,264.44,264.44,upi,2026-01-24 23:09:55,completed,3
9821,634,402,3,164.69,494.07,credit_card,2026-04-12 08:39:33,completed,1
9822,994,35,1,357.14,357.14,credit_card,2026-02-22 18:04:28,completed,1
9823,927,24,3,20.28,60.84,upi,2026-03-31 22:53:02,completed,3
9824,110,362,2,87.62,175.24,wallet,2026-03-26 20:33:32,completed,4
9825,793,338,3,460.49,1381.47,debit_card,2026-06-02 17:56:57,completed,2
9826,542,11,3,97.26,291.78,cod,2026-02-14 09:04:54,completed,0
9827,42,320,1,473.13,473.13,wallet,2026-04-01 08:36:25,completed,4
9828,634,363,4,18.05,72.2,upi,2026-02-21 09:39:12,pending,3
9829,501,343,4,232.73,930.92,debit_card,2026-02-18 18:08:04,completed,2
9830,38,34,1,496.28,496.28,cod,2026-05-25 22:55:14,pending,0
9831,81,35,3,357.14,1071.42,cod,2026-06-27 00:46:15,completed,0
9832,465,364,2,81.86,163.72,credit_card,2026-05-12 13:02:21,pending,1
9833,222,195,3,332.93,998.79,credit_card,2026-03-19 11:25:44,completed,1
9834,389,38,5,293.07,1465.35,debit_card,2026-06-19 06:02:04,completed,2
9835,7,425,1,155.87,155.87,debit_card,2026-03-12 11:23:58,cancelled,2
9836,792,197,1,103.33,103.33,wallet,2026-07-11 16:01:41,completed,4
9837,368,41,3,395.21,1185.63,cod,2026-02-17 18:54:01,completed,0
9838,494,351,2,429.96,859.92,credit_card,2026-05-30 11:02:09,completed,1
9839,301,29,3,222.34,667.02,debit_card,2026-06-16 13:54:06,completed,2
9840,818,459,1,423.84,423.84,cod,2026-02-06 10:00:49,completed,0
9841,651,139,1,212.22,212.22,upi,2026-01-21 12:51:32,completed,3
9842,621,101,1,72.93,72.93,cod,2026-05-13 16:00:35,completed,0
9843,653,17,5,46.95,234.75,debit_card,2026-05-15 20:01:21,completed,2
9844,673,468,4,214.12,856.48,debit_card,2026-02-08 05:07:57,completed,2
9845,74,158,1,412.64,412.64,wallet,2026-05-28 19:05:24,pending,4
9846,364,393,4,352.16,1408.64,cod,2026-06-07 05:45:50,completed,0
9847,725,109,2,283.99,567.98,debit_card,2026-06-17 23:50:25,refunded,2
9848,260,470,3,165.11,495.33000000000004,wallet,2026-02-09 23:21:02,completed,4
9849,609,496,3,168.6,505.8,cod,2026-05-23 22:51:02,refunded,0
9850,131,500,5,484.96,2424.8,wallet,2026-01-21 12:11:02,completed,4
9851,931,175,2,115.02,230.04,upi,2026-06-25 08:52:31,completed,3
9852,414,229,1,347.45,347.45,credit_card,2026-06-28 18:10:43,completed,1
9853,977,246,5,217.11,1085.55,debit_card,2026-03-06 08:24:54,cancelled,2
9854,353,281,1,205.54,205.54,credit_card,2026-04-08 20:57:20,completed,1
9855,312,142,2,214.57,429.14,debit_card,2026-04-20 18:57:38,completed,2
9856,632,325,3,369.78,1109.34,upi,2026-01-26 09:20:01,completed,3
9857,257,42,1,13.06,13.06,debit_card,2026-03-17 20:10:04,completed,2
9858,729,284,3,253.57,760.71,upi,2026-02-13 00:01:33,completed,3
9859,659,214,3,32.01,96.03,debit_card,2026-03-10 02:19:36,refunded,2
9860,162,277,4,71.48,285.92,debit_card,2026-02-25 11:52:45,refunded,2
9861,639,32,5,300.44,1502.2,credit_card,2026-02-06 07:04:30,pending,1
9862,235,14,1,186.07,186.07,cod,2026-06-09 19:22:41,completed,0
9863,95,364,4,81.86,327.44,wallet,2026-05-25 16:03:35,completed,4
9864,955,262,1,197.08,197.08,cod,2026-07-13 15:34:27,completed,0
9865,702,219,1,22.74,22.74,credit_card,2026-03-15 01:08:17,completed,1
9866,355,61,4,322.07,1288.28,debit_card,2026-01-29 21:13:55,completed,2
9867,24,62,5,44.12,220.6,upi,2026-02-12 04:49:06,completed,3
9868,266,353,5,183.68,918.4,debit_card,2026-05-10 22:25:02,completed,2
9869,891,268,3,74.98,224.94,debit_card,2026-02-21 02:11:52,completed,2
9870,793,353,5,183.68,918.4,cod,2026-05-18 08:07:12,completed,0
9871,652,56,4,249.97,999.88,wallet,2026-03-08 11:58:02,completed,4
9872,527,415,5,306.16,1530.8,cod,2026-02-04 09:13:15,completed,0
9873,564,407,2,401.5,803.0,debit_card,2026-03-22 03:19:20,completed,2
9874,639,148,4,329.12,1316.48,credit_card,2026-04-16 10:28:04,completed,1
9875,272,180,4,431.89,1727.56,cod,2026-01-31 21:40:48,completed,0
9876,520,281,3,205.54,616.62,wallet,2026-05-01 08:40:25,pending,4
9877,919,338,5,460.49,2302.45,cod,2026-02-10 22:26:10,completed,0
9878,319,331,3,431.7,1295.1,credit_card,2026-02-28 10:25:14,completed,1
9879,808,402,1,164.69,164.69,debit_card,2026-03-07 22:21:52,completed,2
9880,97,409,1,472.58,472.58,upi,2026-01-27 12:35:47,completed,3
9881,802,185,1,13.87,13.87,credit_card,2026-02-16 09:52:28,completed,1
9882,639,466,4,200.83,803.32,debit_card,2026-06-26 01:05:30,completed,2
9883,980,116,3,355.06,1065.18,upi,2026-06-16 18:46:19,completed,3
9884,466,103,1,175.3,175.3,wallet,2026-06-27 10:04:26,completed,4
9885,579,252,3,113.13,339.39,credit_card,2026-03-09 08:56:15,completed,1
9886,46,100,5,208.94,1044.7,wallet,2026-06-04 05:26:21,completed,4
9887,673,272,2,148.87,297.74,credit_card,2026-02-02 03:15:06,completed,1
9888,685,19,2,73.24,146.48,upi,2026-02-15 14:24:47,pending,3
9889,501,451,5,80.61,403.05,upi,2026-04-12 00:27:49,completed,3
9890,620,404,5,245.26,1226.3,cod,2026-07-10 04:49:23,pending,0
9891,438,473,5,475.13,2375.65,wallet,2026-05-05 05:17:49,completed,4
9892,495,82,3,26.73,80.19,credit_card,2026-05-03 10:43:03,completed,1
9893,964,210,2,444.36,888.72,upi,2026-02-22 20:48:25,completed,3
9894,502,48,1,40.06,40.06,credit_card,2026-06-10 15:29:49,completed,1
9895,203,62,5,44.12,220.6,upi,2026-03-28 07:23:49,pending,3
9896,584,458,1,119.3,119.3,cod,2026-01-22 05:14:01,completed,0
9897,42,292,5,8.27,41.35,upi,2026-02-14 01:38:10,completed,3
9898,172,193,1,211.3,211.3,upi,2026-05-14 00:23:41,completed,3
9899,688,100,1,208.94,208.94,cod,2026-06-14 21:37:44,completed,0
9900,397,438,1,108.46,108.46,credit_card,2026-03-30 06:00:06,pending,1
9901,600,50,2,283.83,567.66,cod,2026-04-26 13:52:19,refunded,0
9902,207,338,2,460.49,920.98,credit_card,2026-02-14 17:42:28,completed,1
9903,599,5,5,243.97,1219.85,debit_card,2026-02-02 11:37:49,completed,2
9904,906,474,3,284.92,854.76,wallet,2026-05-22 23:16:50,completed,4
9905,989,402,3,164.69,494.07,debit_card,2026-06-19 17:04:09,completed,2
9906,62,373,2,384.11,768.22,wallet,2026-04-01 20:42:55,completed,4
9907,404,14,2,186.07,372.14,wallet,2026-06-27 19:17:11,completed,4
9908,808,190,2,364.95,729.9,cod,2026-04-04 19:45:19,completed,0
9909,797,440,5,26.52,132.6,cod,2026-02-24 07:16:46,completed,0
9910,520,79,5,466.54,2332.7,upi,2026-05-03 09:43:59,completed,3
9911,809,268,5,74.98,374.9,upi,2026-07-06 11:47:45,cancelled,3
9912,276,480,4,311.78,1247.12,wallet,2026-03-18 22:00:07,completed,4
9913,189,443,1,434.37,434.37,debit_card,2026-07-17 02:56:36,pending,2
9914,242,275,3,331.41,994.23,cod,2026-03-16 20:14:12,completed,0
9915,273,222,5,61.44,307.2,cod,2026-06-29 02:38:13,completed,0
9916,299,38,3,293.07,879.21,credit_card,2026-06-12 14:11:20,completed,1
9917,521,187,1,412.8,412.8,wallet,2026-03-07 07:18:10,completed,4
9918,865,250,1,38.75,38.75,upi,2026-06-19 13:51:02,cancelled,3
9919,479,66,5,352.24,1761.2,upi,2026-02-28 02:48:08,completed,3
9920,705,251,4,114.49,457.96,upi,2026-04-19 11:03:58,completed,3
9921,261,370,5,157.39,786.95,credit_card,2026-01-31 22:30:45,completed,1
9922,565,44,2,51.2,102.4,credit_card,2026-07-11 19:44:41,pending,1
9923,989,205,1,95.52,95.52,debit_card,2026-07-13 22:38:56,completed,2
9924,651,287,5,26.19,130.95,credit_card,2026-07-11 00:48:34,completed,1
9925,774,152,1,486.39,486.39,upi,2026-06-04 12:41:39,pending,3
9926,746,424,4,465.47,1861.88,upi,2026-05-28 14:46:50,completed,3
9927,916,371,2,264.04,528.08,upi,2026-04-29 20:16:38,completed,3
9928,601,310,1,190.64,190.64,wallet,2026-03-29 10:39:53,pending,4
9929,235,40,4,164.82,659.28,cod,2026-02-07 21:08:53,refunded,0
9930,379,378,3,59.63,178.89,credit_card,2026-05-07 19:21:14,completed,1
9931,633,481,5,32.26,161.3,credit_card,2026-04-08 01:10:45,completed,1
9932,967,340,4,247.95,991.8,wallet,2026-03-14 04:10:25,completed,4
9933,911,93,3,55.44,166.32,credit_card,2026-02-02 21:34:32,completed,1
9934,888,443,5,434.37,2171.85,upi,2026-03-14 09:03:14,completed,3
9935,279,462,3,92.65,277.95,upi,2026-03-28 17:55:41,cancelled,3
9936,344,301,2,135.94,271.88,credit_card,2026-05-07 05:45:12,completed,1
9937,879,389,5,318.29,1591.45,debit_card,2026-04-07 16:30:19,completed,2
9938,242,60,1,146.81,146.81,upi,2026-02-04 20:07:08,completed,3
9939,932,343,4,232.73,930.92,cod,2026-07-14 12:58:11,completed,0
9940,968,342,3,21.12,63.36,cod,2026-06-15 13:46:38,completed,0
9941,65,129,5,445.43,2227.15,wallet,2026-05-24 03:01:25,completed,4
9942,200,139,1,212.22,212.22,credit_card,2026-03-22 11:39:23,completed,1
9943,262,188,5,264.44,1322.2,cod,2026-04-04 03:28:58,completed,0
9944,365,213,2,176.15,352.3,cod,2026-05-10 03:16:08,completed,0
9945,116,373,5,384.11,1920.55,cod,2026-06-03 05:30:41,completed,0
9946,952,345,1,122.38,122.38,cod,2026-05-20 18:07:24,completed,0
9947,943,342,2,21.12,42.24,upi,2026-03-13 03:48:26,refunded,3
9948,252,57,2,493.51,987.02,cod,2026-05-15 21:54:54,cancelled,0
9949,451,447,3,180.91,542.73,wallet,2026-06-18 16:33:00,completed,4
9950,693,244,5,275.57,1377.85,wallet,2026-05-30 05:57:53,completed,4
9951,549,114,3,353.75,1061.25,upi,2026-03-21 09:29:21,completed,3
9952,676,345,5,122.38,611.9,wallet,2026-07-12 18:35:14,completed,4
9953,443,147,1,393.94,393.94,upi,2026-03-19 10:34:37,completed,3
9954,972,1,3,23.2,69.6,debit_card,2026-07-11 23:32:21,completed,2
9955,192,366,3,19.14,57.42,credit_card,2026-07-06 07:02:21,completed,1
9956,461,55,4,261.29,1045.16,cod,2026-04-12 20:57:58,refunded,0
9957,894,308,3,130.99,392.97,upi,2026-03-16 12:16:47,completed,3
9958,832,282,4,238.69,954.76,wallet,2026-05-25 01:26:40,completed,4
9959,354,431,2,498.55,997.1,credit_card,2026-03-07 10:01:06,completed,1
9960,897,115,5,164.69,823.45,wallet,2026-07-07 04:46:02,completed,4
9961,783,387,1,468.43,468.43,wallet,2026-07-01 20:09:35,completed,4
9962,104,362,1,87.62,87.62,cod,2026-02-21 09:01:58,completed,0
9963,573,213,1,176.15,176.15,debit_card,2026-07-04 17:19:55,completed,2
9964,496,445,4,252.82,1011.28,wallet,2026-05-24 17:42:06,completed,4
9965,309,219,3,22.74,68.22,upi,2026-04-06 19:17:09,completed,3
9966,107,223,2,415.79,831.58,debit_card,2026-07-06 22:23:32,completed,2
9967,641,156,5,440.27,2201.35,cod,2026-07-17 19:37:21,completed,0
9968,210,122,2,108.79,217.58,cod,2026-04-09 19:54:33,completed,0
9969,118,205,1,95.52,95.52,upi,2026-06-22 00:14:17,completed,3
9970,288,78,3,486.07,1458.21,credit_card,2026-06-28 06:29:56,pending,1
9971,829,18,5,95.61,478.05,wallet,2026-04-06 04:05:38,completed,4
9972,426,295,1,243.35,243.35,cod,2026-06-19 22:03:52,cancelled,0
9973,337,186,4,68.82,275.28,debit_card,2026-03-11 13:31:11,completed,2
9974,769,316,4,203.28,813.12,upi,2026-02-23 17:58:40,cancelled,3
9975,726,440,1,26.52,26.52,debit_card,2026-05-18 13:44:31,completed,2
9976,736,329,4,402.46,1609.84,debit_card,2026-06-18 06:49:11,completed,2
9977,40,104,4,17.9,71.6,wallet,2026-02-09 19:05:33,completed,4
9978,241,216,4,255.93,1023.72,upi,2026-05-15 03:38:02,cancelled,3
9979,187,11,4,97.26,389.04,upi,2026-02-09 18:29:19,completed,3
9980,670,6,2,159.39,318.78,credit_card,2026-05-10 22:45:59,refunded,1
9981,1,500,4,484.96,1939.84,debit_card,2026-05-20 20:58:13,pending,2
9982,505,383,2,32.74,65.48,wallet,2026-07-07 12:04:44,pending,4
9983,962,242,4,211.2,844.8,upi,2026-05-02 04:14:47,completed,3
9984,289,433,5,185.81,929.05,credit_card,2026-06-13 06:24:18,cancelled,1
9985,345,280,5,365.08,1825.4,wallet,2026-04-21 08:21:20,completed,4
9986,20,290,5,185.82,929.1,cod,2026-06-07 07:01:49,completed,0
9987,424,364,5,81.86,409.3,wallet,2026-02-08 06:28:49,completed,4
9988,955,32,5,300.44,1502.2,cod,2026-07-18 13:14:11,completed,0
9989,78,26,4,61.04,244.16,debit_card,2026-07-08 07:04:54,completed,2
9990,816,365,4,370.11,1480.44,wallet,2026-02-11 06:25:32,completed,4
9991,196,224,1,448.95,448.95,credit_card,2026-01-27 17:16:16,completed,1
9992,451,247,2,7.79,15.58,cod,2026-01-25 11:10:56,completed,0
9993,935,404,5,245.26,1226.3,wallet,2026-03-23 01:19:36,refunded,4
9994,975,181,4,160.14,640.56,credit_card,2026-05-13 22:39:31,completed,1
9995,311,458,1,119.3,119.3,upi,2026-04-10 05:55:42,cancelled,3
9996,831,145,2,295.85,591.7,cod,2026-02-21 23:53:45,completed,0
9997,970,20,3,279.68,839.04,credit_card,2026-07-15 13:04:07,completed,1
9998,35,28,1,152.37,152.37,wallet,2026-07-15 07:25:36,completed,4
9999,646,459,4,423.84,1695.36,credit_card,2026-04-13 07:01:13,completed,1
10000,757,187,3,412.8,1238.4,wallet,2026-05-21 04:29:20,completed,4
