user_id,total_ratings,avg_rating,rating_std,total_purchases,total_spend,avg_order_value,total_clicks,view_count,add_to_cart_count,account_age_days,is_premium,gender_encoded,purchase_frequency,activity_score
1,18,3.111111111111111,1.4095843729891318,5,2897.15,579.4300000000001,46,22,7,961,1,1,0.005197505197505198,19.9
2,20,2.8,1.2814465510343749,6,5722.83,953.805,46,24,4,87,1,0,0.06818181818181818,20.799999999999997
3,20,3.35,1.0894228312566052,14,9338.16,667.0114285714286,45,17,6,568,1,1,0.02460456942003515,24.5
4,35,3.142857142857143,1.4978976864230737,4,2700.37,675.0925,44,14,7,686,1,2,0.005822416302765648,22.2
5,24,2.75,1.4218787326754636,11,8129.15,739.0136363636364,58,31,2,535,1,0,0.020522388059701493,27.7
6,19,2.5789473684210527,1.0706067580626217,8,2983.01,372.87625,39,20,3,506,1,1,0.015779092702169626,19.5
7,17,2.823529411764706,1.5506165756581742,8,7985.570000000001,998.1962500000001,40,18,8,831,1,2,0.009615384615384616,19.4
8,21,4.0,1.1401754250991378,4,2395.19,598.7975,47,17,7,1047,0,1,0.003816793893129771,20.3
9,19,3.0,1.4907119849998598,7,4839.0,691.2857142857143,49,21,5,875,0,0,0.007990867579908675,22.0
10,15,3.3333333333333335,1.3451854182690988,14,8141.900000000001,581.5642857142858,48,13,11,756,1,1,0.018494055482166448,24.4
11,17,3.4705882352941178,1.124591429076774,8,3314.87,414.35875,52,21,6,441,0,0,0.01809954751131222,23.0
12,23,2.782608695652174,1.475759334257528,9,6680.860000000001,742.3177777777778,43,14,8,919,1,1,0.009782608695652175,22.0
13,16,3.1875,1.515200756775594,7,5502.64,786.0914285714287,51,17,12,687,1,0,0.010174418604651164,21.999999999999996
14,19,3.3684210526315788,1.4985372985307104,8,2761.62,345.2025,43,21,10,516,1,0,0.015473887814313346,20.7
15,14,3.0714285714285716,1.6854255666327542,3,1557.12,519.04,56,23,8,619,0,0,0.004838709677419355,21.1
16,13,2.6923076923076925,1.6012815380508714,8,7192.49,899.06125,36,13,9,269,0,1,0.02962962962962963,17.4
17,16,3.5,1.5055453054181618,8,4276.17,534.52125,42,15,9,259,0,1,0.03076923076923077,19.8
18,17,3.5294117647058822,1.5048939771136507,5,2408.88,481.776,42,17,5,747,0,2,0.0066844919786096255,18.5
19,14,2.7142857142857144,1.5406577730392865,9,6101.71,677.9677777777778,52,25,9,1005,0,2,0.008946322067594433,22.900000000000002
20,15,3.4,1.1832159566199232,9,3864.4,429.3777777777778,42,21,4,764,1,1,0.011764705882352941,20.1
21,21,2.6666666666666665,1.2780193008453877,4,2846.5,711.625,46,15,11,950,1,2,0.004206098843322818,20.0
22,20,3.0,1.2565617248750862,10,10013.52,1001.3520000000001,47,19,10,81,1,0,0.12195121951219512,23.1
23,17,2.4705882352941178,1.5458673560021057,7,5534.08,790.5828571428572,51,22,7,441,0,1,0.01583710407239819,22.199999999999996
24,13,3.3076923076923075,1.5483655567842813,14,9741.21,695.8007142857142,60,16,16,1018,0,0,0.013738959764474975,27.6
25,20,3.45,1.3562719801759993,12,5240.29,436.69083333333333,46,20,10,1005,0,0,0.011928429423459244,23.799999999999997
26,20,3.05,1.190974832912761,8,6773.05,846.63125,47,20,5,233,0,2,0.03418803418803419,22.1
27,23,2.782608695652174,1.5654369630794764,7,7220.6,1031.5142857142857,66,24,9,609,1,2,0.011475409836065573,27.900000000000002
28,19,3.1578947368421053,1.5727950313140984,5,2454.82,490.96400000000006,46,19,5,172,1,2,0.028901734104046242,20.099999999999998
29,17,3.0,1.414213562373095,9,5567.91,618.6566666666666,53,22,9,1035,1,2,0.008687258687258687,23.799999999999997
30,9,3.2222222222222223,1.6414763002993509,9,7746.01,860.6677777777778,45,19,6,482,0,0,0.018633540372670808,19.8
31,19,3.0,1.3743685418725535,7,5292.84,756.12,62,28,5,222,1,2,0.03139013452914798,25.9
32,17,3.0588235294117645,1.2976222599091636,6,4905.72,817.62,43,22,4,654,1,0,0.00916030534351145,19.3
33,13,3.4615384615384617,1.1982893790305562,10,7064.65,706.4649999999999,50,21,9,631,0,1,0.015822784810126583,22.6
34,20,2.95,1.5035046776746235,11,10635.47,966.860909090909,41,20,5,659,1,0,0.016666666666666666,21.799999999999997
35,16,2.8125,1.1672617529928753,4,1515.1399999999999,378.78499999999997,43,17,7,438,0,2,0.009111617312072893,18.1
36,16,3.1875,1.3275918047351754,5,3114.41,622.882,50,25,6,225,0,2,0.022123893805309734,20.7
37,30,3.1,1.3480509557543974,9,3538.8599999999997,393.20666666666665,56,23,7,866,0,2,0.010380622837370242,27.3
38,23,2.608695652173913,1.469048252032049,10,4157.83,415.783,52,24,7,709,1,0,0.014084507042253521,25.200000000000003
39,18,3.2222222222222223,1.516790557318723,3,1808.33,602.7766666666666,51,23,9,844,0,2,0.0035502958579881655,20.4
40,21,3.238095238095238,1.445847914020071,9,7290.38,810.0422222222222,42,20,5,7,0,2,1.125,21.3
41,29,3.5172413793103448,1.4545664463330747,8,3707.7599999999998,463.46999999999997,47,18,8,743,0,0,0.010752688172043012,23.900000000000002
42,23,3.652173913043478,1.1122743142757674,12,3927.32,327.2766666666667,41,16,5,305,0,1,0.0392156862745098,22.9
43,16,2.875,1.6278820596099708,8,7476.15,934.51875,52,23,6,684,1,1,0.01167883211678832,22.8
44,24,3.5,1.4446302370292305,7,4874.41,696.3442857142857,39,11,7,801,1,2,0.008728179551122194,20.0
45,15,3.2,1.3201731488169055,6,3813.81,635.635,39,17,8,128,0,2,0.046511627906976744,17.7
46,17,3.8823529411764706,1.4090046549415864,7,3735.6,533.6571428571428,44,15,9,235,0,1,0.029661016949152543,20.1
47,19,3.210526315789474,1.3572417850765923,4,2932.19,733.0475,56,20,9,629,0,2,0.006349206349206349,22.6
48,23,3.1739130434782608,1.5855074872402406,8,7092.400000000001,886.5500000000001,48,18,7,596,1,0,0.01340033500837521,23.0
49,18,3.2777777777777777,1.274434386908933,3,3363.41,1121.1366666666665,46,16,6,73,1,2,0.04054054054054054,18.9
50,14,2.7857142857142856,1.672334684416758,15,9206.29,613.7526666666668,46,22,11,868,0,2,0.01726121979286536,24.099999999999998
51,17,3.235294117647059,1.5218989685876771,15,10109.0,673.9333333333333,57,24,7,15,0,2,0.9375,28.0
52,19,3.0526315789473686,1.3112201362143716,8,5707.57,713.44625,62,27,8,757,0,0,0.010554089709762533,26.4
53,22,3.0454545454545454,1.5879688352247412,5,4244.16,848.832,47,16,7,889,1,0,0.0056179775280898875,21.0
54,17,2.8823529411764706,1.5363248737318094,6,5587.98,931.3299999999999,49,22,8,434,0,2,0.013793103448275862,21.1
55,17,3.5294117647058822,1.585782419612773,9,12084.779999999999,1342.753333333333,49,23,12,666,1,1,0.013493253373313344,22.6
56,12,3.0,1.5954480704349312,8,4403.69,550.46125,40,16,5,575,1,0,0.013888888888888888,18.4
57,25,2.68,1.4352700094407325,4,2823.08,705.77,54,26,3,997,1,0,0.004008016032064128,23.2
58,25,2.92,1.5790292376436015,7,6666.610000000001,952.3728571428572,54,24,9,189,1,2,0.03684210526315789,24.7
59,18,3.0,1.137592917989042,13,12196.42,938.1861538461538,38,17,8,491,0,0,0.026422764227642278,21.5
60,21,2.9523809523809526,1.3219754338182867,6,6174.9800000000005,1029.1633333333334,37,20,5,492,0,1,0.012170385395537525,18.3
61,18,3.4444444444444446,1.5424282697487948,11,8914.630000000001,810.4209090909092,49,20,11,484,1,0,0.02268041237113402,23.8
62,20,2.8,1.4363696929192156,10,6147.2,614.72,50,26,6,768,1,1,0.013003901170351105,24.0
63,18,3.2777777777777777,1.6735153404648675,7,4160.69,594.3842857142856,50,20,4,366,0,2,0.01907356948228883,22.1
64,21,2.8095238095238093,1.4359334113755982,17,9666.92,568.6423529411765,46,22,11,787,1,1,0.021573604060913704,26.499999999999996
65,17,2.8823529411764706,1.3639259941972872,10,9573.56,957.356,54,26,9,10,0,2,0.9090909090909091,24.6
66,30,3.1666666666666665,1.4162440207947151,19,13865.16,729.7452631578948,47,17,11,198,0,1,0.09547738693467336,29.6
67,21,3.380952380952381,1.6874889770363084,7,5378.49,768.3557142857143,45,23,5,177,0,2,0.03932584269662921,21.2
68,26,3.076923076923077,1.4400854675491153,7,4885.97,697.9957142857144,44,21,7,269,1,2,0.025925925925925925,21.9
69,26,3.269230769230769,1.3433597376039617,7,4082.38,583.1971428571429,48,22,4,534,0,0,0.013084112149532711,23.099999999999998
70,24,3.1666666666666665,1.5227739752537621,10,8076.2300000000005,807.623,48,12,11,260,0,2,0.038314176245210725,24.2
71,21,3.0,1.3416407864998738,4,4972.6900000000005,1243.1725000000001,41,9,2,718,0,3,0.005563282336578581,18.5
72,20,3.0,1.5559732104309982,6,4157.97,692.995,41,16,8,339,1,1,0.01764705882352941,19.299999999999997
73,20,3.05,1.394538218230416,10,5261.95,526.1949999999999,64,28,10,800,1,0,0.012484394506866416,28.2
74,21,2.8095238095238093,1.3645163106041502,5,4671.68,934.336,45,22,5,1070,1,2,0.004668534080298786,20.2
75,13,3.1538461538461537,1.281025230440697,11,7587.33,689.7572727272727,48,17,11,272,1,1,0.040293040293040296,22.5
76,17,3.0,1.620185174601965,12,12161.13,1013.4274999999999,43,18,9,909,1,3,0.013186813186813187,22.299999999999997
77,22,2.8181818181818183,1.592732412176175,9,5149.04,572.1155555555556,63,23,8,181,1,1,0.04945054945054945,27.799999999999997
78,10,2.8,1.3165611772087666,13,9781.07,752.39,42,19,3,900,1,1,0.014428412874583796,21.1
79,17,2.588235294117647,1.4168108346481794,11,5610.03,510.00272727272727,58,20,7,205,0,2,0.05339805825242718,26.299999999999997
80,14,3.0714285714285716,1.2688144505364485,8,7563.16,945.395,59,23,7,995,1,2,0.008032128514056224,24.5
81,21,2.619047619047619,1.6271505915615332,3,2329.25,776.4166666666666,53,21,9,711,0,2,0.004213483146067416,21.599999999999998
82,19,3.5789473684210527,1.4649910683718712,5,3834.5600000000004,766.912,63,24,15,182,0,0,0.0273224043715847,25.2
83,21,2.5238095238095237,1.4006801069140524,12,4179.05,348.25416666666666,49,15,5,769,1,1,0.015584415584415584,24.9
84,18,3.111111111111111,1.3672165321380638,5,3657.08,731.4159999999999,48,19,6,26,0,0,0.18518518518518517,20.5
85,19,3.210526315789474,1.3975751766073288,7,2567.69,366.8128571428571,59,19,11,686,0,0,0.010189228529839884,25.0
86,18,2.8333333333333335,1.3826657968874303,2,769.99,384.995,51,20,5,839,1,1,0.002380952380952381,19.9
87,15,2.933333333333333,1.3345232785352157,7,8629.7,1232.814285714286,58,16,11,471,0,0,0.014830508474576272,23.9
88,24,3.4583333333333335,1.350657381543832,6,5041.05,840.1750000000001,54,21,8,159,1,1,0.0375,24.0
89,16,3.6875,1.4476993242152645,9,7393.16,821.4622222222222,45,19,6,1034,0,1,0.008695652173913044,21.2
90,21,2.619047619047619,1.5321941938341392,6,3784.63,630.7716666666666,63,21,5,955,1,0,0.006276150627615063,26.099999999999998
91,18,2.5555555555555554,1.3814835257889047,7,5299.92,757.1314285714286,52,24,8,327,1,0,0.021341463414634148,22.700000000000003
92,21,3.0952380952380953,1.4108423691100969,6,3725.07,620.845,46,19,5,469,1,0,0.01276595744680851,20.999999999999996
93,21,2.619047619047619,1.6575943555704595,13,9759.69,750.7453846153846,66,23,10,322,1,2,0.04024767801857585,30.5
94,21,3.4761904761904763,1.2497618820818477,14,5656.37,404.02642857142854,48,12,12,908,1,1,0.015401540154015401,25.599999999999998
95,21,2.9523809523809526,1.4309504001254019,12,7601.61,633.4675,44,20,3,463,0,0,0.02586206896551724,23.4
96,18,3.3333333333333335,1.2833778958394957,9,8882.69,986.9655555555556,58,23,6,643,1,0,0.013975155279503106,25.5
97,15,3.4,1.594633858557237,10,6239.37,623.937,45,14,10,307,1,0,0.032467532467532464,21.5
98,24,2.5833333333333335,1.212853862900895,21,16541.21,787.6766666666666,53,24,10,1093,0,0,0.019195612431444242,31.2
99,18,2.8333333333333335,1.3394467690277294,9,8496.960000000001,944.1066666666668,47,19,6,560,0,0,0.016042780748663103,22.200000000000003
100,25,3.0,1.707825127659933,7,4192.25,598.8928571428571,46,15,5,208,0,1,0.03349282296650718,22.299999999999997
101,20,3.1,1.4104870379448817,7,3997.46,571.0657142857143,59,20,11,504,1,1,0.013861386138613862,25.2
102,22,3.227272727272727,1.4119158946291712,11,11197.67,1017.97,59,24,7,581,1,0,0.018900343642611683,27.6
103,19,3.4210526315789473,1.5746530296362722,7,6833.04,976.1485714285715,66,25,10,857,0,2,0.008158508158508158,27.1
104,17,2.9411764705882355,1.3449251017851382,7,6242.4400000000005,891.777142857143,51,23,5,268,1,2,0.026022304832713755,22.199999999999996
105,16,2.75,1.2382783747337807,10,6173.61,617.361,57,26,8,732,1,2,0.013642564802182811,25.299999999999997
106,20,3.2,1.1516578439248717,11,10028.89,911.7172727272726,59,19,11,838,1,1,0.013110846245530394,27.2
107,18,2.6666666666666665,1.4142135623730951,10,8016.31,801.6310000000001,46,21,9,271,0,1,0.03676470588235294,22.4
108,16,2.6875,1.4930394055974097,6,3455.01,575.835,63,22,11,35,1,2,0.16666666666666666,25.099999999999998
109,29,2.896551724137931,1.496300857500802,7,6592.53,941.79,38,18,5,1082,1,2,0.006463527239150508,20.700000000000003
110,25,3.04,1.2741009902410927,10,10614.1,1061.41,55,26,6,104,0,1,0.09523809523809523,26.5
111,24,3.0833333333333335,1.6396358733271998,10,5381.49,538.149,64,26,5,504,0,2,0.019801980198019802,29.0
112,30,3.3,1.2077336998093462,7,4765.94,680.8485714285714,61,22,9,1020,0,1,0.0068560235063663075,27.8
113,24,3.0416666666666665,1.3014763077790332,8,6864.07,858.00875,50,16,9,132,0,0,0.06015037593984962,23.8
114,21,3.5714285714285716,1.325572652532805,11,9226.41,838.7645454545454,50,23,7,892,0,2,0.012318029115341545,24.7
115,28,2.7857142857142856,1.5481684006675105,8,7880.25,985.03125,53,17,10,272,1,0,0.029304029304029304,25.5
116,17,2.764705882352941,1.147247344990711,10,8574.83,857.483,56,18,9,878,1,0,0.011376564277588168,25.200000000000003
117,27,3.2222222222222223,1.6012815380508714,5,2560.7,512.14,58,27,8,956,1,2,0.00522466039707419,25.299999999999997
118,17,2.411764705882353,1.2776356840572634,10,7099.37,709.937,53,18,5,188,1,0,0.05291005291005291,24.299999999999997
119,11,3.4545454545454546,1.8635254955935732,4,3953.31,988.3275,50,21,10,587,1,1,0.006802721088435374,19.2
120,16,2.9375,1.3400870618483463,6,4383.110000000001,730.5183333333334,44,18,9,915,1,0,0.006550218340611353,19.4
121,19,3.1052631578947367,1.3701069237311885,6,5296.46,882.7433333333333,68,31,11,493,0,2,0.012145748987854251,27.2
122,19,3.473684210526316,1.3891812557774847,5,3526.55,705.3100000000001,47,18,5,79,1,2,0.0625,20.400000000000002
123,27,3.074074074074074,1.2986953786818853,2,948.48,474.24,51,21,6,730,0,2,0.0027359781121751026,21.699999999999996
124,24,3.0416666666666665,1.3014763077790332,5,3750.3199999999997,750.064,45,21,5,954,1,1,0.005235602094240838,20.8
125,24,3.0833333333333335,1.4116492564332,9,4660.65,517.8499999999999,50,15,6,778,1,1,0.011553273427471117,24.3
126,23,2.5652173913043477,1.408612694575822,4,4680.38,1170.095,60,33,9,1092,1,2,0.0036596523330283625,24.6
127,19,3.0526315789473686,1.6149882768933415,9,5350.54,594.5044444444444,49,18,6,540,1,0,0.0166358595194085,23.0
128,17,2.9411764705882355,1.0289915108550531,6,5176.6900000000005,862.7816666666668,43,25,5,998,1,0,0.006006006006006006,19.3
129,15,3.066666666666667,1.3345232785352157,5,2669.89,533.978,45,17,7,73,0,2,0.06756756756756757,19.0
130,20,2.8,1.6415653633362466,12,7685.98,640.4983333333333,45,20,7,335,0,0,0.03571428571428571,23.5
131,26,2.923076923076923,1.4400854675491153,11,9499.84,863.6218181818182,40,15,8,113,0,1,0.09649122807017543,22.7
132,18,3.111111111111111,1.3672165321380643,11,9859.9,896.3545454545455,52,25,5,919,1,1,0.011956521739130435,24.700000000000003
133,13,2.6923076923076925,1.377474463442389,9,9814.609999999999,1090.5122222222221,43,10,5,949,0,1,0.009473684210526316,20.0
134,17,2.8823529411764706,1.4090046549415864,5,1286.77,257.354,46,14,13,952,0,2,0.005246589716684155,19.699999999999996
135,24,3.0416666666666665,1.3981094896064241,5,3437.8100000000004,687.5620000000001,43,17,5,224,0,2,0.022222222222222223,20.200000000000003
136,20,2.6,1.569445091341791,5,3080.19,616.038,56,22,10,164,1,1,0.030303030303030304,23.3
137,27,2.4814814814814814,1.3117917978085245,8,4635.31,579.41375,56,17,17,232,1,2,0.034334763948497854,26.200000000000003
138,17,3.235294117647059,1.7510501051050011,8,6149.21,768.65125,52,17,7,48,0,1,0.16326530612244897,23.0
139,22,3.227272727272727,1.4452489711965164,11,8106.33,736.9390909090909,48,21,7,1087,1,2,0.01011029411764706,24.299999999999997
140,13,2.923076923076923,1.3821202589704018,10,10646.130000000001,1064.613,53,23,6,954,1,1,0.010471204188481676,23.5
141,22,3.272727272727273,1.315903389919538,9,7699.41,855.49,55,27,7,965,1,0,0.009316770186335404,25.4
142,23,2.608695652173913,1.3730897618404805,7,4446.76,635.2514285714286,48,16,11,342,1,1,0.02040816326530612,22.5
143,23,2.9565217391304346,1.5805137504669233,10,7177.34,717.734,48,21,5,175,0,3,0.056818181818181816,24.0
144,19,3.4210526315789473,1.4265650070355171,7,4437.59,633.9414285714286,63,24,10,779,0,2,0.008974358974358974,26.2
145,26,2.6153846153846154,1.38785944755002,9,6808.88,756.5422222222222,49,20,12,824,1,2,0.01090909090909091,24.4
146,13,3.3846153846153846,1.5021352323976216,9,5031.54,559.06,63,24,10,976,1,1,0.009211873080859774,26.0
147,17,3.5294117647058822,1.1245914290767742,8,5739.1,717.3875,46,24,8,830,1,1,0.009626955475330927,21.199999999999996
148,24,3.2083333333333335,1.6145847942957392,8,4494.67,561.83375,45,20,10,474,0,0,0.016842105263157894,22.3
149,21,3.0476190476190474,1.5961262630566064,6,3333.99,555.665,47,20,9,919,1,2,0.006521739130434782,21.3
150,15,3.3333333333333335,1.2909944487358056,5,3997.4,799.48,51,22,9,161,1,1,0.030864197530864196,20.799999999999997
151,23,2.869565217391304,1.4555332614196126,10,5193.76,519.376,50,24,9,221,0,1,0.04504504504504504,24.6
152,19,3.0526315789473686,1.6149882768933412,2,1795.86,897.93,47,21,7,368,0,1,0.005420054200542005,18.9
153,15,3.0,1.1338934190276815,8,6547.49,818.43625,52,21,10,379,1,0,0.021052631578947368,22.6
154,20,3.7,1.4179302929937965,11,10200.01,927.2736363636363,63,25,13,499,1,1,0.022,28.4
155,21,3.142857142857143,1.424279266355945,9,7695.370000000001,855.0411111111111,58,25,9,597,0,0,0.015050167224080268,26.099999999999998
156,22,3.409090909090909,1.3683180815491596,10,8677.699999999999,867.7699999999999,56,21,12,313,0,0,0.03184713375796178,26.200000000000003
157,13,2.4615384615384617,1.3301243435223524,6,3925.26,654.21,39,13,9,517,0,2,0.011583011583011582,17.3
158,22,2.9545454545454546,1.463110604394842,12,10026.0,835.5,56,20,11,950,0,3,0.012618296529968454,27.200000000000003
159,13,3.076923076923077,1.4411533842457842,11,7739.52,703.5927272727273,50,23,10,615,0,1,0.017857142857142856,23.1
160,15,3.4,1.4040757000349275,5,3927.4,785.48,64,34,8,56,0,2,0.08771929824561403,24.7
161,17,3.2941176470588234,1.5718104959867516,8,4290.05,536.25625,50,21,11,341,0,1,0.023391812865497075,22.4
162,13,2.923076923076923,1.6563785025137654,14,8597.56,614.1114285714285,53,23,4,279,0,2,0.05,25.5
163,11,3.090909090909091,1.2210278829367867,7,5190.99,741.5699999999999,46,20,4,126,1,2,0.05511811023622047,19.499999999999996
164,18,2.7777777777777777,1.555088632070459,5,3914.14,782.828,49,19,10,399,1,2,0.0125,20.8
165,21,3.2857142857142856,1.4880476182856899,9,10366.03,1151.7811111111112,56,23,11,210,0,1,0.04265402843601896,25.5
166,26,3.0384615384615383,1.3994504415882465,8,7161.42,895.1775,65,29,10,157,1,2,0.05063291139240506,28.7
167,23,2.9565217391304346,1.2239377906638145,7,4942.46,706.0657142857143,44,16,8,295,1,0,0.02364864864864865,21.3
168,21,2.6666666666666665,1.2382783747337807,4,4176.219999999999,1044.0549999999998,43,23,5,752,0,0,0.005312084993359893,19.1
169,23,3.5217391304347827,1.4418915990459231,5,2124.25,424.85,39,14,5,497,0,1,0.010040160642570281,18.8
170,15,3.466666666666667,1.4074631010979934,3,2101.8199999999997,700.6066666666666,50,22,7,1037,0,0,0.002890173410404624,19.5
171,16,3.25,1.4832396974191329,12,9334.63,777.8858333333333,44,13,7,699,0,0,0.017142857142857144,22.4
172,26,2.8846153846153846,1.2434443478313963,7,2255.86,322.2657142857143,56,23,4,907,1,1,0.007709251101321586,25.5
173,16,2.3125,1.40089257261219,12,8781.21,731.7674999999999,59,25,8,1071,0,2,0.011194029850746268,26.9
174,13,3.5384615384615383,1.3913653136029502,13,8122.74,624.8261538461538,49,24,10,64,1,2,0.2,23.8
175,17,3.0588235294117645,1.0880365478290535,11,9558.98,868.9981818181818,49,18,8,517,0,2,0.021235521235521235,23.6
176,15,3.533333333333333,1.3557637102737476,8,7096.71,887.08875,53,12,15,580,1,2,0.013769363166953529,22.9
177,30,3.2,1.4479474176011817,8,4700.2699999999995,587.5337499999999,48,18,8,115,1,0,0.06896551724137931,24.4
178,20,3.15,1.4244112357114613,13,8902.51,684.8084615384615,54,21,9,1031,0,2,0.012596899224806201,26.7
179,21,2.9047619047619047,1.445847914020071,7,3959.12,565.5885714285714,46,14,9,652,0,0,0.010719754977029096,21.499999999999996
180,18,2.888888888888889,1.4907119849998598,9,6648.22,738.6911111111111,54,17,15,413,0,1,0.021739130434782608,24.3
181,24,3.2083333333333335,1.4738050920238277,11,8413.85,764.8954545454545,56,27,8,968,1,2,0.011351909184726523,27.1
182,20,3.45,1.1909748329127607,16,10543.79,658.986875,51,21,7,70,0,1,0.22535211267605634,27.299999999999997
183,16,2.8125,1.3275918047351754,4,1612.66,403.165,48,15,8,549,0,2,0.007272727272727273,19.599999999999998
184,20,2.75,1.51744244666721,11,4956.21,450.56454545454545,54,21,12,41,0,1,0.2619047619047619,25.7
185,18,3.0,1.4142135623730951,8,6032.889999999999,754.1112499999999,49,21,3,527,1,1,0.015151515151515152,22.3
186,16,3.5,1.2649110640673518,6,3841.43,640.2383333333333,49,23,4,977,1,1,0.006134969325153374,20.9
187,17,3.5294117647058822,1.585782419612773,7,3934.92,562.1314285714286,50,23,3,321,1,2,0.021739130434782608,21.9
188,17,2.6470588235294117,1.6179144164088315,10,5885.48,588.548,53,15,8,18,1,0,0.5263157894736842,24.299999999999997
189,21,2.8095238095238093,1.4006801069140524,6,5049.0,841.5,53,24,9,37,0,2,0.15789473684210525,23.099999999999998
190,20,3.25,1.3717065820970682,4,1057.02,264.255,65,21,11,748,1,0,0.0053404539385847796,25.5
191,17,2.588235294117647,1.325651892910228,6,3196.17,532.695,62,28,9,523,1,2,0.011450381679389313,25.0
192,19,3.3684210526315788,1.3000224919331835,7,6008.03,858.29,52,22,6,353,0,1,0.01977401129943503,22.900000000000002
193,20,2.9,1.252366181526625,7,6459.5599999999995,922.7942857142856,55,17,7,373,0,1,0.01871657754010695,24.0
194,15,3.2,1.0823255385643322,10,6459.61,645.961,43,18,9,904,1,2,0.011049723756906077,20.9
195,8,1.625,1.0606601717798214,10,6376.26,637.626,56,24,11,707,1,0,0.014124293785310734,23.400000000000002
196,29,3.1724137931034484,1.670520994806312,9,5412.15,601.3499999999999,54,17,10,101,0,0,0.08823529411764706,26.5
197,18,3.0555555555555554,0.9375953110592339,10,8217.14,821.7139999999999,41,18,8,221,0,0,0.04504504504504504,20.9
198,16,3.5,1.1547005383792515,7,2676.81,382.40142857142854,55,18,12,769,1,0,0.00909090909090909,23.2
199,19,3.1052631578947367,1.1969747440993466,7,7144.94,1020.7057142857142,55,23,12,627,0,0,0.011146496815286623,23.8
200,15,3.3333333333333335,1.543033499620919,8,5337.88,667.235,50,18,8,851,0,1,0.009389671361502348,22.0
201,19,2.8421052631578947,1.6754156331667822,10,8223.02,822.302,54,23,6,560,0,2,0.017825311942959002,25.0
202,17,3.0588235294117645,1.5600716423971575,3,1786.4,595.4666666666667,55,19,12,711,0,1,0.004213483146067416,21.4
203,19,3.0,1.563471919941143,6,5915.56,985.9266666666667,47,23,7,588,0,1,0.010186757215619695,20.900000000000002
204,18,3.1666666666666665,1.3394467690277296,6,3615.5899999999997,602.5983333333332,46,21,9,957,0,0,0.006263048016701462,20.4
205,19,3.473684210526316,1.4286131990551607,18,16840.47,935.5816666666667,50,20,12,168,1,2,0.10650887573964497,27.8
206,18,2.6666666666666665,1.4142135623730951,6,3967.59,661.265,37,11,7,470,1,1,0.012738853503184714,17.7
207,17,2.764705882352941,1.3932610920384718,7,2897.2,413.88571428571424,51,18,11,397,1,2,0.017587939698492462,22.199999999999996
208,22,2.9545454545454546,1.5576928215816257,3,3129.9799999999996,1043.3266666666666,52,31,6,230,1,1,0.012987012987012988,21.5
209,11,2.0,1.4142135623730951,7,6168.16,881.1657142857142,44,20,5,579,0,0,0.01206896551724138,18.9
210,18,3.5555555555555554,1.1490262999202832,11,7536.42,685.1290909090909,54,21,13,139,0,0,0.07857142857142857,25.3
211,21,2.9523809523809526,1.2440333788202984,8,8385.05,1048.13125,50,20,10,524,0,1,0.015238095238095238,23.2
212,17,2.823529411764706,1.2862393885688164,7,7485.33,1069.3328571428572,44,19,4,78,1,2,0.08860759493670886,20.1
213,15,3.066666666666667,1.3870146083619752,9,4879.54,542.1711111111111,47,21,5,39,0,2,0.225,21.6
214,16,3.0625,1.2893796958227628,5,2176.83,435.366,38,16,6,455,0,1,0.010964912280701754,17.1
215,15,3.4,1.6818357317441643,13,7067.05,543.6192307692307,51,23,8,882,0,0,0.014722536806342015,24.799999999999997
216,14,3.857142857142857,1.0994504121565505,8,4687.7699999999995,585.9712499999999,66,22,13,268,1,2,0.02973977695167286,26.6
217,27,3.0,1.2709778186044849,5,4605.32,921.064,64,19,17,633,0,1,0.007886435331230283,27.1
218,19,3.0,1.247219128924647,11,11301.88,1027.4436363636362,43,13,6,226,1,0,0.048458149779735685,22.2
219,22,3.090909090909091,1.508991808147505,2,2504.59,1252.295,46,18,7,645,0,0,0.0030959752321981426,19.2
220,18,3.0,1.8149704259460602,11,6958.66,632.6054545454546,50,24,4,260,0,1,0.0421455938697318,24.1
221,17,3.1176470588235294,1.4526851405748797,9,5626.09,625.1211111111111,52,18,7,56,1,2,0.15789473684210525,23.5
222,19,3.0526315789473686,1.4327007988227578,16,8375.35,523.459375,59,22,7,883,1,2,0.01809954751131222,29.5
223,38,2.8947368421052633,1.3713176477528488,7,9278.32,1325.4742857142858,52,20,4,86,0,2,0.08045977011494253,26.700000000000003
224,21,3.1904761904761907,1.3645163106041502,5,3004.0,600.8,52,15,9,1039,1,0,0.004807692307692308,22.3
225,13,2.6153846153846154,1.4455945454184551,11,8501.08,772.8254545454546,56,24,5,647,0,0,0.016975308641975308,24.900000000000002
226,10,2.6,1.1737877907772674,9,3418.59,379.84333333333336,46,24,6,253,0,1,0.03543307086614173,20.299999999999997
227,19,3.1578947368421053,1.5370663939515445,9,3975.7400000000002,441.7488888888889,43,18,9,844,0,0,0.010650887573964497,21.2
228,18,2.9444444444444446,1.4337208778404378,6,4316.39,719.3983333333334,48,22,8,49,0,0,0.12,21.0
229,16,3.0,1.6733200530681511,9,5129.29,569.9211111111111,41,13,7,474,1,0,0.018947368421052633,19.999999999999996
230,23,2.9565217391304346,1.460954260673022,9,9377.41,1041.9344444444444,41,22,2,403,1,2,0.022277227722772276,21.4
231,27,3.037037037037037,1.4000406994491126,11,9385.38,853.2163636363636,48,23,10,59,1,1,0.18333333333333332,25.299999999999997
232,24,2.9166666666666665,1.501207243656184,8,7334.889999999999,916.8612499999999,57,23,7,756,1,2,0.010568031704095112,25.9
233,25,3.4,1.4142135623730951,4,943.99,235.9975,54,22,9,757,1,1,0.005277044854881266,23.2
234,24,3.375,1.5551457362156016,7,6113.28,873.3257142857143,52,23,13,220,1,1,0.03167420814479638,23.900000000000002
235,16,3.375,1.8211717839530313,5,4641.57,928.314,54,22,14,410,0,1,0.012165450121654502,21.9
236,24,2.9583333333333335,1.3344650993747553,7,6408.9,915.5571428571428,62,23,12,392,1,1,0.017811704834605598,26.9
237,16,3.0625,1.691892431568863,9,3880.12,431.1244444444444,34,15,2,1063,0,2,0.008458646616541353,17.9
238,18,2.9444444444444446,1.5135553089341052,8,5832.88,729.11,54,24,9,997,1,0,0.008016032064128256,23.8
239,21,3.380952380952381,1.6271505915615332,4,5295.76,1323.94,42,15,6,100,1,2,0.039603960396039604,18.8
240,21,2.7142857142857144,1.230563169563316,8,5879.93,734.99125,37,16,5,36,0,1,0.21621621621621623,19.3
241,10,3.0,1.8257418583505538,11,8295.66,754.1509090909091,58,23,8,751,1,2,0.014627659574468085,24.9
242,18,2.9444444444444446,1.4741786236338814,12,6402.55,533.5458333333333,53,22,10,507,0,2,0.023622047244094488,25.5
243,24,2.9166666666666665,1.2825472842090009,5,2994.75,598.95,41,17,3,141,1,2,0.035211267605633804,19.6
244,25,2.68,1.2489995996796797,9,6049.66,672.1844444444445,46,13,7,1028,1,2,0.008746355685131196,23.299999999999997
245,17,2.411764705882353,1.4602578338007541,12,10475.98,872.9983333333333,59,22,12,647,0,2,0.018518518518518517,27.1
246,16,3.125,1.1474609652039003,3,2467.54,822.5133333333333,50,23,4,71,1,2,0.041666666666666664,19.7
247,32,3.03125,1.4915758066879385,13,10304.56,792.6584615384616,45,15,7,561,1,2,0.023131672597864767,26.4
248,22,3.3181818181818183,1.393398163325344,5,3134.78,626.956,49,20,5,261,0,3,0.019083969465648856,21.6
249,23,2.8260869565217392,1.5565747335691182,8,8405.49,1050.68625,49,18,8,455,1,0,0.017543859649122806,23.3
250,20,2.8,1.5078740698501036,4,1293.1,323.275,40,16,7,974,0,2,0.0041025641025641026,18.0
251,18,3.111111111111111,1.2313975269103985,11,7264.7,660.4272727272727,64,28,6,1035,0,0,0.010617760617760617,28.3
252,19,3.1052631578947367,1.5949481650269413,8,6220.4800000000005,777.5600000000001,62,15,8,1073,0,0,0.0074487895716946,26.4
253,23,3.260869565217391,1.3217547325894203,10,8255.08,825.508,46,12,6,158,1,0,0.06289308176100629,23.4
254,19,2.473684210526316,1.3891812557774845,2,751.46,375.73,59,18,9,538,0,1,0.0037105751391465678,22.5
255,23,3.0434782608695654,1.3306956782609212,10,7602.02,760.202,43,22,8,599,0,2,0.016666666666666666,22.5
256,19,2.789473684210526,1.31567250942124,6,3071.45,511.9083333333333,53,15,12,197,0,0,0.030303030303030304,22.7
257,17,3.0,1.3228756555322954,15,12001.46,800.0973333333333,49,20,10,80,1,1,0.18518518518518517,25.6
258,17,2.9411764705882355,1.5600716423971577,13,9691.67,745.5130769230769,55,20,6,879,1,0,0.014772727272727272,26.4
259,25,3.2,1.4433756729740643,13,9186.92,706.6861538461538,52,22,5,1021,0,3,0.012720156555772993,27.1
260,20,3.4,1.500876936643164,6,4476.89,746.1483333333334,50,17,11,388,0,1,0.015424164524421594,22.0
261,15,2.6666666666666665,1.4960264830861913,14,11783.56,841.6828571428571,42,20,6,1078,0,1,0.012974976830398516,22.6
262,21,3.0952380952380953,1.4458479140200706,14,9446.6,674.7571428571429,53,18,6,282,0,0,0.04946996466431095,27.099999999999998
263,22,2.5454545454545454,1.3354960814430656,11,13265.01,1205.91,46,18,8,466,0,0,0.023554603854389723,23.699999999999996
264,17,3.3529411764705883,1.3666188418222285,13,8196.43,630.4946153846154,42,12,6,87,1,1,0.14772727272727273,22.5
265,21,3.238095238095238,1.1791845447071423,6,2013.3,335.55,45,12,7,968,0,1,0.006191950464396285,20.7
266,14,2.857142857142857,1.6104057232283402,7,6607.34,943.9057142857143,45,21,10,768,1,2,0.009102730819245773,19.8
267,21,2.8095238095238093,1.569045812557671,8,4888.15,611.01875,45,14,10,1072,0,0,0.007455731593662628,21.7
268,16,3.0625,1.436140661634507,11,8981.27,816.4790909090909,47,16,9,723,1,1,0.015193370165745856,22.8
269,18,2.6666666666666665,1.1881770515720091,9,4659.99,517.7766666666666,56,19,9,559,0,1,0.01607142857142857,24.900000000000002
270,24,3.4166666666666665,1.442120017518492,5,4307.42,861.484,55,21,7,589,0,1,0.00847457627118644,23.8
271,19,3.0526315789473686,1.4709665835968129,8,8400.119999999999,1050.0149999999999,37,12,2,426,0,2,0.01873536299765808,18.9
272,29,3.206896551724138,1.4971236790408557,11,11941.14,1085.5581818181818,55,20,9,982,0,2,0.011190233977619531,27.8
273,23,2.6956521739130435,1.3629774429099781,5,4460.81,892.162,47,25,6,1088,0,2,0.004591368227731864,21.200000000000003
274,20,3.0,1.555973210430998,11,7749.5,704.5,52,18,8,300,0,2,0.036544850498338874,25.1
275,20,2.55,1.5719582155957412,5,4525.39,905.0780000000001,53,24,5,1077,0,0,0.00463821892393321,22.4
276,20,3.0,1.4867838833500564,9,7440.24,826.6933333333333,45,19,5,881,1,1,0.01020408163265306,22.0
277,20,2.75,1.332784974957958,9,5455.33,606.1477777777777,45,14,7,977,1,1,0.009202453987730062,22.0
278,17,2.823529411764706,1.1850788010532811,5,2574.87,514.9739999999999,49,19,5,580,0,1,0.008605851979345954,20.6
279,15,2.933333333333333,1.334523278535216,9,4042.37,449.15222222222224,48,19,7,630,0,2,0.014263074484944533,21.9
280,25,2.92,1.1874342087037917,11,7618.46,692.5872727272728,43,17,4,17,0,1,0.6111111111111112,23.4
281,19,3.210526315789474,1.4367767695018308,11,7321.85,665.6227272727273,51,15,10,920,1,0,0.011943539630836048,24.599999999999998
282,20,2.7,1.1742858972247994,3,1200.67,400.22333333333336,45,12,8,415,1,1,0.007211538461538462,19.0
283,19,3.0,1.4142135623730951,5,2185.65,437.13,58,23,11,73,1,1,0.06756756756756757,23.7
284,24,2.875,1.3929168644626098,6,5732.2,955.3666666666667,56,23,7,266,1,0,0.02247191011235955,24.6
285,14,2.9285714285714284,1.1411388181101378,8,4001.19,500.14875,41,18,3,927,1,0,0.008620689655172414,19.099999999999998
286,10,2.8,1.4757295747452437,6,4704.6900000000005,784.1150000000001,53,20,6,581,0,2,0.010309278350515464,20.9
287,25,2.64,1.254325848148452,11,9931.48,902.8618181818182,50,22,4,203,0,0,0.05392156862745098,25.5
288,22,3.3181818181818183,1.04135276655684,12,7433.74,619.4783333333334,52,24,3,450,1,1,0.026607538802660754,26.0
289,19,2.8421052631578947,1.5370663939515445,8,5008.95,626.11875,56,29,7,346,1,0,0.023054755043227664,24.6
290,12,2.8333333333333335,1.6966991126265962,13,12833.11,987.1623076923078,47,19,6,90,0,1,0.14285714285714285,23.0
291,30,3.2666666666666666,1.5070714541175851,8,3944.88,493.11,58,23,9,434,1,1,0.01839080459770115,27.4
292,28,2.7857142857142856,1.3972762620115438,11,8534.42,775.8563636363637,54,27,7,143,0,1,0.0763888888888889,27.3
293,27,3.1481481481481484,1.2619796324000607,11,6331.18,575.5618181818182,46,21,5,200,1,1,0.05472636815920398,24.699999999999996
294,24,3.3333333333333335,1.4939491483885974,9,7255.22,806.1355555555556,59,22,10,336,1,0,0.026706231454005934,27.0
295,19,3.1052631578947367,1.4867838833500564,8,3753.3199999999997,469.16499999999996,53,20,8,50,0,2,0.1568627450980392,23.7
296,8,3.0,1.6035674514745464,8,7469.6,933.7,51,20,7,517,0,0,0.015444015444015444,20.9
297,23,3.0,1.4142135623730951,7,5845.64,835.0914285714287,58,33,3,262,0,0,0.026615969581749048,25.5
298,15,2.8666666666666667,1.245945806357946,6,2526.65,421.10833333333335,46,17,5,539,1,2,0.011111111111111112,19.799999999999997
299,21,3.0476190476190474,1.6271505915615334,10,6447.93,644.793,59,22,4,461,1,2,0.021645021645021644,26.9
300,21,2.761904761904762,1.1791845447071423,7,6501.43,928.7757142857143,38,15,3,754,1,1,0.009271523178807948,19.1
301,16,3.25,1.3904435743076138,7,6182.09,883.1557142857143,48,20,7,243,1,2,0.028688524590163935,21.099999999999998
302,25,2.36,1.319090595827292,6,6271.99,1045.3316666666667,41,20,7,436,1,1,0.013729977116704805,20.299999999999997
303,15,2.6,1.2983506020002014,11,8359.06,759.9145454545454,49,25,8,555,1,1,0.019784172661870502,23.2
304,16,3.1875,1.7594980344783944,5,3123.1,624.62,46,15,7,148,0,0,0.03355704697986577,19.499999999999996
305,17,3.235294117647059,1.0914103126634984,6,8014.75,1335.7916666666667,38,16,5,270,0,2,0.02214022140221402,17.8
306,21,2.9047619047619047,1.5134319246256802,6,5235.57,872.5949999999999,50,28,4,886,1,1,0.006764374295377677,22.2
307,20,2.6,1.231174022502185,12,3909.02,325.75166666666667,52,20,11,596,0,2,0.020100502512562814,25.6
308,21,3.0952380952380953,1.48002573980191,9,7010.14,778.9044444444445,43,13,4,453,1,0,0.019823788546255508,21.599999999999998
309,22,3.0454545454545454,1.557692821581626,9,5682.36,631.3733333333333,41,10,10,390,0,1,0.023017902813299233,21.199999999999996
310,20,2.8,1.5423836644690752,7,4319.42,617.0600000000001,41,15,7,540,1,2,0.012939001848428836,19.799999999999997
311,14,2.9285714285714284,1.4917354742965407,9,7340.469999999999,815.6077777777778,50,22,6,656,1,3,0.0136986301369863,22.3
312,27,2.1481481481481484,1.4332240069615965,15,11804.84,786.9893333333333,44,21,4,942,0,1,0.015906680805938492,26.1
313,16,2.5,1.3165611772087666,4,4895.8099999999995,1223.9524999999999,44,17,7,892,1,1,0.004479283314669653,18.4
314,17,2.6470588235294117,1.4975470138942315,9,6416.83,712.9811111111111,55,24,6,125,0,1,0.07142857142857142,24.4
315,17,2.823529411764706,1.380004262568012,6,2315.16,385.85999999999996,54,19,7,890,0,2,0.006734006734006734,22.6
316,19,3.5789473684210527,1.1212983285105116,11,6730.6,611.8727272727273,53,24,9,891,0,1,0.01233183856502242,25.2
317,19,2.6842105263157894,1.6347827439397078,10,9058.57,905.857,58,22,8,632,0,0,0.01579778830963665,26.2
318,19,3.1578947368421053,1.2588865404147536,11,6161.49,560.1354545454545,44,14,7,221,0,2,0.04954954954954955,22.5
319,23,2.6956521739130435,1.5502135515263593,11,7470.27,679.1154545454546,48,18,10,409,1,1,0.026829268292682926,24.5
320,22,3.0,1.632993161855452,7,7214.290000000001,1030.6128571428574,53,28,4,879,0,2,0.007954545454545454,23.799999999999997
321,20,3.4,1.429022485182754,10,7372.14,737.214,44,13,9,154,1,0,0.06451612903225806,22.2
322,16,2.625,1.2583057392117916,10,9718.89,971.8889999999999,48,14,13,497,1,1,0.020080321285140562,22.599999999999998
323,17,2.8823529411764706,1.3173056280328643,5,5980.59,1196.118,47,23,1,891,0,2,0.005605381165919282,20.0
324,20,3.35,1.4244112357114613,6,2613.59,435.59833333333336,46,21,8,983,1,1,0.006097560975609756,20.799999999999997
325,25,2.56,1.3868429375143148,13,5066.3099999999995,389.7161538461538,52,22,6,651,0,2,0.019938650306748466,27.1
326,18,3.0555555555555554,1.4741786236338814,10,8654.19,865.4190000000001,40,16,5,967,0,1,0.010330578512396695,20.6
327,23,3.0869565217391304,1.0834726777719228,7,4074.8199999999997,582.1171428571428,37,20,6,726,1,0,0.009628610729023384,19.2
328,19,3.210526315789474,1.3975751766073286,10,8356.21,835.6209999999999,64,23,6,74,0,0,0.13333333333333333,28.0
329,23,3.130434782608696,1.3586205512841107,7,4670.08,667.1542857142857,44,16,9,694,1,0,0.010071942446043165,21.3
330,22,2.5,1.535298947157477,6,5137.51,856.2516666666667,45,13,9,674,0,0,0.008888888888888889,20.9
331,18,3.0555555555555554,1.3920878193318216,12,7139.98,594.9983333333333,56,29,8,216,0,0,0.055299539170506916,26.400000000000002
332,10,2.6,1.3498971154211057,9,7244.99,804.9988888888888,47,18,10,306,1,0,0.029315960912052116,20.6
333,20,2.6,1.500876936643164,15,15585.48,1039.032,42,15,6,1042,0,1,0.014381591562799617,24.1
334,12,3.3333333333333335,1.370688833684684,6,3412.97,568.8283333333333,56,22,6,209,1,0,0.02857142857142857,22.200000000000003
335,14,3.2857142857142856,1.5406577730392863,9,6879.400000000001,764.3777777777779,39,20,4,374,1,0,0.024,19.0
336,15,3.066666666666667,1.2798809468443688,6,1998.6,333.09999999999997,61,26,10,221,0,2,0.02702702702702703,24.3
337,9,3.111111111111111,1.1666666666666667,12,7403.73,616.9775,39,16,4,716,1,1,0.016736401673640166,19.5
338,16,2.5,1.2649110640673518,8,5370.219999999999,671.2774999999999,51,21,9,576,0,0,0.01386481802426343,22.499999999999996
339,12,3.25,1.764549903980152,5,1604.1399999999999,320.828,41,16,10,1003,1,0,0.0049800796812749,17.2
340,18,3.4444444444444446,1.5424282697487948,8,4323.46,540.4325,55,29,6,384,1,0,0.02077922077922078,24.1
341,28,3.0714285714285716,1.3313477278633001,14,10859.26,775.6614285714286,67,32,5,67,0,0,0.20588235294117646,32.699999999999996
342,13,2.923076923076923,1.1151635501529555,9,9157.849999999999,1017.5388888888888,50,22,3,674,1,1,0.013333333333333334,22.1
343,15,2.8666666666666667,1.245945806357946,9,4364.0,484.8888888888889,57,22,11,465,0,1,0.019313304721030045,24.599999999999998
344,16,3.1875,1.2763881332363862,5,1922.42,384.48400000000004,51,15,7,852,0,1,0.005861664712778429,20.999999999999996
345,17,3.411764705882353,1.4168108346481791,10,9501.32,950.132,51,22,5,711,1,1,0.014044943820224719,23.699999999999996
346,14,3.142857142857143,1.4600918230947437,2,2621.59,1310.795,65,23,8,233,1,1,0.008547008547008548,23.3
347,17,2.1176470588235294,0.9926198253344827,9,6204.67,689.4077777777778,53,29,4,789,0,2,0.01139240506329114,23.799999999999997
348,31,3.161290322580645,1.344043010064494,5,3750.4,750.08,41,17,7,996,0,2,0.0050150451354062184,21.0
349,25,3.08,1.3203534880225576,4,3006.5499999999997,751.6374999999999,39,23,7,1030,0,0,0.0038797284190106693,18.7
350,13,3.076923076923077,1.6563785025137652,12,12931.87,1077.6558333333335,50,16,11,502,1,0,0.02385685884691849,23.6
351,19,2.6842105263157894,1.4549773415168656,7,5748.530000000001,821.2185714285715,41,19,7,143,1,1,0.04861111111111111,19.599999999999998
352,18,3.0,1.4552137502179978,8,5975.33,746.91625,46,14,7,445,0,0,0.017937219730941704,21.4
353,16,2.75,1.183215956619923,12,9849.25,820.7708333333334,53,22,9,539,0,2,0.022222222222222223,25.099999999999998
354,26,2.8076923076923075,1.3861956793824102,6,5695.2699999999995,949.2116666666666,49,18,8,817,0,1,0.007334963325183374,22.9
355,16,3.3125,1.6214705259938174,7,7220.89,1031.5557142857144,59,25,8,735,0,0,0.009510869565217392,24.4
356,20,2.85,1.460893742308382,8,4000.13,500.01625,55,23,12,545,0,0,0.014652014652014652,24.5
357,20,3.1,1.4473205733717958,4,1921.69,480.4225,47,18,8,876,0,0,0.004561003420752566,20.1
358,18,2.888888888888889,1.2313975269103985,6,4579.5,763.25,45,12,11,956,1,0,0.006269592476489028,20.1
359,25,2.88,1.3638181696985856,6,4931.04,821.84,53,24,8,567,0,1,0.01056338028169014,23.9
360,11,2.6363636363636362,1.6292775867068985,10,8395.75,839.575,46,26,9,924,1,0,0.010810810810810811,20.999999999999996
361,21,2.857142857142857,1.4589624493356326,3,2305.96,768.6533333333333,39,17,6,418,0,2,0.007159904534606206,17.4
362,19,3.1052631578947367,1.3701069237311885,8,6081.58,760.1975,49,16,10,27,0,0,0.2857142857142857,22.5
363,21,2.1904761904761907,1.4359334113755977,10,9169.74,916.9739999999999,46,22,3,814,1,2,0.012269938650306749,22.999999999999996
364,19,3.4210526315789473,1.5024346712987116,8,5134.82,641.8525,55,12,10,727,1,1,0.01098901098901099,24.3
365,14,2.5714285714285716,1.4525460784051256,12,8910.2,742.5166666666668,42,19,9,991,0,2,0.012096774193548387,21.400000000000002
366,10,3.1,1.5951314818673865,12,7677.0,639.75,66,25,12,331,1,0,0.03614457831325301,27.8
367,23,2.9565217391304346,1.2239377906638147,9,2599.08,288.78666666666663,53,21,8,29,1,0,0.3,25.0
368,21,3.142857142857143,1.7113069358158484,10,6885.75,688.575,43,18,8,566,0,1,0.01763668430335097,22.099999999999998
369,20,2.95,1.3562719801759993,12,11462.08,955.1733333333333,49,22,5,174,1,1,0.06857142857142857,24.7
370,18,3.0555555555555554,1.2589548523523144,12,6413.1900000000005,534.4325,51,23,10,582,0,0,0.02058319039451115,24.9
371,16,3.3125,1.3022416570411703,7,5877.65,839.6642857142857,62,27,9,486,0,2,0.014373716632443531,25.299999999999997
372,13,3.076923076923077,1.3204505835470495,4,4482.63,1120.6575,30,10,4,164,0,1,0.024242424242424242,13.6
373,26,2.6923076923076925,1.5689290811054721,8,4887.29,610.91125,54,23,8,917,0,2,0.008714596949891068,25.4
374,19,2.8947368421052633,1.4489358870144542,6,6131.33,1021.8883333333333,53,13,12,504,0,2,0.011881188118811881,22.7
375,20,3.5,1.3954814298487215,6,3330.41,555.0683333333333,43,15,8,1001,1,1,0.005988023952095809,19.9
376,27,2.6296296296296298,1.3908533116302864,10,9082.64,908.2639999999999,45,17,8,180,0,2,0.055248618784530384,23.9
377,16,2.875,1.6683325008322931,10,7353.54,735.354,53,24,10,730,1,2,0.013679890560875513,24.099999999999998
378,26,3.3461538461538463,1.4125808349912639,6,4073.9700000000003,678.995,55,21,8,133,1,1,0.04477611940298507,24.7
379,26,2.6153846153846154,1.3289672103381056,9,7726.929999999999,858.5477777777777,51,21,6,900,0,1,0.009988901220865706,24.999999999999996
380,22,3.272727272727273,1.5175738212786565,3,2322.83,774.2766666666666,48,19,6,696,0,1,0.00430416068866571,20.299999999999997
381,17,2.6470588235294117,1.411611511296054,12,9520.31,793.3591666666666,42,17,8,289,0,1,0.041379310344827586,22.0
382,15,2.7333333333333334,1.624221425205085,7,2469.71,352.8157142857143,35,12,10,183,0,0,0.03804347826086957,17.0
383,20,3.1,1.3726654823065194,7,5695.1,813.5857142857143,69,26,16,686,0,1,0.010189228529839884,28.2
384,18,2.7222222222222223,1.6379885640466825,7,4865.57,695.0814285714285,40,15,5,136,1,2,0.051094890510948905,19.1
385,21,3.380952380952381,1.321975433818287,5,4420.96,884.192,50,22,7,1065,1,1,0.004690431519699813,21.7
386,23,3.0434782608695654,1.460954260673022,5,3733.97,746.794,51,23,9,408,1,0,0.012224938875305624,22.4
387,22,3.1363636363636362,1.4895015000377538,12,7196.09,599.6741666666667,64,14,18,344,1,3,0.034782608695652174,29.6
388,21,2.5714285714285716,1.2873006086935783,7,6026.3,860.9,41,20,6,213,0,0,0.03271028037383177,20.0
389,28,3.2857142857142856,1.4104672946998766,9,7486.38,831.82,61,25,8,537,1,0,0.016728624535315983,28.400000000000002
390,19,2.473684210526316,1.2187617145935723,13,9174.970000000001,705.7669230769231,58,24,6,721,0,0,0.018005540166204988,27.7
391,21,3.2857142857142856,1.6775832957816772,12,10863.130000000001,905.2608333333334,50,17,10,695,1,2,0.017241379310344827,25.2
392,16,3.5,1.4605934866804429,8,5005.7,625.7125,58,24,19,91,0,0,0.08695652173913043,24.599999999999998
393,22,3.409090909090909,1.181568405173351,12,10269.79,855.8158333333334,46,16,11,360,0,0,0.0332409972299169,24.199999999999996
394,18,3.0,1.495090003192804,9,5432.22,603.58,54,20,13,98,0,0,0.09090909090909091,24.3
395,24,2.7083333333333335,1.4288690166235205,5,2662.2,532.4399999999999,66,32,6,288,0,1,0.01730103806228374,27.1
396,18,3.611111111111111,1.3779306261410682,5,5156.52,1031.304,48,14,11,33,1,1,0.14705882352941177,20.5
397,17,2.235294117647059,1.3476559169863187,7,2470.67,352.95285714285717,45,25,7,84,0,2,0.08235294117647059,20.4
398,22,2.8636363636363638,1.2834274997778983,9,6579.09,731.01,52,21,5,70,0,0,0.1267605633802817,24.5
399,15,3.1333333333333333,1.505545305418162,6,3605.79,600.965,62,28,8,1042,0,2,0.005752636625119847,24.599999999999998
400,23,2.869565217391304,1.25424181466106,6,4685.04,780.84,53,18,5,630,1,1,0.009508716323296355,23.5
401,23,3.9130434782608696,1.4114159066908945,9,6716.27,746.2522222222223,43,13,5,228,0,2,0.039301310043668124,22.0
402,21,2.4761904761904763,1.53684897172909,10,5798.74,579.874,39,12,7,582,0,1,0.017152658662092625,20.9
403,15,3.466666666666667,1.3557637102737476,9,5835.89,648.4322222222222,48,18,5,132,1,2,0.06766917293233082,21.9
404,29,3.1724137931034484,1.2267542982905681,5,2835.85,567.17,44,19,7,1013,1,0,0.004930966469428008,21.5
405,27,2.4814814814814814,1.2517793603313514,2,1166.5700000000002,583.2850000000001,38,13,9,816,1,1,0.0024479804161566705,17.8
406,14,2.9285714285714284,1.2688144505364485,10,9718.16,971.816,62,25,5,771,1,0,0.012953367875647668,26.4
407,24,3.75,1.1515584902738285,6,5391.05,898.5083333333333,55,25,9,430,1,0,0.013921113689095127,24.3
408,22,3.590909090909091,1.3330627431056188,7,7829.81,1118.5442857142857,39,15,7,272,0,0,0.02564102564102564,19.6
409,20,3.4,1.2732056517228265,5,3897.82,779.5640000000001,49,26,6,937,1,0,0.005330490405117271,21.2
410,21,2.761904761904762,1.300183137283433,6,6053.92,1008.9866666666667,49,20,7,288,0,1,0.020761245674740483,21.9
411,18,3.1666666666666665,1.3394467690277294,3,895.97,298.6566666666667,35,10,4,1067,0,3,0.0028089887640449437,15.6
412,20,2.75,1.446411166701189,5,3966.91,793.382,58,25,8,527,0,0,0.00946969696969697,23.9
413,15,2.4,0.9856107606091623,5,5476.76,1095.352,50,17,3,1066,0,0,0.004686035613870665,20.5
414,12,2.9166666666666665,1.4433756729740645,10,5208.89,520.889,53,17,9,859,0,1,0.011627906976744186,23.299999999999997
415,12,3.0833333333333335,1.781640374554423,7,4168.24,595.4628571428572,48,20,7,156,1,1,0.044585987261146494,20.299999999999997
416,19,3.263157894736842,1.6276126096272248,4,1420.74,355.185,51,20,9,150,0,2,0.026490066225165563,21.099999999999998
417,14,2.0714285714285716,0.9168747682531898,8,5431.05,678.88125,49,22,7,245,0,2,0.032520325203252036,21.5
418,22,2.909090909090909,1.5402254290506867,6,3728.84,621.4733333333334,48,13,9,958,1,0,0.006256517205422315,21.799999999999997
419,24,3.0,1.5036188231122245,4,3918.5299999999997,979.6324999999999,54,28,6,939,1,3,0.00425531914893617,23.0
420,20,3.1,1.7740824166460338,5,4320.08,864.016,46,20,4,537,0,0,0.00929368029739777,20.299999999999997
421,20,3.35,1.6630662866176473,5,5047.45,1009.49,61,25,12,586,0,0,0.008517887563884156,24.8
422,16,3.375,1.408308678285174,6,4555.21,759.2016666666667,61,21,5,475,1,2,0.012605042016806723,24.5
423,25,3.08,1.5790292376436013,7,7022.08,1003.1542857142857,56,17,7,891,0,1,0.007847533632286996,25.3
424,15,3.2,1.61245154965971,13,7560.93,581.61,49,17,6,416,1,1,0.03117505995203837,24.2
425,21,3.142857142857143,1.314751470267833,6,3617.92,602.9866666666667,53,26,4,346,0,0,0.01729106628242075,23.099999999999998
426,16,2.625,1.3102162671355697,4,1258.52,314.63,53,15,10,1077,1,0,0.0037105751391465678,21.099999999999998
427,18,3.1666666666666665,1.3826657968874305,1,1420.24,1420.24,63,28,10,710,1,1,0.0014064697609001407,23.0
428,18,3.5555555555555554,1.2935233335271092,7,2803.97,400.5671428571428,41,22,3,1078,1,0,0.006487488415199258,19.4
429,11,3.909090909090909,0.9438798074485389,6,3438.0600000000004,573.0100000000001,64,26,4,722,1,1,0.008298755186721992,24.4
430,30,3.1,1.5165750888103102,11,7846.91,713.3554545454546,51,20,9,383,0,0,0.028645833333333332,26.799999999999997
431,15,3.2,1.52127765851133,8,3864.31,483.03875,46,23,7,82,0,2,0.0963855421686747,20.799999999999997
432,14,3.5714285714285716,1.0163498575623615,11,6809.58,619.0527272727272,51,16,10,623,1,2,0.017628205128205128,23.599999999999998
433,21,2.857142857142857,1.5901482410679288,8,5650.35,706.29375,50,24,6,226,1,2,0.03524229074889868,23.2
434,14,3.4285714285714284,1.5548576840284827,5,1854.46,370.892,53,25,5,1093,0,3,0.004570383912248629,21.2
435,14,3.142857142857143,1.292412345317728,9,8369.97,929.9966666666666,53,17,5,461,0,1,0.01948051948051948,23.2
436,17,2.764705882352941,1.3004524099667143,4,4391.71,1097.9275,54,24,11,572,0,0,0.006980802792321117,21.6
437,13,2.8461538461538463,1.4632243987255136,8,6290.25,786.28125,55,26,7,313,1,0,0.025477707006369428,23.1
438,23,3.5652173913043477,1.3082287455154336,12,9035.14,752.9283333333333,48,22,7,307,0,0,0.03896103896103896,25.0
439,17,2.9411764705882355,1.519481335657587,6,4000.9700000000003,666.8283333333334,52,25,9,313,0,0,0.01910828025477707,22.0
440,30,2.433333333333333,1.2780193008453877,5,3452.6699999999996,690.5339999999999,46,21,7,889,0,1,0.0056179775280898875,22.299999999999997
441,20,2.55,1.276302224561664,6,3581.8,596.9666666666667,51,19,10,237,1,2,0.025210084033613446,22.299999999999997
442,25,3.56,1.3253930234714029,7,6316.16,902.3085714285714,65,33,8,18,1,2,0.3684210526315789,28.0
443,19,2.789473684210526,1.228320776436091,11,8344.17,758.5609090909091,54,21,9,49,1,0,0.22,25.5
444,20,3.25,1.5852942612451615,5,4368.18,873.6360000000001,59,21,8,786,1,2,0.0063532401524777635,24.2
445,16,2.6875,1.40089257261219,4,2848.55,712.1375,65,34,6,256,1,2,0.01556420233463035,24.7
446,11,3.272727272727273,1.009049958219026,10,6220.71,622.071,44,14,7,15,1,1,0.625,20.4
447,19,2.6315789473684212,1.2565617248750864,10,12123.59,1212.359,45,18,3,239,1,1,0.041666666666666664,22.3
448,22,3.227272727272727,1.4452489711965162,2,2370.89,1185.445,46,21,5,90,1,1,0.02197802197802198,19.2
449,25,3.36,1.439907404430345,6,2246.43,374.405,55,22,10,821,1,0,0.0072992700729927005,24.5
450,18,3.5,1.3826657968874305,3,1910.05,636.6833333333333,58,23,8,894,1,2,0.0033519553072625698,22.5
451,22,3.0454545454545454,1.3965015038360862,10,5543.58,554.358,45,24,4,169,0,1,0.058823529411764705,22.9
452,17,3.9411764705882355,1.1974237050483696,8,5485.8099999999995,685.7262499999999,47,16,3,603,0,1,0.013245033112582781,21.5
453,22,2.5454545454545454,1.4384936806479443,7,2878.4900000000002,411.21285714285716,56,24,8,753,0,1,0.009283819628647215,24.700000000000003
454,19,3.1578947368421053,1.344253526630914,4,3193.67,798.4175,46,16,6,88,0,1,0.0449438202247191,19.599999999999998
455,12,2.5833333333333335,1.2401124093721454,5,4095.88,819.176,51,26,5,1035,1,1,0.004826254826254826,20.199999999999996
456,17,2.2941176470588234,1.5315313367000094,4,3677.24,919.31,39,15,5,298,0,0,0.013377926421404682,17.1
457,15,3.1333333333333333,1.5522640914238175,7,5477.3,782.4714285714286,50,19,8,261,1,2,0.026717557251908396,21.5
458,19,3.5789473684210527,1.346426937147361,8,4164.83,520.60375,48,18,4,261,1,2,0.030534351145038167,22.2
459,20,2.6,1.500876936643164,10,10578.029999999999,1057.8029999999999,41,17,4,983,0,1,0.01016260162601626,21.299999999999997
460,22,3.590909090909091,1.296849328880646,7,4231.46,604.4942857142858,43,24,6,494,1,3,0.014141414141414142,20.799999999999997
461,23,2.9565217391304346,1.4295028019803129,7,5164.61,737.8014285714286,58,31,2,136,0,0,0.051094890510948905,25.5
462,20,2.1,1.3337718577107003,10,6850.77,685.077,46,19,4,628,1,2,0.01589825119236884,22.799999999999997
463,22,3.090909090909091,1.4111491740216522,9,5547.28,616.3644444444444,45,13,10,854,0,2,0.010526315789473684,22.4
464,21,2.7142857142857144,1.5537971921347118,8,5392.25,674.03125,50,18,10,90,0,1,0.08791208791208792,23.2
465,21,3.0,1.5491933384829668,6,3883.21,647.2016666666667,51,25,7,262,1,1,0.022813688212927757,22.499999999999996
466,17,2.9411764705882355,1.3906198364081266,9,4558.93,506.5477777777778,58,21,14,754,0,0,0.011920529801324504,25.299999999999997
467,14,2.7142857142857144,1.3259870882635918,7,4144.07,592.01,44,16,12,95,0,2,0.07291666666666667,19.5
468,22,3.5,1.371478173706159,8,5671.57,708.94625,45,21,6,897,0,2,0.008908685968819599,21.9
469,25,3.16,1.4341083176199303,8,7595.77,949.47125,56,21,11,622,1,2,0.012841091492776886,25.8
470,23,3.652173913043478,1.1912062508297252,7,5845.21,835.03,57,22,7,752,1,2,0.009296148738379814,25.2
471,17,3.1176470588235294,1.2689736473414486,11,9710.52,882.7745454545455,55,22,6,405,1,0,0.027093596059113302,25.4
472,17,3.5294117647058822,1.1788578719900635,6,4639.29,773.215,50,23,9,260,0,0,0.022988505747126436,21.4
473,13,2.6153846153846154,1.445594545418455,3,1567.35,522.4499999999999,51,21,9,1048,1,0,0.002859866539561487,19.4
474,19,3.0,1.4529663145135576,5,4713.83,942.766,47,16,5,81,0,0,0.06097560975609756,20.400000000000002
475,20,3.15,1.5652475842498526,7,4997.76,713.9657142857143,43,16,4,531,0,0,0.013157894736842105,20.4
476,20,3.05,1.3168942730211068,7,7507.59,1072.5128571428572,42,17,6,217,0,2,0.03211009174311927,20.1
477,20,3.5,1.2354415362426845,9,3939.27,437.69666666666666,50,25,4,523,1,1,0.01717557251908397,23.5
478,20,3.35,1.348488432516786,9,7745.18,860.5755555555556,45,22,6,593,1,0,0.015151515151515152,22.0
479,17,3.235294117647059,1.4802622979013667,5,4873.18,974.6360000000001,61,19,11,826,0,2,0.006045949214026602,24.200000000000003
480,25,2.96,1.42828568570857,8,8839.99,1104.99875,51,19,12,466,1,1,0.017130620985010708,24.299999999999997
481,16,3.1875,1.3768926368215257,6,6617.93,1102.9883333333335,51,21,10,413,0,2,0.014492753623188406,21.499999999999996
482,19,3.526315789473684,1.2635233389495326,3,3622.32,1207.44,52,26,4,913,0,1,0.0032822757111597373,20.900000000000002
483,24,2.875,1.3290238326779875,10,6874.24,687.424,44,20,5,846,0,2,0.011806375442739079,23.0
484,19,3.4210526315789473,1.0173926082384546,14,10681.27,762.9478571428572,63,25,6,1036,0,1,0.013500482160077145,29.7
485,20,3.4,1.429022485182754,7,5774.88,824.9828571428571,49,22,11,1068,0,0,0.006548175865294668,22.2
486,21,2.4761904761904763,1.3273676061682242,6,3105.63,517.605,58,26,9,163,1,2,0.036585365853658534,24.599999999999998
487,15,3.2,1.5212776585113297,6,3559.87,593.3116666666666,52,17,8,31,0,2,0.1875,21.6
488,16,2.4375,1.4127396551853895,8,6388.29,798.53625,49,16,7,782,0,1,0.010217113665389528,21.9
489,14,3.5714285714285716,1.1578684470436789,12,9549.57,795.7975,47,22,9,271,1,0,0.04411764705882353,22.900000000000002
490,21,2.857142857142857,1.314751470267833,8,3552.1099999999997,444.01374999999996,50,21,7,286,1,0,0.027874564459930314,23.2
491,15,2.6,1.4040757000349273,13,9302.37,715.5669230769231,45,16,5,552,1,3,0.023508137432188065,23.0
492,27,2.962962962962963,1.343974630068517,9,5489.54,609.9488888888889,47,17,12,462,0,2,0.019438444924406047,24.0
493,23,3.260869565217391,1.483772566018116,6,6288.38,1048.0633333333333,56,25,10,606,0,1,0.009884678747940691,24.400000000000002
494,19,2.9473684210526314,1.5446568914424659,7,5642.219999999999,806.0314285714285,43,19,3,439,0,0,0.015909090909090907,20.2
495,13,2.769230769230769,1.4232501627054275,14,7581.56,541.5400000000001,52,18,3,521,1,1,0.02681992337164751,25.200000000000003
496,14,3.357142857142857,1.3926810257774174,6,4971.18,828.5300000000001,46,17,9,740,0,2,0.008097165991902834,19.599999999999998
497,18,3.3333333333333335,1.6449566416599488,7,5134.48,733.4971428571428,51,16,7,143,1,1,0.04861111111111111,22.4
498,17,3.5294117647058822,1.3284223283101428,6,4587.54,764.59,49,17,5,420,1,2,0.014251781472684086,21.1
499,15,2.933333333333333,1.486446705914413,7,3370.13,481.44714285714286,42,12,3,77,0,0,0.08974358974358974,19.1
500,21,3.2857142857142856,1.3835771443203715,7,6197.18,885.3114285714286,44,17,7,292,0,1,0.023890784982935155,20.9
501,20,2.95,1.3168942730211068,9,6784.9800000000005,753.8866666666668,55,24,7,79,0,2,0.1125,25.0
502,25,2.92,1.4696938456699067,7,2356.25,336.60714285714283,48,20,11,785,1,2,0.008905852417302799,22.9
503,19,3.526315789473684,1.5408663166699288,8,6618.43,827.30375,49,15,10,556,1,1,0.01436265709156194,22.5
504,21,3.4761904761904763,1.3273676061682242,9,3391.94,376.88222222222225,49,21,6,825,1,2,0.010895883777239709,23.4
505,16,3.5625,1.5041608956491324,10,5083.52,508.35200000000003,51,19,8,696,0,1,0.014347202295552367,23.499999999999996
506,21,3.2857142857142856,1.7071279138616748,2,494.27,247.135,52,24,3,38,0,2,0.05128205128205128,20.8
507,22,2.9545454545454546,1.3965015038360864,7,3358.76,479.8228571428572,56,17,11,754,0,2,0.009271523178807948,24.700000000000003
508,26,3.1538461538461537,1.2551432648843779,7,4400.22,628.6028571428571,48,17,11,952,1,0,0.007345225603357817,23.099999999999998
509,19,3.263157894736842,1.4079972089286532,7,4644.63,663.5185714285715,54,21,9,757,1,2,0.009234828496042216,23.5
510,16,3.0625,1.526160760426852,9,10645.6,1182.8444444444444,56,24,10,740,1,0,0.012145748987854251,24.5
511,22,3.3636363636363638,1.2552918289216957,11,6138.66,558.06,44,16,6,66,0,2,0.16417910447761194,23.1
512,27,2.6296296296296298,1.5725566676385538,7,4990.82,712.9742857142857,60,15,10,204,0,3,0.03414634146341464,26.9
513,13,3.076923076923077,0.8623164985025763,9,5576.5599999999995,619.6177777777777,53,23,4,280,0,1,0.03202846975088968,23.0
514,27,3.111111111111111,1.6012815380508714,9,10373.53,1152.6144444444444,44,20,7,386,1,1,0.023255813953488372,23.1
515,19,3.0,1.5275252316519468,8,8168.37,1021.04625,50,22,5,591,1,0,0.013513513513513514,22.8
516,20,3.1,1.5525869752736798,8,6294.37,786.79625,62,21,9,811,0,1,0.009852216748768473,26.599999999999998
517,20,3.5,1.3178930553209385,8,9715.89,1214.48625,43,17,8,209,1,0,0.0380952380952381,20.9
518,20,2.95,1.4317821063276355,10,9585.0,958.5,50,25,8,505,0,0,0.019762845849802372,24.0
519,22,3.5454545454545454,1.4050003466284178,12,8697.92,724.8266666666667,52,27,6,888,0,3,0.013498312710911136,26.0
520,14,3.142857142857143,1.4064216928154862,4,4878.04,1219.51,51,16,12,701,1,2,0.005698005698005698,20.099999999999998
521,23,3.3043478260869565,1.3959285801180923,7,3973.46,567.6371428571429,59,16,6,226,0,2,0.030837004405286344,25.8
522,22,3.1363636363636362,1.5211353699959822,2,2447.2,1223.6,47,18,4,87,1,0,0.022727272727272728,19.5
523,22,3.1818181818181817,1.4682793180604827,7,4162.64,594.6628571428572,37,17,8,143,0,1,0.04861111111111111,19.0
524,27,2.962962962962963,1.6286256943882629,5,1153.46,230.692,45,17,11,974,0,0,0.005128205128205128,21.4
525,18,3.6666666666666665,1.5718104959867516,10,6380.31,638.0310000000001,49,27,4,532,0,0,0.01876172607879925,23.3
526,17,2.5294117647058822,1.4627733530362594,7,3687.43,526.7757142857142,50,18,7,8,0,1,0.7777777777777778,21.9
527,15,3.2,1.567527625639452,10,8969.59,896.9590000000001,41,21,5,1056,1,0,0.00946073793755913,20.299999999999997
528,24,3.0,1.5036188231122245,15,11994.11,799.6073333333334,50,21,10,616,0,2,0.024311183144246355,27.3
529,20,3.1,1.6189665319514628,8,7639.950000000001,954.9937500000001,41,19,5,66,1,0,0.11940298507462686,20.299999999999997
530,32,3.34375,1.4052751997729034,9,7079.62,786.6244444444444,53,18,12,405,1,1,0.022167487684729065,26.799999999999997
531,16,3.4375,1.6317168872080723,7,4711.2300000000005,673.0328571428572,50,23,8,220,0,2,0.03167420814479638,21.7
532,19,3.1578947368421053,1.213953957333768,8,4732.82,591.6025,40,16,3,410,0,1,0.019464720194647202,19.8
533,17,3.0,1.2747548783981961,7,4804.61,686.3728571428571,42,18,5,368,0,2,0.018970189701897018,19.5
534,14,2.0714285714285716,1.3847680013570567,6,3999.4,666.5666666666667,52,21,10,169,1,0,0.03529411764705882,21.400000000000002
535,18,2.7777777777777777,1.555088632070459,5,6671.41,1334.282,46,19,11,843,1,2,0.005924170616113744,19.9
536,16,3.1875,1.4705441169852742,5,3594.9300000000003,718.9860000000001,45,17,5,33,1,2,0.14705882352941177,19.2
537,18,2.4444444444444446,1.6528841894672626,12,10127.51,843.9591666666666,45,15,12,647,0,0,0.018518518518518517,23.1
538,16,3.0,1.632993161855452,10,5397.93,539.793,52,21,5,860,1,2,0.011614401858304297,23.8
539,22,3.409090909090909,1.402687587288227,7,7148.9,1021.2714285714285,47,21,8,1084,1,1,0.0064516129032258064,22.0
540,11,3.8181818181818183,1.0787197799411874,4,2742.45,685.6125,37,10,1,376,1,1,0.010610079575596816,15.3
541,22,3.1363636363636362,1.5521246435421703,7,7446.93,1063.847142857143,50,27,6,366,1,1,0.01907356948228883,22.9
542,25,2.92,1.3203534880225574,12,6048.6,504.05,50,20,7,499,0,2,0.024,26.0
543,14,3.142857142857143,1.70326125450528,7,2799.82,399.9742857142857,37,18,2,773,0,2,0.00904392764857881,17.4
544,18,3.3333333333333335,1.6087993330796877,10,10387.84,1038.784,44,11,8,703,0,2,0.014204545454545454,21.8
545,15,2.933333333333333,1.5796322658258455,9,7048.38,783.1533333333333,40,16,10,422,1,0,0.02127659574468085,19.5
546,23,3.0434782608695654,1.3973436119868565,10,6320.41,632.0409999999999,35,13,5,23,0,1,0.4166666666666667,20.1
547,20,2.7,1.525226471535845,16,11313.36,707.085,57,16,11,31,0,2,0.5,29.099999999999998
548,10,2.4,1.5055453054181622,3,935.8199999999999,311.94,53,20,7,735,1,3,0.004076086956521739,19.4
549,16,2.8125,1.42448821218944,6,5474.450000000001,912.4083333333334,49,18,8,707,1,2,0.00847457627118644,20.9
550,18,2.5,0.985184366143778,9,7346.83,816.3144444444445,35,14,4,252,0,0,0.03557312252964427,18.6
551,20,3.1,1.5861240410775603,11,8214.11,746.7372727272727,48,17,12,255,0,1,0.04296875,23.9
552,18,3.4444444444444446,1.6169041669088864,8,3241.23,405.15375,58,24,7,726,1,1,0.011004126547455296,25.0
553,14,3.5,1.4005493427717788,5,3108.59,621.7180000000001,46,17,6,144,0,2,0.034482758620689655,19.099999999999998
554,21,3.0,1.5811388300841898,8,8748.130000000001,1093.5162500000001,58,28,6,1048,1,2,0.0076263107721639654,25.599999999999998
555,20,2.35,1.1367080817685318,12,9214.26,767.855,60,19,9,280,1,2,0.042704626334519574,28.0
556,20,3.05,1.4680814547887788,3,3076.84,1025.6133333333335,47,16,5,972,0,2,0.003083247687564234,19.6
557,17,2.823529411764706,1.3339459376998313,5,3034.13,606.826,43,17,5,138,1,1,0.03597122302158273,18.8
558,13,2.769230769230769,1.4232501627054275,8,3154.04,394.255,56,25,6,738,0,1,0.010825439783491205,23.400000000000002
559,19,3.1052631578947367,1.5949481650269413,5,3260.43,652.086,48,18,11,229,1,1,0.021739130434782608,20.7
560,16,2.9375,1.6111590031195968,9,6014.129999999999,668.2366666666666,58,25,10,242,0,1,0.037037037037037035,25.099999999999998
561,25,2.96,1.593737745050923,8,6070.3099999999995,758.7887499999999,52,22,7,242,1,2,0.03292181069958848,24.6
562,17,2.7058823529411766,1.6494205756247002,3,2553.66,851.2199999999999,43,22,5,242,0,0,0.012345679012345678,17.8
563,23,3.0,1.3483997249264843,13,11469.1,882.2384615384616,54,20,7,1071,0,0,0.012126865671641791,27.3
564,20,3.65,1.348488432516786,8,4632.85,579.10625,43,20,8,668,1,2,0.01195814648729447,20.9
565,16,2.6875,1.4008925726121897,9,7912.240000000001,879.1377777777778,42,17,6,735,0,2,0.012228260869565218,20.3
566,14,2.857142857142857,1.65748386032949,11,5250.53,477.3209090909091,38,18,5,592,1,0,0.01854974704890388,19.7
567,28,2.9642857142857144,1.3188699668344825,14,11375.83,812.5592857142857,64,26,12,504,0,2,0.027722772277227723,31.8
568,24,3.2083333333333335,1.444003091248849,6,6292.8,1048.8,43,18,8,82,1,0,0.07228915662650602,20.700000000000003
569,21,3.1904761904761907,1.53684897172909,5,2183.17,436.634,50,18,10,864,1,1,0.005780346820809248,21.7
570,25,2.72,1.4866068747318504,4,2490.19,622.5475,51,15,7,172,0,0,0.023121387283236993,22.299999999999997
571,21,3.0,1.51657508881031,10,6624.96,662.496,51,18,10,209,1,2,0.047619047619047616,24.499999999999996
572,20,2.75,1.51744244666721,7,2826.72,403.8171428571428,52,16,10,887,0,2,0.007882882882882882,23.1
573,19,2.526315789473684,1.5765088382115289,11,7971.57,724.6881818181818,40,18,6,282,1,0,0.038869257950530034,21.3
574,12,3.4166666666666665,1.3113721705515067,8,9872.0,1234.0,62,27,3,53,1,2,0.14814814814814814,25.0
575,24,3.0,1.3831281496162493,7,3497.25,499.60714285714283,46,16,11,834,0,2,0.008383233532934131,22.099999999999998
576,19,3.3684210526315788,1.4985372985307104,12,7182.02,598.5016666666667,47,18,6,32,1,0,0.36363636363636365,23.900000000000002
577,17,2.9411764705882355,1.7128407776006982,6,3874.96,645.8266666666667,49,17,7,1075,1,0,0.0055762081784386614,21.1
578,22,3.3636363636363638,1.3988244910316505,5,4491.54,898.308,55,23,10,261,0,0,0.019083969465648856,23.4
579,15,2.933333333333333,1.5796322658258455,7,6183.08,883.2971428571428,45,18,1,58,1,1,0.11864406779661017,20.0
580,16,3.625,1.3102162671355697,4,4965.59,1241.3975,46,20,5,137,0,1,0.028985507246376812,19.0
581,21,3.3333333333333335,1.390443574307614,9,5504.59,611.6211111111111,29,9,6,929,1,1,0.00967741935483871,17.4
582,10,2.9,1.3703203194062976,15,10611.79,707.4526666666667,54,19,10,942,1,0,0.015906680805938492,25.7
583,23,3.347826086956522,1.525799213889796,10,9741.79,974.1790000000001,48,16,7,1063,1,0,0.009398496240601503,24.0
584,15,3.066666666666667,1.4864467059144129,11,8268.6,751.6909090909091,62,16,9,550,1,1,0.019963702359346643,27.099999999999998
585,18,3.6666666666666665,1.1881770515720094,5,2390.14,478.02799999999996,52,24,8,661,1,0,0.0075528700906344415,21.700000000000003
586,24,3.375,1.1726039399558572,6,7105.8,1184.3,44,17,12,125,1,0,0.047619047619047616,21.0
587,16,2.875,1.3601470508735443,5,5634.1,1126.8200000000002,50,26,6,254,0,2,0.0196078431372549,20.7
588,29,3.1379310344827585,1.3017608385522192,14,8920.63,637.1878571428571,60,32,3,886,0,2,0.015783540022547914,30.8
589,20,2.6,1.3917047478769187,6,4709.96,784.9933333333333,46,13,12,991,1,2,0.006048387096774193,20.799999999999997
590,23,3.0,1.4459976109624422,6,4396.5,732.75,60,31,6,625,1,0,0.009584664536741214,25.6
591,26,2.8846153846153846,1.4785647926803365,4,1522.64,380.66,55,23,8,1056,0,2,0.003784295175023652,23.7
592,28,3.3214285714285716,1.4156158567804522,10,5854.52,585.452,43,18,7,356,0,0,0.028011204481792718,23.5
593,11,3.6363636363636362,1.433368568981982,15,9303.83,620.2553333333333,37,11,8,842,0,2,0.017793594306049824,20.8
594,18,3.7222222222222223,0.9582800496696,8,6945.4400000000005,868.1800000000001,41,16,7,54,1,1,0.14545454545454545,19.9
595,18,2.8333333333333335,1.6179144164088315,8,6255.12,781.89,68,31,9,386,0,1,0.020671834625323,28.0
596,17,3.1176470588235294,1.5764815627361646,6,5814.7,969.1166666666667,46,23,7,208,1,2,0.028708133971291867,20.199999999999996
597,22,3.3636363636363638,1.6196841122196093,8,7196.18,899.5225,39,12,7,1036,1,3,0.007714561234329798,20.1
598,15,2.8,1.5675276256394517,6,4082.8500000000004,680.475,52,23,10,380,1,1,0.015748031496062992,21.6
599,21,2.9523809523809526,1.4309504001254019,11,6701.99,609.2718181818182,58,22,9,395,1,0,0.027777777777777776,27.099999999999998
600,22,2.6818181818181817,1.4271638086766836,5,2327.19,465.438,50,11,7,392,1,1,0.01272264631043257,21.9
601,22,3.272727272727273,1.4203225046854735,3,2016.27,672.09,50,22,5,398,0,0,0.007518796992481203,20.9
602,17,3.4705882352941178,1.4194033543545477,5,1896.4,379.28000000000003,57,29,9,218,1,0,0.0228310502283105,23.0
603,18,3.2777777777777777,1.7423971167384031,9,4589.33,509.92555555555555,56,28,7,123,0,2,0.07258064516129033,24.900000000000002
604,21,2.619047619047619,1.4654757069358222,10,7132.4800000000005,713.248,55,23,10,323,1,0,0.030864197530864196,25.7
605,19,3.263157894736842,1.4079972089286532,9,2217.37,246.37444444444444,59,26,12,392,1,1,0.022900763358778626,26.0
606,24,2.6666666666666665,1.307725096316589,7,6377.08,911.0114285714286,41,22,5,230,0,1,0.030303030303030304,20.6
607,14,2.9285714285714284,1.3847680013570567,11,7905.78,718.7072727272727,41,13,5,582,1,1,0.018867924528301886,20.599999999999998
608,20,3.05,1.3562719801759993,8,6271.3099999999995,783.9137499999999,47,17,9,9,0,0,0.8,22.1
609,13,2.6923076923076925,1.4935759876113537,10,8940.18,894.018,45,10,9,508,0,1,0.019646365422396856,21.1
610,18,2.5555555555555554,0.9217771979249536,8,4918.12,614.765,48,20,10,585,1,2,0.013651877133105802,22.0
611,17,2.9411764705882355,1.4348601079588785,9,5951.6900000000005,661.298888888889,42,21,6,275,0,1,0.03260869565217391,20.5
612,26,2.8846153846153846,1.5317159809030676,8,4358.68,544.835,36,12,4,128,0,1,0.06201550387596899,20.0
613,20,2.6,1.3138933706635725,6,6628.34,1104.7233333333334,41,17,8,817,1,3,0.007334963325183374,19.299999999999997
614,10,2.9,1.728840330651992,5,4831.650000000001,966.3300000000002,46,20,3,774,1,1,0.0064516129032258064,18.299999999999997
615,13,3.1538461538461537,1.5730095277394138,5,3630.1800000000003,726.0360000000001,56,26,8,25,0,0,0.19230769230769232,21.900000000000002
616,18,3.1666666666666665,1.3826657968874305,7,4978.43,711.2042857142858,44,16,10,579,0,1,0.01206896551724138,20.3
617,24,2.9166666666666665,1.3805061033727,10,8659.44,865.9440000000001,60,27,6,352,1,2,0.028328611898016998,27.8
618,20,3.0,1.685854460847049,7,5556.68,793.8114285714286,55,25,8,378,1,2,0.018469656992084433,24.0
619,25,3.16,1.4047538337136984,6,5024.360000000001,837.3933333333334,48,19,8,773,0,1,0.007751937984496124,22.4
620,16,2.5,1.4605934866804429,8,4778.21,597.27625,56,27,8,267,0,1,0.029850746268656716,24.0
621,26,2.923076923076923,1.2624761993186857,7,4967.99,709.7128571428572,49,17,6,1047,0,2,0.006679389312977099,23.4
622,19,2.789473684210526,1.6525719808972874,8,5037.78,629.7225,58,19,10,825,1,2,0.009685230024213076,25.2
623,15,2.466666666666667,1.4074631010979937,5,4023.73,804.746,45,26,5,320,1,0,0.01557632398753894,19.0
624,17,3.235294117647059,1.0325582165612917,8,6465.51,808.18875,62,23,8,890,1,2,0.008978675645342313,26.0
625,16,3.625,1.5,5,2974.27,594.854,63,28,10,961,1,0,0.005197505197505198,24.599999999999998
626,20,2.3,1.3803127029389886,4,3381.88,845.47,61,14,17,797,0,0,0.005012531328320802,24.3
627,17,3.2941176470588234,1.7235394498804248,8,6259.58,782.4475,48,19,8,129,1,2,0.06153846153846154,21.799999999999997
628,22,2.4545454545454546,1.2238608980744086,8,7059.84,882.48,44,16,11,986,0,1,0.008105369807497468,21.6
629,23,3.3043478260869565,1.3629774429099781,7,3735.23,533.6042857142858,41,13,11,1018,1,2,0.0068694798822374874,20.4
630,13,3.230769230769231,1.4232501627054275,5,1910.61,382.12199999999996,56,26,9,24,0,2,0.2,21.900000000000002
631,23,2.4782608695652173,1.2745610730183763,9,5509.9,612.2111111111111,64,23,7,892,0,1,0.010078387458006719,28.3
632,18,3.5555555555555554,0.9217771979249535,6,6383.469999999999,1063.9116666666666,47,19,5,374,1,0,0.016,20.700000000000003
633,18,3.1666666666666665,1.2947859237091257,10,6730.900000000001,673.09,50,23,8,812,0,2,0.012300123001230012,23.6
634,21,3.142857142857143,1.4589624493356326,10,6558.860000000001,655.8860000000001,49,13,7,353,1,0,0.02824858757062147,23.9
635,25,3.12,1.3329166015421468,8,4993.83,624.22875,53,18,9,930,1,1,0.008592910848549946,24.9
636,20,2.7,1.4179302929937965,9,3901.9,433.5444444444445,43,20,4,718,1,0,0.012517385257301807,21.4
637,24,2.625,1.3452816094393218,8,6923.8,865.475,43,15,5,565,1,1,0.014134275618374558,21.7
638,17,3.0588235294117645,1.5996323106926056,4,2617.67,654.4175,53,21,8,234,1,1,0.01702127659574468,21.299999999999997
639,15,2.7333333333333334,1.4864467059144129,6,4040.58,673.43,54,31,4,508,0,0,0.011787819253438114,22.2
640,21,3.142857142857143,1.3887301496588274,10,7542.36,754.236,49,19,7,869,0,2,0.011494252873563218,23.9
641,21,2.9523809523809526,1.4309504001254019,5,4233.0599999999995,846.6119999999999,61,21,12,211,1,1,0.02358490566037736,25.0
642,18,3.0555555555555554,1.4337208778404378,7,5603.39,800.4842857142858,49,17,9,898,1,0,0.00778642936596218,21.8
643,14,2.7142857142857144,1.6374732612530445,10,7032.34,703.234,57,28,5,658,0,0,0.015174506828528073,24.9
644,16,3.125,1.408308678285174,11,7618.29,692.5718181818182,44,19,5,504,0,0,0.02178217821782178,21.9
645,15,3.1333333333333333,1.4573295865416045,6,5694.87,949.145,45,23,8,448,0,2,0.013363028953229399,19.5
646,18,3.4444444444444446,1.3814835257889049,9,6469.26,718.8066666666667,44,24,4,340,1,0,0.026392961876832845,21.3
647,16,3.9375,1.2365947867699698,6,5181.49,863.5816666666666,53,15,6,158,0,2,0.03773584905660377,22.099999999999998
648,18,2.9444444444444446,1.3920878193318216,7,4923.07,703.2957142857142,49,19,8,746,0,2,0.009370816599732263,21.8
649,17,3.176470588235294,1.5506165756581742,8,7844.73,980.59125,58,21,10,678,0,3,0.011782032400589101,24.799999999999997
650,20,3.15,1.268027892769755,6,5302.889999999999,883.8149999999999,57,20,11,524,1,0,0.011428571428571429,24.099999999999998
651,19,3.5789473684210527,1.3870748387117167,10,9384.949999999999,938.4949999999999,51,19,8,293,0,0,0.034013605442176874,24.099999999999998
652,22,2.9545454545454546,1.4301938838683885,12,9782.0,815.1666666666666,59,25,9,34,0,1,0.34285714285714286,28.1
653,23,2.869565217391304,1.6040955487888708,9,4643.52,515.9466666666667,48,21,6,582,0,0,0.015437392795883362,23.5
654,18,2.7777777777777777,1.1659661762602749,10,7742.46,774.246,43,16,6,221,0,2,0.04504504504504504,21.5
655,13,3.3846153846153846,1.6092680291808414,5,3043.92,608.784,49,17,9,127,0,2,0.0390625,19.8
656,26,2.8461538461538463,1.541228281399162,9,6558.610000000001,728.7344444444445,52,21,6,660,1,0,0.01361573373676248,25.3
657,12,2.6666666666666665,1.2309149097933274,6,5793.78,965.63,59,17,8,522,0,0,0.011472275334608031,23.1
658,19,3.3157894736842106,1.4549773415168652,10,6198.52,619.8520000000001,55,26,8,965,1,2,0.010351966873706004,25.3
659,16,2.875,1.3601470508735445,6,4265.9400000000005,710.9900000000001,48,19,8,70,0,2,0.08450704225352113,20.599999999999998
660,14,3.0,1.7097008285302207,13,7404.91,569.6084615384615,50,19,9,686,1,2,0.018922852983988356,24.3
661,19,3.263157894736842,1.5578512717186201,4,2458.4399999999996,614.6099999999999,59,22,6,507,0,1,0.007874015748031496,23.5
662,26,3.1538461538461537,1.189699380257305,5,4155.27,831.0540000000001,58,28,5,42,1,1,0.11627906976744186,25.099999999999998
663,16,2.875,1.5864005379054391,6,2179.27,363.21166666666664,33,12,8,576,0,2,0.010398613518197574,16.1
664,20,2.8,1.436369692919216,7,5646.94,806.7057142857142,55,27,10,53,1,0,0.12962962962962962,24.0
665,25,2.92,1.2220201853215573,6,3348.51,558.085,61,25,6,1078,0,1,0.005560704355885079,26.3
666,24,2.6666666666666665,1.4345630047135447,9,10938.289999999999,1215.3655555555554,54,27,2,797,0,0,0.011278195488721804,25.5
667,25,2.84,1.1430952132988164,12,5596.93,466.41083333333336,39,18,7,962,1,1,0.012461059190031152,22.7
668,20,2.8,1.361114094757441,11,10254.39,932.2172727272726,60,28,8,371,0,0,0.02956989247311828,27.5
669,25,3.0,1.4142135623730951,8,5634.93,704.36625,44,22,4,666,0,2,0.01199400299850075,22.2
670,21,3.3333333333333335,1.5275252316519465,9,8363.61,929.2900000000001,52,23,9,989,1,1,0.00909090909090909,24.3
671,19,3.0,1.6666666666666667,9,3584.1,398.23333333333335,49,16,7,257,0,1,0.03488372093023256,23.0
672,13,3.6153846153846154,1.2608503439122303,10,4603.28,460.328,44,16,5,983,1,0,0.01016260162601626,20.8
673,13,2.6153846153846154,1.1929278784054478,13,12570.59,966.9684615384615,41,15,7,102,0,0,0.1262135922330097,21.4
674,22,3.409090909090909,1.3683180815491593,9,5158.53,573.17,53,24,11,296,0,2,0.030303030303030304,24.799999999999997
675,27,3.4814814814814814,1.3691763489937572,8,2092.24,261.53,62,27,11,908,1,3,0.0088008800880088,28.0
676,17,2.8823529411764706,1.4090046549415864,10,8844.94,884.494,55,26,9,266,1,1,0.03745318352059925,24.9
677,24,2.7083333333333335,1.4288690166235207,7,4926.82,703.8314285714285,63,27,8,800,0,1,0.008739076154806492,27.2
678,22,3.3636363636363638,1.5597757636597747,11,4501.36,409.21454545454543,44,20,6,802,0,2,0.0136986301369863,23.1
679,16,3.0625,1.4818344486930157,11,6484.53,589.5027272727273,46,14,9,618,1,0,0.017770597738287562,22.499999999999996
680,36,3.0,1.511857892036909,6,4628.42,771.4033333333333,57,27,12,1009,0,2,0.005940594059405941,27.299999999999997
681,16,2.625,1.4083086782851737,9,7205.37,800.5966666666667,51,17,11,43,1,1,0.20454545454545456,22.999999999999996
682,23,2.652173913043478,1.495711920858301,6,3430.68,571.78,46,13,6,364,1,0,0.01643835616438356,21.4
683,26,3.0384615384615383,1.3410673131731823,9,7114.02,790.4466666666667,54,16,11,388,1,1,0.02313624678663239,25.9
684,24,3.3333333333333335,1.2394482175782784,10,8028.67,802.867,61,23,11,998,1,0,0.01001001001001001,28.1
685,26,3.0384615384615383,1.2483835702465562,6,3406.4300000000003,567.7383333333333,41,16,7,883,0,2,0.006787330316742082,20.5
686,18,3.0,1.2833778958394957,4,4950.78,1237.695,35,19,6,452,1,2,0.008830022075055188,16.1
687,15,2.7333333333333334,1.334523278535216,4,2228.6,557.15,66,26,8,941,1,1,0.004246284501061571,24.8
688,14,2.9285714285714284,1.5915297775935684,9,6460.15,717.7944444444444,43,17,7,84,0,0,0.10588235294117647,20.2
689,13,3.4615384615384617,1.5063966175050876,6,6645.93,1107.655,54,18,8,725,0,0,0.008264462809917356,21.8
690,12,3.3333333333333335,1.9227505550564006,10,8467.59,846.759,50,22,6,629,1,3,0.015873015873015872,22.4
691,22,2.5454545454545454,1.3706888336846836,4,5703.95,1425.9875,50,18,11,534,1,0,0.007476635514018692,21.4
692,22,3.272727272727273,1.4203225046854735,9,7923.61,880.401111111111,44,17,6,360,0,0,0.024930747922437674,22.1
693,19,3.526315789473684,1.2187617145935725,5,5363.15,1072.6299999999999,36,14,5,706,1,2,0.007072135785007072,17.099999999999998
694,23,3.347826086956522,1.5553045785362458,7,3106.83,443.8328571428571,43,18,3,1051,0,1,0.006653992395437262,21.0
695,14,3.0714285714285716,1.4392458342578487,10,6199.2,619.92,29,17,3,788,1,1,0.012674271229404309,16.5
696,21,2.857142857142857,1.4242792663559452,10,9140.27,914.027,54,27,3,754,0,1,0.013245033112582781,25.4
697,22,2.6363636363636362,1.2167659925061518,5,3285.29,657.058,56,22,8,495,0,1,0.010080645161290322,23.700000000000003
698,13,2.4615384615384617,1.3301243435223524,14,10758.25,768.4464285714286,44,17,6,1004,0,1,0.013930348258706468,22.8
699,16,2.625,1.2583057392117916,15,11647.01,776.4673333333334,39,13,6,159,1,0,0.09375,22.4
700,15,3.2666666666666666,1.4864467059144129,9,6680.2,742.2444444444444,51,19,6,457,0,1,0.019650655021834062,22.799999999999997
701,19,2.736842105263158,1.7901615465016278,6,2773.73,462.28833333333336,55,21,5,431,0,2,0.013888888888888888,23.3
702,19,3.526315789473684,1.5043795713638368,11,6695.01,608.6372727272727,55,20,6,1089,1,2,0.010091743119266056,25.8
703,24,3.3333333333333335,1.4939491483885974,14,7880.52,562.8942857142857,56,23,7,271,1,2,0.051470588235294115,28.6
704,18,2.8333333333333335,1.3826657968874305,16,12505.2,781.575,40,15,7,1077,1,2,0.014842300556586271,23.6
705,22,3.6818181818181817,1.2105238392398414,6,3721.06,620.1766666666666,47,24,3,623,0,2,0.009615384615384616,21.5
706,18,3.2777777777777777,1.5264551613058028,9,7675.67,852.8522222222223,51,23,8,467,1,1,0.019230769230769232,23.4
707,24,3.0,1.3187609467915737,6,5316.24,886.04,45,16,4,499,0,1,0.012,21.3
708,16,2.875,1.5438048235879214,12,7356.62,613.0516666666666,71,28,14,33,0,1,0.35294117647058826,30.5
709,27,3.4074074074074074,1.3376000109052741,8,5877.09,734.63625,59,22,7,924,1,2,0.008648648648648649,27.1
710,19,3.263157894736842,1.2401659953032227,9,8979.92,997.7688888888889,52,20,7,992,0,3,0.00906344410876133,23.900000000000002
711,18,2.7222222222222223,1.487420014875958,6,2711.6,451.93333333333334,54,24,6,771,0,0,0.007772020725388601,22.8
712,27,2.8518518518518516,1.2311253046174933,6,4883.26,813.8766666666667,58,24,12,394,0,2,0.015189873417721518,25.799999999999997
713,23,3.260869565217391,1.3557081780499889,8,4976.68,622.085,55,27,8,394,1,0,0.020253164556962026,25.1
714,25,3.32,1.46401275039985,4,3210.67,802.6675,50,26,7,977,1,1,0.00408997955010225,22.0
715,15,2.7333333333333334,1.624221425205085,6,4090.6099999999997,681.7683333333333,48,14,7,1061,0,0,0.005649717514124294,20.4
716,14,2.9285714285714284,1.4917354742965407,11,8228.58,748.0527272727272,45,19,4,1063,0,1,0.010338345864661654,21.8
717,16,3.25,1.4832396974191326,9,9180.54,1020.0600000000001,46,16,9,62,0,1,0.14285714285714285,21.499999999999996
718,16,3.3125,1.4008925726121901,6,4205.17,700.8616666666667,58,24,8,344,0,0,0.017391304347826087,23.599999999999998
719,21,2.9523809523809526,1.6874889770363088,8,4319.42,539.9275,42,19,5,265,0,1,0.03007518796992481,20.8
720,27,3.2222222222222223,1.3959648809042258,4,3041.2200000000003,760.3050000000001,48,16,10,900,1,2,0.004439511653718091,21.799999999999997
721,20,2.95,1.5035046776746237,7,5204.3,743.4714285714286,49,14,6,867,0,1,0.008064516129032258,22.2
722,12,3.0,1.414213562373095,9,6028.31,669.8122222222223,50,20,6,385,0,0,0.023316062176165803,21.9
723,16,3.25,1.1832159566199232,10,7454.9,745.49,55,24,11,205,1,1,0.04854368932038835,24.7
724,21,2.9047619047619047,1.6402671094904608,7,3989.8199999999997,569.9742857142857,51,20,6,1034,0,0,0.00676328502415459,22.999999999999996
725,22,3.0,1.4800257398019099,8,6013.74,751.7175,59,20,7,953,1,0,0.008385744234800839,26.1
726,22,3.1818181818181817,1.5317703308003932,10,9397.77,939.777,43,12,8,967,0,0,0.010330578512396695,22.299999999999997
727,18,3.3333333333333335,1.4552137502179978,7,4154.8,593.5428571428572,36,14,3,302,0,1,0.0231023102310231,17.9
728,22,2.6818181818181817,1.5239786161593025,6,6233.43,1038.905,47,18,9,1078,0,0,0.005560704355885079,21.5
729,19,3.1578947368421053,1.384965217964249,7,6349.76,907.1085714285715,57,22,5,409,1,0,0.01707317073170732,24.4
730,19,2.4210526315789473,1.3870748387117164,9,8852.29,983.5877777777779,38,17,6,625,0,0,0.01437699680511182,19.7
731,13,2.6923076923076925,1.2506408613597126,8,6105.61,763.20125,50,17,9,460,0,1,0.01735357917570499,21.6
732,26,3.0384615384615383,1.4554935721127518,10,10373.380000000001,1037.3380000000002,44,14,9,334,0,1,0.029850746268656716,23.4
733,18,2.7777777777777777,1.5924659219017216,10,7307.37,730.737,42,17,7,857,0,3,0.011655011655011656,21.200000000000003
734,19,3.3157894736842106,1.4549773415168654,11,9751.53,886.5027272727274,39,12,2,666,1,2,0.01649175412293853,21.0
735,19,3.8947368421052633,1.2864566686188532,13,10319.31,793.7930769230769,43,18,9,31,1,0,0.40625,23.2
736,14,2.7857142857142856,1.7177163475234933,9,8415.59,935.0655555555555,50,20,9,193,0,2,0.04639175257731959,22.3
737,20,2.75,1.6503588126605426,9,6861.509999999999,762.3899999999999,38,23,6,108,0,0,0.08256880733944955,19.9
738,17,3.588235294117647,1.5024489812224808,11,10220.82,929.1654545454545,59,25,10,166,1,0,0.0658682634730539,26.6
739,20,2.9,1.3337718577107005,8,6631.9,828.9875,53,27,4,550,1,2,0.014519056261343012,23.9
740,21,3.4761904761904763,1.470341716032284,4,3947.15,986.7875,45,19,6,758,0,2,0.005270092226613966,19.7
741,14,3.0714285714285716,1.2066664642907567,7,4642.3099999999995,663.1871428571428,39,16,6,1070,0,0,0.006535947712418301,18.0
742,33,3.1818181818181817,1.5094399924836663,9,5460.18,606.6866666666667,55,25,7,829,0,2,0.010843373493975903,27.6
743,20,2.95,1.5719582155957417,9,5018.43,557.6033333333334,47,22,6,902,1,2,0.009966777408637873,22.6
744,20,3.4,1.2732056517228265,9,5892.39,654.71,55,21,8,791,0,1,0.011363636363636364,25.0
745,17,3.0588235294117645,1.5194813356575874,5,1714.63,342.92600000000004,58,22,8,628,0,0,0.00794912559618442,23.299999999999997
746,22,3.0454545454545454,1.6176783106919363,15,6086.0,405.73333333333335,41,21,7,1051,1,1,0.014258555133079848,24.199999999999996
747,16,2.875,1.31021626713557,8,6142.42,767.8025,57,21,9,144,0,2,0.05517241379310345,24.299999999999997
748,15,2.8,1.424279266355945,4,4804.73,1201.1825,53,16,10,262,1,1,0.015209125475285171,20.9
749,17,2.764705882352941,1.200490095997562,5,5455.68,1091.136,64,29,10,12,0,1,0.38461538461538464,25.1
750,27,2.8518518518518516,1.4598130466104662,11,7730.61,702.7827272727272,54,11,10,298,0,0,0.03678929765886288,27.1
751,16,2.0625,1.3889444433333777,7,6978.68,996.9542857142858,45,24,4,535,1,2,0.013059701492537313,20.2
752,22,3.409090909090909,1.5632411662065915,5,2954.44,590.888,42,21,6,612,0,2,0.008156606851549755,19.5
753,19,3.3684210526315788,1.3000224919331835,10,10707.99,1070.799,48,19,10,42,0,0,0.23255813953488372,23.2
754,24,2.8333333333333335,1.4345630047135447,7,6313.0,901.8571428571429,49,22,3,911,0,0,0.007675438596491228,23.0
755,23,3.4782608695652173,1.5917276268082627,8,2974.52,371.815,67,21,6,531,0,2,0.015037593984962405,28.7
756,24,3.6666666666666665,1.3726099121798927,8,6377.82,797.2275,53,20,7,664,0,1,0.012030075187969926,24.7
757,17,2.8823529411764706,1.3639259941972874,9,6051.96,672.44,40,11,6,663,1,2,0.01355421686746988,19.9
758,19,2.8421052631578947,1.5370663939515445,6,5152.92,858.82,55,15,13,1014,0,2,0.005911330049261084,23.3
759,14,2.7142857142857144,1.4373357526806554,9,9013.85,1001.5388888888889,61,19,16,130,1,2,0.06870229007633588,25.6
760,14,3.2857142857142856,1.6837947722821909,6,5986.89,997.815,45,20,7,323,0,0,0.018518518518518517,19.3
761,16,3.5,1.4142135623730951,5,5155.41,1031.0819999999999,53,18,10,428,1,2,0.011655011655011656,21.599999999999998
762,22,2.909090909090909,1.3059968245090439,8,4955.47,619.43375,52,19,7,232,0,1,0.034334763948497854,24.0
763,19,3.473684210526316,1.3891812557774843,10,6585.219999999999,658.5219999999999,52,27,7,927,0,2,0.010775862068965518,24.400000000000002
764,17,2.8823529411764706,1.3173056280328643,6,5176.41,862.735,58,28,6,489,1,2,0.012244897959183673,23.799999999999997
765,22,2.409090909090909,1.2595952074297865,10,9102.880000000001,910.2880000000001,45,13,10,179,1,2,0.05555555555555555,22.9
766,15,3.6,1.6388149028228558,10,6493.33,649.333,43,17,8,431,0,1,0.023148148148148147,20.9
767,25,3.72,1.2423096769056148,7,9931.42,1418.7742857142857,65,25,7,176,1,0,0.03954802259887006,28.0
768,34,3.2058823529411766,1.3878130116974408,9,8068.09,896.4544444444444,49,18,6,1038,1,2,0.008662175168431183,26.0
769,24,2.875,1.4540049638094805,5,5167.1900000000005,1033.438,41,19,6,1062,0,2,0.004703668861712135,19.6
770,24,3.4583333333333335,1.2846642825425558,9,6655.84,739.5377777777778,44,13,5,575,1,2,0.015625,22.5
771,20,2.45,1.3168942730211068,7,5097.87,728.2671428571429,65,24,9,325,1,1,0.02147239263803681,27.0
772,24,2.75,1.481773320691476,5,3410.9,682.1800000000001,52,21,7,126,0,0,0.03937007874015748,22.900000000000002
773,19,2.736842105263158,1.2401659953032227,9,10839.83,1204.4255555555555,44,8,6,771,0,0,0.011658031088082901,21.5
774,21,2.9047619047619047,1.3749458863810569,9,7896.57,877.3966666666666,46,16,8,472,0,0,0.019027484143763214,22.499999999999996
775,24,3.0416666666666665,1.4884823513044847,6,2436.75,406.125,47,23,5,200,0,0,0.029850746268656716,21.900000000000002
776,18,3.0,1.5339299776947406,9,6667.74,740.86,50,15,9,423,1,0,0.02122641509433962,23.1
777,20,2.75,1.5852942612451615,5,5592.700000000001,1118.5400000000002,53,22,10,459,0,0,0.010869565217391304,22.4
778,19,3.6315789473684212,1.2115429242540032,8,8020.700000000001,1002.5875000000001,47,20,9,698,0,0,0.011444921316165951,21.900000000000002
779,16,3.25,1.1832159566199232,12,9139.21,761.6008333333333,61,25,9,342,0,1,0.03498542274052478,27.5
780,15,3.533333333333333,1.245945806357946,8,4293.55,536.69375,58,23,8,73,0,0,0.10810810810810811,24.4
781,20,3.2,1.399247918291146,10,5695.4400000000005,569.5440000000001,51,18,2,162,0,2,0.06134969325153374,24.299999999999997
782,16,3.125,1.408308678285174,2,3032.55,1516.275,64,22,15,923,0,1,0.0021645021645021645,23.4
783,12,3.0833333333333335,1.164500152881315,7,5333.6,761.9428571428572,45,16,7,610,1,0,0.011456628477905073,19.4
784,25,3.28,1.4,5,4891.42,978.284,43,18,6,670,0,1,0.007451564828614009,20.4
785,19,2.9473684210526314,1.3112201362143714,12,7907.73,658.9775,59,25,7,249,0,1,0.048,27.5
786,17,2.8823529411764706,1.5764815627361646,8,4475.84,559.48,50,21,7,525,0,2,0.015209125475285171,22.4
787,27,2.814814814814815,1.4945294355141465,8,4415.23,551.90375,59,25,9,238,1,0,0.03347280334728033,27.1
788,19,3.3684210526315788,1.3000224919331833,15,11242.76,749.5173333333333,42,14,6,493,0,2,0.030364372469635626,23.900000000000002
789,25,2.84,1.2476644848141933,7,6719.7,959.9571428571428,47,13,9,415,0,2,0.016826923076923076,22.6
790,22,3.272727272727273,1.315903389919538,3,818.9599999999999,272.9866666666666,45,21,4,580,1,1,0.0051635111876075735,19.4
791,19,2.526315789473684,1.1722922015640782,7,6370.790000000001,910.1128571428573,49,21,5,161,1,1,0.043209876543209874,22.0
792,13,3.6153846153846154,1.7097008285302209,10,9304.74,930.4739999999999,55,19,16,474,1,1,0.021052631578947368,24.1
793,25,3.04,1.5132745950421558,10,7428.46,742.846,55,25,8,894,0,0,0.0111731843575419,26.5
794,24,3.0416666666666665,1.2676293062133797,10,7181.1,718.11,56,19,12,827,1,0,0.012077294685990338,26.6
795,20,3.4,1.5694450913417908,8,2988.94,373.6175,54,30,2,748,1,1,0.010680907877169559,24.2
796,17,2.823529411764706,1.4677914581799019,9,3682.2200000000003,409.1355555555556,50,22,5,7,0,1,1.125,22.9
797,15,3.0,1.2535663410560174,7,4348.87,621.2671428571429,43,18,6,1075,0,0,0.006505576208178439,19.4
798,22,3.3181818181818183,1.6150000335062251,7,5395.139999999999,770.7342857142856,36,14,7,683,0,1,0.01023391812865497,18.7
799,15,3.2666666666666666,1.3345232785352157,11,7020.49,638.2263636363637,48,14,6,45,1,0,0.2391304347826087,22.9
800,21,3.0476190476190474,1.4309504001254019,5,4766.57,953.314,60,25,11,396,1,1,0.012594458438287154,24.7
801,19,3.263157894736842,1.3679711361135387,9,6547.87,727.5411111111111,55,24,5,20,1,2,0.42857142857142855,24.8
802,15,2.2666666666666666,1.4375905768565214,5,1497.1499999999999,299.42999999999995,48,20,11,983,1,0,0.00508130081300813,19.9
803,25,2.84,1.4341083176199303,7,6037.63,862.5185714285715,52,24,9,167,0,0,0.041666666666666664,24.1
804,23,2.9130434782608696,1.64905051133457,12,9598.16,799.8466666666667,54,19,14,891,0,2,0.013452914798206279,26.8
805,24,2.4166666666666665,1.2481870911416901,6,5435.78,905.9633333333333,50,19,7,604,0,1,0.009917355371900827,22.8
806,18,2.9444444444444446,1.3920878193318216,8,6441.49,805.18625,49,16,7,536,1,2,0.0148975791433892,22.3
807,16,3.75,1.390443574307614,6,4863.9400000000005,810.6566666666668,50,20,5,333,0,0,0.017964071856287425,21.2
808,19,2.8421052631578947,1.5004872502970805,13,8497.29,653.6376923076924,47,22,8,812,0,2,0.015990159901599015,24.400000000000002
809,21,2.9523809523809526,1.4309504001254019,6,3486.34,581.0566666666667,58,24,6,543,0,3,0.011029411764705883,24.599999999999998
810,17,3.2941176470588234,1.3585242858683526,9,7000.5,777.8333333333334,70,29,19,835,1,1,0.01076555023923445,28.9
811,19,2.9473684210526314,1.26814318375447,4,2988.73,747.1825,48,15,8,714,0,1,0.005594405594405594,20.2
812,25,3.28,1.5684387141358123,7,9579.86,1368.5514285714287,47,27,3,516,1,0,0.013539651837524178,22.6
813,21,2.4285714285714284,1.2873006086935783,5,3907.52,781.504,52,15,7,120,0,2,0.04132231404958678,22.3
814,28,3.0357142857142856,1.3738872361173378,9,4040.8599999999997,448.9844444444444,46,21,8,212,1,0,0.04225352112676056,23.9
815,25,3.0,1.4433756729740645,5,3226.7,645.3399999999999,53,22,8,504,0,3,0.009900990099009901,23.4
816,16,2.9375,1.5692354826475214,6,5367.63,894.605,54,25,6,471,0,0,0.012711864406779662,22.4
817,20,3.25,1.4095538674570611,3,1204.03,401.3433333333333,49,20,4,893,1,0,0.003355704697986577,20.2
818,21,3.4761904761904763,1.2891488517253396,10,8921.81,892.1809999999999,48,15,8,222,0,1,0.04484304932735426,23.599999999999998
819,18,3.4444444444444446,1.2472191289246473,7,5877.08,839.5828571428572,48,22,9,299,1,1,0.023333333333333334,21.5
820,21,2.761904761904762,1.220850601210562,8,4446.13,555.76625,66,29,8,645,1,0,0.01238390092879257,28.0
821,19,2.8421052631578947,1.5004872502970807,4,4234.6,1058.65,53,20,8,710,0,0,0.005625879043600563,21.7
822,21,3.1904761904761907,1.600595127415038,5,4349.63,869.926,46,20,10,455,1,2,0.010964912280701754,20.499999999999996
823,24,3.0833333333333335,1.442120017518492,13,11618.93,893.7638461538462,52,24,7,920,0,2,0.014115092290988056,26.900000000000002
824,15,2.466666666666667,1.3020130933435712,15,9748.9,649.9266666666666,50,23,7,609,1,1,0.02459016393442623,25.5
825,20,2.7,1.3416407864998738,5,7408.12,1481.624,50,22,8,158,0,1,0.031446540880503145,21.5
826,12,3.3333333333333335,1.5569978883230462,6,6720.01,1120.0016666666668,42,12,2,355,0,1,0.016853932584269662,18.0
827,24,3.0833333333333335,1.6129008882638507,12,9080.26,756.6883333333334,62,25,10,50,0,2,0.23529411764705882,29.4
828,24,2.9583333333333335,1.334465099374755,11,7444.75,676.7954545454545,51,25,6,804,0,1,0.013664596273291925,25.599999999999998
829,15,2.8666666666666667,1.4074631010979934,7,4438.03,634.0042857142856,51,20,7,963,1,2,0.007261410788381743,21.799999999999997
830,14,2.7142857142857144,1.489892687336984,10,8958.49,895.8489999999999,61,29,4,5,0,1,1.6666666666666667,26.1
831,29,3.1724137931034484,1.364576478442026,9,8432.55,936.9499999999999,55,19,7,212,0,0,0.04225352112676056,26.8
832,13,2.6923076923076925,1.4935759876113537,7,4133.24,590.4628571428572,46,23,9,198,0,2,0.035175879396984924,19.9
833,28,3.392857142857143,1.4230714230607948,4,2905.7000000000003,726.4250000000001,46,13,7,441,1,2,0.00904977375565611,21.4
834,23,2.8260869565217392,1.6139216471080475,5,2058.7999999999997,411.75999999999993,58,24,8,400,1,1,0.012468827930174564,24.5
835,19,2.263157894736842,1.0457376590053493,6,2793.76,465.6266666666667,40,16,6,184,0,0,0.032432432432432434,18.8
836,28,3.0,1.3333333333333335,7,5237.27,748.1814285714287,63,35,8,537,1,2,0.013011152416356878,28.0
837,18,3.3333333333333335,1.3719886811400708,13,9906.64,762.0492307692307,44,21,6,896,1,2,0.014492753623188406,23.3
838,15,2.933333333333333,1.162919151265879,3,449.69,149.89666666666668,44,19,12,732,1,2,0.004092769440654843,17.7
839,18,2.6666666666666665,1.5339299776947408,7,6531.84,933.12,50,20,9,1047,0,3,0.006679389312977099,22.1
840,14,3.7857142857142856,1.1883130530663677,5,1697.72,339.544,53,17,10,545,1,2,0.009157509157509158,21.2
841,20,3.15,1.5312533566021214,9,3726.32,414.03555555555556,52,22,3,935,0,2,0.009615384615384616,24.1
842,16,2.875,1.408308678285174,12,10178.64,848.2199999999999,51,24,8,148,0,2,0.08053691275167785,24.499999999999996
843,15,2.533333333333333,1.3557637102737474,7,3482.57,497.51000000000005,39,17,5,853,0,1,0.00819672131147541,18.2
844,17,2.411764705882353,1.4168108346481791,8,6756.14,844.5175,54,19,11,783,0,2,0.01020408163265306,23.6
845,21,3.238095238095238,1.5781242633190171,11,7958.8,723.5272727272727,54,22,11,312,1,2,0.03514376996805112,25.9
846,13,3.6153846153846154,1.325296290046213,12,8426.86,702.2383333333333,69,27,9,274,0,0,0.04363636363636364,29.3
847,19,2.526315789473684,1.5765088382115289,6,3234.21,539.035,50,25,3,37,0,1,0.15789473684210525,21.8
848,22,2.909090909090909,1.3769908845391448,8,7100.46,887.5575,52,22,5,571,1,1,0.013986013986013986,24.0
849,20,2.9,1.4473205733717953,7,3562.75,508.9642857142857,52,26,3,204,1,1,0.03414634146341464,23.1
850,24,3.2083333333333335,1.2503622663458174,8,5434.04,679.255,41,17,8,609,1,0,0.013114754098360656,21.099999999999998
851,17,2.8823529411764706,1.5764815627361646,9,10309.36,1145.4844444444445,48,21,10,127,1,1,0.0703125,22.299999999999997
852,9,2.7777777777777777,1.481365736219265,6,2191.33,365.22166666666664,55,22,10,262,0,1,0.022813688212927757,21.3
853,25,2.88,1.1298967504452195,9,8764.05,973.7833333333333,45,12,11,567,1,1,0.01584507042253521,23.0
854,19,3.0,1.632993161855452,8,8566.84,1070.855,52,19,8,1003,0,2,0.00796812749003984,23.400000000000002
855,21,2.9047619047619047,1.4800257398019099,4,2439.5099999999998,609.8774999999999,56,15,10,634,0,0,0.006299212598425197,23.0
856,26,3.5384615384615383,1.3922864426767714,6,4129.24,688.2066666666666,41,17,5,52,1,0,0.11320754716981132,20.5
857,18,3.0,1.495090003192804,6,2610.6499999999996,435.1083333333333,47,17,7,391,1,2,0.015306122448979591,20.700000000000003
858,16,3.5,1.3662601021279466,8,7224.26,903.0325,52,16,8,357,1,0,0.0223463687150838,22.8
859,16,3.1875,1.6007810593582124,7,7267.82,1038.26,45,20,5,189,0,2,0.03684210526315789,20.2
860,28,3.0,1.4401645996461911,9,5679.02,631.0022222222223,57,26,11,311,1,1,0.028846153846153848,27.2
861,11,2.5454545454545454,1.507556722888818,10,10732.07,1073.2069999999999,57,20,9,853,0,1,0.0117096018735363,24.299999999999997
862,18,2.8333333333333335,1.5048939771136507,13,12866.119999999999,989.7015384615383,48,15,4,1034,0,2,0.012560386473429951,24.5
863,21,2.619047619047619,1.499206139134658,12,15412.57,1284.3808333333334,44,18,15,181,1,0,0.06593406593406594,23.4
864,16,3.1875,1.6007810593582124,12,6650.21,554.1841666666667,50,19,11,555,0,0,0.02158273381294964,24.2
865,18,3.1666666666666665,1.7573375583870183,8,3730.69,466.33625,44,21,6,156,1,0,0.050955414012738856,20.8
866,22,3.0454545454545454,1.4301938838683885,9,6168.57,685.3966666666666,52,26,5,591,1,1,0.015202702702702704,24.5
867,31,3.096774193548387,1.325514710334,17,10031.56,590.0917647058823,43,18,7,1025,0,2,0.016569200779727095,27.599999999999998
868,17,3.1176470588235294,1.1114378604524227,12,8375.02,697.9183333333334,57,33,10,617,1,1,0.019417475728155338,26.5
869,16,3.125,1.3601470508735445,7,6788.23,969.7471428571428,49,24,7,1068,1,3,0.006548175865294668,21.4
870,19,3.526315789473684,1.3485968449808852,12,7334.79,611.2325,56,26,9,406,0,1,0.029484029484029485,26.6
871,16,2.9375,1.3889444433333777,5,1428.15,285.63,59,27,8,418,1,2,0.011933174224343675,23.4
872,14,2.5,0.8548504142651103,8,2470.05,308.75625,60,24,10,835,1,2,0.009569377990430622,24.8
873,20,2.9,1.6189665319514628,8,5128.94,641.1175,49,17,6,142,1,0,0.055944055944055944,22.7
874,19,2.6842105263157894,1.2495613265350085,6,3203.56,533.9266666666666,42,24,3,696,1,1,0.00860832137733142,19.4
875,25,2.88,1.3012814197295424,5,3338.7599999999998,667.752,39,19,5,331,0,2,0.015060240963855422,19.2
876,16,3.1875,1.6007810593582121,9,8501.32,944.5911111111111,39,20,7,1052,0,2,0.008547008547008548,19.4
877,22,2.9545454545454546,1.3619759010270172,8,6317.21,789.65125,58,20,10,84,0,2,0.09411764705882353,25.799999999999997
878,20,3.6,1.187655806953123,7,6327.37,903.91,55,21,8,257,1,0,0.027131782945736434,24.0
879,21,3.142857142857143,1.590148241067929,7,6187.54,883.9342857142857,42,15,6,1095,1,2,0.006386861313868613,20.3
880,15,3.1333333333333333,1.3557637102737474,6,3650.79,608.465,39,14,8,672,0,0,0.008915304606240713,17.7
881,18,3.7222222222222223,1.4061024795535124,7,2486.2099999999996,355.1728571428571,53,19,6,267,1,2,0.026119402985074626,23.0
882,20,2.5,1.3572417850765923,9,9089.01,1009.89,40,8,8,769,0,2,0.011688311688311689,20.5
883,29,3.103448275862069,1.447777301003332,12,5586.3,465.52500000000003,47,17,10,769,1,0,0.015584415584415584,25.900000000000002
884,13,2.6153846153846154,1.6092680291808414,8,9429.92,1178.74,43,18,6,356,0,2,0.022408963585434174,19.5
885,17,3.6470588235294117,1.2718675476729204,7,7051.53,1007.3614285714285,49,18,9,486,0,2,0.014373716632443531,21.6
886,17,3.8823529411764706,1.1114378604524227,6,6438.62,1073.1033333333332,53,26,5,52,0,0,0.11320754716981132,22.299999999999997
887,24,2.6666666666666665,1.5227739752537621,5,3806.74,761.348,58,24,5,797,0,0,0.006265664160401002,24.7
888,22,3.5454545454545454,1.438493680647944,11,10475.98,952.3618181818182,46,17,8,799,0,2,0.01375,23.699999999999996
889,18,2.9444444444444446,1.3920878193318216,4,2130.66,532.665,54,24,8,660,0,1,0.006051437216338881,21.8
890,15,2.8666666666666667,1.245945806357946,6,2405.58,400.93,39,18,3,924,0,1,0.006486486486486486,17.7
891,16,3.25,1.3416407864998738,6,4897.83,816.305,38,10,7,219,0,2,0.02727272727272727,17.6
892,15,3.0,1.6903085094570334,11,6687.66,607.9690909090909,41,9,7,670,1,2,0.01639344262295082,20.799999999999997
893,26,3.3846153846153846,1.4163876044903267,5,5036.18,1007.2360000000001,45,16,15,51,0,1,0.09615384615384616,21.2
894,21,3.0,1.3784048752090226,8,5422.18,677.7725,56,19,8,327,1,0,0.024390243902439025,25.0
895,17,2.0588235294117645,1.0880365478290537,11,11728.41,1066.219090909091,48,17,7,1088,1,0,0.010101010101010102,23.299999999999997
896,14,2.4285714285714284,1.4525460784051258,9,5435.24,603.9155555555556,42,19,5,981,1,2,0.009164969450101833,19.900000000000002
897,17,2.588235294117647,1.4602578338007541,11,8265.24,751.3854545454545,48,23,5,1059,0,0,0.010377358490566037,23.299999999999997
898,15,2.6666666666666665,1.5430334996209192,13,14278.94,1098.38,46,10,13,289,1,2,0.04482758620689655,23.299999999999997
899,22,2.9545454545454546,1.4301938838683885,8,4770.98,596.3725,48,17,8,903,1,1,0.008849557522123894,22.799999999999997
900,15,2.6666666666666665,1.234426799696735,7,8083.18,1154.74,55,28,7,1000,0,1,0.006993006993006993,23.0
901,11,2.727272727272727,1.7372915179041823,8,8195.68,1024.46,55,23,11,1015,1,1,0.007874015748031496,22.7
902,22,2.8181818181818183,1.401915819643949,6,5197.6900000000005,866.2816666666668,59,28,4,1080,1,2,0.005550416281221091,25.1
903,18,2.8333333333333335,1.3394467690277294,7,3434.18,490.59714285714284,55,18,11,85,1,0,0.08139534883720931,23.6
904,16,2.9375,1.5692354826475217,7,4987.14,712.4485714285714,48,23,6,175,1,2,0.03977272727272727,21.099999999999998
905,19,2.789473684210526,1.6186052764450238,8,5340.2,667.525,51,13,13,719,0,1,0.011111111111111112,23.099999999999998
906,31,3.0,1.7126976771553504,12,8374.9,697.9083333333333,45,21,4,256,0,0,0.04669260700389105,25.7
907,18,2.7222222222222223,1.3197840980097757,5,2313.52,462.704,47,21,9,43,0,2,0.11363636363636363,20.200000000000003
908,22,3.409090909090909,1.4690162211523257,9,6170.8099999999995,685.6455555555555,51,29,7,784,0,0,0.011464968152866241,24.199999999999996
909,25,2.88,1.4236104336041748,7,4290.96,612.9942857142858,54,21,7,575,0,0,0.012152777777777778,24.7
910,20,2.85,1.3088765773505315,13,8759.720000000001,673.8246153846155,51,26,10,1091,0,2,0.011904761904761904,25.799999999999997
911,20,2.25,1.6181535936466533,10,6115.610000000001,611.561,40,16,5,513,1,0,0.019455252918287938,21.0
912,21,3.380952380952381,1.395571226279421,13,14394.22,1107.2476923076922,56,22,13,918,0,0,0.014145810663764961,27.5
913,14,3.142857142857143,1.7032612545052803,4,2180.02,545.005,45,17,12,826,1,2,0.0048367593712212815,18.3
914,19,2.736842105263158,1.5217718205053643,8,3388.77,423.59625,42,16,7,823,1,1,0.009708737864077669,20.400000000000002
915,20,2.85,1.5652475842498528,7,5929.360000000001,847.0514285714287,44,20,5,623,0,2,0.011217948717948718,20.7
916,7,2.142857142857143,1.4638501094227998,8,8326.289999999999,1040.7862499999999,46,15,7,995,1,1,0.008032128514056224,19.199999999999996
917,12,3.4166666666666665,1.6213537179739277,8,7109.82,888.7275,56,22,9,165,0,1,0.04819277108433735,23.200000000000003
918,18,2.5555555555555554,1.293523333527109,6,5092.79,848.7983333333333,50,20,5,866,0,1,0.006920415224913495,21.6
919,17,2.823529411764706,1.380004262568012,6,9806.94,1634.49,41,14,5,141,0,2,0.04225352112676056,18.7
920,21,2.761904761904762,1.5134319246256802,4,2134.27,533.5675,56,23,5,516,0,0,0.007736943907156673,23.0
921,21,3.6666666666666665,1.5599145275730122,10,6514.349999999999,651.435,46,17,7,87,0,1,0.11363636363636363,22.999999999999996
922,15,3.933333333333333,0.9611501047232549,11,10451.01,950.0918181818182,45,14,7,436,0,1,0.02517162471395881,22.0
923,28,3.0714285714285716,1.1524071884721685,7,3374.67,482.0957142857143,36,21,5,291,1,2,0.023972602739726026,19.9
924,23,2.9565217391304346,1.551487874430841,9,7226.22,802.9133333333334,46,18,8,324,1,1,0.027692307692307693,22.9
925,20,2.75,1.7129537431920892,8,6385.97,798.24625,41,10,12,968,1,2,0.008255933952528379,20.299999999999997
926,21,2.380952380952381,1.4309504001254019,4,3374.5299999999997,843.6324999999999,50,25,3,986,0,1,0.004052684903748734,21.2
927,26,2.5384615384615383,1.3632540256538905,12,7949.900000000001,662.4916666666667,50,20,9,670,1,2,0.01788375558867362,26.2
928,20,3.15,1.2258187382102494,7,3485.34,497.9057142857143,47,13,7,466,1,2,0.014989293361884369,21.6
929,25,3.24,1.392838827718412,5,3789.3199999999997,757.8639999999999,42,19,2,770,0,1,0.00648508430609598,20.1
930,11,2.6363636363636362,1.5666989036012806,5,3748.03,749.606,60,23,9,610,0,1,0.008183306055646482,22.7
931,20,2.85,1.3869694338832115,6,3820.74,636.79,42,17,7,514,1,0,0.011650485436893204,19.6
932,26,2.8076923076923075,1.497176830417323,8,5641.69,705.21125,71,33,9,746,0,2,0.0107095046854083,30.5
933,21,3.4285714285714284,1.2478553029669974,7,5153.57,736.2242857142857,48,21,4,590,0,1,0.011844331641285956,22.099999999999998
934,18,2.7222222222222223,1.6735153404648677,6,6179.719999999999,1029.9533333333331,58,22,7,118,1,0,0.05042016806722689,24.0
935,11,3.5454545454545454,1.694912172570388,7,4037.34,576.7628571428571,54,23,11,928,0,2,0.007534983853606028,21.9
936,17,3.0588235294117645,1.3449251017851382,5,1822.1100000000001,364.422,57,20,7,26,1,1,0.18518518518518517,23.0
937,20,3.15,1.4608937423083819,14,11194.85,799.6321428571429,34,18,3,644,1,2,0.021705426356589147,21.2
938,16,3.1875,1.3275918047351754,8,5183.5599999999995,647.9449999999999,51,20,6,853,0,1,0.00936768149882904,22.499999999999996
939,17,3.0,1.4577379737113252,6,5213.8,868.9666666666667,45,14,7,777,0,0,0.007712082262210797,19.9
940,17,2.3529411764705883,1.2718675476729209,6,5357.37,892.895,52,19,9,1085,1,0,0.0055248618784530384,22.0
941,14,3.2857142857142856,1.4373357526806554,6,2783.83,463.97166666666664,55,23,6,378,0,0,0.0158311345646438,22.3
942,18,2.2777777777777777,1.3636264606493256,7,7442.16,1063.1657142857143,56,27,7,144,1,1,0.04827586206896552,23.900000000000002
943,25,2.64,1.4966629547095767,7,7354.26,1050.6085714285714,45,14,11,213,1,3,0.03271028037383177,22.0
944,19,3.0526315789473686,1.5082618476808296,5,6657.65,1331.53,49,22,6,643,1,2,0.007763975155279503,21.0
945,21,3.238095238095238,1.5134319246256802,5,1763.79,352.758,67,30,10,524,0,0,0.009523809523809525,26.799999999999997
946,25,2.76,1.392838827718412,5,2461.46,492.29200000000003,48,19,7,1027,0,3,0.0048638132295719845,21.9
947,18,3.2777777777777777,1.4061024795535124,8,9317.27,1164.65875,53,22,8,480,1,2,0.016632016632016633,23.5
948,19,3.263157894736842,1.5217718205053643,6,4881.5599999999995,813.5933333333332,70,28,11,990,1,1,0.006054490413723511,27.8
949,25,3.16,1.312757911167681,9,7942.16,882.4622222222222,42,21,10,1068,0,0,0.00841908325537886,22.1
950,20,2.7,1.3018205875255096,5,2941.35,588.27,45,26,4,672,1,1,0.007429420505200594,20.0
951,24,2.2083333333333335,1.4135729219948654,7,3789.7999999999997,541.4,35,15,4,1022,0,1,0.006842619745845552,18.8
952,19,2.6842105263157894,1.529438225803745,6,4428.09,738.015,54,20,6,709,1,1,0.008450704225352112,23.0
953,21,2.761904761904762,1.338086764928265,6,4635.0,772.5,50,20,7,40,1,0,0.14634146341463414,22.2
954,22,3.0,1.5430334996209192,13,5336.6900000000005,410.5146153846154,48,22,6,588,1,0,0.022071307300509338,25.299999999999997
955,23,2.3043478260869565,1.3629774429099781,8,4605.82,575.7275,60,27,5,735,1,2,0.010869565217391304,26.6
956,21,2.9047619047619047,1.374945886381057,11,9451.03,859.1845454545455,46,17,8,384,0,2,0.02857142857142857,23.499999999999996
957,22,2.9545454545454546,1.495302891032695,3,3880.59,1293.53,55,23,12,320,1,0,0.009345794392523364,22.4
958,22,3.272727272727273,1.2414207752110247,3,2497.4300000000003,832.4766666666668,44,12,4,15,0,1,0.1875,19.1
959,18,3.2222222222222223,1.0602749674192764,6,3367.99,561.3316666666666,52,20,9,61,0,2,0.0967741935483871,22.200000000000003
960,12,2.3333333333333335,1.4354811251305468,11,8088.32,735.3018181818181,49,8,15,314,1,2,0.03492063492063492,22.6
961,15,3.066666666666667,1.4864467059144129,2,769.28,384.64,49,20,8,973,1,2,0.002053388090349076,18.7
962,21,2.9523809523809526,1.3955712262794213,10,5368.65,536.865,55,24,10,167,0,2,0.05952380952380952,25.7
963,16,2.9375,1.526160760426852,7,6511.5,930.2142857142857,50,25,7,452,0,1,0.01545253863134658,21.7
964,16,2.875,1.3102162671355697,12,12628.4,1052.3666666666666,55,26,12,29,0,1,0.4,25.7
965,27,2.888888888888889,1.476308632870234,9,6333.73,703.7477777777777,40,18,5,798,0,2,0.011264080100125156,21.9
966,20,2.8,1.4363696929192156,7,7274.11,1039.1585714285713,51,28,3,729,1,0,0.009589041095890411,22.799999999999997
967,19,2.6315789473684212,1.42245977548242,6,6448.24,1074.7066666666667,46,16,12,710,0,0,0.008438818565400843,20.599999999999998
968,16,2.875,1.0878112581387147,6,4920.22,820.0366666666667,46,19,8,510,0,1,0.011741682974559686,19.999999999999996
969,17,3.176470588235294,1.5506165756581742,4,905.63,226.4075,55,18,10,504,0,0,0.007920792079207921,21.9
970,22,3.0454545454545454,1.3265520192364337,10,5756.45,575.645,48,19,11,697,0,2,0.014326647564469915,23.799999999999997
971,24,2.9583333333333335,1.458980187804412,11,6485.05,589.5500000000001,42,14,9,884,0,2,0.012429378531073447,22.900000000000002
972,24,2.6666666666666665,1.307725096316589,10,9281.37,928.1370000000001,56,20,10,333,1,1,0.029940119760479042,26.6
973,20,3.0,1.3377121081198773,5,1780.01,356.002,56,23,9,1036,1,0,0.0048216007714561235,23.3
974,22,2.8636363636363638,1.3556040489989463,8,6548.8,818.6,63,21,11,305,1,2,0.026143790849673203,27.299999999999997
975,13,3.769230769230769,1.0127393670836666,9,5461.0,606.7777777777778,56,19,9,720,0,0,0.012482662968099861,23.900000000000002
976,16,3.0625,1.3889444433333777,5,3499.44,699.888,51,20,4,389,1,1,0.01282051282051282,20.999999999999996
977,17,2.6470588235294117,1.4975470138942313,12,9133.960000000001,761.1633333333334,54,18,10,499,0,0,0.024,25.6
978,22,2.909090909090909,1.4111491740216522,6,5024.1,837.35,51,15,11,22,1,0,0.2608695652173913,22.699999999999996
979,7,2.857142857142857,1.7728105208558367,10,5292.13,529.213,58,27,7,562,1,1,0.017761989342806393,23.799999999999997
980,22,2.9545454545454546,1.4301938838683885,8,6651.34,831.4175,61,23,7,1094,0,0,0.0073059360730593605,26.700000000000003
981,18,3.2222222222222223,1.437135858965388,7,4817.3099999999995,688.1871428571428,48,22,7,822,1,1,0.00850546780072904,21.5
982,12,3.75,1.2880570286640687,9,9633.970000000001,1070.4411111111112,56,31,4,766,1,2,0.011734028683181226,23.700000000000003
983,21,2.7142857142857144,1.3469542361512192,6,4392.35,732.0583333333334,43,19,4,123,0,2,0.04838709677419355,20.1
984,21,2.857142857142857,1.4928400545843579,3,4757.68,1585.8933333333334,44,18,6,1050,0,1,0.0028544243577545195,18.9
985,22,2.909090909090909,1.6303400436745268,5,3412.71,682.542,47,14,5,192,1,0,0.025906735751295335,21.0
986,21,3.761904761904762,1.5134319246256802,10,7630.4,763.04,37,13,8,361,1,2,0.027624309392265192,20.3
987,12,2.75,1.4847711791873706,4,1984.53,496.1325,35,16,5,509,1,2,0.00784313725490196,14.9
988,18,2.888888888888889,1.4095843729891318,6,3393.67,565.6116666666667,47,19,10,881,1,0,0.006802721088435374,20.700000000000003
989,19,2.789473684210526,1.5839103288458476,13,6119.14,470.70307692307694,53,16,7,31,0,0,0.40625,26.2
990,20,2.85,1.3869694338832113,7,2749.4300000000003,392.77571428571434,44,15,9,112,1,0,0.061946902654867256,20.7
991,28,2.5,1.2909944487358056,8,3973.86,496.7325,46,24,3,555,0,1,0.014388489208633094,23.4
992,21,3.0952380952380953,1.6704718466577613,9,6084.43,676.0477777777778,57,18,12,874,0,0,0.010285714285714285,25.799999999999997
993,15,2.933333333333333,1.533747356112131,11,8139.78,739.98,48,19,9,917,0,1,0.011982570806100218,22.9
994,19,3.6315789473684212,1.382852378872881,8,7681.429999999999,960.1787499999999,60,28,6,958,0,1,0.008342022940563087,25.8
995,14,3.0714285714285716,1.328057326976612,5,1499.91,299.982,44,16,7,754,1,2,0.006622516556291391,18.5
996,30,2.966666666666667,1.4259499757471625,7,5639.2,805.6,61,23,11,202,1,1,0.034482758620689655,27.8
997,23,3.5652173913043477,1.440520327600152,9,7703.2699999999995,855.9188888888889,43,17,5,734,0,1,0.012244897959183673,22.0
998,22,3.5,1.224744871391589,10,9651.42,965.142,49,23,8,916,0,2,0.010905125408942203,24.1
999,23,3.0869565217391304,1.4432615676200797,13,13773.92,1059.5323076923078,62,24,11,438,0,0,0.029612756264236904,29.7
1000,18,3.2777777777777777,1.3197840980097757,8,4751.34,593.9175,34,13,3,872,1,0,0.009163802978235968,17.8
