user_id,product_id,rating,n_interactions,has_viewed,has_carted,has_purchased
207,386,5,0.0,0.0,0.0,0.0
383,469,3,0.0,0.0,0.0,0.0
349,260,2,0.0,0.0,0.0,0.0
754,252,3,0.0,0.0,0.0,0.0
555,236,2,0.0,0.0,0.0,0.0
44,482,5,0.0,0.0,0.0,0.0
820,468,3,0.0,0.0,0.0,0.0
449,59,5,0.0,0.0,0.0,0.0
4,278,4,0.0,0.0,0.0,0.0
384,280,5,0.0,0.0,0.0,0.0
401,353,4,0.0,0.0,0.0,0.0
641,14,1,0.0,0.0,0.0,0.0
333,41,1,0.0,0.0,0.0,0.0
859,442,3,0.0,0.0,0.0,0.0
444,35,3,1.0,1.0,0.0,0.0
45,366,5,0.0,0.0,0.0,0.0
849,387,5,0.0,0.0,0.0,0.0
923,125,4,0.0,0.0,0.0,0.0
304,349,3,0.0,0.0,0.0,0.0
59,112,3,0.0,0.0,0.0,0.0
970,338,2,0.0,0.0,0.0,0.0
116,245,2,0.0,0.0,0.0,0.0
928,11,2,0.0,0.0,0.0,0.0
177,142,2,0.0,0.0,0.0,0.0
297,213,2,0.0,0.0,0.0,0.0
932,334,1,0.0,0.0,0.0,0.0
91,304,1,0.0,0.0,0.0,0.0
27,112,5,0.0,0.0,0.0,0.0
200,455,5,0.0,0.0,0.0,0.0
685,210,3,0.0,0.0,0.0,0.0
57,473,2,0.0,0.0,0.0,0.0
232,432,1,0.0,0.0,0.0,0.0
415,295,5,0.0,0.0,0.0,0.0
999,262,5,0.0,0.0,0.0,0.0
192,386,3,0.0,0.0,0.0,0.0
874,191,3,0.0,0.0,0.0,0.0
668,379,1,0.0,0.0,0.0,0.0
898,429,3,0.0,0.0,0.0,0.0
211,210,3,0.0,0.0,0.0,0.0
870,193,5,0.0,0.0,0.0,0.0
524,407,2,0.0,0.0,0.0,0.0
20,275,2,0.0,0.0,0.0,0.0
447,71,4,0.0,0.0,0.0,0.0
386,336,1,0.0,0.0,0.0,0.0
581,270,5,0.0,0.0,0.0,0.0
991,372,1,0.0,0.0,0.0,0.0
714,8,3,1.0,0.0,0.0,0.0
264,265,3,0.0,0.0,0.0,0.0
149,300,3,0.0,0.0,0.0,0.0
198,259,4,1.0,1.0,0.0,0.0
562,460,1,0.0,0.0,0.0,0.0
204,238,4,0.0,0.0,0.0,0.0
989,360,4,0.0,0.0,0.0,0.0
910,281,5,0.0,0.0,0.0,0.0
789,444,2,1.0,1.0,0.0,0.0
156,374,2,0.0,0.0,0.0,0.0
633,280,2,0.0,0.0,0.0,0.0
92,66,4,0.0,0.0,0.0,0.0
613,216,2,0.0,0.0,0.0,1.0
270,220,3,0.0,0.0,0.0,0.0
94,218,4,1.0,0.0,1.0,0.0
376,36,5,0.0,0.0,0.0,0.0
516,89,4,0.0,0.0,0.0,0.0
465,39,2,0.0,0.0,0.0,0.0
273,83,2,0.0,0.0,0.0,0.0
323,10,4,0.0,0.0,0.0,0.0
829,365,3,0.0,0.0,0.0,0.0
538,471,1,0.0,0.0,0.0,0.0
68,91,5,0.0,0.0,0.0,0.0
81,278,2,0.0,0.0,0.0,0.0
351,81,4,0.0,0.0,0.0,0.0
772,263,2,1.0,0.0,1.0,0.0
829,307,1,0.0,0.0,0.0,1.0
437,432,5,0.0,0.0,0.0,0.0
640,418,5,0.0,0.0,0.0,0.0
962,355,2,1.0,0.0,1.0,0.0
351,366,2,0.0,0.0,0.0,0.0
897,14,1,1.0,0.0,0.0,0.0
449,175,1,0.0,0.0,0.0,0.0
456,177,2,0.0,0.0,0.0,0.0
643,142,1,0.0,0.0,0.0,0.0
132,482,4,0.0,0.0,0.0,0.0
743,401,1,0.0,0.0,0.0,0.0
432,190,2,0.0,0.0,0.0,0.0
396,65,5,1.0,0.0,0.0,0.0
945,251,4,0.0,0.0,0.0,0.0
342,459,3,0.0,0.0,0.0,0.0
583,431,2,0.0,0.0,0.0,0.0
19,90,1,0.0,0.0,0.0,0.0
967,427,1,0.0,0.0,0.0,0.0
515,288,2,0.0,0.0,0.0,0.0
417,64,1,0.0,0.0,0.0,0.0
942,283,1,0.0,0.0,0.0,0.0
247,70,1,0.0,0.0,0.0,0.0
605,290,3,0.0,0.0,0.0,0.0
997,178,1,0.0,0.0,0.0,0.0
605,427,3,0.0,0.0,0.0,0.0
166,339,4,0.0,0.0,0.0,0.0
833,205,5,0.0,0.0,0.0,0.0
594,429,3,0.0,0.0,0.0,0.0
208,468,2,0.0,0.0,0.0,0.0
635,134,2,0.0,0.0,0.0,0.0
627,247,5,0.0,0.0,0.0,0.0
793,73,3,0.0,0.0,0.0,0.0
797,468,3,0.0,0.0,0.0,0.0
333,85,3,0.0,0.0,0.0,0.0
470,395,3,0.0,0.0,0.0,0.0
877,91,3,0.0,0.0,0.0,0.0
276,357,1,0.0,0.0,0.0,0.0
22,154,2,0.0,0.0,0.0,0.0
202,10,5,1.0,0.0,0.0,0.0
551,459,3,0.0,0.0,0.0,0.0
664,102,5,0.0,0.0,0.0,0.0
857,311,1,0.0,0.0,0.0,0.0
618,91,2,0.0,0.0,0.0,0.0
241,71,5,0.0,0.0,0.0,0.0
725,466,2,0.0,0.0,0.0,0.0
958,187,2,0.0,0.0,0.0,0.0
580,210,5,0.0,0.0,0.0,0.0
553,7,4,0.0,0.0,0.0,0.0
469,462,5,1.0,1.0,0.0,0.0
454,239,1,0.0,0.0,0.0,0.0
288,376,3,0.0,0.0,0.0,0.0
581,365,3,0.0,0.0,0.0,0.0
612,95,1,0.0,0.0,0.0,0.0
456,125,1,0.0,0.0,0.0,0.0
21,71,1,0.0,0.0,0.0,0.0
373,109,3,0.0,0.0,0.0,0.0
488,136,1,0.0,0.0,0.0,0.0
604,400,1,0.0,0.0,0.0,0.0
607,271,3,0.0,0.0,0.0,0.0
407,80,5,0.0,0.0,0.0,0.0
902,207,3,0.0,0.0,0.0,0.0
365,253,5,0.0,0.0,0.0,0.0
712,353,4,1.0,1.0,0.0,0.0
409,343,4,0.0,0.0,0.0,0.0
726,354,2,0.0,0.0,0.0,0.0
581,279,5,0.0,0.0,0.0,0.0
492,256,2,0.0,0.0,0.0,0.0
397,437,2,1.0,1.0,0.0,0.0
223,279,4,0.0,0.0,0.0,0.0
796,480,3,0.0,0.0,0.0,0.0
88,57,5,0.0,0.0,0.0,0.0
931,154,2,0.0,0.0,0.0,0.0
183,482,1,0.0,0.0,0.0,0.0
116,127,3,1.0,0.0,0.0,0.0
280,483,4,0.0,0.0,0.0,0.0
583,481,5,0.0,0.0,0.0,0.0
886,408,3,0.0,0.0,0.0,0.0
172,156,5,0.0,0.0,0.0,0.0
482,333,1,0.0,0.0,0.0,0.0
151,232,2,0.0,0.0,0.0,0.0
973,284,3,0.0,0.0,0.0,0.0
785,196,5,0.0,0.0,0.0,0.0
667,74,3,0.0,0.0,0.0,0.0
196,111,2,0.0,0.0,0.0,0.0
675,485,3,0.0,0.0,0.0,0.0
267,381,4,0.0,0.0,0.0,0.0
616,463,4,0.0,0.0,0.0,0.0
400,379,3,0.0,0.0,0.0,0.0
106,105,5,0.0,0.0,0.0,0.0
907,207,1,0.0,0.0,0.0,0.0
713,220,3,0.0,0.0,0.0,0.0
343,191,3,0.0,0.0,0.0,0.0
247,194,3,0.0,0.0,0.0,0.0
610,347,2,0.0,0.0,0.0,0.0
233,124,3,0.0,0.0,0.0,0.0
694,370,4,0.0,0.0,0.0,0.0
571,219,1,0.0,0.0,0.0,0.0
821,205,5,0.0,0.0,0.0,0.0
472,109,3,0.0,0.0,0.0,0.0
693,60,5,0.0,0.0,0.0,0.0
219,293,1,0.0,0.0,0.0,0.0
623,2,5,0.0,0.0,0.0,0.0
823,172,3,0.0,0.0,0.0,0.0
891,342,3,0.0,0.0,0.0,0.0
949,163,3,0.0,0.0,0.0,0.0
430,97,3,0.0,0.0,0.0,0.0
704,260,4,1.0,0.0,0.0,0.0
622,123,5,0.0,0.0,0.0,0.0
584,277,4,0.0,0.0,0.0,0.0
38,284,1,0.0,0.0,0.0,0.0
178,429,5,0.0,0.0,0.0,0.0
449,13,3,0.0,0.0,0.0,0.0
35,372,1,0.0,0.0,0.0,0.0
746,173,3,0.0,0.0,0.0,0.0
694,86,4,0.0,0.0,0.0,0.0
131,208,2,0.0,0.0,0.0,0.0
353,48,3,0.0,0.0,0.0,0.0
547,496,1,0.0,0.0,0.0,0.0
823,257,4,0.0,0.0,0.0,0.0
478,93,2,0.0,0.0,0.0,0.0
260,348,3,0.0,0.0,0.0,0.0
488,144,2,0.0,0.0,0.0,0.0
363,397,1,1.0,1.0,0.0,0.0
478,429,2,0.0,0.0,0.0,0.0
624,337,3,0.0,0.0,0.0,0.0
793,13,3,1.0,0.0,1.0,0.0
754,146,5,0.0,0.0,0.0,0.0
495,301,5,0.0,0.0,0.0,1.0
79,209,5,0.0,0.0,0.0,0.0
921,197,5,0.0,0.0,0.0,0.0
25,164,4,0.0,0.0,0.0,0.0
751,199,1,0.0,0.0,0.0,0.0
824,129,5,0.0,0.0,0.0,0.0
936,379,2,0.0,0.0,0.0,0.0
468,314,3,0.0,0.0,0.0,0.0
457,141,2,0.0,0.0,0.0,0.0
678,279,5,0.0,0.0,0.0,0.0
153,93,2,1.0,1.0,0.0,0.0
418,155,3,0.0,0.0,0.0,0.0
270,35,1,0.0,0.0,0.0,0.0
823,277,3,0.0,0.0,0.0,0.0
713,190,2,0.0,0.0,0.0,0.0
989,214,3,0.0,0.0,0.0,0.0
856,277,3,0.0,0.0,0.0,0.0
809,39,5,0.0,0.0,0.0,0.0
578,368,5,0.0,0.0,0.0,0.0
957,217,4,0.0,0.0,0.0,0.0
831,352,2,0.0,0.0,0.0,0.0
399,312,4,0.0,0.0,0.0,0.0
397,112,1,0.0,0.0,0.0,0.0
81,61,1,0.0,0.0,0.0,0.0
629,17,5,0.0,0.0,0.0,0.0
495,414,2,0.0,0.0,0.0,0.0
596,139,5,0.0,0.0,0.0,0.0
588,34,2,0.0,0.0,0.0,0.0
674,307,1,0.0,0.0,0.0,0.0
669,269,4,0.0,0.0,0.0,0.0
965,139,5,1.0,1.0,0.0,0.0
393,256,4,0.0,0.0,0.0,0.0
221,75,1,1.0,1.0,0.0,0.0
970,358,3,1.0,0.0,0.0,0.0
726,105,5,0.0,0.0,0.0,0.0
214,270,5,0.0,0.0,0.0,0.0
44,463,4,0.0,0.0,0.0,0.0
894,59,1,0.0,0.0,0.0,0.0
314,191,3,0.0,0.0,0.0,0.0
218,431,4,0.0,0.0,0.0,0.0
748,308,1,0.0,0.0,0.0,0.0
997,196,4,0.0,0.0,0.0,0.0
375,342,4,0.0,0.0,0.0,0.0
514,181,5,0.0,0.0,0.0,0.0
148,460,1,0.0,0.0,0.0,0.0
801,153,5,0.0,0.0,0.0,0.0
379,436,3,0.0,0.0,0.0,0.0
489,308,5,0.0,0.0,0.0,0.0
961,402,4,1.0,0.0,0.0,0.0
981,259,3,0.0,0.0,0.0,0.0
920,157,5,0.0,0.0,0.0,0.0
893,169,5,0.0,0.0,0.0,0.0
330,30,1,0.0,0.0,0.0,0.0
730,417,2,0.0,0.0,0.0,0.0
417,183,2,0.0,0.0,0.0,0.0
546,361,3,0.0,0.0,0.0,0.0
788,469,4,0.0,0.0,0.0,0.0
976,80,1,0.0,0.0,0.0,0.0
958,117,3,0.0,0.0,0.0,0.0
222,23,2,0.0,0.0,0.0,0.0
756,4,5,0.0,0.0,0.0,0.0
464,226,1,0.0,0.0,0.0,0.0
49,268,4,0.0,0.0,0.0,0.0
146,288,1,0.0,0.0,0.0,0.0
966,384,3,0.0,0.0,0.0,0.0
246,475,3,0.0,0.0,0.0,0.0
640,261,3,1.0,0.0,0.0,0.0
660,98,5,0.0,0.0,0.0,0.0
535,42,1,0.0,0.0,0.0,0.0
166,163,4,0.0,0.0,0.0,0.0
73,129,1,0.0,0.0,0.0,0.0
66,487,5,0.0,0.0,0.0,0.0
68,189,1,0.0,0.0,0.0,0.0
806,367,3,0.0,0.0,0.0,0.0
240,67,3,0.0,0.0,0.0,0.0
161,84,4,0.0,0.0,0.0,0.0
565,168,1,0.0,0.0,0.0,0.0
357,318,4,0.0,0.0,0.0,0.0
1,370,3,0.0,0.0,0.0,0.0
753,128,1,0.0,0.0,0.0,0.0
65,7,2,0.0,0.0,0.0,0.0
54,240,2,0.0,0.0,0.0,0.0
9,351,1,0.0,0.0,0.0,0.0
420,153,5,0.0,0.0,0.0,0.0
924,22,3,0.0,0.0,0.0,0.0
589,432,1,0.0,0.0,0.0,0.0
866,399,1,0.0,0.0,0.0,0.0
832,232,4,0.0,0.0,0.0,0.0
86,50,5,0.0,0.0,0.0,0.0
711,217,4,0.0,0.0,0.0,0.0
449,429,3,0.0,0.0,0.0,0.0
460,312,5,0.0,0.0,0.0,0.0
857,273,3,0.0,0.0,0.0,0.0
845,87,5,0.0,0.0,0.0,0.0
883,24,4,0.0,0.0,0.0,0.0
361,394,1,1.0,1.0,0.0,0.0
939,229,5,0.0,0.0,0.0,0.0
20,241,2,0.0,0.0,0.0,0.0
109,164,1,0.0,0.0,0.0,0.0
189,327,3,0.0,0.0,0.0,0.0
800,124,3,0.0,0.0,0.0,0.0
140,1,2,2.0,1.0,1.0,0.0
379,39,4,0.0,0.0,0.0,0.0
292,469,3,0.0,0.0,0.0,0.0
550,45,1,0.0,0.0,0.0,0.0
683,97,4,0.0,0.0,0.0,0.0
504,334,2,0.0,0.0,0.0,0.0
430,182,4,0.0,0.0,0.0,0.0
456,280,2,0.0,0.0,0.0,0.0
468,426,4,1.0,0.0,0.0,0.0
536,204,4,0.0,0.0,0.0,0.0
601,140,5,0.0,0.0,0.0,0.0
498,417,2,0.0,0.0,0.0,0.0
965,39,2,0.0,0.0,0.0,0.0
432,460,3,0.0,0.0,0.0,0.0
489,431,3,0.0,0.0,0.0,0.0
931,121,2,0.0,0.0,0.0,0.0
800,483,2,0.0,0.0,0.0,0.0
594,266,5,0.0,0.0,0.0,0.0
31,325,3,0.0,0.0,0.0,0.0
837,120,4,0.0,0.0,0.0,0.0
482,24,5,0.0,0.0,0.0,0.0
685,170,4,0.0,0.0,0.0,0.0
223,197,4,0.0,0.0,0.0,0.0
224,235,2,0.0,0.0,0.0,0.0
925,491,2,0.0,0.0,0.0,0.0
681,140,4,0.0,0.0,0.0,0.0
703,442,2,0.0,0.0,0.0,0.0
604,367,2,0.0,0.0,0.0,0.0
133,224,4,0.0,0.0,0.0,0.0
459,116,4,0.0,0.0,0.0,0.0
187,256,2,0.0,0.0,0.0,0.0
860,278,3,0.0,0.0,0.0,0.0
694,178,5,0.0,0.0,0.0,0.0
512,33,1,0.0,0.0,0.0,0.0
43,74,2,0.0,0.0,0.0,0.0
540,46,2,0.0,0.0,0.0,0.0
299,180,2,0.0,0.0,0.0,0.0
423,415,5,0.0,0.0,0.0,0.0
956,394,3,0.0,0.0,0.0,0.0
440,143,1,0.0,0.0,0.0,0.0
142,111,2,0.0,0.0,0.0,0.0
811,339,2,0.0,0.0,0.0,0.0
222,495,5,0.0,0.0,0.0,0.0
430,373,5,2.0,1.0,0.0,0.0
466,188,5,1.0,1.0,0.0,0.0
987,395,4,0.0,0.0,0.0,0.0
354,36,1,0.0,0.0,0.0,0.0
228,318,2,0.0,0.0,0.0,0.0
559,95,5,0.0,0.0,0.0,0.0
456,500,1,1.0,1.0,0.0,0.0
202,29,5,0.0,0.0,0.0,0.0
76,94,3,0.0,0.0,0.0,0.0
990,218,1,0.0,0.0,0.0,0.0
154,132,1,0.0,0.0,0.0,0.0
774,212,3,0.0,0.0,0.0,0.0
321,335,4,0.0,0.0,0.0,0.0
341,86,4,0.0,0.0,0.0,0.0
701,278,3,0.0,0.0,0.0,0.0
248,475,2,0.0,0.0,0.0,0.0
192,354,5,0.0,0.0,0.0,0.0
821,221,1,0.0,0.0,0.0,0.0
240,9,3,0.0,0.0,0.0,0.0
506,447,5,0.0,0.0,0.0,0.0
342,344,3,0.0,0.0,0.0,0.0
474,147,5,0.0,0.0,0.0,0.0
293,230,3,0.0,0.0,0.0,0.0
551,464,5,0.0,0.0,0.0,0.0
122,73,5,0.0,0.0,0.0,0.0
841,362,4,0.0,0.0,0.0,0.0
402,385,2,0.0,0.0,0.0,0.0
829,462,5,0.0,0.0,0.0,0.0
943,413,1,0.0,0.0,0.0,0.0
831,376,3,0.0,0.0,0.0,0.0
613,497,4,0.0,0.0,0.0,0.0
589,435,4,0.0,0.0,0.0,0.0
919,317,3,0.0,0.0,0.0,0.0
515,440,1,0.0,0.0,0.0,0.0
505,168,2,0.0,0.0,0.0,0.0
522,219,3,0.0,0.0,0.0,0.0
255,98,4,0.0,0.0,0.0,0.0
267,28,1,0.0,0.0,0.0,0.0
315,20,4,0.0,0.0,0.0,0.0
70,161,5,0.0,0.0,0.0,0.0
474,13,1,0.0,0.0,0.0,0.0
106,22,2,0.0,0.0,0.0,0.0
621,394,3,0.0,0.0,0.0,0.0
365,445,2,0.0,0.0,0.0,0.0
837,397,5,0.0,0.0,0.0,0.0
642,495,5,0.0,0.0,0.0,0.0
291,312,5,0.0,0.0,0.0,0.0
918,383,2,0.0,0.0,0.0,0.0
939,307,3,0.0,0.0,0.0,0.0
48,38,3,0.0,0.0,0.0,0.0
367,139,3,0.0,0.0,0.0,0.0
697,342,1,0.0,0.0,0.0,0.0
364,297,4,0.0,0.0,0.0,0.0
800,413,5,0.0,0.0,0.0,0.0
131,468,5,0.0,0.0,0.0,1.0
110,359,1,0.0,0.0,0.0,0.0
613,479,1,1.0,0.0,1.0,0.0
665,275,2,0.0,0.0,0.0,1.0
158,302,1,0.0,0.0,0.0,0.0
941,199,3,0.0,0.0,0.0,0.0
709,249,5,1.0,1.0,0.0,0.0
208,283,5,0.0,0.0,0.0,0.0
937,196,3,0.0,0.0,0.0,0.0
190,402,1,0.0,0.0,0.0,0.0
414,213,3,0.0,0.0,0.0,0.0
771,104,4,0.0,0.0,0.0,0.0
62,200,3,1.0,1.0,0.0,0.0
803,285,1,0.0,0.0,0.0,0.0
615,486,4,0.0,0.0,0.0,0.0
115,28,4,0.0,0.0,0.0,0.0
399,19,5,0.0,0.0,0.0,1.0
318,171,4,0.0,0.0,0.0,0.0
311,442,4,0.0,0.0,0.0,0.0
927,145,5,0.0,0.0,0.0,0.0
418,354,4,0.0,0.0,0.0,0.0
864,138,1,0.0,0.0,0.0,0.0
570,430,4,0.0,0.0,0.0,0.0
141,285,5,0.0,0.0,0.0,0.0
321,187,4,0.0,0.0,0.0,0.0
919,398,1,0.0,0.0,0.0,0.0
421,61,1,0.0,0.0,0.0,0.0
259,96,5,0.0,0.0,0.0,0.0
124,323,5,0.0,0.0,0.0,0.0
675,252,1,0.0,0.0,0.0,0.0
127,496,4,0.0,0.0,0.0,0.0
647,192,2,0.0,0.0,0.0,0.0
148,18,1,0.0,0.0,0.0,0.0
767,100,3,0.0,0.0,0.0,0.0
298,443,1,0.0,0.0,0.0,0.0
714,266,1,1.0,1.0,0.0,0.0
416,500,2,0.0,0.0,0.0,0.0
773,225,1,0.0,0.0,0.0,0.0
10,47,5,0.0,0.0,0.0,0.0
810,428,2,0.0,0.0,0.0,0.0
507,269,4,0.0,0.0,0.0,0.0
427,297,3,0.0,0.0,0.0,0.0
430,296,3,0.0,0.0,0.0,0.0
359,79,1,0.0,0.0,0.0,0.0
320,293,2,0.0,0.0,0.0,0.0
502,355,3,1.0,0.0,0.0,0.0
384,111,4,0.0,0.0,0.0,0.0
968,140,3,0.0,0.0,0.0,0.0
897,420,1,0.0,0.0,0.0,0.0
842,273,2,0.0,0.0,0.0,0.0
96,88,5,1.0,1.0,0.0,0.0
408,244,5,0.0,0.0,0.0,0.0
277,88,3,0.0,0.0,0.0,0.0
399,362,2,0.0,0.0,0.0,0.0
689,401,4,0.0,0.0,0.0,0.0
515,137,4,0.0,0.0,0.0,0.0
604,276,3,0.0,0.0,0.0,0.0
988,321,4,0.0,0.0,0.0,0.0
934,383,5,0.0,0.0,0.0,0.0
191,114,4,0.0,0.0,0.0,0.0
470,314,3,0.0,0.0,0.0,0.0
223,451,1,0.0,0.0,0.0,0.0
604,431,5,0.0,0.0,0.0,0.0
471,378,4,0.0,0.0,0.0,0.0
167,353,3,0.0,0.0,0.0,0.0
602,238,3,0.0,0.0,0.0,0.0
407,247,3,0.0,0.0,0.0,0.0
675,321,3,0.0,0.0,0.0,0.0
710,293,5,0.0,0.0,0.0,0.0
687,75,3,0.0,0.0,0.0,0.0
619,419,1,0.0,0.0,0.0,0.0
149,403,2,0.0,0.0,0.0,0.0
779,442,4,0.0,0.0,0.0,0.0
460,25,2,0.0,0.0,0.0,0.0
675,449,5,0.0,0.0,0.0,0.0
90,354,2,0.0,0.0,0.0,0.0
247,115,2,0.0,0.0,0.0,0.0
965,298,3,1.0,1.0,0.0,0.0
828,345,3,0.0,0.0,0.0,0.0
944,51,3,0.0,0.0,0.0,0.0
18,387,1,0.0,0.0,0.0,0.0
480,142,1,0.0,0.0,0.0,0.0
574,392,1,0.0,0.0,0.0,0.0
103,86,1,0.0,0.0,0.0,0.0
899,135,3,0.0,0.0,0.0,0.0
635,350,2,0.0,0.0,0.0,0.0
640,4,3,0.0,0.0,0.0,0.0
603,221,5,0.0,0.0,0.0,0.0
705,151,4,0.0,0.0,0.0,0.0
606,388,1,0.0,0.0,0.0,0.0
476,394,4,0.0,0.0,0.0,0.0
899,394,4,0.0,0.0,0.0,0.0
488,356,3,1.0,0.0,1.0,0.0
799,495,2,0.0,0.0,0.0,0.0
72,441,2,0.0,0.0,0.0,0.0
137,472,2,0.0,0.0,0.0,0.0
100,56,5,0.0,0.0,0.0,0.0
902,282,2,0.0,0.0,0.0,0.0
460,110,1,0.0,0.0,0.0,0.0
1000,57,3,0.0,0.0,0.0,0.0
192,124,2,0.0,0.0,0.0,0.0
956,11,1,0.0,0.0,0.0,0.0
832,59,4,0.0,0.0,0.0,0.0
329,258,2,0.0,0.0,0.0,0.0
883,377,3,0.0,0.0,0.0,0.0
959,296,3,0.0,0.0,0.0,0.0
573,495,3,0.0,0.0,0.0,0.0
603,318,2,0.0,0.0,0.0,0.0
304,177,4,0.0,0.0,0.0,0.0
93,172,1,0.0,0.0,0.0,0.0
315,480,1,0.0,0.0,0.0,0.0
336,122,5,0.0,0.0,0.0,0.0
801,32,3,0.0,0.0,0.0,0.0
259,156,1,0.0,0.0,0.0,0.0
332,282,1,0.0,0.0,0.0,0.0
140,238,5,0.0,0.0,0.0,0.0
504,61,1,0.0,0.0,0.0,0.0
909,361,1,0.0,0.0,0.0,0.0
371,344,1,0.0,0.0,0.0,0.0
804,345,1,0.0,0.0,0.0,0.0
762,171,2,0.0,0.0,0.0,0.0
460,147,4,0.0,0.0,0.0,0.0
341,241,4,0.0,0.0,0.0,0.0
341,227,3,1.0,0.0,0.0,1.0
384,359,5,0.0,0.0,0.0,0.0
607,72,3,0.0,0.0,0.0,0.0
81,262,2,0.0,0.0,0.0,0.0
316,189,5,0.0,0.0,0.0,0.0
555,434,2,0.0,0.0,0.0,0.0
203,184,1,0.0,0.0,0.0,0.0
191,10,2,0.0,0.0,0.0,0.0
934,473,1,0.0,0.0,0.0,0.0
292,44,4,0.0,0.0,0.0,0.0
829,53,4,0.0,0.0,0.0,0.0
930,220,5,0.0,0.0,0.0,0.0
786,405,2,0.0,0.0,0.0,0.0
112,258,1,0.0,0.0,0.0,0.0
143,40,1,0.0,0.0,0.0,0.0
392,439,3,0.0,0.0,0.0,0.0
875,253,4,0.0,0.0,0.0,0.0
162,107,2,0.0,0.0,0.0,0.0
895,186,1,0.0,0.0,0.0,0.0
391,255,1,0.0,0.0,0.0,0.0
770,103,4,0.0,0.0,0.0,0.0
222,307,3,0.0,0.0,0.0,0.0
224,317,4,1.0,0.0,0.0,0.0
165,281,4,1.0,1.0,0.0,0.0
264,67,5,0.0,0.0,0.0,0.0
537,286,2,0.0,0.0,0.0,0.0
326,418,4,0.0,0.0,0.0,0.0
365,205,3,0.0,0.0,0.0,0.0
301,175,3,1.0,1.0,0.0,0.0
99,334,4,0.0,0.0,0.0,0.0
368,273,5,0.0,0.0,0.0,0.0
229,185,1,0.0,0.0,0.0,0.0
153,226,2,0.0,0.0,0.0,0.0
67,398,4,0.0,0.0,0.0,0.0
595,69,1,1.0,0.0,1.0,0.0
645,27,2,0.0,0.0,0.0,0.0
145,37,2,1.0,1.0,0.0,0.0
366,81,2,0.0,0.0,0.0,0.0
133,174,1,0.0,0.0,0.0,0.0
650,205,5,0.0,0.0,0.0,0.0
265,114,5,0.0,0.0,0.0,0.0
230,115,5,0.0,0.0,0.0,0.0
905,218,5,0.0,0.0,0.0,0.0
115,483,4,0.0,0.0,0.0,0.0
946,377,5,0.0,0.0,0.0,0.0
94,164,4,0.0,0.0,0.0,0.0
77,149,2,0.0,0.0,0.0,0.0
223,268,3,0.0,0.0,0.0,0.0
908,35,5,0.0,0.0,0.0,0.0
456,407,5,0.0,0.0,0.0,0.0
914,125,3,0.0,0.0,0.0,0.0
863,412,2,0.0,0.0,0.0,0.0
944,176,4,0.0,0.0,0.0,0.0
854,45,3,0.0,0.0,0.0,0.0
4,135,4,0.0,0.0,0.0,0.0
177,274,1,0.0,0.0,0.0,0.0
356,350,5,0.0,0.0,0.0,0.0
945,112,3,1.0,1.0,0.0,0.0
103,94,5,0.0,0.0,0.0,0.0
4,158,5,0.0,0.0,0.0,0.0
20,97,4,0.0,0.0,0.0,0.0
908,357,3,0.0,0.0,0.0,0.0
710,149,3,0.0,0.0,0.0,0.0
13,65,5,0.0,0.0,0.0,0.0
947,492,4,0.0,0.0,0.0,0.0
768,459,2,1.0,0.0,0.0,0.0
795,442,5,0.0,0.0,0.0,0.0
276,348,5,1.0,0.0,0.0,0.0
347,457,2,0.0,0.0,0.0,0.0
155,43,1,0.0,0.0,0.0,0.0
598,171,4,1.0,0.0,0.0,0.0
209,60,2,0.0,0.0,0.0,0.0
435,182,3,0.0,0.0,0.0,0.0
243,428,1,0.0,0.0,0.0,0.0
981,275,2,1.0,1.0,0.0,0.0
885,261,5,0.0,0.0,0.0,0.0
936,352,4,0.0,0.0,0.0,0.0
16,206,1,2.0,0.0,1.0,0.0
768,243,1,0.0,0.0,0.0,0.0
148,302,2,0.0,0.0,0.0,0.0
633,241,4,0.0,0.0,0.0,0.0
66,50,1,0.0,0.0,0.0,0.0
309,372,4,0.0,0.0,0.0,0.0
82,197,1,0.0,0.0,0.0,0.0
860,487,3,1.0,1.0,0.0,0.0
356,327,3,0.0,0.0,0.0,0.0
98,365,4,1.0,1.0,0.0,0.0
542,495,4,0.0,0.0,0.0,0.0
181,356,4,0.0,0.0,0.0,0.0
691,14,1,0.0,0.0,0.0,0.0
760,407,1,0.0,0.0,0.0,0.0
508,234,2,0.0,0.0,0.0,0.0
44,9,4,0.0,0.0,0.0,0.0
500,368,1,0.0,0.0,0.0,0.0
236,316,4,0.0,0.0,0.0,0.0
496,43,4,0.0,0.0,0.0,0.0
160,227,1,1.0,1.0,0.0,0.0
30,190,3,0.0,0.0,0.0,0.0
121,311,4,0.0,0.0,0.0,0.0
879,254,3,0.0,0.0,0.0,0.0
29,466,3,1.0,0.0,0.0,0.0
502,325,5,0.0,0.0,0.0,0.0
814,160,4,1.0,0.0,0.0,0.0
996,138,4,0.0,0.0,0.0,0.0
323,213,1,0.0,0.0,0.0,0.0
293,427,3,0.0,0.0,0.0,0.0
846,257,3,0.0,0.0,0.0,0.0
793,116,1,0.0,0.0,0.0,0.0
962,185,3,0.0,0.0,0.0,0.0
667,347,2,0.0,0.0,0.0,0.0
25,216,5,0.0,0.0,0.0,0.0
443,327,1,0.0,0.0,0.0,0.0
689,481,4,0.0,0.0,0.0,0.0
831,130,5,0.0,0.0,0.0,0.0
239,113,1,1.0,0.0,0.0,0.0
844,72,3,0.0,0.0,0.0,0.0
997,455,4,0.0,0.0,0.0,0.0
145,91,2,0.0,0.0,0.0,0.0
795,408,1,0.0,0.0,0.0,0.0
628,423,3,0.0,0.0,0.0,0.0
72,362,3,0.0,0.0,0.0,0.0
693,353,2,0.0,0.0,0.0,0.0
966,449,2,0.0,0.0,0.0,0.0
796,239,1,0.0,0.0,0.0,0.0
286,141,5,0.0,0.0,0.0,0.0
639,184,3,0.0,0.0,0.0,0.0
592,314,5,0.0,0.0,0.0,0.0
272,391,1,0.0,0.0,0.0,0.0
968,280,1,0.0,0.0,0.0,0.0
536,290,4,0.0,0.0,0.0,0.0
309,218,5,0.0,0.0,0.0,0.0
998,350,3,0.0,0.0,0.0,0.0
66,93,2,1.0,0.0,1.0,0.0
948,311,5,0.0,0.0,0.0,0.0
99,390,3,0.0,0.0,0.0,0.0
498,39,5,0.0,0.0,0.0,0.0
845,359,2,0.0,0.0,0.0,0.0
990,318,1,0.0,0.0,0.0,0.0
556,40,4,0.0,0.0,0.0,0.0
210,356,4,0.0,0.0,0.0,0.0
920,240,5,0.0,0.0,0.0,0.0
635,435,3,0.0,0.0,0.0,0.0
807,154,5,0.0,0.0,0.0,0.0
615,137,2,0.0,0.0,0.0,0.0
364,247,3,0.0,0.0,0.0,0.0
509,410,5,0.0,0.0,0.0,0.0
589,81,1,0.0,0.0,0.0,0.0
185,361,4,0.0,0.0,0.0,0.0
453,120,1,0.0,0.0,0.0,0.0
549,294,1,0.0,0.0,0.0,0.0
912,210,5,0.0,0.0,0.0,0.0
245,131,3,0.0,0.0,0.0,0.0
633,107,5,0.0,0.0,0.0,0.0
383,291,3,0.0,0.0,0.0,0.0
941,254,5,0.0,0.0,0.0,0.0
513,131,2,0.0,0.0,0.0,0.0
81,282,1,0.0,0.0,0.0,0.0
396,89,5,0.0,0.0,0.0,0.0
529,220,5,0.0,0.0,0.0,0.0
492,118,3,0.0,0.0,0.0,0.0
392,406,5,0.0,0.0,0.0,0.0
306,350,3,0.0,0.0,0.0,0.0
56,127,5,1.0,0.0,0.0,0.0
985,164,1,0.0,0.0,0.0,0.0
581,431,1,0.0,0.0,0.0,0.0
61,266,5,0.0,0.0,0.0,0.0
181,321,3,0.0,0.0,0.0,0.0
262,89,3,0.0,0.0,0.0,0.0
849,121,3,0.0,0.0,0.0,0.0
463,171,4,0.0,0.0,0.0,0.0
309,422,4,0.0,0.0,0.0,0.0
102,120,5,0.0,0.0,0.0,0.0
715,289,2,0.0,0.0,0.0,0.0
611,371,1,1.0,0.0,0.0,0.0
945,66,1,0.0,0.0,0.0,0.0
577,373,1,0.0,0.0,0.0,0.0
485,88,1,0.0,0.0,0.0,0.0
830,394,4,0.0,0.0,0.0,0.0
171,29,2,0.0,0.0,0.0,0.0
301,306,2,0.0,0.0,0.0,0.0
453,261,1,0.0,0.0,0.0,0.0
251,171,4,0.0,0.0,0.0,0.0
171,95,1,0.0,0.0,0.0,0.0
69,139,1,0.0,0.0,0.0,0.0
51,313,2,0.0,0.0,0.0,0.0
274,1,1,0.0,0.0,0.0,0.0
826,250,3,0.0,0.0,0.0,0.0
679,402,5,0.0,0.0,0.0,0.0
629,404,4,0.0,0.0,0.0,0.0
579,147,1,0.0,0.0,0.0,0.0
822,302,3,0.0,0.0,0.0,0.0
125,40,3,0.0,0.0,0.0,0.0
91,249,5,0.0,0.0,0.0,0.0
61,173,2,0.0,0.0,0.0,0.0
771,272,2,0.0,0.0,0.0,0.0
876,479,5,0.0,0.0,0.0,0.0
995,113,2,1.0,0.0,1.0,0.0
354,10,3,0.0,0.0,0.0,0.0
662,313,2,2.0,1.0,0.0,0.0
37,215,2,0.0,0.0,0.0,0.0
592,140,2,0.0,0.0,0.0,0.0
603,372,1,0.0,0.0,0.0,0.0
231,466,1,0.0,0.0,0.0,0.0
910,130,4,0.0,0.0,0.0,0.0
883,399,5,0.0,0.0,0.0,0.0
683,36,5,0.0,0.0,0.0,0.0
316,459,3,0.0,0.0,0.0,0.0
807,30,5,0.0,0.0,0.0,0.0
911,313,2,0.0,0.0,0.0,0.0
212,165,3,0.0,0.0,0.0,0.0
81,366,4,0.0,0.0,0.0,0.0
801,84,3,0.0,0.0,0.0,0.0
222,92,2,0.0,0.0,0.0,0.0
450,365,4,0.0,0.0,0.0,0.0
498,454,3,0.0,0.0,0.0,0.0
915,165,5,0.0,0.0,0.0,0.0
111,146,5,0.0,0.0,0.0,0.0
340,74,4,0.0,0.0,0.0,0.0
4,38,1,0.0,0.0,0.0,0.0
443,392,3,0.0,0.0,0.0,0.0
237,248,5,0.0,0.0,0.0,0.0
480,284,2,0.0,0.0,0.0,0.0
111,469,1,0.0,0.0,0.0,0.0
522,301,1,0.0,0.0,0.0,0.0
655,108,5,0.0,0.0,0.0,0.0
475,486,5,0.0,0.0,0.0,0.0
763,171,2,0.0,0.0,0.0,0.0
724,318,5,0.0,0.0,0.0,0.0
783,85,2,1.0,0.0,0.0,0.0
838,355,1,0.0,0.0,0.0,0.0
350,129,5,0.0,0.0,0.0,0.0
193,278,1,0.0,0.0,0.0,0.0
556,373,1,0.0,0.0,0.0,0.0
732,382,1,0.0,0.0,0.0,0.0
505,420,4,0.0,0.0,0.0,0.0
249,401,5,1.0,1.0,0.0,0.0
923,158,3,0.0,0.0,0.0,0.0
274,167,1,0.0,0.0,0.0,0.0
547,112,1,0.0,0.0,0.0,0.0
472,221,5,0.0,0.0,0.0,0.0
654,444,1,1.0,1.0,0.0,0.0
557,270,4,0.0,0.0,0.0,0.0
100,498,5,0.0,0.0,0.0,0.0
40,191,3,1.0,1.0,0.0,0.0
801,173,2,0.0,0.0,0.0,0.0
64,167,2,0.0,0.0,0.0,0.0
280,194,4,0.0,0.0,0.0,0.0
487,280,4,0.0,0.0,0.0,0.0
854,11,1,0.0,0.0,0.0,0.0
128,498,3,0.0,0.0,0.0,0.0
633,248,2,0.0,0.0,0.0,0.0
396,332,4,0.0,0.0,0.0,0.0
101,39,2,0.0,0.0,0.0,0.0
600,339,4,0.0,0.0,0.0,0.0
500,424,2,0.0,0.0,0.0,1.0
900,275,4,0.0,0.0,0.0,0.0
656,427,4,0.0,0.0,0.0,0.0
528,116,2,0.0,0.0,0.0,0.0
690,408,5,0.0,0.0,0.0,0.0
50,352,1,0.0,0.0,0.0,0.0
109,91,1,0.0,0.0,0.0,0.0
772,148,4,0.0,0.0,0.0,0.0
66,428,3,0.0,0.0,0.0,0.0
434,141,5,0.0,0.0,0.0,0.0
726,327,5,0.0,0.0,0.0,0.0
672,336,5,0.0,0.0,0.0,0.0
650,161,2,0.0,0.0,0.0,0.0
657,240,3,0.0,0.0,0.0,0.0
425,332,3,0.0,0.0,0.0,0.0
545,363,3,0.0,0.0,0.0,0.0
444,55,4,0.0,0.0,0.0,0.0
359,279,2,0.0,0.0,0.0,0.0
768,499,2,0.0,0.0,0.0,0.0
834,147,4,0.0,0.0,0.0,0.0
832,305,5,1.0,0.0,0.0,0.0
977,370,1,0.0,0.0,0.0,0.0
387,248,5,1.0,0.0,1.0,0.0
261,156,1,0.0,0.0,0.0,0.0
551,437,3,0.0,0.0,0.0,0.0
867,1,4,0.0,0.0,0.0,0.0
13,484,4,0.0,0.0,0.0,0.0
408,211,5,0.0,0.0,0.0,0.0
686,244,2,0.0,0.0,0.0,0.0
462,254,1,0.0,0.0,0.0,0.0
105,420,2,0.0,0.0,0.0,0.0
679,184,2,0.0,0.0,0.0,0.0
458,342,2,0.0,0.0,0.0,0.0
100,24,5,0.0,0.0,0.0,0.0
710,412,3,0.0,0.0,0.0,0.0
542,99,2,0.0,0.0,0.0,0.0
288,75,3,0.0,0.0,0.0,0.0
196,258,1,0.0,0.0,0.0,0.0
813,190,5,0.0,0.0,0.0,0.0
731,74,4,0.0,0.0,0.0,0.0
244,87,2,0.0,0.0,0.0,0.0
538,327,5,0.0,0.0,0.0,0.0
336,484,2,0.0,0.0,0.0,0.0
863,430,5,0.0,0.0,0.0,0.0
319,448,3,0.0,0.0,0.0,0.0
332,393,2,0.0,0.0,0.0,0.0
359,492,4,0.0,0.0,0.0,0.0
992,72,2,0.0,0.0,0.0,0.0
169,8,4,0.0,0.0,0.0,0.0
43,117,4,0.0,0.0,0.0,0.0
107,223,1,0.0,0.0,0.0,1.0
22,468,5,0.0,0.0,0.0,0.0
696,46,3,0.0,0.0,0.0,0.0
567,359,4,0.0,0.0,0.0,0.0
691,235,4,0.0,0.0,0.0,0.0
48,356,4,0.0,0.0,0.0,0.0
420,417,5,0.0,0.0,0.0,0.0
893,333,4,0.0,0.0,0.0,0.0
355,43,1,0.0,0.0,0.0,0.0
304,291,5,0.0,0.0,0.0,0.0
897,220,2,0.0,0.0,0.0,0.0
144,117,3,0.0,0.0,0.0,0.0
960,190,2,0.0,0.0,0.0,1.0
143,172,4,0.0,0.0,0.0,0.0
476,484,4,0.0,0.0,0.0,0.0
492,208,4,0.0,0.0,0.0,0.0
587,260,2,0.0,0.0,0.0,0.0
42,480,4,0.0,0.0,0.0,0.0
440,83,1,0.0,0.0,0.0,0.0
348,488,4,0.0,0.0,0.0,0.0
654,9,1,0.0,0.0,0.0,0.0
479,362,3,0.0,0.0,0.0,0.0
719,206,4,0.0,0.0,0.0,0.0
745,350,3,0.0,0.0,0.0,0.0
899,192,3,0.0,0.0,0.0,0.0
946,365,2,0.0,0.0,0.0,0.0
441,212,2,0.0,0.0,0.0,0.0
508,424,3,0.0,0.0,0.0,0.0
766,92,5,1.0,0.0,0.0,0.0
804,402,5,0.0,0.0,0.0,0.0
505,424,2,0.0,0.0,0.0,1.0
945,204,4,0.0,0.0,0.0,0.0
692,430,4,0.0,0.0,0.0,0.0
249,113,1,0.0,0.0,0.0,0.0
392,481,5,1.0,0.0,0.0,0.0
956,87,5,0.0,0.0,0.0,0.0
207,380,3,0.0,0.0,0.0,0.0
814,209,5,0.0,0.0,0.0,0.0
86,59,3,0.0,0.0,0.0,0.0
790,454,2,0.0,0.0,0.0,0.0
885,427,3,0.0,0.0,0.0,0.0
286,262,1,0.0,0.0,0.0,0.0
11,415,5,0.0,0.0,0.0,0.0
125,127,3,0.0,0.0,0.0,0.0
167,440,4,0.0,0.0,0.0,0.0
689,96,5,0.0,0.0,0.0,0.0
481,235,1,0.0,0.0,0.0,0.0
893,389,4,0.0,0.0,0.0,0.0
167,137,4,0.0,0.0,0.0,0.0
804,438,2,0.0,0.0,0.0,0.0
478,431,1,0.0,0.0,0.0,0.0
613,217,2,0.0,0.0,0.0,0.0
179,168,3,1.0,0.0,1.0,0.0
722,395,3,0.0,0.0,0.0,0.0
419,429,4,0.0,0.0,0.0,0.0
356,29,5,0.0,0.0,0.0,0.0
767,401,1,0.0,0.0,0.0,0.0
263,143,3,0.0,0.0,0.0,0.0
632,171,3,0.0,0.0,0.0,0.0
974,437,2,0.0,0.0,0.0,0.0
198,198,1,1.0,0.0,0.0,0.0
131,485,4,0.0,0.0,0.0,0.0
862,241,1,0.0,0.0,0.0,0.0
324,165,3,0.0,0.0,0.0,0.0
240,55,3,0.0,0.0,0.0,0.0
609,68,3,1.0,0.0,0.0,0.0
616,300,5,0.0,0.0,0.0,0.0
112,61,5,0.0,0.0,0.0,0.0
154,304,3,0.0,0.0,0.0,0.0
471,353,5,0.0,0.0,0.0,0.0
806,234,5,1.0,0.0,0.0,0.0
58,154,2,0.0,0.0,0.0,0.0
305,351,3,0.0,0.0,0.0,0.0
671,268,2,0.0,0.0,0.0,0.0
671,33,1,0.0,0.0,0.0,0.0
195,74,1,0.0,0.0,0.0,0.0
785,186,3,0.0,0.0,0.0,0.0
311,273,2,0.0,0.0,0.0,0.0
126,10,2,0.0,0.0,0.0,0.0
905,74,1,0.0,0.0,0.0,0.0
943,227,4,0.0,0.0,0.0,0.0
617,265,3,0.0,0.0,0.0,0.0
73,237,5,0.0,0.0,0.0,0.0
182,142,5,0.0,0.0,0.0,0.0
495,156,2,0.0,0.0,0.0,0.0
870,68,5,0.0,0.0,0.0,0.0
444,308,5,0.0,0.0,0.0,0.0
386,456,1,0.0,0.0,0.0,0.0
146,82,5,0.0,0.0,0.0,0.0
328,166,2,1.0,0.0,0.0,0.0
862,99,5,0.0,0.0,0.0,0.0
391,93,5,0.0,0.0,0.0,0.0
938,250,3,0.0,0.0,0.0,1.0
754,82,4,0.0,0.0,0.0,0.0
496,381,2,0.0,0.0,0.0,0.0
610,158,3,0.0,0.0,0.0,0.0
453,426,4,1.0,0.0,0.0,0.0
290,66,2,0.0,0.0,0.0,0.0
554,230,5,0.0,0.0,0.0,0.0
842,63,3,0.0,0.0,0.0,0.0
860,426,4,0.0,0.0,0.0,0.0
687,409,1,0.0,0.0,0.0,0.0
804,112,2,0.0,0.0,0.0,0.0
949,223,4,0.0,0.0,0.0,0.0
256,293,1,0.0,0.0,0.0,0.0
112,485,2,0.0,0.0,0.0,0.0
466,300,4,0.0,0.0,0.0,0.0
357,199,3,0.0,0.0,0.0,0.0
184,130,2,0.0,0.0,0.0,0.0
850,291,3,0.0,0.0,0.0,0.0
515,33,4,0.0,0.0,0.0,0.0
274,300,3,0.0,0.0,0.0,0.0
405,111,2,0.0,0.0,0.0,0.0
562,254,2,0.0,0.0,0.0,0.0
541,475,4,0.0,0.0,0.0,0.0
239,198,5,0.0,0.0,0.0,0.0
853,460,4,0.0,0.0,0.0,0.0
831,131,5,0.0,0.0,0.0,0.0
357,40,2,0.0,0.0,0.0,0.0
380,128,4,1.0,0.0,0.0,0.0
513,227,2,0.0,0.0,0.0,0.0
200,351,2,0.0,0.0,0.0,0.0
965,410,5,0.0,0.0,0.0,0.0
272,254,4,0.0,0.0,0.0,0.0
813,193,3,0.0,0.0,0.0,0.0
53,486,3,0.0,0.0,0.0,0.0
67,269,5,0.0,0.0,0.0,0.0
492,112,5,0.0,0.0,0.0,0.0
248,446,3,0.0,0.0,0.0,0.0
581,139,4,0.0,0.0,0.0,0.0
894,195,4,0.0,0.0,0.0,0.0
216,169,3,0.0,0.0,0.0,1.0
101,408,5,0.0,0.0,0.0,0.0
506,335,5,0.0,0.0,0.0,0.0
504,349,3,0.0,0.0,0.0,0.0
348,344,4,0.0,0.0,0.0,0.0
741,68,2,0.0,0.0,0.0,0.0
895,126,5,0.0,0.0,0.0,0.0
49,99,3,0.0,0.0,0.0,0.0
993,254,4,0.0,0.0,0.0,0.0
383,359,1,1.0,0.0,0.0,0.0
718,332,3,0.0,0.0,0.0,0.0
115,187,4,0.0,0.0,0.0,0.0
355,205,4,0.0,0.0,0.0,0.0
510,383,5,0.0,0.0,0.0,0.0
582,463,4,0.0,0.0,0.0,0.0
111,256,4,0.0,0.0,0.0,0.0
993,320,5,0.0,0.0,0.0,0.0
223,59,4,0.0,0.0,0.0,0.0
863,392,2,0.0,0.0,0.0,0.0
633,338,3,0.0,0.0,0.0,0.0
763,257,3,0.0,0.0,0.0,0.0
869,368,1,0.0,0.0,0.0,0.0
971,152,3,0.0,0.0,0.0,0.0
972,82,1,0.0,0.0,0.0,0.0
668,307,1,0.0,0.0,0.0,0.0
720,92,1,0.0,0.0,0.0,0.0
338,328,5,0.0,0.0,0.0,0.0
601,436,2,0.0,0.0,0.0,0.0
517,304,3,1.0,1.0,0.0,0.0
945,101,2,0.0,0.0,0.0,0.0
794,444,4,0.0,0.0,0.0,0.0
694,435,5,0.0,0.0,0.0,0.0
500,196,5,0.0,0.0,0.0,0.0
554,57,3,0.0,0.0,0.0,0.0
810,16,1,1.0,0.0,0.0,0.0
530,274,4,0.0,0.0,0.0,0.0
357,431,2,0.0,0.0,0.0,0.0
719,58,1,0.0,0.0,0.0,0.0
692,470,3,0.0,0.0,0.0,0.0
627,436,2,0.0,0.0,0.0,0.0
991,84,2,0.0,0.0,0.0,0.0
583,182,5,2.0,1.0,0.0,0.0
123,131,5,0.0,0.0,0.0,0.0
255,386,4,0.0,0.0,0.0,0.0
491,324,4,0.0,0.0,0.0,0.0
612,10,2,0.0,0.0,0.0,0.0
933,240,3,0.0,0.0,0.0,0.0
805,496,2,0.0,0.0,0.0,0.0
810,160,2,0.0,0.0,0.0,0.0
617,90,2,0.0,0.0,0.0,0.0
469,287,1,0.0,0.0,0.0,0.0
937,74,2,0.0,0.0,0.0,0.0
862,484,4,0.0,0.0,0.0,0.0
919,91,4,0.0,0.0,0.0,0.0
530,104,2,0.0,0.0,0.0,0.0
666,48,2,1.0,0.0,0.0,0.0
327,397,2,0.0,0.0,0.0,0.0
595,166,4,0.0,0.0,0.0,0.0
715,25,2,1.0,1.0,0.0,0.0
138,181,5,0.0,0.0,0.0,0.0
831,386,4,1.0,1.0,0.0,0.0
967,254,4,0.0,0.0,0.0,0.0
592,368,5,0.0,0.0,0.0,0.0
963,144,4,0.0,0.0,0.0,0.0
621,8,4,0.0,0.0,0.0,0.0
549,404,1,0.0,0.0,0.0,0.0
311,5,1,0.0,0.0,0.0,0.0
229,269,1,0.0,0.0,0.0,0.0
98,354,3,0.0,0.0,0.0,0.0
170,48,5,0.0,0.0,0.0,0.0
432,85,5,0.0,0.0,0.0,0.0
955,197,1,0.0,0.0,0.0,0.0
297,159,1,0.0,0.0,0.0,0.0
292,217,2,0.0,0.0,0.0,0.0
653,498,1,0.0,0.0,0.0,0.0
199,40,4,0.0,0.0,0.0,0.0
265,89,2,0.0,0.0,0.0,0.0
640,291,1,0.0,0.0,0.0,0.0
126,388,1,0.0,0.0,0.0,0.0
316,429,2,0.0,0.0,0.0,0.0
184,115,1,0.0,0.0,0.0,0.0
720,96,5,0.0,0.0,0.0,0.0
200,173,1,0.0,0.0,0.0,0.0
67,19,5,0.0,0.0,0.0,0.0
818,85,2,0.0,0.0,0.0,0.0
915,269,5,0.0,0.0,0.0,0.0
948,51,4,1.0,1.0,0.0,0.0
11,143,3,0.0,0.0,0.0,0.0
598,477,1,0.0,0.0,0.0,0.0
468,201,2,0.0,0.0,0.0,0.0
426,476,1,0.0,0.0,0.0,0.0
918,247,1,1.0,1.0,0.0,0.0
887,282,3,0.0,0.0,0.0,0.0
861,20,5,0.0,0.0,0.0,0.0
935,445,5,0.0,0.0,0.0,0.0
217,294,5,0.0,0.0,0.0,0.0
388,97,5,0.0,0.0,0.0,0.0
904,217,4,0.0,0.0,0.0,0.0
352,147,3,0.0,0.0,0.0,0.0
125,294,5,0.0,0.0,0.0,0.0
272,376,2,0.0,0.0,0.0,0.0
104,252,3,0.0,0.0,0.0,0.0
304,439,5,0.0,0.0,0.0,0.0
653,93,5,0.0,0.0,0.0,0.0
790,484,3,0.0,0.0,0.0,0.0
541,70,5,0.0,0.0,0.0,0.0
528,80,3,0.0,0.0,0.0,0.0
789,73,4,0.0,0.0,0.0,0.0
940,306,3,0.0,0.0,0.0,0.0
5,223,1,0.0,0.0,0.0,0.0
944,306,4,0.0,0.0,0.0,0.0
845,114,1,0.0,0.0,0.0,0.0
309,149,4,0.0,0.0,0.0,0.0
395,408,1,0.0,0.0,0.0,0.0
408,378,3,0.0,0.0,0.0,0.0
873,401,1,0.0,0.0,0.0,0.0
831,319,4,0.0,0.0,0.0,0.0
769,57,5,0.0,0.0,0.0,0.0
785,348,5,0.0,0.0,0.0,1.0
996,439,3,0.0,0.0,0.0,0.0
559,204,3,0.0,0.0,0.0,0.0
15,257,5,0.0,0.0,0.0,0.0
824,115,2,0.0,0.0,0.0,0.0
214,155,3,0.0,0.0,0.0,0.0
405,78,2,0.0,0.0,0.0,0.0
404,402,3,0.0,0.0,0.0,0.0
638,174,4,1.0,1.0,0.0,0.0
422,264,3,0.0,0.0,0.0,0.0
63,249,1,0.0,0.0,0.0,0.0
815,256,4,0.0,0.0,0.0,0.0
72,429,2,0.0,0.0,0.0,0.0
410,89,1,0.0,0.0,0.0,0.0
514,471,1,0.0,0.0,0.0,0.0
766,99,5,0.0,0.0,0.0,0.0
545,288,5,1.0,1.0,0.0,0.0
78,172,1,0.0,0.0,0.0,0.0
818,418,4,0.0,0.0,0.0,0.0
746,393,5,0.0,0.0,0.0,0.0
376,85,4,0.0,0.0,0.0,0.0
757,450,2,0.0,0.0,0.0,0.0
216,17,5,0.0,0.0,0.0,0.0
304,100,4,0.0,0.0,0.0,0.0
88,103,1,0.0,0.0,0.0,0.0
588,81,2,0.0,0.0,0.0,0.0
336,162,3,2.0,1.0,0.0,0.0
578,162,3,1.0,1.0,0.0,0.0
777,88,3,0.0,0.0,0.0,0.0
827,161,1,0.0,0.0,0.0,0.0
956,364,2,0.0,0.0,0.0,0.0
526,91,4,0.0,0.0,0.0,0.0
718,86,2,0.0,0.0,0.0,0.0
259,48,3,0.0,0.0,0.0,0.0
6,128,2,0.0,0.0,0.0,0.0
957,60,3,0.0,0.0,0.0,0.0
46,365,3,0.0,0.0,0.0,0.0
362,300,2,0.0,0.0,0.0,0.0
196,322,3,0.0,0.0,0.0,0.0
591,118,1,0.0,0.0,0.0,0.0
143,188,1,0.0,0.0,0.0,0.0
616,205,4,1.0,1.0,0.0,0.0
324,468,3,0.0,0.0,0.0,0.0
229,430,5,0.0,0.0,0.0,0.0
462,213,1,1.0,0.0,0.0,0.0
48,60,5,0.0,0.0,0.0,0.0
285,389,3,0.0,0.0,0.0,0.0
260,415,3,1.0,0.0,0.0,0.0
142,337,2,1.0,0.0,0.0,0.0
155,391,2,0.0,0.0,0.0,0.0
899,86,5,0.0,0.0,0.0,0.0
199,96,4,0.0,0.0,0.0,0.0
759,329,2,0.0,0.0,0.0,0.0
554,36,3,0.0,0.0,0.0,1.0
858,382,4,0.0,0.0,0.0,0.0
224,127,1,0.0,0.0,0.0,0.0
609,259,5,0.0,0.0,0.0,0.0
801,373,4,0.0,0.0,0.0,0.0
382,172,1,0.0,0.0,0.0,0.0
990,324,4,0.0,0.0,0.0,0.0
16,139,1,0.0,0.0,0.0,0.0
742,414,3,0.0,0.0,0.0,0.0
938,494,3,0.0,0.0,0.0,0.0
544,286,3,0.0,0.0,0.0,0.0
780,313,5,0.0,0.0,0.0,0.0
149,372,3,0.0,0.0,0.0,0.0
150,465,5,1.0,1.0,0.0,0.0
387,211,3,0.0,0.0,0.0,0.0
926,74,5,0.0,0.0,0.0,0.0
618,337,1,0.0,0.0,0.0,0.0
80,178,5,0.0,0.0,0.0,0.0
528,190,5,0.0,0.0,0.0,0.0
309,471,1,0.0,0.0,0.0,0.0
149,108,3,1.0,0.0,1.0,0.0
569,188,5,0.0,0.0,0.0,0.0
385,11,5,0.0,0.0,0.0,0.0
662,398,5,0.0,0.0,0.0,0.0
33,426,3,0.0,0.0,0.0,0.0
692,162,1,0.0,0.0,0.0,0.0
624,207,3,0.0,0.0,0.0,0.0
946,91,2,0.0,0.0,0.0,0.0
114,402,2,0.0,0.0,0.0,1.0
581,328,3,0.0,0.0,0.0,0.0
372,221,2,0.0,0.0,0.0,0.0
683,166,3,0.0,0.0,0.0,0.0
117,22,1,0.0,0.0,0.0,0.0
854,319,1,0.0,0.0,0.0,0.0
34,180,3,0.0,0.0,0.0,0.0
536,370,4,2.0,1.0,0.0,0.0
276,208,4,0.0,0.0,0.0,0.0
658,470,4,0.0,0.0,0.0,0.0
962,117,1,0.0,0.0,0.0,0.0
960,477,3,0.0,0.0,0.0,0.0
541,346,2,0.0,0.0,0.0,0.0
784,473,3,0.0,0.0,0.0,0.0
927,378,1,0.0,0.0,0.0,0.0
254,284,2,0.0,0.0,0.0,0.0
692,140,2,0.0,0.0,0.0,0.0
905,159,5,0.0,0.0,0.0,0.0
220,247,1,0.0,0.0,0.0,0.0
612,402,1,0.0,0.0,0.0,0.0
15,380,5,2.0,1.0,0.0,0.0
243,113,4,0.0,0.0,0.0,0.0
998,58,4,0.0,0.0,0.0,0.0
201,92,5,1.0,1.0,0.0,0.0
522,288,4,0.0,0.0,0.0,0.0
288,116,1,0.0,0.0,0.0,0.0
498,146,4,0.0,0.0,0.0,0.0
27,301,1,0.0,0.0,0.0,0.0
291,196,3,0.0,0.0,0.0,0.0
141,321,2,0.0,0.0,0.0,0.0
617,176,1,0.0,0.0,0.0,1.0
256,147,5,0.0,0.0,0.0,0.0
723,205,3,0.0,0.0,0.0,0.0
119,471,5,0.0,0.0,0.0,0.0
373,241,3,0.0,0.0,0.0,0.0
14,80,4,1.0,0.0,0.0,0.0
922,385,3,0.0,0.0,0.0,0.0
791,75,4,1.0,0.0,0.0,0.0
899,240,4,0.0,0.0,0.0,0.0
657,397,2,0.0,0.0,0.0,0.0
184,154,2,0.0,0.0,0.0,0.0
740,68,5,0.0,0.0,0.0,0.0
980,163,1,0.0,0.0,0.0,1.0
879,427,5,0.0,0.0,0.0,0.0
134,113,1,1.0,0.0,1.0,0.0
140,309,3,0.0,0.0,0.0,0.0
808,264,1,0.0,0.0,0.0,0.0
9,272,2,0.0,0.0,0.0,0.0
724,335,5,0.0,0.0,0.0,0.0
946,315,4,0.0,0.0,0.0,0.0
398,129,2,0.0,0.0,0.0,0.0
653,125,3,0.0,0.0,0.0,0.0
743,360,5,0.0,0.0,0.0,0.0
106,483,3,0.0,0.0,0.0,0.0
886,136,2,1.0,1.0,0.0,0.0
129,225,4,0.0,0.0,0.0,0.0
351,277,4,0.0,0.0,0.0,0.0
287,147,2,1.0,0.0,0.0,0.0
101,320,4,0.0,0.0,0.0,0.0
57,465,2,0.0,0.0,0.0,0.0
168,26,3,0.0,0.0,0.0,0.0
471,478,3,0.0,0.0,0.0,0.0
604,97,5,0.0,0.0,0.0,0.0
514,340,5,0.0,0.0,0.0,0.0
136,346,5,0.0,0.0,0.0,0.0
400,23,2,0.0,0.0,0.0,0.0
114,167,5,0.0,0.0,0.0,0.0
826,357,4,0.0,0.0,0.0,0.0
302,497,2,0.0,0.0,0.0,0.0
570,189,1,1.0,0.0,0.0,0.0
223,400,3,0.0,0.0,0.0,0.0
929,337,3,0.0,0.0,0.0,0.0
394,22,2,0.0,0.0,0.0,0.0
580,127,3,0.0,0.0,0.0,0.0
156,74,2,0.0,0.0,0.0,0.0
541,118,4,0.0,0.0,0.0,0.0
970,440,3,0.0,0.0,0.0,0.0
374,73,1,0.0,0.0,0.0,0.0
370,156,4,0.0,0.0,0.0,0.0
877,239,5,0.0,0.0,0.0,0.0
822,263,5,0.0,0.0,0.0,0.0
322,500,3,0.0,0.0,0.0,0.0
580,317,2,0.0,0.0,0.0,0.0
845,345,5,0.0,0.0,0.0,0.0
405,41,4,0.0,0.0,0.0,0.0
465,431,3,1.0,0.0,0.0,0.0
44,423,4,0.0,0.0,0.0,0.0
219,250,4,0.0,0.0,0.0,0.0
552,205,5,0.0,0.0,0.0,0.0
283,137,2,0.0,0.0,0.0,0.0
810,423,4,1.0,1.0,0.0,0.0
991,466,4,0.0,0.0,0.0,0.0
652,12,3,0.0,0.0,0.0,0.0
685,174,2,0.0,0.0,0.0,0.0
471,249,1,0.0,0.0,0.0,0.0
851,67,5,0.0,0.0,0.0,0.0
658,336,3,0.0,0.0,0.0,0.0
624,88,3,0.0,0.0,0.0,0.0
120,494,1,0.0,0.0,0.0,0.0
992,15,5,0.0,0.0,0.0,0.0
564,470,3,0.0,0.0,0.0,0.0
951,25,1,0.0,0.0,0.0,1.0
528,246,5,0.0,0.0,0.0,0.0
501,417,5,0.0,0.0,0.0,0.0
700,488,5,0.0,0.0,0.0,0.0
310,415,1,0.0,0.0,0.0,0.0
803,33,5,0.0,0.0,0.0,0.0
888,107,2,0.0,0.0,0.0,0.0
689,440,3,0.0,0.0,0.0,0.0
825,267,2,0.0,0.0,0.0,0.0
488,299,5,0.0,0.0,0.0,0.0
558,130,4,0.0,0.0,0.0,0.0
961,390,1,1.0,1.0,0.0,0.0
926,8,4,0.0,0.0,0.0,0.0
331,163,2,0.0,0.0,0.0,0.0
41,497,5,0.0,0.0,0.0,0.0
722,1,3,0.0,0.0,0.0,1.0
277,228,2,0.0,0.0,0.0,0.0
392,232,3,0.0,0.0,0.0,0.0
110,14,1,0.0,0.0,0.0,0.0
612,398,5,0.0,0.0,0.0,0.0
397,79,2,0.0,0.0,0.0,0.0
138,161,1,0.0,0.0,0.0,0.0
144,123,5,0.0,0.0,0.0,0.0
312,308,1,0.0,0.0,0.0,0.0
519,143,4,0.0,0.0,0.0,0.0
806,99,5,0.0,0.0,0.0,0.0
834,469,4,0.0,0.0,0.0,0.0
995,493,5,0.0,0.0,0.0,0.0
947,106,3,0.0,0.0,0.0,0.0
192,329,2,0.0,0.0,0.0,0.0
668,94,2,1.0,0.0,0.0,0.0
648,153,5,0.0,0.0,0.0,0.0
503,40,5,0.0,0.0,0.0,0.0
378,267,4,1.0,1.0,0.0,0.0
531,336,4,0.0,0.0,0.0,0.0
127,100,4,0.0,0.0,0.0,0.0
44,280,3,0.0,0.0,0.0,0.0
756,170,5,0.0,0.0,0.0,0.0
423,408,1,0.0,0.0,0.0,0.0
492,12,2,0.0,0.0,0.0,0.0
197,122,3,0.0,0.0,0.0,0.0
413,14,2,0.0,0.0,0.0,0.0
224,350,3,0.0,0.0,0.0,0.0
465,252,5,0.0,0.0,0.0,0.0
777,352,1,0.0,0.0,0.0,0.0
224,4,5,0.0,0.0,0.0,0.0
884,418,5,0.0,0.0,0.0,0.0
994,291,2,1.0,0.0,0.0,0.0
549,286,5,0.0,0.0,0.0,0.0
448,466,4,0.0,0.0,0.0,0.0
843,297,2,0.0,0.0,0.0,1.0
282,144,4,0.0,0.0,0.0,0.0
871,14,2,0.0,0.0,0.0,0.0
409,357,2,0.0,0.0,0.0,0.0
449,80,3,0.0,0.0,0.0,0.0
873,339,5,0.0,0.0,0.0,0.0
76,39,5,0.0,0.0,0.0,0.0
20,451,2,0.0,0.0,0.0,0.0
949,41,5,0.0,0.0,0.0,0.0
242,372,4,1.0,0.0,1.0,0.0
269,69,4,0.0,0.0,0.0,0.0
301,245,2,0.0,0.0,0.0,0.0
668,122,2,0.0,0.0,0.0,0.0
671,89,5,0.0,0.0,0.0,0.0
517,6,1,0.0,0.0,0.0,0.0
602,403,5,1.0,0.0,0.0,0.0
554,361,1,0.0,0.0,0.0,0.0
559,375,3,0.0,0.0,0.0,0.0
629,106,2,0.0,0.0,0.0,0.0
875,430,2,0.0,0.0,0.0,0.0
148,290,4,0.0,0.0,0.0,0.0
741,19,3,0.0,0.0,0.0,0.0
768,426,3,0.0,0.0,0.0,0.0
129,389,1,1.0,1.0,0.0,0.0
502,498,5,0.0,0.0,0.0,0.0
3,196,4,0.0,0.0,0.0,0.0
155,23,2,0.0,0.0,0.0,0.0
8,323,4,0.0,0.0,0.0,0.0
357,238,5,0.0,0.0,0.0,0.0
303,367,2,0.0,0.0,0.0,0.0
775,378,1,0.0,0.0,0.0,0.0
916,495,2,0.0,0.0,0.0,0.0
243,487,2,0.0,0.0,0.0,0.0
901,259,5,0.0,0.0,0.0,0.0
386,386,4,0.0,0.0,0.0,0.0
218,124,3,0.0,0.0,0.0,0.0
2,9,5,0.0,0.0,0.0,0.0
595,145,1,1.0,1.0,0.0,0.0
349,364,4,0.0,0.0,0.0,0.0
278,236,2,0.0,0.0,0.0,0.0
298,420,2,0.0,0.0,0.0,0.0
229,378,4,1.0,0.0,1.0,0.0
230,360,3,0.0,0.0,0.0,0.0
894,240,2,0.0,0.0,0.0,0.0
59,388,3,0.0,0.0,0.0,0.0
1,200,1,0.0,0.0,0.0,0.0
523,217,2,0.0,0.0,0.0,0.0
608,30,5,0.0,0.0,0.0,0.0
399,224,5,0.0,0.0,0.0,0.0
703,41,2,1.0,0.0,0.0,0.0
145,250,1,0.0,0.0,0.0,0.0
675,459,3,0.0,0.0,0.0,0.0
172,410,3,0.0,0.0,0.0,0.0
843,97,1,0.0,0.0,0.0,0.0
8,486,5,0.0,0.0,0.0,0.0
114,379,2,0.0,0.0,0.0,0.0
24,6,4,0.0,0.0,0.0,0.0
31,123,4,0.0,0.0,0.0,0.0
304,185,1,0.0,0.0,0.0,0.0
68,289,1,0.0,0.0,0.0,0.0
568,437,1,0.0,0.0,0.0,0.0
913,69,3,0.0,0.0,0.0,0.0
825,187,1,0.0,0.0,0.0,0.0
715,30,4,0.0,0.0,0.0,0.0
673,51,1,0.0,0.0,0.0,0.0
34,28,2,0.0,0.0,0.0,0.0
959,1,4,0.0,0.0,0.0,0.0
794,63,1,0.0,0.0,0.0,0.0
28,260,4,0.0,0.0,0.0,0.0
12,450,5,0.0,0.0,0.0,0.0
138,393,1,0.0,0.0,0.0,0.0
228,36,4,0.0,0.0,0.0,0.0
175,334,5,0.0,0.0,0.0,0.0
381,203,3,0.0,0.0,0.0,0.0
734,318,3,0.0,0.0,0.0,0.0
813,66,1,0.0,0.0,0.0,0.0
112,162,3,0.0,0.0,0.0,0.0
668,471,2,0.0,0.0,0.0,0.0
483,77,2,0.0,0.0,0.0,0.0
815,7,1,0.0,0.0,0.0,0.0
38,297,5,0.0,0.0,0.0,0.0
957,41,1,0.0,0.0,0.0,0.0
709,130,5,0.0,0.0,0.0,0.0
335,189,3,0.0,0.0,0.0,1.0
744,98,5,0.0,0.0,0.0,0.0
572,316,2,0.0,0.0,0.0,0.0
43,163,5,0.0,0.0,0.0,0.0
909,396,5,0.0,0.0,0.0,0.0
403,470,4,0.0,0.0,0.0,0.0
598,455,5,0.0,0.0,0.0,0.0
171,70,3,0.0,0.0,0.0,0.0
105,48,2,0.0,0.0,0.0,0.0
343,447,4,0.0,0.0,0.0,0.0
398,60,4,0.0,0.0,0.0,0.0
100,403,2,0.0,0.0,0.0,0.0
296,297,3,0.0,0.0,0.0,0.0
39,350,2,0.0,0.0,0.0,0.0
183,80,4,0.0,0.0,0.0,0.0
863,386,1,0.0,0.0,0.0,0.0
661,70,2,0.0,0.0,0.0,0.0
749,158,4,0.0,0.0,0.0,0.0
287,88,3,0.0,0.0,0.0,0.0
6,47,3,0.0,0.0,0.0,0.0
56,113,5,1.0,0.0,0.0,0.0
534,222,5,0.0,0.0,0.0,0.0
32,98,3,0.0,0.0,0.0,0.0
774,348,2,0.0,0.0,0.0,0.0
458,408,5,0.0,0.0,0.0,0.0
519,284,3,0.0,0.0,0.0,0.0
168,495,3,0.0,0.0,0.0,0.0
712,305,4,0.0,0.0,0.0,0.0
298,39,3,0.0,0.0,0.0,0.0
218,50,4,0.0,0.0,0.0,0.0
168,279,2,0.0,0.0,0.0,0.0
644,72,2,0.0,0.0,0.0,0.0
142,19,1,0.0,0.0,0.0,0.0
996,260,3,0.0,0.0,0.0,0.0
193,27,3,0.0,0.0,0.0,0.0
869,260,2,0.0,0.0,0.0,0.0
730,151,3,0.0,0.0,0.0,0.0
778,242,2,0.0,0.0,0.0,0.0
316,208,5,0.0,0.0,0.0,0.0
960,290,2,0.0,0.0,0.0,0.0
251,39,3,0.0,0.0,0.0,0.0
27,49,3,0.0,0.0,0.0,0.0
942,246,2,0.0,0.0,0.0,0.0
310,16,5,0.0,0.0,0.0,0.0
311,272,3,0.0,0.0,0.0,0.0
964,52,3,0.0,0.0,0.0,0.0
266,105,2,1.0,1.0,0.0,0.0
817,166,2,0.0,0.0,0.0,0.0
180,151,5,0.0,0.0,0.0,0.0
41,46,4,0.0,0.0,0.0,0.0
567,293,1,0.0,0.0,0.0,0.0
587,404,3,0.0,0.0,0.0,0.0
835,93,4,0.0,0.0,0.0,0.0
21,469,4,0.0,0.0,0.0,0.0
946,242,1,0.0,0.0,0.0,0.0
221,472,5,0.0,0.0,0.0,0.0
115,315,5,0.0,0.0,0.0,0.0
456,241,4,0.0,0.0,0.0,0.0
414,105,3,0.0,0.0,0.0,0.0
1,477,4,0.0,0.0,0.0,0.0
760,68,2,0.0,0.0,0.0,0.0
181,277,5,0.0,0.0,0.0,0.0
813,15,1,1.0,1.0,0.0,0.0
559,181,5,0.0,0.0,0.0,0.0
238,9,1,0.0,0.0,0.0,0.0
829,81,3,0.0,0.0,0.0,0.0
949,246,4,0.0,0.0,0.0,0.0
703,217,3,0.0,0.0,0.0,0.0
383,156,2,0.0,0.0,0.0,0.0
913,123,2,0.0,0.0,0.0,0.0
901,370,4,0.0,0.0,0.0,0.0
949,128,4,0.0,0.0,0.0,0.0
764,47,4,0.0,0.0,0.0,0.0
69,270,5,0.0,0.0,0.0,0.0
207,140,1,1.0,0.0,0.0,0.0
692,75,2,0.0,0.0,0.0,0.0
616,239,4,0.0,0.0,0.0,0.0
807,458,4,0.0,0.0,0.0,0.0
970,127,1,0.0,0.0,0.0,0.0
563,54,3,0.0,0.0,0.0,0.0
260,302,5,0.0,0.0,0.0,0.0
110,47,1,0.0,0.0,0.0,0.0
528,438,3,0.0,0.0,0.0,0.0
468,233,2,0.0,0.0,0.0,0.0
937,31,2,0.0,0.0,0.0,0.0
734,366,4,0.0,0.0,0.0,0.0
187,374,3,0.0,0.0,0.0,0.0
696,212,2,0.0,0.0,0.0,0.0
294,350,1,0.0,0.0,0.0,1.0
191,127,1,1.0,1.0,0.0,0.0
437,38,2,0.0,0.0,0.0,0.0
153,13,2,0.0,0.0,0.0,0.0
10,57,3,1.0,0.0,1.0,0.0
365,432,2,0.0,0.0,0.0,0.0
44,14,4,0.0,0.0,0.0,0.0
395,104,4,0.0,0.0,0.0,0.0
524,272,5,0.0,0.0,0.0,0.0
327,229,3,0.0,0.0,0.0,0.0
577,46,5,0.0,0.0,0.0,0.0
757,138,5,0.0,0.0,0.0,0.0
232,249,5,0.0,0.0,0.0,0.0
122,230,2,0.0,0.0,0.0,0.0
914,146,5,0.0,0.0,0.0,0.0
308,104,5,0.0,0.0,0.0,0.0
785,120,3,0.0,0.0,0.0,0.0
405,129,4,0.0,0.0,0.0,0.0
661,318,5,0.0,0.0,0.0,0.0
147,436,2,0.0,0.0,0.0,0.0
652,108,4,0.0,0.0,0.0,0.0
194,408,3,0.0,0.0,0.0,0.0
538,146,4,0.0,0.0,0.0,0.0
950,219,5,0.0,0.0,0.0,0.0
135,13,2,0.0,0.0,0.0,0.0
947,253,5,0.0,0.0,0.0,0.0
809,120,5,0.0,0.0,0.0,0.0
839,33,5,0.0,0.0,0.0,0.0
468,433,5,0.0,0.0,0.0,0.0
902,369,3,0.0,0.0,0.0,0.0
144,267,5,0.0,0.0,0.0,0.0
718,59,5,0.0,0.0,0.0,0.0
492,246,1,0.0,0.0,0.0,0.0
724,13,2,0.0,0.0,0.0,0.0
672,160,3,0.0,0.0,0.0,0.0
356,269,2,0.0,0.0,0.0,0.0
405,404,1,0.0,0.0,0.0,0.0
26,328,2,0.0,0.0,0.0,0.0
818,70,3,0.0,0.0,0.0,0.0
63,252,1,0.0,0.0,0.0,0.0
364,330,5,0.0,0.0,0.0,0.0
112,269,5,0.0,0.0,0.0,0.0
266,226,1,0.0,0.0,0.0,0.0
907,490,1,0.0,0.0,0.0,0.0
662,247,3,0.0,0.0,0.0,0.0
848,209,3,0.0,0.0,0.0,0.0
380,166,4,0.0,0.0,0.0,0.0
481,369,4,0.0,0.0,0.0,0.0
716,263,2,0.0,0.0,0.0,0.0
950,256,1,0.0,0.0,0.0,0.0
662,322,3,0.0,0.0,0.0,0.0
320,377,4,1.0,1.0,0.0,0.0
427,13,4,0.0,0.0,0.0,0.0
782,208,2,0.0,0.0,0.0,0.0
757,72,2,0.0,0.0,0.0,0.0
12,184,5,0.0,0.0,0.0,0.0
325,43,1,0.0,0.0,0.0,0.0
899,302,2,0.0,0.0,0.0,0.0
797,3,1,1.0,1.0,0.0,0.0
711,212,2,0.0,0.0,0.0,0.0
697,177,2,0.0,0.0,0.0,0.0
479,120,5,0.0,0.0,0.0,0.0
26,406,2,0.0,0.0,0.0,0.0
457,397,4,0.0,0.0,0.0,0.0
980,8,2,0.0,0.0,0.0,0.0
430,257,2,1.0,0.0,0.0,0.0
342,130,3,0.0,0.0,0.0,0.0
984,282,1,0.0,0.0,0.0,0.0
932,274,5,0.0,0.0,0.0,0.0
738,360,4,0.0,0.0,0.0,0.0
995,480,5,0.0,0.0,0.0,0.0
205,27,1,0.0,0.0,0.0,0.0
553,317,5,0.0,0.0,0.0,0.0
742,11,4,0.0,0.0,0.0,0.0
546,114,1,0.0,0.0,0.0,1.0
650,45,4,0.0,0.0,0.0,0.0
126,239,3,0.0,0.0,0.0,0.0
329,180,4,0.0,0.0,0.0,0.0
716,98,1,0.0,0.0,0.0,0.0
471,439,4,1.0,0.0,0.0,0.0
493,294,4,0.0,0.0,0.0,0.0
758,115,4,0.0,0.0,0.0,0.0
929,152,2,0.0,0.0,0.0,0.0
793,361,1,0.0,0.0,0.0,0.0
580,42,4,0.0,0.0,0.0,0.0
608,88,3,0.0,0.0,0.0,0.0
755,68,5,0.0,0.0,0.0,0.0
812,55,2,0.0,0.0,0.0,0.0
80,55,2,1.0,1.0,0.0,0.0
598,447,3,0.0,0.0,0.0,0.0
560,363,1,0.0,0.0,0.0,0.0
665,359,1,0.0,0.0,0.0,0.0
291,75,4,1.0,0.0,1.0,0.0
265,447,2,0.0,0.0,0.0,0.0
368,313,3,0.0,0.0,0.0,0.0
861,348,1,0.0,0.0,0.0,0.0
575,130,4,0.0,0.0,0.0,0.0
789,465,5,0.0,0.0,0.0,0.0
478,258,4,0.0,0.0,0.0,1.0
691,132,1,1.0,1.0,0.0,0.0
949,331,5,0.0,0.0,0.0,0.0
300,462,3,1.0,0.0,0.0,0.0
291,35,5,0.0,0.0,0.0,0.0
325,246,1,0.0,0.0,0.0,0.0
49,305,4,0.0,0.0,0.0,0.0
364,415,5,0.0,0.0,0.0,0.0
25,494,1,0.0,0.0,0.0,0.0
576,466,4,0.0,0.0,0.0,0.0
165,160,4,0.0,0.0,0.0,0.0
143,21,1,0.0,0.0,0.0,0.0
967,175,3,0.0,0.0,0.0,0.0
700,313,3,0.0,0.0,0.0,0.0
309,339,1,1.0,0.0,0.0,0.0
698,32,2,0.0,0.0,0.0,0.0
524,31,3,0.0,0.0,0.0,0.0
517,34,5,0.0,0.0,0.0,0.0
96,54,3,0.0,0.0,0.0,1.0
949,439,3,0.0,0.0,0.0,0.0
835,382,1,0.0,0.0,0.0,0.0
153,9,1,0.0,0.0,0.0,0.0
169,405,1,0.0,0.0,0.0,0.0
36,97,2,0.0,0.0,0.0,0.0
533,267,2,0.0,0.0,0.0,0.0
803,3,3,0.0,0.0,0.0,0.0
281,290,4,0.0,0.0,0.0,0.0
760,423,5,1.0,1.0,0.0,0.0
327,23,4,0.0,0.0,0.0,0.0
841,367,1,0.0,0.0,0.0,0.0
747,54,3,0.0,0.0,0.0,0.0
193,321,3,0.0,0.0,0.0,0.0
792,419,5,2.0,1.0,1.0,0.0
717,36,5,0.0,0.0,0.0,0.0
164,224,4,0.0,0.0,0.0,0.0
853,237,5,0.0,0.0,0.0,0.0
223,79,3,0.0,0.0,0.0,1.0
470,60,5,1.0,1.0,0.0,0.0
798,330,5,0.0,0.0,0.0,0.0
152,308,1,0.0,0.0,0.0,0.0
782,463,2,1.0,0.0,0.0,0.0
855,78,3,0.0,0.0,0.0,0.0
686,486,4,0.0,0.0,0.0,0.0
350,243,5,0.0,0.0,0.0,0.0
524,198,4,0.0,0.0,0.0,0.0
4,89,1,0.0,0.0,0.0,0.0
531,428,1,0.0,0.0,0.0,0.0
680,122,5,0.0,0.0,0.0,0.0
186,302,5,0.0,0.0,0.0,0.0
767,139,5,1.0,1.0,0.0,0.0
476,68,4,0.0,0.0,0.0,0.0
744,127,2,0.0,0.0,0.0,0.0
661,135,3,0.0,0.0,0.0,0.0
790,148,1,0.0,0.0,0.0,0.0
438,447,5,1.0,0.0,1.0,0.0
407,15,4,0.0,0.0,0.0,0.0
848,143,2,0.0,0.0,0.0,0.0
643,87,5,0.0,0.0,0.0,0.0
654,181,3,0.0,0.0,0.0,0.0
445,116,3,0.0,0.0,0.0,0.0
151,285,5,0.0,0.0,0.0,0.0
206,112,1,0.0,0.0,0.0,0.0
633,273,4,0.0,0.0,0.0,0.0
403,369,4,0.0,0.0,0.0,0.0
270,476,4,0.0,0.0,0.0,0.0
987,24,5,0.0,0.0,0.0,0.0
972,425,2,0.0,0.0,0.0,0.0
572,330,5,0.0,0.0,0.0,0.0
241,238,1,0.0,0.0,0.0,0.0
220,224,5,0.0,0.0,0.0,0.0
51,194,3,0.0,0.0,0.0,0.0
571,313,1,0.0,0.0,0.0,0.0
387,178,3,0.0,0.0,0.0,0.0
606,79,4,0.0,0.0,0.0,1.0
167,48,3,0.0,0.0,0.0,0.0
39,223,1,0.0,0.0,0.0,0.0
558,489,3,1.0,1.0,0.0,0.0
511,299,2,0.0,0.0,0.0,0.0
385,226,2,0.0,0.0,0.0,0.0
863,431,4,0.0,0.0,0.0,0.0
565,473,5,0.0,0.0,0.0,0.0
855,384,2,0.0,0.0,0.0,0.0
530,3,4,0.0,0.0,0.0,0.0
973,353,3,0.0,0.0,0.0,0.0
515,500,4,0.0,0.0,0.0,0.0
936,428,4,0.0,0.0,0.0,0.0
107,163,2,0.0,0.0,0.0,0.0
877,27,1,0.0,0.0,0.0,0.0
117,315,3,0.0,0.0,0.0,0.0
365,76,3,0.0,0.0,0.0,0.0
288,418,2,0.0,0.0,0.0,0.0
833,125,1,0.0,0.0,0.0,0.0
329,171,4,0.0,0.0,0.0,0.0
340,371,5,0.0,0.0,0.0,0.0
255,171,1,0.0,0.0,0.0,0.0
871,493,3,0.0,0.0,0.0,0.0
129,452,4,0.0,0.0,0.0,0.0
594,312,3,0.0,0.0,0.0,0.0
224,316,3,0.0,0.0,0.0,0.0
242,465,1,0.0,0.0,0.0,0.0
530,206,3,1.0,1.0,0.0,0.0
949,157,1,0.0,0.0,0.0,0.0
702,305,5,2.0,0.0,0.0,0.0
921,488,5,0.0,0.0,0.0,0.0
116,91,3,0.0,0.0,0.0,0.0
271,65,4,0.0,0.0,0.0,0.0
712,451,1,0.0,0.0,0.0,0.0
190,56,2,0.0,0.0,0.0,0.0
289,309,4,0.0,0.0,0.0,0.0
683,486,4,0.0,0.0,0.0,0.0
636,388,1,0.0,0.0,0.0,0.0
127,105,4,0.0,0.0,0.0,0.0
765,328,5,0.0,0.0,0.0,0.0
978,225,3,0.0,0.0,0.0,0.0
833,20,4,0.0,0.0,0.0,0.0
910,151,3,0.0,0.0,0.0,0.0
738,378,4,0.0,0.0,0.0,0.0
771,12,1,1.0,0.0,0.0,0.0
132,362,1,0.0,0.0,0.0,0.0
402,464,1,0.0,0.0,0.0,0.0
621,106,1,0.0,0.0,0.0,0.0
362,16,3,1.0,1.0,0.0,0.0
151,193,3,0.0,0.0,0.0,0.0
596,48,5,0.0,0.0,0.0,0.0
501,25,3,0.0,0.0,0.0,0.0
395,458,1,0.0,0.0,0.0,0.0
318,437,3,0.0,0.0,0.0,0.0
270,320,2,0.0,0.0,0.0,0.0
154,222,1,0.0,0.0,0.0,0.0
847,98,1,0.0,0.0,0.0,0.0
459,108,1,0.0,0.0,0.0,0.0
679,222,2,0.0,0.0,0.0,0.0
70,176,1,0.0,0.0,0.0,0.0
177,77,3,0.0,0.0,0.0,0.0
699,152,1,0.0,0.0,0.0,0.0
257,248,2,0.0,0.0,0.0,0.0
614,402,1,0.0,0.0,0.0,0.0
364,61,5,0.0,0.0,0.0,0.0
751,250,1,0.0,0.0,0.0,0.0
995,34,4,0.0,0.0,0.0,0.0
653,377,4,0.0,0.0,0.0,0.0
358,29,3,0.0,0.0,0.0,0.0
400,1,3,0.0,0.0,0.0,0.0
997,85,5,1.0,1.0,0.0,0.0
742,283,3,1.0,1.0,0.0,0.0
683,135,3,0.0,0.0,0.0,0.0
669,289,5,1.0,1.0,0.0,0.0
900,346,5,0.0,0.0,0.0,0.0
86,30,2,0.0,0.0,0.0,0.0
619,387,4,1.0,0.0,0.0,0.0
36,363,4,1.0,1.0,0.0,0.0
694,109,5,0.0,0.0,0.0,0.0
128,95,3,1.0,1.0,0.0,0.0
419,406,4,0.0,0.0,0.0,0.0
866,100,1,0.0,0.0,0.0,0.0
995,123,3,0.0,0.0,0.0,0.0
22,357,4,1.0,0.0,0.0,0.0
942,243,1,0.0,0.0,0.0,0.0
768,36,2,0.0,0.0,0.0,0.0
322,6,4,0.0,0.0,0.0,0.0
764,324,2,0.0,0.0,0.0,0.0
563,81,3,0.0,0.0,0.0,0.0
877,171,3,0.0,0.0,0.0,0.0
344,58,4,0.0,0.0,0.0,0.0
457,247,5,0.0,0.0,0.0,0.0
34,396,1,0.0,0.0,0.0,0.0
243,263,2,0.0,0.0,0.0,0.0
538,113,4,0.0,0.0,0.0,0.0
59,3,5,0.0,0.0,0.0,0.0
696,249,4,0.0,0.0,0.0,0.0
939,262,3,0.0,0.0,0.0,0.0
267,156,4,0.0,0.0,0.0,0.0
392,330,2,3.0,0.0,0.0,0.0
131,75,3,0.0,0.0,0.0,0.0
779,201,4,0.0,0.0,0.0,0.0
503,402,5,0.0,0.0,0.0,0.0
158,15,3,0.0,0.0,0.0,0.0
341,107,5,0.0,0.0,0.0,0.0
224,472,2,0.0,0.0,0.0,0.0
411,473,2,0.0,0.0,0.0,0.0
856,190,5,0.0,0.0,0.0,0.0
41,254,2,0.0,0.0,0.0,0.0
439,417,3,0.0,0.0,0.0,0.0
901,490,2,0.0,0.0,0.0,0.0
461,208,2,0.0,0.0,0.0,0.0
685,448,4,0.0,0.0,0.0,0.0
751,100,4,0.0,0.0,0.0,0.0
879,183,1,0.0,0.0,0.0,0.0
239,193,4,0.0,0.0,0.0,0.0
302,125,2,0.0,0.0,0.0,0.0
622,328,1,1.0,0.0,0.0,0.0
521,359,2,0.0,0.0,0.0,0.0
375,183,2,0.0,0.0,0.0,0.0
743,346,5,0.0,0.0,0.0,0.0
517,480,2,0.0,0.0,0.0,0.0
972,87,4,0.0,0.0,0.0,0.0
132,27,4,0.0,0.0,0.0,0.0
576,144,5,0.0,0.0,0.0,0.0
501,41,1,0.0,0.0,0.0,0.0
840,220,3,0.0,0.0,0.0,0.0
797,296,2,0.0,0.0,0.0,0.0
537,184,3,0.0,0.0,0.0,0.0
96,126,5,0.0,0.0,0.0,0.0
611,63,2,0.0,0.0,0.0,0.0
546,10,2,0.0,0.0,0.0,0.0
828,104,1,1.0,1.0,0.0,0.0
440,155,3,0.0,0.0,0.0,0.0
757,248,4,0.0,0.0,0.0,0.0
241,406,5,0.0,0.0,0.0,0.0
753,464,5,1.0,0.0,0.0,0.0
769,24,4,0.0,0.0,0.0,0.0
765,333,4,0.0,0.0,0.0,0.0
591,208,1,0.0,0.0,0.0,0.0
674,36,4,0.0,0.0,0.0,0.0
217,431,4,0.0,0.0,0.0,0.0
659,499,4,1.0,0.0,0.0,0.0
61,317,4,0.0,0.0,0.0,0.0
930,270,4,0.0,0.0,0.0,0.0
64,52,1,0.0,0.0,0.0,1.0
285,147,2,0.0,0.0,0.0,0.0
563,414,2,0.0,0.0,0.0,0.0
71,371,4,0.0,0.0,0.0,0.0
815,62,4,1.0,0.0,0.0,0.0
516,459,5,0.0,0.0,0.0,0.0
887,235,1,0.0,0.0,0.0,0.0
773,116,5,0.0,0.0,0.0,0.0
177,63,3,0.0,0.0,0.0,0.0
684,500,4,0.0,0.0,0.0,0.0
199,45,2,0.0,0.0,0.0,0.0
718,54,5,0.0,0.0,0.0,0.0
551,408,1,0.0,0.0,0.0,0.0
53,384,5,0.0,0.0,0.0,0.0
96,379,5,0.0,0.0,0.0,0.0
738,402,4,0.0,0.0,0.0,0.0
117,42,4,0.0,0.0,0.0,0.0
851,364,1,0.0,0.0,0.0,0.0
688,48,4,0.0,0.0,0.0,0.0
553,94,5,0.0,0.0,0.0,0.0
720,7,1,0.0,0.0,0.0,0.0
662,9,4,0.0,0.0,0.0,0.0
587,273,2,0.0,0.0,0.0,0.0
857,349,4,0.0,0.0,0.0,0.0
771,177,5,0.0,0.0,0.0,0.0
132,208,2,0.0,0.0,0.0,0.0
54,476,5,0.0,0.0,0.0,0.0
325,209,3,0.0,0.0,0.0,0.0
327,54,3,0.0,0.0,0.0,0.0
874,305,4,0.0,0.0,0.0,0.0
912,271,2,0.0,0.0,0.0,0.0
259,339,4,0.0,0.0,0.0,0.0
740,364,2,0.0,0.0,0.0,0.0
712,294,2,0.0,0.0,0.0,0.0
977,365,2,0.0,0.0,0.0,0.0
504,242,3,1.0,0.0,0.0,0.0
711,366,4,0.0,0.0,0.0,0.0
64,186,1,0.0,0.0,0.0,0.0
706,121,2,0.0,0.0,0.0,0.0
728,295,3,1.0,1.0,0.0,0.0
958,349,3,0.0,0.0,0.0,0.0
769,89,3,0.0,0.0,0.0,0.0
620,55,5,0.0,0.0,0.0,0.0
696,14,5,1.0,1.0,0.0,0.0
748,465,1,0.0,0.0,0.0,0.0
774,40,3,0.0,0.0,0.0,0.0
7,314,1,0.0,0.0,0.0,0.0
377,213,4,1.0,1.0,0.0,0.0
129,371,4,1.0,0.0,0.0,0.0
426,69,2,0.0,0.0,0.0,0.0
711,41,1,1.0,1.0,0.0,0.0
239,272,4,0.0,0.0,0.0,0.0
243,454,5,0.0,0.0,0.0,0.0
596,295,1,0.0,0.0,0.0,0.0
480,99,5,0.0,0.0,0.0,0.0
990,410,2,0.0,0.0,0.0,0.0
374,364,4,0.0,0.0,0.0,0.0
319,483,5,0.0,0.0,0.0,0.0
620,20,2,0.0,0.0,0.0,0.0
301,216,5,0.0,0.0,0.0,0.0
137,410,2,0.0,0.0,0.0,0.0
505,361,5,0.0,0.0,0.0,1.0
966,96,2,0.0,0.0,0.0,0.0
509,140,1,1.0,0.0,1.0,0.0
526,68,1,0.0,0.0,0.0,0.0
606,78,2,0.0,0.0,0.0,0.0
342,345,2,0.0,0.0,0.0,0.0
439,296,2,0.0,0.0,0.0,0.0
775,156,4,0.0,0.0,0.0,0.0
914,199,4,0.0,0.0,0.0,0.0
950,383,4,1.0,0.0,1.0,0.0
475,177,4,0.0,0.0,0.0,0.0
69,442,5,0.0,0.0,0.0,0.0
273,156,5,0.0,0.0,0.0,0.0
561,232,4,0.0,0.0,0.0,0.0
599,88,2,0.0,0.0,0.0,0.0
300,281,3,0.0,0.0,0.0,0.0
883,145,1,0.0,0.0,0.0,0.0
357,271,4,0.0,0.0,0.0,0.0
454,189,4,0.0,0.0,0.0,0.0
539,429,4,1.0,0.0,0.0,0.0
221,131,3,0.0,0.0,0.0,0.0
380,117,4,0.0,0.0,0.0,0.0
996,213,5,0.0,0.0,0.0,0.0
750,457,4,0.0,0.0,0.0,0.0
287,251,5,0.0,0.0,0.0,0.0
14,391,5,0.0,0.0,0.0,0.0
72,321,5,0.0,0.0,0.0,0.0
800,126,3,1.0,1.0,0.0,0.0
47,386,2,0.0,0.0,0.0,0.0
342,31,2,0.0,0.0,0.0,0.0
98,236,3,0.0,0.0,0.0,0.0
225,415,1,0.0,0.0,0.0,0.0
252,161,3,0.0,0.0,0.0,0.0
288,433,3,0.0,0.0,0.0,1.0
615,487,5,0.0,0.0,0.0,0.0
667,287,2,0.0,0.0,0.0,0.0
734,314,1,0.0,0.0,0.0,0.0
33,225,4,0.0,0.0,0.0,0.0
998,330,4,0.0,0.0,0.0,1.0
112,419,5,0.0,0.0,0.0,0.0
899,15,5,0.0,0.0,0.0,0.0
74,10,4,0.0,0.0,0.0,0.0
421,300,5,0.0,0.0,0.0,0.0
742,389,1,0.0,0.0,0.0,0.0
673,1,5,0.0,0.0,0.0,0.0
69,110,2,0.0,0.0,0.0,0.0
505,221,2,0.0,0.0,0.0,0.0
381,304,1,0.0,0.0,0.0,0.0
694,356,3,0.0,0.0,0.0,0.0
103,51,5,0.0,0.0,0.0,0.0
823,422,5,0.0,0.0,0.0,0.0
876,103,4,0.0,0.0,0.0,0.0
784,311,2,0.0,0.0,0.0,0.0
601,320,5,0.0,0.0,0.0,0.0
377,491,4,0.0,0.0,0.0,0.0
708,259,2,0.0,0.0,0.0,0.0
910,486,1,0.0,0.0,0.0,0.0
824,323,3,0.0,0.0,0.0,0.0
764,414,3,0.0,0.0,0.0,0.0
604,113,2,0.0,0.0,0.0,0.0
764,345,1,0.0,0.0,0.0,0.0
329,187,5,1.0,0.0,1.0,0.0
849,394,5,0.0,0.0,0.0,0.0
71,360,1,0.0,0.0,0.0,0.0
218,23,2,0.0,0.0,0.0,0.0
308,168,2,0.0,0.0,0.0,0.0
211,47,2,0.0,0.0,0.0,0.0
699,17,3,0.0,0.0,0.0,0.0
759,86,5,0.0,0.0,0.0,0.0
768,165,3,0.0,0.0,0.0,0.0
229,461,1,0.0,0.0,0.0,0.0
124,230,3,0.0,0.0,0.0,0.0
961,239,1,0.0,0.0,0.0,0.0
439,491,3,0.0,0.0,0.0,0.0
833,52,4,0.0,0.0,0.0,0.0
196,315,2,0.0,0.0,0.0,0.0
767,72,2,0.0,0.0,0.0,0.0
765,490,1,0.0,0.0,0.0,0.0
131,314,2,0.0,0.0,0.0,0.0
713,187,5,0.0,0.0,0.0,0.0
929,465,5,0.0,0.0,0.0,0.0
18,437,5,0.0,0.0,0.0,0.0
933,137,5,0.0,0.0,0.0,0.0
451,257,3,1.0,0.0,0.0,0.0
794,181,2,0.0,0.0,0.0,0.0
163,93,3,0.0,0.0,0.0,0.0
334,242,4,0.0,0.0,0.0,0.0
493,240,2,0.0,0.0,0.0,0.0
578,31,5,0.0,0.0,0.0,0.0
404,303,4,0.0,0.0,0.0,0.0
779,450,3,0.0,0.0,0.0,0.0
946,68,2,0.0,0.0,0.0,0.0
347,410,2,0.0,0.0,0.0,0.0
787,235,4,0.0,0.0,0.0,0.0
190,258,3,0.0,0.0,0.0,0.0
373,34,1,0.0,0.0,0.0,0.0
769,100,4,0.0,0.0,0.0,0.0
716,149,3,0.0,0.0,0.0,0.0
122,237,5,0.0,0.0,0.0,0.0
276,228,3,0.0,0.0,0.0,0.0
253,368,2,0.0,0.0,0.0,0.0
104,102,3,0.0,0.0,0.0,0.0
769,83,3,0.0,0.0,0.0,0.0
551,48,2,0.0,0.0,0.0,0.0
422,139,5,0.0,0.0,0.0,0.0
91,31,3,0.0,0.0,0.0,0.0
266,219,3,0.0,0.0,0.0,0.0
104,55,4,0.0,0.0,0.0,0.0
327,299,2,0.0,0.0,0.0,0.0
136,220,4,0.0,0.0,0.0,0.0
529,226,5,0.0,0.0,0.0,0.0
592,228,4,0.0,0.0,0.0,0.0
132,291,3,0.0,0.0,0.0,0.0
149,261,5,0.0,0.0,0.0,0.0
356,476,2,0.0,0.0,0.0,0.0
24,152,1,0.0,0.0,0.0,0.0
640,305,5,0.0,0.0,0.0,0.0
756,500,4,0.0,0.0,0.0,0.0
56,46,1,0.0,0.0,0.0,0.0
455,326,3,0.0,0.0,0.0,0.0
469,392,5,1.0,0.0,0.0,0.0
717,101,5,0.0,0.0,0.0,0.0
807,472,3,0.0,0.0,0.0,0.0
586,161,4,0.0,0.0,0.0,0.0
629,475,4,0.0,0.0,0.0,0.0
845,57,1,0.0,0.0,0.0,0.0
583,452,5,0.0,0.0,0.0,0.0
12,34,2,0.0,0.0,0.0,0.0
785,477,3,0.0,0.0,0.0,0.0
88,271,5,0.0,0.0,0.0,0.0
365,39,1,0.0,0.0,0.0,0.0
808,372,3,0.0,0.0,0.0,0.0
394,467,1,0.0,0.0,0.0,0.0
304,286,1,0.0,0.0,0.0,0.0
669,349,3,0.0,0.0,0.0,0.0
906,260,5,0.0,0.0,0.0,0.0
123,333,2,1.0,0.0,0.0,0.0
308,182,5,0.0,0.0,0.0,0.0
285,383,3,0.0,0.0,0.0,0.0
128,482,2,0.0,0.0,0.0,0.0
292,3,1,2.0,1.0,0.0,0.0
658,158,5,0.0,0.0,0.0,0.0
29,125,5,0.0,0.0,0.0,0.0
373,92,4,0.0,0.0,0.0,0.0
199,456,4,0.0,0.0,0.0,0.0
951,346,4,0.0,0.0,0.0,0.0
955,400,5,0.0,0.0,0.0,0.0
626,249,1,0.0,0.0,0.0,0.0
725,478,4,1.0,0.0,0.0,0.0
803,378,1,0.0,0.0,0.0,0.0
525,189,5,0.0,0.0,0.0,0.0
316,372,4,0.0,0.0,0.0,0.0
389,73,4,0.0,0.0,0.0,0.0
506,493,1,0.0,0.0,0.0,0.0
659,82,2,0.0,0.0,0.0,0.0
686,239,5,0.0,0.0,0.0,0.0
276,421,3,0.0,0.0,0.0,0.0
12,479,5,0.0,0.0,0.0,0.0
808,422,1,0.0,0.0,0.0,0.0
186,415,4,0.0,0.0,0.0,0.0
344,492,3,1.0,0.0,0.0,0.0
321,164,4,0.0,0.0,0.0,0.0
292,378,1,0.0,0.0,0.0,0.0
636,437,5,1.0,0.0,0.0,0.0
719,378,5,0.0,0.0,0.0,0.0
930,166,1,0.0,0.0,0.0,0.0
23,171,1,0.0,0.0,0.0,0.0
548,155,4,0.0,0.0,0.0,0.0
424,215,2,0.0,0.0,0.0,0.0
373,377,1,0.0,0.0,0.0,0.0
96,309,3,0.0,0.0,0.0,0.0
691,48,1,0.0,0.0,0.0,0.0
35,324,3,0.0,0.0,0.0,0.0
25,177,5,0.0,0.0,0.0,0.0
779,193,3,0.0,0.0,0.0,0.0
473,411,3,0.0,0.0,0.0,0.0
982,296,2,0.0,0.0,0.0,0.0
358,384,2,0.0,0.0,0.0,0.0
17,342,5,0.0,0.0,0.0,0.0
974,398,5,0.0,0.0,0.0,0.0
167,388,3,0.0,0.0,0.0,0.0
939,269,1,0.0,0.0,0.0,0.0
908,271,2,0.0,0.0,0.0,0.0
599,200,2,1.0,1.0,0.0,0.0
603,336,5,0.0,0.0,0.0,0.0
214,214,1,0.0,0.0,0.0,0.0
240,249,2,0.0,0.0,0.0,0.0
812,158,5,1.0,1.0,0.0,0.0
232,91,3,0.0,0.0,0.0,0.0
735,372,3,0.0,0.0,0.0,0.0
586,292,4,0.0,0.0,0.0,0.0
785,401,2,0.0,0.0,0.0,0.0
442,211,5,0.0,0.0,0.0,0.0
570,152,1,0.0,0.0,0.0,0.0
295,100,1,0.0,0.0,0.0,0.0
752,370,4,0.0,0.0,0.0,0.0
120,180,5,0.0,0.0,0.0,0.0
32,201,4,0.0,0.0,0.0,0.0
467,276,4,0.0,0.0,0.0,0.0
980,356,5,0.0,0.0,0.0,0.0
434,142,5,0.0,0.0,0.0,0.0
423,449,4,0.0,0.0,0.0,0.0
992,302,5,0.0,0.0,0.0,0.0
590,344,4,0.0,0.0,0.0,0.0
114,497,5,0.0,0.0,0.0,0.0
319,255,2,0.0,0.0,0.0,0.0
183,268,2,0.0,0.0,0.0,0.0
343,333,2,0.0,0.0,0.0,1.0
707,407,4,0.0,0.0,0.0,0.0
575,186,3,0.0,0.0,0.0,0.0
93,146,1,0.0,0.0,0.0,0.0
514,116,4,0.0,0.0,0.0,0.0
166,425,5,0.0,0.0,0.0,0.0
743,389,1,0.0,0.0,0.0,0.0
392,200,1,0.0,0.0,0.0,0.0
991,376,4,0.0,0.0,0.0,0.0
915,492,2,0.0,0.0,0.0,0.0
539,305,3,0.0,0.0,0.0,0.0
646,73,5,0.0,0.0,0.0,0.0
894,350,3,0.0,0.0,0.0,0.0
11,492,3,0.0,0.0,0.0,0.0
277,191,1,0.0,0.0,0.0,0.0
556,326,5,0.0,0.0,0.0,0.0
319,215,1,0.0,0.0,0.0,0.0
308,23,4,0.0,0.0,0.0,0.0
204,204,5,0.0,0.0,0.0,0.0
174,224,3,0.0,0.0,0.0,0.0
907,33,5,0.0,0.0,0.0,0.0
684,7,1,0.0,0.0,0.0,0.0
775,78,5,0.0,0.0,0.0,0.0
804,328,4,0.0,0.0,0.0,0.0
346,462,1,0.0,0.0,0.0,0.0
137,235,4,0.0,0.0,0.0,0.0
620,389,2,0.0,0.0,0.0,0.0
717,33,1,0.0,0.0,0.0,1.0
45,299,3,0.0,0.0,0.0,0.0
972,74,3,0.0,0.0,0.0,0.0
77,88,3,0.0,0.0,0.0,0.0
703,250,5,0.0,0.0,0.0,0.0
39,254,2,0.0,0.0,0.0,0.0
211,330,1,0.0,0.0,0.0,0.0
525,106,4,0.0,0.0,0.0,0.0
339,146,5,1.0,0.0,1.0,0.0
592,84,4,0.0,0.0,0.0,0.0
262,213,5,0.0,0.0,0.0,0.0
570,157,2,0.0,0.0,0.0,0.0
60,321,5,0.0,0.0,0.0,0.0
934,475,1,0.0,0.0,0.0,0.0
443,162,1,0.0,0.0,0.0,0.0
741,73,4,0.0,0.0,0.0,0.0
372,26,5,0.0,0.0,0.0,0.0
681,182,3,1.0,0.0,0.0,0.0
757,167,1,1.0,0.0,0.0,0.0
279,291,4,0.0,0.0,0.0,0.0
894,129,4,0.0,0.0,0.0,0.0
583,362,3,0.0,0.0,0.0,0.0
858,488,5,2.0,1.0,1.0,0.0
406,227,4,0.0,0.0,0.0,0.0
675,318,2,0.0,0.0,0.0,0.0
913,256,1,2.0,0.0,1.0,0.0
961,395,2,0.0,0.0,0.0,0.0
601,149,3,0.0,0.0,0.0,0.0
363,196,4,0.0,0.0,0.0,1.0
752,407,4,0.0,0.0,0.0,0.0
560,415,5,0.0,0.0,0.0,0.0
114,277,3,0.0,0.0,0.0,0.0
574,472,4,1.0,0.0,0.0,0.0
291,417,1,0.0,0.0,0.0,0.0
628,317,2,0.0,0.0,0.0,0.0
22,440,4,0.0,0.0,0.0,0.0
816,459,3,1.0,0.0,0.0,0.0
373,101,2,0.0,0.0,0.0,0.0
8,421,3,0.0,0.0,0.0,0.0
36,109,3,0.0,0.0,0.0,0.0
417,291,2,0.0,0.0,0.0,0.0
555,314,3,0.0,0.0,0.0,0.0
488,410,4,0.0,0.0,0.0,0.0
135,130,2,0.0,0.0,0.0,0.0
664,81,5,0.0,0.0,0.0,0.0
120,232,4,0.0,0.0,0.0,0.0
931,89,2,0.0,0.0,0.0,0.0
540,334,5,0.0,0.0,0.0,0.0
540,384,4,0.0,0.0,0.0,0.0
951,484,1,0.0,0.0,0.0,0.0
750,99,5,1.0,0.0,0.0,0.0
996,360,1,0.0,0.0,0.0,0.0
577,455,2,2.0,0.0,1.0,0.0
680,144,3,0.0,0.0,0.0,0.0
668,179,5,1.0,1.0,0.0,0.0
502,49,5,1.0,0.0,1.0,0.0
549,321,2,1.0,0.0,1.0,0.0
926,388,4,0.0,0.0,0.0,0.0
201,340,1,0.0,0.0,0.0,0.0
381,355,3,0.0,0.0,0.0,0.0
493,408,2,0.0,0.0,0.0,0.0
373,208,4,0.0,0.0,0.0,0.0
163,371,3,0.0,0.0,0.0,0.0
247,324,4,0.0,0.0,0.0,0.0
485,181,5,0.0,0.0,0.0,0.0
515,152,2,0.0,0.0,0.0,0.0
151,154,5,0.0,0.0,0.0,0.0
509,390,5,0.0,0.0,0.0,0.0
562,478,3,1.0,1.0,0.0,0.0
956,189,1,0.0,0.0,0.0,0.0
631,56,3,0.0,0.0,0.0,0.0
633,250,4,0.0,0.0,0.0,0.0
857,276,3,0.0,0.0,0.0,0.0
685,162,3,0.0,0.0,0.0,0.0
118,378,5,0.0,0.0,0.0,0.0
135,120,1,0.0,0.0,0.0,0.0
390,345,3,0.0,0.0,0.0,0.0
423,26,5,0.0,0.0,0.0,0.0
435,134,1,0.0,0.0,0.0,0.0
603,201,4,0.0,0.0,0.0,0.0
356,263,2,0.0,0.0,0.0,0.0
483,140,3,0.0,0.0,0.0,0.0
641,364,1,0.0,0.0,0.0,0.0
514,407,2,0.0,0.0,0.0,0.0
720,110,3,0.0,0.0,0.0,0.0
829,125,2,0.0,0.0,0.0,0.0
409,244,5,0.0,0.0,0.0,0.0
987,50,2,0.0,0.0,0.0,0.0
167,149,1,0.0,0.0,0.0,0.0
868,196,3,0.0,0.0,0.0,0.0
512,426,3,0.0,0.0,0.0,0.0
306,36,3,0.0,0.0,0.0,0.0
766,115,1,0.0,0.0,0.0,0.0
384,433,1,0.0,0.0,0.0,0.0
452,446,4,0.0,0.0,0.0,0.0
466,2,4,0.0,0.0,0.0,0.0
361,357,1,0.0,0.0,0.0,0.0
92,492,1,0.0,0.0,0.0,0.0
681,170,2,0.0,0.0,0.0,0.0
161,183,3,0.0,0.0,0.0,0.0
597,29,1,0.0,0.0,0.0,0.0
594,218,4,1.0,0.0,0.0,0.0
126,140,3,0.0,0.0,0.0,0.0
848,275,1,1.0,1.0,0.0,0.0
131,377,1,0.0,0.0,0.0,0.0
618,12,5,0.0,0.0,0.0,0.0
978,496,5,0.0,0.0,0.0,1.0
642,118,1,0.0,0.0,0.0,0.0
570,469,5,0.0,0.0,0.0,0.0
436,43,4,0.0,0.0,0.0,0.0
457,153,2,0.0,0.0,0.0,0.0
18,99,4,0.0,0.0,0.0,0.0
388,276,4,0.0,0.0,0.0,0.0
145,346,3,0.0,0.0,0.0,0.0
515,409,4,0.0,0.0,0.0,0.0
41,427,5,0.0,0.0,0.0,0.0
311,71,3,0.0,0.0,0.0,0.0
25,93,5,0.0,0.0,0.0,0.0
834,476,1,1.0,0.0,0.0,0.0
182,112,2,0.0,0.0,0.0,0.0
87,177,4,0.0,0.0,0.0,0.0
254,258,1,0.0,0.0,0.0,0.0
457,348,5,0.0,0.0,0.0,0.0
697,430,2,0.0,0.0,0.0,0.0
792,306,5,0.0,0.0,0.0,0.0
240,335,5,0.0,0.0,0.0,0.0
928,403,4,0.0,0.0,0.0,0.0
461,302,5,0.0,0.0,0.0,0.0
35,412,5,0.0,0.0,0.0,0.0
499,94,1,0.0,0.0,0.0,0.0
682,449,2,0.0,0.0,0.0,0.0
758,181,3,0.0,0.0,0.0,0.0
128,38,3,0.0,0.0,0.0,0.0
216,299,2,0.0,0.0,0.0,0.0
442,203,1,0.0,0.0,0.0,0.0
552,187,5,0.0,0.0,0.0,0.0
464,316,2,0.0,0.0,0.0,0.0
53,229,4,0.0,0.0,0.0,0.0
105,373,4,0.0,0.0,0.0,0.0
620,381,1,1.0,0.0,0.0,0.0
305,251,2,0.0,0.0,0.0,0.0
407,419,5,0.0,0.0,0.0,0.0
371,366,1,0.0,0.0,0.0,0.0
743,124,4,0.0,0.0,0.0,0.0
936,4,2,0.0,0.0,0.0,0.0
843,243,4,0.0,0.0,0.0,0.0
726,189,3,0.0,0.0,0.0,0.0
189,304,2,0.0,0.0,0.0,0.0
784,356,1,0.0,0.0,0.0,0.0
94,173,5,0.0,0.0,0.0,0.0
376,252,2,1.0,0.0,0.0,0.0
848,171,3,1.0,0.0,0.0,0.0
740,274,4,0.0,0.0,0.0,0.0
674,365,5,0.0,0.0,0.0,0.0
950,363,1,0.0,0.0,0.0,0.0
153,473,3,0.0,0.0,0.0,0.0
387,441,2,0.0,0.0,0.0,0.0
471,130,3,0.0,0.0,0.0,0.0
822,62,3,0.0,0.0,0.0,0.0
113,419,4,0.0,0.0,0.0,0.0
391,106,5,0.0,0.0,0.0,0.0
778,247,4,0.0,0.0,0.0,0.0
113,252,4,0.0,0.0,0.0,0.0
275,223,5,0.0,0.0,0.0,0.0
194,499,2,0.0,0.0,0.0,0.0
371,336,4,0.0,0.0,0.0,0.0
662,338,2,1.0,0.0,0.0,0.0
89,65,2,0.0,0.0,0.0,0.0
109,110,4,0.0,0.0,0.0,0.0
429,220,3,0.0,0.0,0.0,0.0
472,276,4,0.0,0.0,0.0,0.0
520,497,4,0.0,0.0,0.0,0.0
816,341,3,0.0,0.0,0.0,0.0
246,223,4,0.0,0.0,0.0,0.0
196,245,5,0.0,0.0,0.0,0.0
239,352,5,0.0,0.0,0.0,0.0
179,329,4,0.0,0.0,0.0,0.0
204,308,4,0.0,0.0,0.0,0.0
751,361,1,0.0,0.0,0.0,0.0
941,262,2,1.0,0.0,0.0,0.0
899,473,3,0.0,0.0,0.0,0.0
149,356,1,0.0,0.0,0.0,0.0
742,365,5,0.0,0.0,0.0,0.0
880,415,4,0.0,0.0,0.0,0.0
304,422,5,0.0,0.0,0.0,0.0
289,66,1,0.0,0.0,0.0,0.0
178,438,4,0.0,0.0,0.0,0.0
749,121,2,0.0,0.0,0.0,0.0
803,312,4,1.0,0.0,0.0,0.0
297,490,4,0.0,0.0,0.0,0.0
653,464,3,0.0,0.0,0.0,0.0
135,423,5,0.0,0.0,0.0,0.0
307,431,4,1.0,0.0,1.0,0.0
767,292,5,0.0,0.0,0.0,0.0
997,358,4,0.0,0.0,0.0,0.0
287,305,5,0.0,0.0,0.0,0.0
515,59,5,0.0,0.0,0.0,0.0
555,70,2,0.0,0.0,0.0,0.0
408,247,3,0.0,0.0,0.0,0.0
744,169,3,0.0,0.0,0.0,0.0
460,59,4,0.0,0.0,0.0,0.0
435,129,5,0.0,0.0,0.0,0.0
539,76,3,0.0,0.0,0.0,0.0
318,355,4,0.0,0.0,0.0,0.0
39,417,5,0.0,0.0,0.0,0.0
234,335,5,1.0,1.0,0.0,0.0
544,125,5,0.0,0.0,0.0,1.0
330,313,3,0.0,0.0,0.0,0.0
918,251,3,0.0,0.0,0.0,0.0
986,486,2,0.0,0.0,0.0,0.0
523,473,5,0.0,0.0,0.0,0.0
768,65,5,1.0,1.0,0.0,0.0
410,246,3,0.0,0.0,0.0,0.0
188,322,3,0.0,0.0,0.0,0.0
174,366,3,0.0,0.0,0.0,0.0
339,183,1,0.0,0.0,0.0,0.0
538,392,5,0.0,0.0,0.0,0.0
631,323,2,1.0,0.0,0.0,0.0
394,369,4,0.0,0.0,0.0,0.0
84,315,4,0.0,0.0,0.0,0.0
592,395,5,0.0,0.0,0.0,0.0
134,3,3,0.0,0.0,0.0,0.0
223,435,3,0.0,0.0,0.0,0.0
58,428,5,0.0,0.0,0.0,0.0
129,467,1,0.0,0.0,0.0,0.0
691,345,1,0.0,0.0,0.0,0.0
108,401,5,0.0,0.0,0.0,0.0
284,69,5,0.0,0.0,0.0,0.0
843,396,1,0.0,0.0,0.0,0.0
257,472,4,0.0,0.0,0.0,0.0
604,107,1,0.0,0.0,0.0,0.0
661,449,5,0.0,0.0,0.0,0.0
207,242,3,0.0,0.0,0.0,0.0
389,92,3,1.0,1.0,0.0,0.0
24,23,2,0.0,0.0,0.0,0.0
614,316,3,0.0,0.0,0.0,0.0
583,23,2,0.0,0.0,0.0,0.0
259,268,1,0.0,0.0,0.0,0.0
525,110,5,0.0,0.0,0.0,0.0
381,252,2,0.0,0.0,0.0,0.0
55,122,5,0.0,0.0,0.0,0.0
100,88,2,0.0,0.0,0.0,0.0
971,165,4,0.0,0.0,0.0,0.0
349,89,5,0.0,0.0,0.0,0.0
619,386,2,0.0,0.0,0.0,0.0
627,487,5,0.0,0.0,0.0,0.0
756,372,5,0.0,0.0,0.0,0.0
319,455,1,0.0,0.0,0.0,0.0
546,260,3,0.0,0.0,0.0,0.0
737,148,1,0.0,0.0,0.0,0.0
367,322,2,0.0,0.0,0.0,0.0
415,98,5,0.0,0.0,0.0,0.0
7,328,1,0.0,0.0,0.0,0.0
644,489,3,0.0,0.0,0.0,0.0
551,406,2,0.0,0.0,0.0,0.0
70,471,2,0.0,0.0,0.0,1.0
748,70,4,0.0,0.0,0.0,0.0
799,278,2,0.0,0.0,0.0,0.0
905,262,1,1.0,1.0,0.0,0.0
70,98,5,0.0,0.0,0.0,0.0
166,294,2,0.0,0.0,0.0,0.0
823,468,1,0.0,0.0,0.0,0.0
236,280,4,0.0,0.0,0.0,0.0
770,97,5,0.0,0.0,0.0,0.0
520,39,4,0.0,0.0,0.0,0.0
775,162,4,0.0,0.0,0.0,0.0
396,122,4,2.0,1.0,0.0,0.0
427,464,2,0.0,0.0,0.0,0.0
358,261,3,0.0,0.0,0.0,0.0
662,303,4,0.0,0.0,0.0,0.0
402,89,4,0.0,0.0,0.0,0.0
881,423,3,0.0,0.0,0.0,0.0
424,211,1,0.0,0.0,0.0,0.0
861,431,1,0.0,0.0,0.0,0.0
539,304,5,0.0,0.0,0.0,0.0
246,32,3,1.0,1.0,0.0,0.0
708,339,4,0.0,0.0,0.0,0.0
507,340,3,0.0,0.0,0.0,0.0
256,146,2,0.0,0.0,0.0,0.0
911,57,1,0.0,0.0,0.0,0.0
139,330,5,0.0,0.0,0.0,0.0
51,7,4,0.0,0.0,0.0,0.0
954,335,4,0.0,0.0,0.0,0.0
723,408,5,0.0,0.0,0.0,0.0
571,204,3,0.0,0.0,0.0,0.0
44,95,2,0.0,0.0,0.0,0.0
46,366,5,0.0,0.0,0.0,0.0
474,425,2,1.0,0.0,0.0,0.0
312,396,1,0.0,0.0,0.0,0.0
931,48,4,0.0,0.0,0.0,0.0
782,16,2,0.0,0.0,0.0,0.0
41,199,3,0.0,0.0,0.0,0.0
667,403,2,0.0,0.0,0.0,0.0
702,451,4,0.0,0.0,0.0,0.0
654,200,3,0.0,0.0,0.0,0.0
589,421,2,0.0,0.0,0.0,0.0
196,397,3,0.0,0.0,0.0,0.0
82,376,5,1.0,0.0,0.0,0.0
308,37,2,0.0,0.0,0.0,0.0
762,176,2,0.0,0.0,0.0,0.0
1,326,5,0.0,0.0,0.0,0.0
125,124,5,0.0,0.0,0.0,0.0
75,500,5,0.0,0.0,0.0,0.0
946,248,1,0.0,0.0,0.0,0.0
678,199,2,0.0,0.0,0.0,0.0
866,142,3,1.0,1.0,0.0,0.0
432,416,4,0.0,0.0,0.0,0.0
907,190,2,0.0,0.0,0.0,0.0
493,130,2,0.0,0.0,0.0,0.0
178,347,2,0.0,0.0,0.0,0.0
395,174,2,0.0,0.0,0.0,0.0
693,220,5,0.0,0.0,0.0,0.0
776,457,5,0.0,0.0,0.0,0.0
211,351,4,0.0,0.0,0.0,0.0
422,301,5,0.0,0.0,0.0,0.0
564,240,5,0.0,0.0,0.0,0.0
462,232,2,0.0,0.0,0.0,0.0
674,59,4,0.0,0.0,0.0,0.0
427,319,1,0.0,0.0,0.0,0.0
537,258,2,0.0,0.0,0.0,0.0
902,177,1,0.0,0.0,0.0,0.0
377,96,1,0.0,0.0,0.0,0.0
796,336,5,0.0,0.0,0.0,0.0
123,193,1,0.0,0.0,0.0,0.0
90,430,2,0.0,0.0,0.0,0.0
147,389,5,0.0,0.0,0.0,0.0
581,410,5,0.0,0.0,0.0,0.0
633,471,5,0.0,0.0,0.0,0.0
541,87,3,1.0,0.0,0.0,0.0
524,380,2,0.0,0.0,0.0,0.0
440,451,3,0.0,0.0,0.0,0.0
605,304,1,0.0,0.0,0.0,0.0
734,499,1,0.0,0.0,0.0,0.0
432,309,2,0.0,0.0,0.0,0.0
90,253,2,1.0,0.0,0.0,0.0
838,365,3,0.0,0.0,0.0,0.0
657,143,1,0.0,0.0,0.0,0.0
807,430,5,0.0,0.0,0.0,0.0
442,458,4,1.0,1.0,0.0,0.0
473,338,2,0.0,0.0,0.0,0.0
808,126,5,0.0,0.0,0.0,0.0
858,222,3,0.0,0.0,0.0,0.0
990,23,1,0.0,0.0,0.0,0.0
256,370,2,0.0,0.0,0.0,0.0
276,237,5,0.0,0.0,0.0,0.0
110,452,5,0.0,0.0,0.0,0.0
392,422,3,0.0,0.0,0.0,0.0
696,495,4,0.0,0.0,0.0,0.0
929,218,2,0.0,0.0,0.0,0.0
856,153,5,0.0,0.0,0.0,1.0
784,64,5,0.0,0.0,0.0,0.0
518,148,1,0.0,0.0,0.0,0.0
972,124,1,0.0,0.0,0.0,0.0
457,101,1,0.0,0.0,0.0,0.0
396,344,5,0.0,0.0,0.0,0.0
332,412,4,0.0,0.0,0.0,0.0
233,414,3,0.0,0.0,0.0,0.0
259,170,4,0.0,0.0,0.0,0.0
34,229,1,0.0,0.0,0.0,0.0
204,183,1,0.0,0.0,0.0,0.0
232,282,3,0.0,0.0,0.0,0.0
145,495,2,1.0,1.0,0.0,0.0
95,318,5,0.0,0.0,0.0,0.0
358,203,5,0.0,0.0,0.0,0.0
75,349,3,0.0,0.0,0.0,0.0
618,253,3,0.0,0.0,0.0,0.0
381,114,1,0.0,0.0,0.0,0.0
701,219,5,0.0,0.0,0.0,0.0
976,7,5,0.0,0.0,0.0,0.0
720,128,2,0.0,0.0,0.0,0.0
858,218,5,0.0,0.0,0.0,1.0
694,112,5,0.0,0.0,0.0,0.0
5,338,3,0.0,0.0,0.0,0.0
181,169,1,1.0,0.0,0.0,0.0
906,311,1,0.0,0.0,0.0,0.0
221,296,5,0.0,0.0,0.0,0.0
279,243,5,0.0,0.0,0.0,0.0
237,41,1,0.0,0.0,0.0,0.0
428,455,2,0.0,0.0,0.0,0.0
908,106,1,0.0,0.0,0.0,0.0
932,205,3,0.0,0.0,0.0,0.0
649,331,3,0.0,0.0,0.0,0.0
295,18,5,1.0,0.0,0.0,0.0
234,40,1,0.0,0.0,0.0,0.0
507,325,2,1.0,0.0,1.0,0.0
527,444,3,0.0,0.0,0.0,0.0
794,226,2,0.0,0.0,0.0,0.0
659,466,2,1.0,0.0,1.0,0.0
878,100,3,0.0,0.0,0.0,0.0
719,433,2,0.0,0.0,0.0,0.0
517,135,4,0.0,0.0,0.0,0.0
51,375,3,0.0,0.0,0.0,0.0
130,25,5,0.0,0.0,0.0,0.0
732,10,3,0.0,0.0,0.0,0.0
954,347,2,0.0,0.0,0.0,0.0
125,39,2,0.0,0.0,0.0,0.0
250,274,1,0.0,0.0,0.0,0.0
62,427,1,0.0,0.0,0.0,0.0
602,417,4,0.0,0.0,0.0,0.0
222,71,4,0.0,0.0,0.0,0.0
620,328,4,0.0,0.0,0.0,0.0
328,437,4,0.0,0.0,0.0,0.0
102,281,5,0.0,0.0,0.0,0.0
530,53,5,0.0,0.0,0.0,0.0
703,159,1,0.0,0.0,0.0,0.0
372,85,2,0.0,0.0,0.0,0.0
680,498,5,0.0,0.0,0.0,0.0
534,68,1,0.0,0.0,0.0,0.0
765,62,1,0.0,0.0,0.0,0.0
615,238,2,0.0,0.0,0.0,0.0
424,494,5,0.0,0.0,0.0,0.0
867,215,2,0.0,0.0,0.0,0.0
787,353,1,0.0,0.0,0.0,0.0
5,157,5,0.0,0.0,0.0,0.0
166,475,2,0.0,0.0,0.0,0.0
7,368,5,0.0,0.0,0.0,0.0
292,142,2,0.0,0.0,0.0,0.0
651,310,4,0.0,0.0,0.0,0.0
569,333,2,1.0,0.0,0.0,0.0
426,174,5,0.0,0.0,0.0,0.0
908,396,5,0.0,0.0,0.0,0.0
301,221,1,0.0,0.0,0.0,0.0
458,29,5,0.0,0.0,0.0,0.0
689,349,4,0.0,0.0,0.0,0.0
791,92,1,0.0,0.0,0.0,0.0
461,137,1,1.0,1.0,0.0,0.0
526,202,5,0.0,0.0,0.0,0.0
105,12,2,0.0,0.0,0.0,0.0
638,224,5,0.0,0.0,0.0,1.0
882,278,2,0.0,0.0,0.0,0.0
660,74,5,0.0,0.0,0.0,0.0
232,478,1,0.0,0.0,0.0,0.0
66,274,1,0.0,0.0,0.0,0.0
380,326,1,0.0,0.0,0.0,0.0
191,160,2,0.0,0.0,0.0,0.0
562,178,5,0.0,0.0,0.0,0.0
967,202,5,0.0,0.0,0.0,0.0
302,250,1,0.0,0.0,0.0,0.0
669,216,2,0.0,0.0,0.0,0.0
58,1,1,0.0,0.0,0.0,0.0
816,165,2,1.0,0.0,0.0,1.0
468,330,5,0.0,0.0,0.0,0.0
638,273,1,0.0,0.0,0.0,0.0
859,485,1,0.0,0.0,0.0,0.0
79,295,2,1.0,0.0,0.0,0.0
897,27,5,0.0,0.0,0.0,0.0
599,373,5,0.0,0.0,0.0,0.0
475,100,5,0.0,0.0,0.0,0.0
348,53,3,0.0,0.0,0.0,0.0
19,72,1,0.0,0.0,0.0,0.0
193,380,3,0.0,0.0,0.0,0.0
280,493,3,0.0,0.0,0.0,0.0
706,293,5,0.0,0.0,0.0,0.0
975,357,3,0.0,0.0,0.0,0.0
589,271,2,1.0,1.0,0.0,0.0
282,75,4,0.0,0.0,0.0,0.0
128,361,4,0.0,0.0,0.0,0.0
166,302,5,0.0,0.0,0.0,0.0
644,288,5,0.0,0.0,0.0,0.0
602,378,4,0.0,0.0,0.0,0.0
214,484,1,0.0,0.0,0.0,0.0
677,250,2,1.0,1.0,0.0,0.0
965,137,4,0.0,0.0,0.0,0.0
769,162,1,0.0,0.0,0.0,0.0
770,8,2,1.0,1.0,0.0,0.0
327,340,4,0.0,0.0,0.0,0.0
169,157,5,0.0,0.0,0.0,0.0
451,426,1,0.0,0.0,0.0,0.0
491,25,5,0.0,0.0,0.0,0.0
952,372,2,0.0,0.0,0.0,0.0
705,466,4,0.0,0.0,0.0,0.0
165,438,5,0.0,0.0,0.0,0.0
264,465,5,0.0,0.0,0.0,0.0
842,296,2,0.0,0.0,0.0,0.0
402,161,4,0.0,0.0,0.0,0.0
280,328,5,0.0,0.0,0.0,0.0
262,102,4,0.0,0.0,0.0,0.0
798,179,1,0.0,0.0,0.0,0.0
548,201,5,0.0,0.0,0.0,0.0
18,479,3,0.0,0.0,0.0,0.0
860,217,4,0.0,0.0,0.0,0.0
265,21,5,0.0,0.0,0.0,0.0
523,380,3,0.0,0.0,0.0,0.0
942,6,5,0.0,0.0,0.0,0.0
728,256,1,0.0,0.0,0.0,0.0
404,213,4,0.0,0.0,0.0,0.0
38,355,1,0.0,0.0,0.0,0.0
501,421,3,0.0,0.0,0.0,0.0
54,89,1,1.0,1.0,0.0,0.0
841,138,5,0.0,0.0,0.0,0.0
233,333,5,0.0,0.0,0.0,0.0
622,184,4,0.0,0.0,0.0,0.0
172,205,3,0.0,0.0,0.0,0.0
611,220,4,0.0,0.0,0.0,0.0
955,256,2,0.0,0.0,0.0,0.0
404,17,2,0.0,0.0,0.0,0.0
462,53,1,0.0,0.0,0.0,0.0
465,232,2,0.0,0.0,0.0,0.0
750,347,2,1.0,0.0,0.0,0.0
531,17,5,0.0,0.0,0.0,0.0
457,119,4,1.0,1.0,0.0,0.0
750,357,3,0.0,0.0,0.0,0.0
274,173,5,0.0,0.0,0.0,0.0
627,271,5,0.0,0.0,0.0,0.0
255,125,4,0.0,0.0,0.0,0.0
34,143,3,0.0,0.0,0.0,0.0
390,430,2,0.0,0.0,0.0,0.0
371,147,5,0.0,0.0,0.0,0.0
962,451,2,0.0,0.0,0.0,0.0
887,400,2,0.0,0.0,0.0,0.0
717,318,1,0.0,0.0,0.0,0.0
775,28,2,0.0,0.0,0.0,0.0
108,74,2,0.0,0.0,0.0,0.0
454,76,4,1.0,1.0,0.0,0.0
400,8,3,0.0,0.0,0.0,0.0
863,327,2,0.0,0.0,0.0,0.0
285,327,3,0.0,0.0,0.0,0.0
522,409,3,0.0,0.0,0.0,0.0
156,332,5,0.0,0.0,0.0,0.0
835,429,2,0.0,0.0,0.0,0.0
351,169,1,0.0,0.0,0.0,0.0
225,1,3,0.0,0.0,0.0,0.0
179,495,1,0.0,0.0,0.0,0.0
304,296,3,0.0,0.0,0.0,0.0
520,252,3,0.0,0.0,0.0,0.0
144,235,1,0.0,0.0,0.0,0.0
306,351,2,0.0,0.0,0.0,0.0
850,488,3,0.0,0.0,0.0,0.0
557,241,1,0.0,0.0,0.0,0.0
99,244,2,0.0,0.0,0.0,0.0
828,324,2,0.0,0.0,0.0,0.0
99,438,2,0.0,0.0,0.0,0.0
892,239,1,0.0,0.0,0.0,0.0
558,436,1,0.0,0.0,0.0,0.0
711,178,5,0.0,0.0,0.0,0.0
221,263,4,0.0,0.0,0.0,0.0
775,116,4,0.0,0.0,0.0,0.0
487,56,1,0.0,0.0,0.0,0.0
222,219,3,0.0,0.0,0.0,0.0
957,433,5,1.0,1.0,0.0,0.0
612,208,1,0.0,0.0,0.0,0.0
135,116,5,0.0,0.0,0.0,0.0
176,203,1,1.0,0.0,0.0,0.0
178,242,3,0.0,0.0,0.0,0.0
519,240,4,0.0,0.0,0.0,0.0
451,220,4,0.0,0.0,0.0,0.0
773,74,4,0.0,0.0,0.0,0.0
91,414,1,0.0,0.0,0.0,0.0
283,369,4,0.0,0.0,0.0,0.0
274,168,4,0.0,0.0,0.0,0.0
881,447,4,0.0,0.0,0.0,0.0
418,236,3,0.0,0.0,0.0,0.0
609,435,1,0.0,0.0,0.0,0.0
351,425,5,0.0,0.0,0.0,0.0
407,44,5,0.0,0.0,0.0,0.0
69,452,4,0.0,0.0,0.0,0.0
61,328,5,0.0,0.0,0.0,0.0
795,214,4,0.0,0.0,0.0,0.0
978,333,2,0.0,0.0,0.0,0.0
409,250,2,0.0,0.0,0.0,0.0
615,491,2,0.0,0.0,0.0,0.0
68,330,4,0.0,0.0,0.0,0.0
520,251,3,0.0,0.0,0.0,0.0
459,160,3,0.0,0.0,0.0,0.0
962,454,4,0.0,0.0,0.0,0.0
699,498,3,0.0,0.0,0.0,0.0
202,336,2,0.0,0.0,0.0,0.0
856,483,3,0.0,0.0,0.0,0.0
617,280,1,0.0,0.0,0.0,0.0
64,316,3,0.0,0.0,0.0,0.0
641,464,2,0.0,0.0,0.0,0.0
117,39,3,0.0,0.0,0.0,0.0
541,65,2,0.0,0.0,0.0,0.0
611,55,5,0.0,0.0,0.0,0.0
284,193,5,0.0,0.0,0.0,0.0
223,7,1,0.0,0.0,0.0,0.0
212,436,2,0.0,0.0,0.0,0.0
237,127,5,1.0,1.0,0.0,0.0
463,397,4,0.0,0.0,0.0,0.0
811,17,3,0.0,0.0,0.0,0.0
208,81,4,1.0,1.0,0.0,0.0
976,6,1,0.0,0.0,0.0,0.0
971,280,2,0.0,0.0,0.0,0.0
742,135,5,0.0,0.0,0.0,0.0
729,439,5,0.0,0.0,0.0,0.0
478,263,2,2.0,1.0,0.0,0.0
858,199,4,0.0,0.0,0.0,0.0
97,156,2,0.0,0.0,0.0,0.0
676,327,5,1.0,1.0,0.0,1.0
362,472,5,0.0,0.0,0.0,0.0
870,247,2,0.0,0.0,0.0,0.0
998,63,5,0.0,0.0,0.0,0.0
203,74,2,0.0,0.0,0.0,0.0
763,118,3,0.0,0.0,0.0,0.0
1000,415,4,0.0,0.0,0.0,0.0
127,398,1,0.0,0.0,0.0,0.0
134,187,3,0.0,0.0,0.0,0.0
564,190,3,0.0,0.0,0.0,0.0
330,337,5,1.0,0.0,0.0,0.0
596,310,2,0.0,0.0,0.0,0.0
789,339,5,0.0,0.0,0.0,0.0
820,189,3,0.0,0.0,0.0,0.0
210,190,5,0.0,0.0,0.0,0.0
214,428,2,0.0,0.0,0.0,0.0
663,113,5,0.0,0.0,0.0,0.0
32,28,4,0.0,0.0,0.0,0.0
978,490,5,0.0,0.0,0.0,0.0
519,232,4,0.0,0.0,0.0,1.0
838,422,2,0.0,0.0,0.0,0.0
312,417,2,1.0,0.0,0.0,0.0
615,206,5,0.0,0.0,0.0,0.0
858,178,5,0.0,0.0,0.0,0.0
817,67,1,1.0,1.0,0.0,0.0
695,409,2,0.0,0.0,0.0,0.0
793,248,4,0.0,0.0,0.0,0.0
532,306,4,0.0,0.0,0.0,0.0
205,193,4,0.0,0.0,0.0,0.0
36,116,3,0.0,0.0,0.0,0.0
999,32,5,0.0,0.0,0.0,0.0
310,218,5,0.0,0.0,0.0,0.0
319,344,1,0.0,0.0,0.0,0.0
795,384,3,0.0,0.0,0.0,0.0
589,260,4,0.0,0.0,0.0,0.0
304,340,2,0.0,0.0,0.0,0.0
841,97,5,0.0,0.0,0.0,0.0
380,244,1,0.0,0.0,0.0,0.0
402,363,2,1.0,0.0,0.0,0.0
564,183,5,0.0,0.0,0.0,0.0
652,21,2,0.0,0.0,0.0,0.0
395,65,5,0.0,0.0,0.0,0.0
340,118,5,0.0,0.0,0.0,0.0
60,434,1,0.0,0.0,0.0,0.0
480,197,3,0.0,0.0,0.0,0.0
728,493,2,0.0,0.0,0.0,0.0
819,58,3,0.0,0.0,0.0,0.0
695,209,2,0.0,0.0,0.0,0.0
408,80,3,0.0,0.0,0.0,0.0
714,349,3,0.0,0.0,0.0,0.0
765,257,3,0.0,0.0,0.0,0.0
896,358,5,0.0,0.0,0.0,0.0
210,153,3,0.0,0.0,0.0,0.0
182,431,5,0.0,0.0,0.0,0.0
804,129,1,0.0,0.0,0.0,0.0
322,350,5,0.0,0.0,0.0,1.0
204,409,3,0.0,0.0,0.0,0.0
134,294,5,0.0,0.0,0.0,0.0
355,496,5,0.0,0.0,0.0,0.0
64,315,5,0.0,0.0,0.0,0.0
180,426,1,1.0,1.0,0.0,0.0
197,387,2,0.0,0.0,0.0,0.0
860,259,2,1.0,1.0,0.0,0.0
860,465,3,0.0,0.0,0.0,0.0
789,76,1,0.0,0.0,0.0,0.0
486,297,5,0.0,0.0,0.0,0.0
473,43,1,1.0,1.0,0.0,0.0
813,417,2,0.0,0.0,0.0,0.0
767,242,4,0.0,0.0,0.0,0.0
151,492,2,1.0,1.0,0.0,0.0
129,348,4,1.0,1.0,0.0,0.0
728,85,5,1.0,1.0,0.0,0.0
325,359,4,0.0,0.0,0.0,0.0
870,82,5,0.0,0.0,0.0,0.0
165,233,2,0.0,0.0,0.0,0.0
208,489,1,1.0,1.0,0.0,0.0
802,305,1,0.0,0.0,0.0,0.0
735,122,2,1.0,0.0,0.0,0.0
9,135,1,0.0,0.0,0.0,0.0
639,167,1,0.0,0.0,0.0,0.0
37,405,3,0.0,0.0,0.0,0.0
789,48,2,0.0,0.0,0.0,0.0
550,72,4,0.0,0.0,0.0,0.0
347,373,2,0.0,0.0,0.0,0.0
517,488,5,0.0,0.0,0.0,0.0
634,252,1,0.0,0.0,0.0,0.0
449,372,1,0.0,0.0,0.0,0.0
561,485,2,0.0,0.0,0.0,0.0
847,426,2,1.0,1.0,0.0,0.0
729,267,5,0.0,0.0,0.0,0.0
812,350,2,0.0,0.0,0.0,0.0
707,280,2,0.0,0.0,0.0,0.0
223,173,4,0.0,0.0,0.0,0.0
928,97,3,0.0,0.0,0.0,0.0
358,155,2,0.0,0.0,0.0,0.0
637,129,2,0.0,0.0,0.0,0.0
110,376,2,0.0,0.0,0.0,0.0
10,238,5,0.0,0.0,0.0,0.0
561,304,2,0.0,0.0,0.0,0.0
462,380,5,0.0,0.0,0.0,0.0
940,349,3,1.0,1.0,0.0,0.0
310,67,3,0.0,0.0,0.0,0.0
591,25,5,0.0,0.0,0.0,0.0
688,145,2,0.0,0.0,0.0,0.0
60,291,4,0.0,0.0,0.0,0.0
963,284,4,0.0,0.0,0.0,0.0
387,382,1,0.0,0.0,0.0,0.0
784,355,5,0.0,0.0,0.0,0.0
643,111,5,0.0,0.0,0.0,0.0
471,351,5,1.0,0.0,1.0,0.0
25,188,4,0.0,0.0,0.0,0.0
24,443,1,0.0,0.0,0.0,0.0
901,250,1,1.0,1.0,0.0,0.0
411,283,5,0.0,0.0,0.0,0.0
820,450,4,1.0,0.0,0.0,0.0
867,210,4,0.0,0.0,0.0,0.0
616,250,2,0.0,0.0,0.0,0.0
400,358,1,1.0,0.0,0.0,0.0
501,274,3,1.0,0.0,0.0,0.0
508,390,4,0.0,0.0,0.0,0.0
436,216,2,0.0,0.0,0.0,0.0
289,366,1,0.0,0.0,0.0,0.0
666,91,3,1.0,0.0,0.0,0.0
815,356,4,0.0,0.0,0.0,0.0
857,180,1,0.0,0.0,0.0,0.0
438,321,5,0.0,0.0,0.0,0.0
985,250,1,0.0,0.0,0.0,0.0
40,432,2,0.0,0.0,0.0,0.0
65,387,4,0.0,0.0,0.0,0.0
890,32,4,0.0,0.0,0.0,0.0
499,473,4,1.0,0.0,0.0,0.0
714,280,2,0.0,0.0,0.0,0.0
684,411,4,0.0,0.0,0.0,0.0
603,188,5,0.0,0.0,0.0,0.0
42,357,4,0.0,0.0,0.0,0.0
761,56,2,1.0,0.0,1.0,0.0
201,355,5,0.0,0.0,0.0,0.0
991,183,3,0.0,0.0,0.0,0.0
439,199,5,0.0,0.0,0.0,0.0
577,363,1,0.0,0.0,0.0,0.0
100,94,3,0.0,0.0,0.0,0.0
491,177,2,0.0,0.0,0.0,0.0
865,309,5,0.0,0.0,0.0,0.0
193,271,2,1.0,1.0,0.0,0.0
524,313,2,0.0,0.0,0.0,0.0
901,23,5,0.0,0.0,0.0,0.0
197,273,3,0.0,0.0,0.0,0.0
677,64,5,0.0,0.0,0.0,0.0
795,331,4,0.0,0.0,0.0,0.0
905,478,3,0.0,0.0,0.0,0.0
739,153,2,1.0,0.0,0.0,0.0
26,322,1,0.0,0.0,0.0,0.0
931,498,3,0.0,0.0,0.0,0.0
141,363,3,0.0,0.0,0.0,0.0
843,499,2,0.0,0.0,0.0,0.0
694,359,2,0.0,0.0,0.0,0.0
849,135,4,0.0,0.0,0.0,0.0
465,399,5,0.0,0.0,0.0,0.0
461,424,2,0.0,0.0,0.0,0.0
990,262,3,0.0,0.0,0.0,0.0
456,278,1,0.0,0.0,0.0,0.0
21,473,3,0.0,0.0,0.0,0.0
391,63,3,0.0,0.0,0.0,0.0
834,421,5,1.0,0.0,0.0,0.0
601,241,5,0.0,0.0,0.0,0.0
325,267,1,0.0,0.0,0.0,0.0
860,405,1,0.0,0.0,0.0,0.0
280,230,2,1.0,0.0,0.0,0.0
425,317,3,0.0,0.0,0.0,0.0
122,55,5,0.0,0.0,0.0,1.0
419,43,1,0.0,0.0,0.0,0.0
401,242,5,0.0,0.0,0.0,0.0
455,489,4,0.0,0.0,0.0,0.0
537,58,1,0.0,0.0,0.0,0.0
591,496,3,1.0,0.0,0.0,0.0
237,18,5,0.0,0.0,0.0,0.0
277,290,4,0.0,0.0,0.0,0.0
782,145,1,1.0,0.0,1.0,0.0
740,184,3,0.0,0.0,0.0,0.0
190,120,4,1.0,0.0,0.0,0.0
648,434,3,0.0,0.0,0.0,0.0
512,36,1,1.0,0.0,0.0,0.0
768,463,4,0.0,0.0,0.0,0.0
828,233,3,0.0,0.0,0.0,0.0
521,66,4,0.0,0.0,0.0,0.0
974,350,3,0.0,0.0,0.0,0.0
137,306,5,0.0,0.0,0.0,0.0
48,426,1,1.0,0.0,0.0,0.0
157,41,2,0.0,0.0,0.0,0.0
580,294,2,0.0,0.0,0.0,0.0
54,453,1,0.0,0.0,0.0,0.0
166,46,2,0.0,0.0,0.0,0.0
114,334,4,0.0,0.0,0.0,0.0
801,199,5,0.0,0.0,0.0,0.0
635,67,3,0.0,0.0,0.0,0.0
666,87,2,0.0,0.0,0.0,0.0
787,208,1,0.0,0.0,0.0,0.0
783,330,4,0.0,0.0,0.0,0.0
757,327,5,0.0,0.0,0.0,0.0
444,182,5,0.0,0.0,0.0,0.0
317,223,3,0.0,0.0,0.0,0.0
136,60,1,0.0,0.0,0.0,0.0
291,366,5,0.0,0.0,0.0,0.0
854,28,5,0.0,0.0,0.0,0.0
62,497,1,0.0,0.0,0.0,0.0
480,176,1,0.0,0.0,0.0,0.0
161,100,3,0.0,0.0,0.0,0.0
619,35,3,0.0,0.0,0.0,0.0
713,339,1,0.0,0.0,0.0,0.0
867,52,1,0.0,0.0,0.0,0.0
927,473,1,0.0,0.0,0.0,0.0
523,357,1,0.0,0.0,0.0,0.0
367,332,4,0.0,0.0,0.0,0.0
512,263,2,1.0,0.0,0.0,0.0
292,281,4,1.0,0.0,0.0,0.0
542,197,2,0.0,0.0,0.0,0.0
323,204,3,0.0,0.0,0.0,0.0
542,293,3,0.0,0.0,0.0,0.0
405,419,2,0.0,0.0,0.0,0.0
632,120,3,0.0,0.0,0.0,0.0
549,379,3,0.0,0.0,0.0,0.0
670,450,4,0.0,0.0,0.0,0.0
790,244,3,1.0,1.0,0.0,0.0
17,289,3,0.0,0.0,0.0,0.0
193,357,5,0.0,0.0,0.0,0.0
973,268,2,0.0,0.0,0.0,0.0
233,195,3,1.0,0.0,1.0,0.0
851,390,1,0.0,0.0,0.0,0.0
31,200,4,0.0,0.0,0.0,0.0
555,189,1,0.0,0.0,0.0,0.0
729,15,4,0.0,0.0,0.0,0.0
666,452,3,0.0,0.0,0.0,0.0
873,240,2,0.0,0.0,0.0,0.0
888,489,3,0.0,0.0,0.0,0.0
980,235,1,0.0,0.0,0.0,0.0
655,119,5,0.0,0.0,0.0,0.0
683,214,5,0.0,0.0,0.0,0.0
614,475,5,0.0,0.0,0.0,0.0
644,272,1,0.0,0.0,0.0,0.0
901,443,3,0.0,0.0,0.0,0.0
468,217,3,0.0,0.0,0.0,0.0
130,410,4,0.0,0.0,0.0,0.0
755,291,5,1.0,1.0,0.0,0.0
387,62,5,1.0,0.0,0.0,0.0
381,314,5,0.0,0.0,0.0,0.0
674,27,1,0.0,0.0,0.0,0.0
257,496,2,0.0,0.0,0.0,0.0
118,142,4,0.0,0.0,0.0,0.0
363,440,1,0.0,0.0,0.0,0.0
66,195,2,0.0,0.0,0.0,0.0
925,423,3,0.0,0.0,0.0,0.0
88,308,4,0.0,0.0,0.0,0.0
856,8,4,0.0,0.0,0.0,0.0
908,460,5,0.0,0.0,0.0,0.0
736,220,5,0.0,0.0,0.0,0.0
569,214,2,0.0,0.0,0.0,0.0
272,11,1,1.0,0.0,1.0,0.0
125,148,1,0.0,0.0,0.0,0.0
293,377,3,1.0,0.0,1.0,0.0
284,298,2,0.0,0.0,0.0,0.0
573,151,5,0.0,0.0,0.0,0.0
801,406,2,0.0,0.0,0.0,0.0
693,439,2,0.0,0.0,0.0,0.0
740,281,1,0.0,0.0,0.0,0.0
53,419,4,0.0,0.0,0.0,0.0
28,14,1,0.0,0.0,0.0,0.0
563,273,1,0.0,0.0,0.0,0.0
915,487,4,0.0,0.0,0.0,0.0
839,216,2,0.0,0.0,0.0,0.0
280,382,3,1.0,0.0,0.0,0.0
998,170,4,0.0,0.0,0.0,0.0
627,493,2,0.0,0.0,0.0,0.0
72,299,1,0.0,0.0,0.0,0.0
502,289,4,0.0,0.0,0.0,0.0
102,185,5,0.0,0.0,0.0,0.0
473,89,2,0.0,0.0,0.0,0.0
590,485,3,0.0,0.0,0.0,0.0
851,481,4,0.0,0.0,0.0,0.0
950,196,1,0.0,0.0,0.0,0.0
596,300,2,0.0,0.0,0.0,0.0
787,14,3,0.0,0.0,0.0,0.0
9,142,5,0.0,0.0,0.0,0.0
123,455,1,0.0,0.0,0.0,0.0
133,263,4,1.0,0.0,0.0,0.0
283,286,2,0.0,0.0,0.0,0.0
896,28,2,1.0,1.0,0.0,0.0
264,493,5,0.0,0.0,0.0,0.0
530,207,3,0.0,0.0,0.0,0.0
758,130,2,0.0,0.0,0.0,0.0
230,389,3,0.0,0.0,0.0,0.0
977,234,5,0.0,0.0,0.0,0.0
121,122,1,0.0,0.0,0.0,0.0
4,395,1,0.0,0.0,0.0,0.0
128,255,4,0.0,0.0,0.0,0.0
272,115,1,0.0,0.0,0.0,0.0
855,156,1,0.0,0.0,0.0,0.0
281,166,5,0.0,0.0,0.0,0.0
433,310,2,0.0,0.0,0.0,0.0
276,340,4,0.0,0.0,0.0,0.0
808,6,5,0.0,0.0,0.0,0.0
354,434,3,0.0,0.0,0.0,0.0
502,311,5,0.0,0.0,0.0,0.0
17,449,5,0.0,0.0,0.0,0.0
600,498,4,0.0,0.0,0.0,0.0
499,334,1,0.0,0.0,0.0,0.0
789,481,1,0.0,0.0,0.0,0.0
572,415,1,0.0,0.0,0.0,0.0
253,426,4,0.0,0.0,0.0,0.0
868,203,3,0.0,0.0,0.0,0.0
338,200,2,1.0,0.0,0.0,0.0
798,317,1,0.0,0.0,0.0,0.0
509,85,3,0.0,0.0,0.0,0.0
168,293,2,0.0,0.0,0.0,0.0
944,169,5,0.0,0.0,0.0,0.0
388,57,3,0.0,0.0,0.0,0.0
618,461,1,0.0,0.0,0.0,0.0
179,154,5,0.0,0.0,0.0,0.0
165,347,2,0.0,0.0,0.0,0.0
756,317,5,0.0,0.0,0.0,0.0
224,226,5,0.0,0.0,0.0,0.0
208,82,1,0.0,0.0,0.0,0.0
802,76,1,0.0,0.0,0.0,0.0
11,39,3,0.0,0.0,0.0,0.0
808,296,5,0.0,0.0,0.0,0.0
217,5,5,1.0,0.0,0.0,0.0
198,114,4,0.0,0.0,0.0,0.0
255,359,4,0.0,0.0,0.0,0.0
222,113,1,1.0,1.0,0.0,0.0
459,303,4,0.0,0.0,0.0,0.0
93,34,1,1.0,0.0,0.0,0.0
553,284,4,0.0,0.0,0.0,0.0
83,350,4,0.0,0.0,0.0,0.0
790,188,1,0.0,0.0,0.0,0.0
31,239,2,0.0,0.0,0.0,0.0
529,382,3,0.0,0.0,0.0,0.0
425,408,4,0.0,0.0,0.0,0.0
717,378,3,0.0,0.0,0.0,0.0
152,489,3,0.0,0.0,0.0,0.0
729,379,3,0.0,0.0,0.0,0.0
663,299,3,0.0,0.0,0.0,0.0
550,145,3,0.0,0.0,0.0,0.0
60,251,3,0.0,0.0,0.0,0.0
828,161,4,0.0,0.0,0.0,0.0
881,366,1,0.0,0.0,0.0,0.0
740,7,2,0.0,0.0,0.0,0.0
909,283,2,1.0,0.0,0.0,0.0
678,96,4,0.0,0.0,0.0,0.0
733,198,2,0.0,0.0,0.0,0.0
909,192,2,0.0,0.0,0.0,0.0
921,395,4,0.0,0.0,0.0,0.0
683,365,2,0.0,0.0,0.0,0.0
485,293,5,0.0,0.0,0.0,0.0
464,20,5,0.0,0.0,0.0,0.0
438,359,3,0.0,0.0,0.0,0.0
294,237,3,0.0,0.0,0.0,0.0
612,284,3,0.0,0.0,0.0,0.0
128,322,5,0.0,0.0,0.0,0.0
361,392,4,0.0,0.0,0.0,0.0
546,181,5,0.0,0.0,0.0,0.0
273,218,2,0.0,0.0,0.0,0.0
407,37,5,0.0,0.0,0.0,0.0
57,276,3,0.0,0.0,0.0,0.0
887,396,4,2.0,1.0,0.0,0.0
615,247,5,1.0,1.0,0.0,0.0
399,342,3,0.0,0.0,0.0,0.0
182,210,4,0.0,0.0,0.0,0.0
14,199,1,0.0,0.0,0.0,0.0
654,263,4,0.0,0.0,0.0,0.0
293,79,3,0.0,0.0,0.0,0.0
177,71,4,0.0,0.0,0.0,0.0
385,405,2,0.0,0.0,0.0,0.0
323,485,2,0.0,0.0,0.0,1.0
675,33,5,0.0,0.0,0.0,0.0
883,314,1,1.0,0.0,0.0,0.0
273,55,2,0.0,0.0,0.0,0.0
150,193,3,0.0,0.0,0.0,0.0
677,285,2,0.0,0.0,0.0,0.0
369,24,3,0.0,0.0,0.0,0.0
900,62,2,0.0,0.0,0.0,0.0
845,81,1,0.0,0.0,0.0,0.0
787,196,5,0.0,0.0,0.0,0.0
78,96,3,1.0,1.0,0.0,0.0
285,175,5,0.0,0.0,0.0,0.0
763,231,5,0.0,0.0,0.0,0.0
722,419,2,0.0,0.0,0.0,0.0
480,482,5,0.0,0.0,0.0,0.0
805,249,4,0.0,0.0,0.0,0.0
154,3,5,0.0,0.0,0.0,0.0
436,407,2,0.0,0.0,0.0,0.0
967,297,2,1.0,0.0,0.0,0.0
772,300,1,0.0,0.0,0.0,0.0
185,365,2,0.0,0.0,0.0,0.0
109,133,5,0.0,0.0,0.0,0.0
352,223,3,0.0,0.0,0.0,0.0
669,104,1,1.0,0.0,1.0,0.0
982,60,2,0.0,0.0,0.0,0.0
396,69,1,0.0,0.0,0.0,0.0
489,432,2,1.0,0.0,0.0,0.0
660,334,4,0.0,0.0,0.0,0.0
45,272,4,0.0,0.0,0.0,0.0
116,322,4,0.0,0.0,0.0,0.0
274,241,1,0.0,0.0,0.0,0.0
621,326,5,0.0,0.0,0.0,0.0
983,166,4,1.0,0.0,0.0,0.0
236,290,2,1.0,1.0,0.0,0.0
254,384,4,0.0,0.0,0.0,0.0
800,272,2,0.0,0.0,0.0,0.0
812,428,5,0.0,0.0,0.0,0.0
442,105,3,0.0,0.0,0.0,1.0
884,415,1,0.0,0.0,0.0,0.0
201,293,1,0.0,0.0,0.0,0.0
211,77,2,0.0,0.0,0.0,0.0
778,48,3,1.0,0.0,1.0,0.0
260,465,5,0.0,0.0,0.0,0.0
742,238,1,0.0,0.0,0.0,0.0
943,341,4,0.0,0.0,0.0,0.0
908,395,5,0.0,0.0,0.0,0.0
7,263,1,0.0,0.0,0.0,0.0
9,402,1,0.0,0.0,0.0,0.0
272,319,1,0.0,0.0,0.0,0.0
340,282,4,0.0,0.0,0.0,0.0
959,44,4,0.0,0.0,0.0,0.0
754,69,1,0.0,0.0,0.0,0.0
669,298,4,0.0,0.0,0.0,0.0
365,357,2,0.0,0.0,0.0,0.0
797,234,3,0.0,0.0,0.0,0.0
115,242,5,0.0,0.0,0.0,0.0
15,163,5,0.0,0.0,0.0,0.0
858,100,2,0.0,0.0,0.0,0.0
200,156,4,0.0,0.0,0.0,0.0
193,154,3,0.0,0.0,0.0,0.0
276,451,1,0.0,0.0,0.0,0.0
605,199,4,0.0,0.0,0.0,0.0
579,131,2,0.0,0.0,0.0,0.0
180,126,4,0.0,0.0,0.0,0.0
432,329,3,0.0,0.0,0.0,0.0
110,209,2,0.0,0.0,0.0,0.0
910,347,2,0.0,0.0,0.0,0.0
697,351,4,0.0,0.0,0.0,0.0
124,139,2,0.0,0.0,0.0,0.0
937,6,2,0.0,0.0,0.0,0.0
401,177,4,0.0,0.0,0.0,0.0
381,39,3,0.0,0.0,0.0,0.0
948,252,1,1.0,1.0,0.0,0.0
136,12,5,0.0,0.0,0.0,0.0
216,64,4,0.0,0.0,0.0,0.0
554,148,5,0.0,0.0,0.0,0.0
409,154,4,0.0,0.0,0.0,0.0
980,81,3,0.0,0.0,0.0,0.0
294,5,5,0.0,0.0,0.0,0.0
855,44,3,0.0,0.0,0.0,0.0
126,302,2,0.0,0.0,0.0,0.0
4,200,4,0.0,0.0,0.0,0.0
66,49,2,0.0,0.0,0.0,0.0
756,406,5,0.0,0.0,0.0,0.0
268,138,3,0.0,0.0,0.0,0.0
483,406,4,0.0,0.0,0.0,0.0
594,360,3,0.0,0.0,0.0,0.0
166,178,4,0.0,0.0,0.0,0.0
14,98,3,0.0,0.0,0.0,0.0
81,309,5,0.0,0.0,0.0,0.0
264,53,1,0.0,0.0,0.0,0.0
67,156,1,0.0,0.0,0.0,0.0
811,477,4,0.0,0.0,0.0,0.0
726,33,4,0.0,0.0,0.0,0.0
461,309,3,0.0,0.0,0.0,0.0
381,4,2,0.0,0.0,0.0,0.0
287,415,3,0.0,0.0,0.0,0.0
439,299,3,0.0,0.0,0.0,0.0
570,478,1,0.0,0.0,0.0,0.0
985,53,2,0.0,0.0,0.0,0.0
107,291,4,0.0,0.0,0.0,0.0
607,168,3,0.0,0.0,0.0,0.0
350,406,1,0.0,0.0,0.0,0.0
14,171,1,1.0,1.0,0.0,0.0
5,17,4,1.0,0.0,0.0,1.0
376,429,2,0.0,0.0,0.0,0.0
152,103,1,0.0,0.0,0.0,0.0
204,174,3,0.0,0.0,0.0,0.0
930,431,1,0.0,0.0,0.0,0.0
182,32,3,0.0,0.0,0.0,0.0
172,421,3,0.0,0.0,0.0,0.0
877,405,3,0.0,0.0,0.0,0.0
314,469,5,0.0,0.0,0.0,0.0
231,243,4,0.0,0.0,0.0,0.0
568,58,2,0.0,0.0,0.0,0.0
517,46,4,0.0,0.0,0.0,0.0
593,304,4,0.0,0.0,0.0,1.0
82,472,4,0.0,0.0,0.0,1.0
756,449,3,0.0,0.0,0.0,0.0
640,174,4,0.0,0.0,0.0,0.0
396,487,4,0.0,0.0,0.0,0.0
395,126,2,0.0,0.0,0.0,0.0
939,422,2,0.0,0.0,0.0,0.0
279,108,2,1.0,1.0,0.0,0.0
303,490,1,0.0,0.0,0.0,0.0
401,114,4,0.0,0.0,0.0,0.0
500,79,2,0.0,0.0,0.0,0.0
802,91,1,1.0,0.0,1.0,0.0
353,152,4,0.0,0.0,0.0,0.0
196,86,5,1.0,0.0,1.0,0.0
71,188,4,0.0,0.0,0.0,0.0
573,236,2,0.0,0.0,0.0,0.0
233,354,1,0.0,0.0,0.0,0.0
303,298,3,0.0,0.0,0.0,0.0
179,391,1,0.0,0.0,0.0,0.0
665,161,5,0.0,0.0,0.0,0.0
210,361,3,0.0,0.0,0.0,0.0
800,176,5,0.0,0.0,0.0,0.0
523,302,1,0.0,0.0,0.0,0.0
875,413,4,0.0,0.0,0.0,0.0
451,369,5,0.0,0.0,0.0,0.0
758,441,4,0.0,0.0,0.0,1.0
217,423,4,0.0,0.0,0.0,0.0
407,351,3,0.0,0.0,0.0,0.0
800,46,4,0.0,0.0,0.0,0.0
249,83,3,0.0,0.0,0.0,0.0
66,160,5,0.0,0.0,0.0,0.0
904,171,2,0.0,0.0,0.0,0.0
439,112,4,0.0,0.0,0.0,0.0
378,31,4,0.0,0.0,0.0,0.0
224,52,4,0.0,0.0,0.0,0.0
902,32,1,0.0,0.0,0.0,0.0
234,121,5,0.0,0.0,0.0,0.0
443,412,2,0.0,0.0,0.0,0.0
208,61,1,0.0,0.0,0.0,0.0
976,76,4,0.0,0.0,0.0,0.0
823,362,2,0.0,0.0,0.0,0.0
882,382,3,0.0,0.0,0.0,0.0
544,22,1,0.0,0.0,0.0,0.0
37,254,3,0.0,0.0,0.0,0.0
522,447,1,0.0,0.0,0.0,0.0
369,277,1,0.0,0.0,0.0,0.0
56,374,5,1.0,0.0,0.0,0.0
136,306,4,0.0,0.0,0.0,0.0
964,218,3,0.0,0.0,0.0,0.0
23,42,4,0.0,0.0,0.0,0.0
189,50,5,0.0,0.0,0.0,0.0
884,229,1,0.0,0.0,0.0,0.0
724,351,1,0.0,0.0,0.0,0.0
996,434,1,0.0,0.0,0.0,0.0
112,86,5,0.0,0.0,0.0,0.0
7,222,2,1.0,1.0,0.0,0.0
95,63,3,0.0,0.0,0.0,0.0
776,337,1,0.0,0.0,0.0,0.0
324,374,3,0.0,0.0,0.0,0.0
667,106,2,0.0,0.0,0.0,0.0
714,62,5,0.0,0.0,0.0,0.0
535,444,5,0.0,0.0,0.0,1.0
368,170,5,0.0,0.0,0.0,0.0
74,77,1,0.0,0.0,0.0,0.0
684,282,3,0.0,0.0,0.0,0.0
546,288,5,1.0,0.0,0.0,0.0
995,413,2,0.0,0.0,0.0,0.0
130,112,5,0.0,0.0,0.0,0.0
413,446,2,1.0,1.0,0.0,0.0
392,63,5,1.0,0.0,0.0,0.0
933,489,2,1.0,1.0,0.0,0.0
570,151,3,0.0,0.0,0.0,0.0
938,390,5,0.0,0.0,0.0,0.0
394,378,4,0.0,0.0,0.0,0.0
957,38,3,0.0,0.0,0.0,0.0
300,381,1,0.0,0.0,0.0,0.0
385,86,3,0.0,0.0,0.0,0.0
197,87,2,0.0,0.0,0.0,0.0
912,431,5,0.0,0.0,0.0,0.0
408,106,3,0.0,0.0,0.0,0.0
691,167,5,0.0,0.0,0.0,0.0
910,322,1,0.0,0.0,0.0,0.0
635,135,3,0.0,0.0,0.0,0.0
234,316,4,1.0,0.0,0.0,0.0
724,142,5,1.0,0.0,0.0,0.0
637,177,2,0.0,0.0,0.0,0.0
625,337,3,0.0,0.0,0.0,0.0
557,18,3,0.0,0.0,0.0,0.0
298,242,4,0.0,0.0,0.0,0.0
850,133,5,0.0,0.0,0.0,0.0
776,161,1,0.0,0.0,0.0,0.0
318,183,2,0.0,0.0,0.0,0.0
15,21,1,0.0,0.0,0.0,0.0
655,204,2,0.0,0.0,0.0,0.0
28,8,5,0.0,0.0,0.0,0.0
612,64,4,0.0,0.0,0.0,0.0
512,119,2,1.0,0.0,0.0,0.0
923,367,2,1.0,1.0,0.0,0.0
442,496,4,0.0,0.0,0.0,0.0
764,293,5,0.0,0.0,0.0,0.0
975,271,3,0.0,0.0,0.0,0.0
557,443,4,0.0,0.0,0.0,0.0
317,31,1,0.0,0.0,0.0,0.0
63,63,2,0.0,0.0,0.0,0.0
626,30,2,0.0,0.0,0.0,0.0
381,243,1,0.0,0.0,0.0,0.0
809,482,1,0.0,0.0,0.0,0.0
914,7,2,0.0,0.0,0.0,0.0
319,296,3,0.0,0.0,0.0,0.0
502,234,3,0.0,0.0,0.0,0.0
480,57,2,0.0,0.0,0.0,0.0
158,360,3,0.0,0.0,0.0,0.0
387,483,4,0.0,0.0,0.0,0.0
861,381,3,0.0,0.0,0.0,0.0
944,53,1,0.0,0.0,0.0,0.0
91,210,2,0.0,0.0,0.0,0.0
412,147,3,0.0,0.0,0.0,0.0
230,255,5,0.0,0.0,0.0,0.0
497,172,4,0.0,0.0,0.0,0.0
786,236,1,0.0,0.0,0.0,1.0
14,160,3,0.0,0.0,0.0,0.0
933,169,4,0.0,0.0,0.0,0.0
69,171,2,0.0,0.0,0.0,0.0
52,377,4,0.0,0.0,0.0,0.0
782,237,5,0.0,0.0,0.0,0.0
552,357,5,1.0,0.0,1.0,0.0
515,354,3,0.0,0.0,0.0,0.0
832,207,1,0.0,0.0,0.0,0.0
928,227,4,0.0,0.0,0.0,0.0
683,426,2,0.0,0.0,0.0,0.0
476,189,2,0.0,0.0,0.0,0.0
69,368,3,0.0,0.0,0.0,0.0
424,435,4,0.0,0.0,0.0,0.0
441,122,1,0.0,0.0,0.0,0.0
813,328,4,0.0,0.0,0.0,0.0
79,22,3,0.0,0.0,0.0,1.0
371,376,3,0.0,0.0,0.0,0.0
543,286,5,0.0,0.0,0.0,0.0
785,132,3,0.0,0.0,0.0,0.0
730,150,2,0.0,0.0,0.0,0.0
827,259,5,0.0,0.0,0.0,0.0
155,228,3,0.0,0.0,0.0,0.0
796,10,1,0.0,0.0,0.0,0.0
874,163,3,0.0,0.0,0.0,0.0
112,3,3,0.0,0.0,0.0,0.0
533,174,4,0.0,0.0,0.0,0.0
705,390,3,0.0,0.0,0.0,0.0
653,314,1,0.0,0.0,0.0,1.0
549,1,5,0.0,0.0,0.0,0.0
531,191,5,1.0,0.0,0.0,0.0
709,356,2,0.0,0.0,0.0,0.0
327,157,3,0.0,0.0,0.0,0.0
74,397,3,0.0,0.0,0.0,0.0
362,163,3,0.0,0.0,0.0,0.0
671,120,1,0.0,0.0,0.0,0.0
163,263,3,0.0,0.0,0.0,0.0
941,29,4,0.0,0.0,0.0,0.0
962,150,5,0.0,0.0,0.0,0.0
341,259,3,0.0,0.0,0.0,0.0
284,330,2,0.0,0.0,0.0,0.0
561,470,1,0.0,0.0,0.0,0.0
777,257,1,0.0,0.0,0.0,0.0
4,95,4,0.0,0.0,0.0,0.0
817,403,3,0.0,0.0,0.0,0.0
835,200,1,0.0,0.0,0.0,0.0
668,159,5,0.0,0.0,0.0,0.0
126,371,3,0.0,0.0,0.0,0.0
569,60,1,0.0,0.0,0.0,0.0
183,432,4,0.0,0.0,0.0,0.0
305,284,3,0.0,0.0,0.0,0.0
697,288,1,0.0,0.0,0.0,0.0
665,382,3,0.0,0.0,0.0,0.0
969,372,4,0.0,0.0,0.0,0.0
715,311,5,0.0,0.0,0.0,0.0
986,140,5,0.0,0.0,0.0,0.0
496,395,5,0.0,0.0,0.0,0.0
840,386,4,0.0,0.0,0.0,0.0
7,74,5,0.0,0.0,0.0,0.0
201,183,4,0.0,0.0,0.0,0.0
173,323,4,0.0,0.0,0.0,0.0
292,73,5,0.0,0.0,0.0,0.0
474,141,3,1.0,1.0,0.0,0.0
156,424,2,0.0,0.0,0.0,0.0
860,22,5,1.0,0.0,0.0,0.0
755,86,1,0.0,0.0,0.0,0.0
247,282,3,0.0,0.0,0.0,0.0
773,346,3,0.0,0.0,0.0,0.0
192,311,3,0.0,0.0,0.0,0.0
67,413,4,0.0,0.0,0.0,0.0
908,67,2,1.0,0.0,1.0,0.0
175,210,5,0.0,0.0,0.0,0.0
870,258,4,1.0,1.0,0.0,0.0
459,123,4,1.0,1.0,0.0,0.0
947,430,5,0.0,0.0,0.0,0.0
988,329,3,0.0,0.0,0.0,0.0
819,345,5,0.0,0.0,0.0,0.0
749,25,1,0.0,0.0,0.0,0.0
220,483,2,0.0,0.0,0.0,0.0
487,163,5,0.0,0.0,0.0,0.0
192,230,3,0.0,0.0,0.0,0.0
610,143,3,0.0,0.0,0.0,0.0
450,311,3,0.0,0.0,0.0,0.0
238,156,5,0.0,0.0,0.0,0.0
461,426,5,0.0,0.0,0.0,0.0
882,444,2,0.0,0.0,0.0,0.0
75,158,5,0.0,0.0,0.0,0.0
575,349,4,0.0,0.0,0.0,0.0
371,396,4,0.0,0.0,0.0,0.0
790,191,5,0.0,0.0,0.0,0.0
782,399,5,1.0,0.0,1.0,0.0
880,340,1,0.0,0.0,0.0,0.0
307,132,3,0.0,0.0,0.0,0.0
306,337,1,1.0,0.0,1.0,0.0
200,252,5,0.0,0.0,0.0,0.0
650,412,5,0.0,0.0,0.0,0.0
441,48,4,0.0,0.0,0.0,0.0
856,15,5,0.0,0.0,0.0,0.0
635,464,4,0.0,0.0,0.0,0.0
879,453,4,0.0,0.0,0.0,0.0
370,216,2,1.0,0.0,0.0,0.0
5,484,5,0.0,0.0,0.0,0.0
282,148,3,0.0,0.0,0.0,0.0
390,481,4,0.0,0.0,0.0,0.0
889,335,4,0.0,0.0,0.0,0.0
507,166,1,0.0,0.0,0.0,0.0
985,274,5,0.0,0.0,0.0,0.0
720,438,5,0.0,0.0,0.0,0.0
530,326,3,0.0,0.0,0.0,0.0
410,422,2,0.0,0.0,0.0,0.0
423,303,1,0.0,0.0,0.0,0.0
767,360,2,0.0,0.0,0.0,0.0
734,230,4,0.0,0.0,0.0,0.0
256,399,5,0.0,0.0,0.0,0.0
76,317,5,0.0,0.0,0.0,0.0
986,76,2,0.0,0.0,0.0,0.0
35,47,3,0.0,0.0,0.0,0.0
598,395,4,1.0,0.0,0.0,0.0
698,168,5,0.0,0.0,0.0,0.0
155,162,4,0.0,0.0,0.0,0.0
83,88,2,0.0,0.0,0.0,0.0
776,323,4,0.0,0.0,0.0,0.0
726,4,5,0.0,0.0,0.0,0.0
262,189,4,1.0,0.0,0.0,0.0
587,214,4,0.0,0.0,0.0,0.0
87,151,5,0.0,0.0,0.0,0.0
29,292,2,0.0,0.0,0.0,0.0
612,486,3,0.0,0.0,0.0,0.0
364,313,1,0.0,0.0,0.0,0.0
704,162,1,0.0,0.0,0.0,0.0
336,404,3,0.0,0.0,0.0,0.0
351,227,5,0.0,0.0,0.0,0.0
954,205,5,0.0,0.0,0.0,0.0
88,256,3,0.0,0.0,0.0,0.0
78,285,4,0.0,0.0,0.0,0.0
141,396,1,0.0,0.0,0.0,0.0
920,222,1,0.0,0.0,0.0,0.0
995,244,2,0.0,0.0,0.0,0.0
591,331,4,0.0,0.0,0.0,0.0
681,237,2,0.0,0.0,0.0,0.0
382,391,1,0.0,0.0,0.0,0.0
239,274,3,0.0,0.0,0.0,0.0
145,13,3,0.0,0.0,0.0,0.0
902,69,4,0.0,0.0,0.0,0.0
492,347,4,0.0,0.0,0.0,0.0
453,185,2,0.0,0.0,0.0,0.0
982,437,4,0.0,0.0,0.0,0.0
929,118,5,0.0,0.0,0.0,0.0
994,116,1,0.0,0.0,0.0,0.0
2,136,4,0.0,0.0,0.0,0.0
174,180,2,0.0,0.0,0.0,0.0
233,107,4,0.0,0.0,0.0,0.0
451,377,5,0.0,0.0,0.0,0.0
585,252,4,0.0,0.0,0.0,0.0
258,452,5,0.0,0.0,0.0,0.0
227,22,3,0.0,0.0,0.0,0.0
564,247,2,0.0,0.0,0.0,0.0
652,473,1,0.0,0.0,0.0,0.0
641,37,5,0.0,0.0,0.0,0.0
203,286,4,0.0,0.0,0.0,0.0
70,164,2,0.0,0.0,0.0,0.0
447,436,3,0.0,0.0,0.0,0.0
337,97,3,0.0,0.0,0.0,0.0
642,220,4,0.0,0.0,0.0,0.0
879,36,5,0.0,0.0,0.0,0.0
561,464,2,1.0,0.0,0.0,0.0
806,439,1,0.0,0.0,0.0,0.0
815,168,5,1.0,0.0,0.0,0.0
983,476,3,0.0,0.0,0.0,0.0
355,190,1,0.0,0.0,0.0,0.0
121,496,3,0.0,0.0,0.0,0.0
231,264,2,0.0,0.0,0.0,0.0
329,376,5,0.0,0.0,0.0,0.0
489,207,2,0.0,0.0,0.0,0.0
404,177,4,0.0,0.0,0.0,0.0
111,464,3,0.0,0.0,0.0,0.0
665,268,1,0.0,0.0,0.0,0.0
253,182,4,0.0,0.0,0.0,0.0
750,228,3,1.0,0.0,0.0,0.0
73,491,5,0.0,0.0,0.0,0.0
24,410,4,0.0,0.0,0.0,0.0
959,482,4,1.0,0.0,1.0,0.0
496,84,4,0.0,0.0,0.0,0.0
735,431,5,0.0,0.0,0.0,0.0
972,399,2,1.0,1.0,0.0,0.0
978,264,1,0.0,0.0,0.0,0.0
896,255,3,0.0,0.0,0.0,0.0
861,196,3,0.0,0.0,0.0,0.0
27,153,1,0.0,0.0,0.0,0.0
352,387,2,0.0,0.0,0.0,0.0
244,57,2,0.0,0.0,0.0,0.0
442,279,3,0.0,0.0,0.0,0.0
400,476,2,0.0,0.0,0.0,0.0
886,156,4,0.0,0.0,0.0,0.0
971,54,1,0.0,0.0,0.0,0.0
739,434,5,0.0,0.0,0.0,0.0
38,43,4,0.0,0.0,0.0,0.0
108,99,4,0.0,0.0,0.0,0.0
421,454,2,0.0,0.0,0.0,0.0
844,493,4,0.0,0.0,0.0,0.0
573,226,1,0.0,0.0,0.0,0.0
47,273,4,0.0,0.0,0.0,0.0
700,405,5,0.0,0.0,0.0,0.0
920,371,4,0.0,0.0,0.0,0.0
52,135,1,0.0,0.0,0.0,0.0
444,246,5,0.0,0.0,0.0,0.0
546,136,1,0.0,0.0,0.0,0.0
490,266,2,0.0,0.0,0.0,0.0
784,346,5,0.0,0.0,0.0,0.0
22,419,1,0.0,0.0,0.0,0.0
99,371,1,0.0,0.0,0.0,0.0
115,456,5,0.0,0.0,0.0,0.0
988,238,3,0.0,0.0,0.0,0.0
494,306,2,0.0,0.0,0.0,0.0
661,467,3,0.0,0.0,0.0,0.0
672,234,2,0.0,0.0,0.0,0.0
500,75,4,0.0,0.0,0.0,0.0
269,41,2,0.0,0.0,0.0,0.0
94,159,4,0.0,0.0,0.0,0.0
442,97,3,0.0,0.0,0.0,0.0
999,305,3,0.0,0.0,0.0,0.0
666,217,1,0.0,0.0,0.0,0.0
358,390,2,0.0,0.0,0.0,0.0
965,118,4,0.0,0.0,0.0,0.0
587,474,5,0.0,0.0,0.0,0.0
669,364,5,0.0,0.0,0.0,0.0
768,471,2,0.0,0.0,0.0,0.0
873,341,5,0.0,0.0,0.0,0.0
345,375,4,0.0,0.0,0.0,0.0
819,319,1,0.0,0.0,0.0,0.0
522,158,4,1.0,0.0,0.0,0.0
766,373,4,0.0,0.0,0.0,0.0
467,255,2,0.0,0.0,0.0,0.0
131,375,4,0.0,0.0,0.0,0.0
631,112,4,0.0,0.0,0.0,0.0
320,47,4,0.0,0.0,0.0,0.0
999,364,5,0.0,0.0,0.0,0.0
117,367,4,0.0,0.0,0.0,0.0
193,155,3,0.0,0.0,0.0,0.0
744,115,5,0.0,0.0,0.0,0.0
966,115,4,0.0,0.0,0.0,0.0
104,348,2,0.0,0.0,0.0,0.0
977,132,2,0.0,0.0,0.0,1.0
147,456,3,0.0,0.0,0.0,0.0
73,371,5,0.0,0.0,0.0,0.0
133,199,2,0.0,0.0,0.0,0.0
879,215,5,0.0,0.0,0.0,0.0
737,169,5,0.0,0.0,0.0,0.0
853,163,3,0.0,0.0,0.0,0.0
907,376,3,0.0,0.0,0.0,0.0
968,127,3,0.0,0.0,0.0,0.0
843,192,1,1.0,1.0,0.0,0.0
712,126,1,0.0,0.0,0.0,0.0
88,186,2,0.0,0.0,0.0,0.0
669,156,5,0.0,0.0,0.0,0.0
581,207,3,0.0,0.0,0.0,0.0
166,34,2,0.0,0.0,0.0,0.0
373,424,1,0.0,0.0,0.0,0.0
964,355,4,0.0,0.0,0.0,0.0
970,22,4,0.0,0.0,0.0,0.0
475,323,4,0.0,0.0,0.0,0.0
384,215,1,0.0,0.0,0.0,0.0
610,441,4,0.0,0.0,0.0,0.0
116,396,3,1.0,0.0,0.0,0.0
1,211,3,0.0,0.0,0.0,0.0
911,179,1,0.0,0.0,0.0,0.0
905,286,4,0.0,0.0,0.0,0.0
686,148,3,0.0,0.0,0.0,0.0
579,2,1,0.0,0.0,0.0,0.0
985,389,1,0.0,0.0,0.0,0.0
480,489,2,0.0,0.0,0.0,0.0
869,49,5,0.0,0.0,0.0,0.0
783,371,2,0.0,0.0,0.0,0.0
621,120,4,1.0,0.0,0.0,0.0
74,105,3,0.0,0.0,0.0,0.0
686,434,2,0.0,0.0,0.0,0.0
553,244,3,0.0,0.0,0.0,0.0
771,213,2,1.0,0.0,0.0,0.0
318,406,4,0.0,0.0,0.0,0.0
178,264,4,0.0,0.0,0.0,0.0
900,155,4,0.0,0.0,0.0,0.0
331,94,1,0.0,0.0,0.0,0.0
558,426,2,0.0,0.0,0.0,0.0
217,341,5,0.0,0.0,0.0,0.0
231,291,2,0.0,0.0,0.0,0.0
254,203,2,0.0,0.0,0.0,0.0
160,45,4,0.0,0.0,0.0,0.0
333,55,1,0.0,0.0,0.0,0.0
483,499,3,0.0,0.0,0.0,0.0
571,480,5,0.0,0.0,0.0,0.0
88,347,2,0.0,0.0,0.0,0.0
477,279,3,0.0,0.0,0.0,0.0
325,366,3,0.0,0.0,0.0,0.0
171,349,5,0.0,0.0,0.0,0.0
258,197,5,1.0,1.0,0.0,0.0
995,340,3,0.0,0.0,0.0,0.0
886,332,5,1.0,1.0,0.0,0.0
736,367,5,0.0,0.0,0.0,0.0
85,107,5,0.0,0.0,0.0,0.0
436,224,3,0.0,0.0,0.0,0.0
631,36,1,0.0,0.0,0.0,0.0
748,169,2,0.0,0.0,0.0,0.0
985,412,1,0.0,0.0,0.0,0.0
757,41,3,0.0,0.0,0.0,0.0
207,45,2,0.0,0.0,0.0,0.0
102,339,4,0.0,0.0,0.0,0.0
768,350,2,0.0,0.0,0.0,0.0
820,87,1,0.0,0.0,0.0,0.0
68,490,1,0.0,0.0,0.0,0.0
111,222,3,0.0,0.0,0.0,0.0
278,128,4,0.0,0.0,0.0,0.0
141,254,3,0.0,0.0,0.0,0.0
592,111,1,0.0,0.0,0.0,0.0
412,48,3,1.0,0.0,0.0,0.0
476,391,5,0.0,0.0,0.0,1.0
316,272,4,0.0,0.0,0.0,0.0
112,192,3,0.0,0.0,0.0,0.0
974,34,5,0.0,0.0,0.0,0.0
708,209,5,0.0,0.0,0.0,0.0
141,303,5,0.0,0.0,0.0,0.0
872,371,3,0.0,0.0,0.0,0.0
711,201,3,0.0,0.0,0.0,0.0
504,365,5,0.0,0.0,0.0,0.0
229,124,4,0.0,0.0,0.0,0.0
76,190,1,0.0,0.0,0.0,0.0
18,498,5,0.0,0.0,0.0,0.0
576,402,1,0.0,0.0,0.0,0.0
630,245,4,0.0,0.0,0.0,0.0
449,60,2,0.0,0.0,0.0,0.0
216,254,5,0.0,0.0,0.0,0.0
847,320,1,0.0,0.0,0.0,0.0
70,254,2,0.0,0.0,0.0,0.0
476,56,1,1.0,0.0,0.0,0.0
460,28,4,0.0,0.0,0.0,0.0
505,426,5,0.0,0.0,0.0,0.0
79,342,4,2.0,1.0,0.0,0.0
612,212,1,0.0,0.0,0.0,0.0
320,226,5,0.0,0.0,0.0,0.0
125,45,5,0.0,0.0,0.0,0.0
948,196,1,0.0,0.0,0.0,0.0
526,179,5,0.0,0.0,0.0,0.0
779,393,4,1.0,1.0,0.0,0.0
383,22,5,0.0,0.0,0.0,0.0
621,51,2,0.0,0.0,0.0,0.0
292,274,2,0.0,0.0,0.0,0.0
856,111,3,0.0,0.0,0.0,0.0
593,231,2,0.0,0.0,0.0,0.0
756,299,1,0.0,0.0,0.0,0.0
898,124,4,0.0,0.0,0.0,0.0
584,203,5,0.0,0.0,0.0,0.0
842,214,2,0.0,0.0,0.0,0.0
987,102,1,0.0,0.0,0.0,0.0
788,93,5,0.0,0.0,0.0,0.0
597,470,5,0.0,0.0,0.0,0.0
658,363,2,0.0,0.0,0.0,0.0
410,284,1,0.0,0.0,0.0,0.0
126,90,1,0.0,0.0,0.0,0.0
525,52,4,0.0,0.0,0.0,0.0
720,490,3,0.0,0.0,0.0,0.0
329,302,1,0.0,0.0,0.0,0.0
581,381,5,0.0,0.0,0.0,0.0
143,234,2,0.0,0.0,0.0,0.0
531,454,1,0.0,0.0,0.0,0.0
329,360,4,0.0,0.0,0.0,0.0
149,499,1,1.0,0.0,0.0,0.0
517,101,4,0.0,0.0,0.0,0.0
426,385,2,0.0,0.0,0.0,0.0
290,429,1,0.0,0.0,0.0,0.0
423,250,4,0.0,0.0,0.0,0.0
827,491,5,0.0,0.0,0.0,0.0
368,349,3,0.0,0.0,0.0,0.0
41,204,1,1.0,0.0,0.0,0.0
564,349,3,1.0,0.0,0.0,0.0
375,465,1,0.0,0.0,0.0,0.0
863,492,3,1.0,0.0,0.0,0.0
576,388,1,1.0,1.0,0.0,0.0
295,300,1,0.0,0.0,0.0,0.0
662,474,5,1.0,0.0,0.0,0.0
940,278,3,0.0,0.0,0.0,0.0
336,32,3,0.0,0.0,0.0,0.0
488,427,1,0.0,0.0,0.0,0.0
272,66,5,0.0,0.0,0.0,0.0
512,124,5,1.0,1.0,0.0,0.0
837,213,2,1.0,1.0,0.0,0.0
758,223,1,0.0,0.0,0.0,0.0
651,169,5,0.0,0.0,0.0,1.0
287,90,2,0.0,0.0,0.0,0.0
45,435,4,0.0,0.0,0.0,0.0
929,380,4,0.0,0.0,0.0,0.0
443,295,4,0.0,0.0,0.0,0.0
330,304,5,0.0,0.0,0.0,0.0
179,192,3,1.0,0.0,0.0,0.0
631,394,1,0.0,0.0,0.0,0.0
597,57,3,0.0,0.0,0.0,0.0
264,455,4,0.0,0.0,0.0,0.0
111,115,1,0.0,0.0,0.0,0.0
262,285,5,0.0,0.0,0.0,0.0
704,286,3,0.0,0.0,0.0,0.0
853,149,3,0.0,0.0,0.0,0.0
720,16,1,0.0,0.0,0.0,0.0
99,391,1,0.0,0.0,0.0,0.0
484,499,4,0.0,0.0,0.0,0.0
244,319,3,0.0,0.0,0.0,0.0
408,319,5,0.0,0.0,0.0,0.0
882,298,1,0.0,0.0,0.0,0.0
533,144,1,0.0,0.0,0.0,0.0
918,262,4,0.0,0.0,0.0,0.0
209,218,1,0.0,0.0,0.0,0.0
735,156,5,0.0,0.0,0.0,0.0
171,465,2,0.0,0.0,0.0,0.0
507,377,1,0.0,0.0,0.0,0.0
890,181,5,0.0,0.0,0.0,0.0
413,254,1,0.0,0.0,0.0,0.0
996,494,4,0.0,0.0,0.0,0.0
641,378,3,0.0,0.0,0.0,0.0
338,83,5,0.0,0.0,0.0,0.0
795,50,3,0.0,0.0,0.0,0.0
288,60,4,0.0,0.0,0.0,0.0
764,214,3,0.0,0.0,0.0,0.0
777,395,1,0.0,0.0,0.0,0.0
754,162,2,0.0,0.0,0.0,0.0
268,39,4,0.0,0.0,0.0,0.0
984,119,1,0.0,0.0,0.0,0.0
396,345,1,0.0,0.0,0.0,0.0
490,68,3,0.0,0.0,0.0,0.0
755,174,4,0.0,0.0,0.0,0.0
465,371,1,1.0,0.0,1.0,0.0
928,85,4,0.0,0.0,0.0,0.0
710,33,3,0.0,0.0,0.0,0.0
406,492,3,0.0,0.0,0.0,0.0
175,97,3,1.0,0.0,0.0,0.0
526,319,3,0.0,0.0,0.0,0.0
991,157,4,0.0,0.0,0.0,0.0
87,369,5,1.0,0.0,0.0,0.0
711,329,1,0.0,0.0,0.0,0.0
717,295,2,1.0,0.0,1.0,0.0
471,183,3,0.0,0.0,0.0,0.0
253,250,2,0.0,0.0,0.0,0.0
671,193,1,0.0,0.0,0.0,0.0
923,77,4,0.0,0.0,0.0,1.0
656,88,5,2.0,0.0,0.0,0.0
131,170,1,0.0,0.0,0.0,0.0
841,103,4,0.0,0.0,0.0,0.0
600,400,2,0.0,0.0,0.0,0.0
278,246,1,0.0,0.0,0.0,0.0
911,11,1,0.0,0.0,0.0,0.0
379,394,4,0.0,0.0,0.0,0.0
277,458,4,0.0,0.0,0.0,0.0
929,484,1,0.0,0.0,0.0,0.0
530,306,1,0.0,0.0,0.0,0.0
411,386,4,0.0,0.0,0.0,0.0
975,264,5,0.0,0.0,0.0,0.0
743,437,1,0.0,0.0,0.0,0.0
197,66,2,0.0,0.0,0.0,0.0
178,451,5,0.0,0.0,0.0,0.0
794,369,3,0.0,0.0,0.0,1.0
239,150,2,1.0,0.0,1.0,0.0
684,101,4,0.0,0.0,0.0,0.0
340,67,4,0.0,0.0,0.0,0.0
887,368,1,0.0,0.0,0.0,0.0
729,378,3,0.0,0.0,0.0,0.0
46,485,5,0.0,0.0,0.0,0.0
778,260,2,0.0,0.0,0.0,0.0
697,176,3,0.0,0.0,0.0,0.0
931,193,2,0.0,0.0,0.0,0.0
217,260,4,0.0,0.0,0.0,0.0
236,15,4,0.0,0.0,0.0,0.0
830,449,1,1.0,1.0,0.0,0.0
632,414,4,0.0,0.0,0.0,0.0
850,139,3,0.0,0.0,0.0,0.0
199,332,2,0.0,0.0,0.0,0.0
954,131,2,1.0,1.0,0.0,0.0
165,22,4,0.0,0.0,0.0,0.0
319,92,4,0.0,0.0,0.0,0.0
997,462,4,0.0,0.0,0.0,0.0
876,298,4,0.0,0.0,0.0,0.0
867,147,2,0.0,0.0,0.0,0.0
499,346,3,0.0,0.0,0.0,0.0
823,455,1,0.0,0.0,0.0,0.0
546,3,2,0.0,0.0,0.0,0.0
592,241,5,0.0,0.0,0.0,0.0
371,251,4,0.0,0.0,0.0,0.0
528,495,1,0.0,0.0,0.0,0.0
133,255,3,0.0,0.0,0.0,0.0
692,357,3,0.0,0.0,0.0,0.0
862,115,3,0.0,0.0,0.0,0.0
889,235,1,0.0,0.0,0.0,0.0
518,302,2,0.0,0.0,0.0,0.0
264,135,2,0.0,0.0,0.0,0.0
807,246,5,0.0,0.0,0.0,0.0
782,477,5,0.0,0.0,0.0,0.0
559,46,4,0.0,0.0,0.0,0.0
560,150,1,1.0,1.0,0.0,0.0
909,422,2,0.0,0.0,0.0,0.0
244,489,2,0.0,0.0,0.0,0.0
13,354,2,0.0,0.0,0.0,0.0
635,276,3,0.0,0.0,0.0,0.0
958,10,3,0.0,0.0,0.0,0.0
88,131,1,0.0,0.0,0.0,0.0
135,343,4,0.0,0.0,0.0,0.0
212,367,3,0.0,0.0,0.0,0.0
391,441,5,0.0,0.0,0.0,0.0
907,99,1,0.0,0.0,0.0,0.0
299,59,3,0.0,0.0,0.0,0.0
432,404,4,0.0,0.0,0.0,0.0
696,189,1,0.0,0.0,0.0,0.0
412,12,3,0.0,0.0,0.0,0.0
291,36,4,1.0,0.0,0.0,0.0
770,489,5,0.0,0.0,0.0,0.0
44,234,5,0.0,0.0,0.0,0.0
223,155,3,0.0,0.0,0.0,0.0
857,309,2,0.0,0.0,0.0,0.0
460,134,5,0.0,0.0,0.0,0.0
877,231,2,0.0,0.0,0.0,0.0
537,52,5,0.0,0.0,0.0,0.0
845,196,5,0.0,0.0,0.0,0.0
924,385,2,0.0,0.0,0.0,0.0
101,409,2,0.0,0.0,0.0,0.0
19,388,3,0.0,0.0,0.0,0.0
359,437,5,0.0,0.0,0.0,0.0
571,436,1,0.0,0.0,0.0,0.0
754,96,4,0.0,0.0,0.0,0.0
539,3,5,0.0,0.0,0.0,0.0
119,340,1,0.0,0.0,0.0,0.0
572,14,2,0.0,0.0,0.0,0.0
260,129,4,0.0,0.0,0.0,0.0
555,126,2,1.0,0.0,0.0,0.0
128,447,3,0.0,0.0,0.0,0.0
523,4,1,0.0,0.0,0.0,0.0
859,150,5,0.0,0.0,0.0,0.0
544,8,1,0.0,0.0,0.0,0.0
87,334,3,1.0,1.0,0.0,0.0
435,108,4,0.0,0.0,0.0,0.0
319,208,5,0.0,0.0,0.0,0.0
843,404,3,0.0,0.0,0.0,0.0
971,223,5,0.0,0.0,0.0,0.0
283,338,1,0.0,0.0,0.0,0.0
6,223,2,0.0,0.0,0.0,0.0
289,73,5,1.0,1.0,0.0,0.0
502,405,1,0.0,0.0,0.0,0.0
554,88,1,0.0,0.0,0.0,0.0
684,378,2,1.0,0.0,0.0,0.0
410,207,2,0.0,0.0,0.0,0.0
377,282,3,0.0,0.0,0.0,0.0
836,71,3,0.0,0.0,0.0,0.0
849,270,2,1.0,1.0,0.0,0.0
565,330,2,0.0,0.0,0.0,0.0
680,53,5,0.0,0.0,0.0,0.0
265,203,5,0.0,0.0,0.0,0.0
400,190,4,0.0,0.0,0.0,0.0
76,153,2,0.0,0.0,0.0,0.0
921,112,1,0.0,0.0,0.0,0.0
113,302,2,0.0,0.0,0.0,0.0
296,103,1,0.0,0.0,0.0,0.0
685,452,5,0.0,0.0,0.0,0.0
438,240,4,0.0,0.0,0.0,0.0
331,440,3,0.0,0.0,0.0,0.0
68,392,4,0.0,0.0,0.0,0.0
710,335,1,1.0,0.0,1.0,0.0
611,154,5,0.0,0.0,0.0,0.0
643,245,4,0.0,0.0,0.0,0.0
368,241,5,0.0,0.0,0.0,0.0
66,483,2,0.0,0.0,0.0,0.0
202,268,2,0.0,0.0,0.0,0.0
478,140,3,0.0,0.0,0.0,0.0
358,313,4,0.0,0.0,0.0,0.0
20,363,4,0.0,0.0,0.0,0.0
501,379,4,0.0,0.0,0.0,0.0
393,63,3,0.0,0.0,0.0,0.0
966,227,4,0.0,0.0,0.0,0.0
138,156,5,0.0,0.0,0.0,0.0
533,163,4,0.0,0.0,0.0,0.0
536,123,3,0.0,0.0,0.0,0.0
301,168,3,0.0,0.0,0.0,0.0
26,447,3,1.0,0.0,0.0,0.0
313,41,2,0.0,0.0,0.0,0.0
292,412,5,0.0,0.0,0.0,0.0
354,86,1,0.0,0.0,0.0,0.0
292,161,3,0.0,0.0,0.0,0.0
3,47,4,0.0,0.0,0.0,0.0
522,21,5,0.0,0.0,0.0,0.0
969,84,3,0.0,0.0,0.0,0.0
285,136,3,0.0,0.0,0.0,0.0
512,5,1,0.0,0.0,0.0,0.0
290,60,2,0.0,0.0,0.0,0.0
413,73,2,0.0,0.0,0.0,0.0
111,423,5,0.0,0.0,0.0,1.0
4,221,4,0.0,0.0,0.0,0.0
86,432,2,0.0,0.0,0.0,0.0
410,286,1,0.0,0.0,0.0,0.0
410,358,4,0.0,0.0,0.0,0.0
879,491,4,0.0,0.0,0.0,0.0
375,408,4,0.0,0.0,0.0,0.0
236,128,4,0.0,0.0,0.0,0.0
626,489,5,0.0,0.0,0.0,0.0
405,465,1,0.0,0.0,0.0,0.0
612,206,1,0.0,0.0,0.0,0.0
13,420,5,0.0,0.0,0.0,0.0
937,364,3,0.0,0.0,0.0,0.0
65,105,1,1.0,0.0,0.0,0.0
312,110,3,0.0,0.0,0.0,0.0
4,245,4,0.0,0.0,0.0,0.0
477,66,4,0.0,0.0,0.0,0.0
719,308,4,0.0,0.0,0.0,0.0
564,276,1,0.0,0.0,0.0,0.0
166,49,2,0.0,0.0,0.0,0.0
882,123,1,0.0,0.0,0.0,0.0
795,22,2,0.0,0.0,0.0,0.0
677,85,1,0.0,0.0,0.0,0.0
180,84,2,0.0,0.0,0.0,0.0
804,242,3,0.0,0.0,0.0,0.0
383,105,5,0.0,0.0,0.0,0.0
479,285,5,0.0,0.0,0.0,0.0
781,426,4,0.0,0.0,0.0,0.0
423,60,5,0.0,0.0,0.0,0.0
642,82,1,0.0,0.0,0.0,0.0
811,223,2,0.0,0.0,0.0,0.0
807,87,4,0.0,0.0,0.0,0.0
467,162,2,1.0,0.0,1.0,0.0
905,15,1,0.0,0.0,0.0,0.0
354,372,5,0.0,0.0,0.0,0.0
228,459,1,0.0,0.0,0.0,0.0
939,176,1,0.0,0.0,0.0,0.0
434,447,5,0.0,0.0,0.0,1.0
952,396,1,0.0,0.0,0.0,0.0
659,428,1,0.0,0.0,0.0,0.0
888,117,5,0.0,0.0,0.0,0.0
230,326,2,0.0,0.0,0.0,0.0
218,421,4,0.0,0.0,0.0,0.0
64,19,5,0.0,0.0,0.0,1.0
966,396,1,0.0,0.0,0.0,0.0
93,465,1,0.0,0.0,0.0,0.0
205,79,4,0.0,0.0,0.0,0.0
231,417,2,1.0,1.0,0.0,0.0
918,72,5,0.0,0.0,0.0,0.0
460,155,4,0.0,0.0,0.0,0.0
802,316,1,0.0,0.0,0.0,0.0
352,121,3,0.0,0.0,0.0,1.0
833,238,4,0.0,0.0,0.0,0.0
608,412,3,0.0,0.0,0.0,0.0
725,228,3,0.0,0.0,0.0,0.0
226,46,3,0.0,0.0,0.0,0.0
872,446,3,0.0,0.0,0.0,0.0
262,395,4,0.0,0.0,0.0,0.0
947,223,4,0.0,0.0,0.0,0.0
530,88,4,0.0,0.0,0.0,0.0
399,428,3,0.0,0.0,0.0,0.0
908,268,2,0.0,0.0,0.0,0.0
867,326,3,1.0,0.0,0.0,0.0
106,262,5,1.0,0.0,1.0,0.0
124,253,4,0.0,0.0,0.0,0.0
184,267,5,0.0,0.0,0.0,0.0
141,108,4,0.0,0.0,0.0,0.0
416,310,1,0.0,0.0,0.0,0.0
145,71,1,0.0,0.0,0.0,0.0
944,391,3,0.0,0.0,0.0,0.0
136,89,2,0.0,0.0,0.0,0.0
44,392,4,0.0,0.0,0.0,0.0
758,94,3,0.0,0.0,0.0,0.0
297,68,4,0.0,0.0,0.0,0.0
708,337,5,0.0,0.0,0.0,0.0
778,243,5,0.0,0.0,0.0,0.0
218,101,4,0.0,0.0,0.0,0.0
148,259,5,1.0,1.0,0.0,0.0
940,172,4,0.0,0.0,0.0,0.0
190,323,5,0.0,0.0,0.0,0.0
978,206,4,0.0,0.0,0.0,0.0
469,343,1,0.0,0.0,0.0,0.0
106,434,3,0.0,0.0,0.0,0.0
871,221,3,0.0,0.0,0.0,0.0
378,299,5,0.0,0.0,0.0,0.0
662,53,3,0.0,0.0,0.0,0.0
380,120,3,0.0,0.0,0.0,0.0
319,282,3,1.0,0.0,0.0,0.0
22,403,2,1.0,1.0,0.0,0.0
681,298,2,0.0,0.0,0.0,0.0
323,255,2,0.0,0.0,0.0,0.0
309,217,2,0.0,0.0,0.0,0.0
993,318,3,0.0,0.0,0.0,0.0
927,321,5,0.0,0.0,0.0,0.0
379,351,3,1.0,0.0,1.0,0.0
19,474,4,0.0,0.0,0.0,0.0
112,283,2,0.0,0.0,0.0,0.0
558,140,3,0.0,0.0,0.0,0.0
60,150,2,0.0,0.0,0.0,0.0
65,275,4,0.0,0.0,0.0,0.0
492,464,2,0.0,0.0,0.0,0.0
931,340,1,0.0,0.0,0.0,0.0
997,128,4,0.0,0.0,0.0,0.0
639,287,4,0.0,0.0,0.0,0.0
408,28,5,0.0,0.0,0.0,0.0
326,209,3,0.0,0.0,0.0,0.0
465,262,1,0.0,0.0,0.0,0.0
349,188,3,0.0,0.0,0.0,0.0
745,163,2,0.0,0.0,0.0,0.0
673,62,2,0.0,0.0,0.0,0.0
932,42,1,0.0,0.0,0.0,0.0
875,317,2,0.0,0.0,0.0,0.0
694,372,3,0.0,0.0,0.0,0.0
654,22,3,0.0,0.0,0.0,0.0
454,74,5,0.0,0.0,0.0,0.0
797,108,3,0.0,0.0,0.0,0.0
877,321,3,0.0,0.0,0.0,0.0
388,303,3,0.0,0.0,0.0,0.0
113,224,3,0.0,0.0,0.0,0.0
174,157,5,1.0,0.0,0.0,0.0
569,298,5,1.0,0.0,0.0,0.0
102,403,5,0.0,0.0,0.0,0.0
663,343,1,0.0,0.0,0.0,0.0
809,458,2,0.0,0.0,0.0,0.0
220,226,5,0.0,0.0,0.0,0.0
876,488,4,0.0,0.0,0.0,0.0
448,141,2,0.0,0.0,0.0,0.0
66,171,5,0.0,0.0,0.0,0.0
137,296,2,0.0,0.0,0.0,0.0
831,199,4,0.0,0.0,0.0,0.0
981,171,1,0.0,0.0,0.0,0.0
635,291,5,0.0,0.0,0.0,0.0
618,161,1,0.0,0.0,0.0,0.0
860,427,2,0.0,0.0,0.0,0.0
853,311,2,0.0,0.0,0.0,0.0
940,338,5,0.0,0.0,0.0,0.0
590,468,5,1.0,0.0,0.0,0.0
536,461,1,0.0,0.0,0.0,0.0
260,292,5,0.0,0.0,0.0,0.0
42,392,2,0.0,0.0,0.0,0.0
103,382,5,0.0,0.0,0.0,0.0
401,200,5,0.0,0.0,0.0,0.0
417,278,3,0.0,0.0,0.0,0.0
59,44,3,0.0,0.0,0.0,0.0
297,32,2,0.0,0.0,0.0,0.0
317,317,3,0.0,0.0,0.0,0.0
218,15,4,0.0,0.0,0.0,0.0
973,231,4,1.0,0.0,0.0,0.0
71,290,4,0.0,0.0,0.0,0.0
107,370,1,0.0,0.0,0.0,0.0
705,496,3,0.0,0.0,0.0,0.0
82,78,5,0.0,0.0,0.0,0.0
723,343,2,0.0,0.0,0.0,0.0
894,76,5,0.0,0.0,0.0,0.0
575,286,5,1.0,0.0,0.0,0.0
919,238,5,0.0,0.0,0.0,0.0
414,152,3,0.0,0.0,0.0,0.0
859,418,4,0.0,0.0,0.0,0.0
282,336,3,0.0,0.0,0.0,0.0
143,492,2,0.0,0.0,0.0,0.0
175,336,4,0.0,0.0,0.0,0.0
973,184,2,0.0,0.0,0.0,0.0
540,54,5,0.0,0.0,0.0,0.0
992,211,1,0.0,0.0,0.0,0.0
46,361,4,0.0,0.0,0.0,0.0
47,354,4,0.0,0.0,0.0,0.0
958,43,5,0.0,0.0,0.0,0.0
965,238,1,0.0,0.0,0.0,0.0
294,46,5,0.0,0.0,0.0,0.0
356,2,2,0.0,0.0,0.0,0.0
914,145,1,1.0,0.0,0.0,0.0
857,170,2,0.0,0.0,0.0,0.0
61,189,1,1.0,0.0,0.0,0.0
807,357,2,1.0,1.0,0.0,0.0
678,398,5,0.0,0.0,0.0,0.0
588,174,4,0.0,0.0,0.0,0.0
632,265,4,1.0,1.0,0.0,0.0
3,275,5,0.0,0.0,0.0,0.0
121,222,3,0.0,0.0,0.0,0.0
529,76,4,0.0,0.0,0.0,0.0
41,40,5,0.0,0.0,0.0,0.0
433,34,1,0.0,0.0,0.0,0.0
634,53,3,0.0,0.0,0.0,0.0
259,277,3,0.0,0.0,0.0,0.0
60,118,1,0.0,0.0,0.0,0.0
873,393,2,0.0,0.0,0.0,0.0
167,14,5,0.0,0.0,0.0,0.0
446,459,1,0.0,0.0,0.0,0.0
991,453,1,0.0,0.0,0.0,0.0
737,166,1,0.0,0.0,0.0,0.0
95,53,5,0.0,0.0,0.0,0.0
56,439,2,0.0,0.0,0.0,0.0
181,203,1,0.0,0.0,0.0,0.0
466,429,2,0.0,0.0,0.0,0.0
378,46,3,0.0,0.0,0.0,0.0
693,328,4,0.0,0.0,0.0,0.0
358,121,1,0.0,0.0,0.0,0.0
771,445,1,0.0,0.0,0.0,0.0
846,414,2,1.0,0.0,0.0,0.0
579,294,5,0.0,0.0,0.0,0.0
701,332,1,0.0,0.0,0.0,1.0
189,394,3,0.0,0.0,0.0,0.0
680,429,5,0.0,0.0,0.0,0.0
666,46,1,0.0,0.0,0.0,0.0
687,431,3,0.0,0.0,0.0,0.0
70,50,4,0.0,0.0,0.0,0.0
777,46,1,0.0,0.0,0.0,0.0
606,445,1,0.0,0.0,0.0,0.0
393,268,3,0.0,0.0,0.0,0.0
288,43,3,0.0,0.0,0.0,0.0
745,491,1,0.0,0.0,0.0,0.0
145,25,1,1.0,0.0,0.0,0.0
780,272,3,0.0,0.0,0.0,0.0
213,207,5,0.0,0.0,0.0,0.0
768,218,1,0.0,0.0,0.0,0.0
583,370,5,0.0,0.0,0.0,0.0
161,99,1,1.0,0.0,1.0,0.0
105,80,2,0.0,0.0,0.0,0.0
318,19,2,0.0,0.0,0.0,0.0
467,482,5,0.0,0.0,0.0,0.0
234,85,3,0.0,0.0,0.0,0.0
521,358,3,0.0,0.0,0.0,0.0
58,91,1,0.0,0.0,0.0,0.0
120,183,4,0.0,0.0,0.0,0.0
646,382,3,0.0,0.0,0.0,0.0
662,463,1,0.0,0.0,0.0,0.0
693,154,5,0.0,0.0,0.0,0.0
274,98,2,0.0,0.0,0.0,0.0
234,141,2,0.0,0.0,0.0,0.0
720,443,3,0.0,0.0,0.0,0.0
88,152,3,0.0,0.0,0.0,0.0
748,13,2,0.0,0.0,0.0,0.0
212,304,4,0.0,0.0,0.0,0.0
407,442,4,0.0,0.0,0.0,0.0
474,397,4,0.0,0.0,0.0,0.0
771,377,1,0.0,0.0,0.0,0.0
775,216,4,0.0,0.0,0.0,0.0
567,447,5,0.0,0.0,0.0,0.0
923,201,3,0.0,0.0,0.0,0.0
999,230,2,0.0,0.0,0.0,0.0
620,362,1,1.0,1.0,0.0,0.0
899,266,2,0.0,0.0,0.0,0.0
378,203,3,0.0,0.0,0.0,0.0
969,477,1,1.0,0.0,0.0,0.0
579,239,4,0.0,0.0,0.0,0.0
313,197,2,0.0,0.0,0.0,0.0
419,470,5,1.0,1.0,0.0,0.0
918,334,4,1.0,0.0,0.0,0.0
451,143,1,0.0,0.0,0.0,0.0
778,101,5,1.0,1.0,0.0,0.0
59,271,2,0.0,0.0,0.0,0.0
19,179,5,0.0,0.0,0.0,0.0
580,209,5,0.0,0.0,0.0,0.0
732,83,4,0.0,0.0,0.0,0.0
137,421,1,0.0,0.0,0.0,0.0
947,221,2,0.0,0.0,0.0,0.0
45,39,2,0.0,0.0,0.0,0.0
364,457,1,0.0,0.0,0.0,0.0
232,305,1,0.0,0.0,0.0,0.0
89,245,4,0.0,0.0,0.0,0.0
791,401,1,1.0,0.0,0.0,0.0
572,4,5,0.0,0.0,0.0,0.0
151,208,4,0.0,0.0,0.0,0.0
109,385,2,0.0,0.0,0.0,0.0
430,434,1,0.0,0.0,0.0,0.0
742,14,4,0.0,0.0,0.0,0.0
316,19,4,0.0,0.0,0.0,0.0
440,324,1,0.0,0.0,0.0,0.0
112,458,2,0.0,0.0,0.0,0.0
785,59,1,0.0,0.0,0.0,0.0
762,130,5,1.0,0.0,0.0,0.0
721,59,3,0.0,0.0,0.0,0.0
181,396,5,0.0,0.0,0.0,0.0
532,77,3,0.0,0.0,0.0,0.0
317,257,1,2.0,0.0,1.0,0.0
404,97,2,0.0,0.0,0.0,0.0
736,303,2,0.0,0.0,0.0,0.0
29,140,5,0.0,0.0,0.0,0.0
584,498,2,0.0,0.0,0.0,0.0
925,126,1,0.0,0.0,0.0,0.0
484,411,4,1.0,0.0,0.0,0.0
240,275,2,0.0,0.0,0.0,0.0
668,287,3,0.0,0.0,0.0,0.0
344,291,2,0.0,0.0,0.0,0.0
882,4,3,0.0,0.0,0.0,0.0
382,130,4,0.0,0.0,0.0,0.0
591,427,3,0.0,0.0,0.0,0.0
677,319,3,0.0,0.0,0.0,0.0
868,357,1,0.0,0.0,0.0,0.0
461,355,1,0.0,0.0,0.0,0.0
837,135,2,0.0,0.0,0.0,0.0
825,375,2,1.0,1.0,0.0,0.0
512,291,5,0.0,0.0,0.0,0.0
983,420,2,0.0,0.0,0.0,0.0
784,336,3,0.0,0.0,0.0,0.0
28,468,3,0.0,0.0,0.0,0.0
180,13,2,1.0,0.0,0.0,0.0
665,179,2,0.0,0.0,0.0,0.0
498,424,5,0.0,0.0,0.0,0.0
823,61,4,1.0,1.0,0.0,0.0
675,222,3,0.0,0.0,0.0,0.0
193,81,3,0.0,0.0,0.0,0.0
729,394,3,0.0,0.0,0.0,0.0
301,138,5,0.0,0.0,0.0,0.0
497,222,5,0.0,0.0,0.0,0.0
723,101,3,0.0,0.0,0.0,0.0
585,490,2,0.0,0.0,0.0,0.0
984,422,2,0.0,0.0,0.0,0.0
136,189,1,0.0,0.0,0.0,0.0
276,111,1,0.0,0.0,0.0,0.0
567,299,1,0.0,0.0,0.0,0.0
23,182,1,0.0,0.0,0.0,0.0
154,40,5,0.0,0.0,0.0,0.0
369,165,4,1.0,1.0,0.0,0.0
746,122,5,0.0,0.0,0.0,0.0
13,428,2,0.0,0.0,0.0,0.0
931,229,2,0.0,0.0,0.0,0.0
956,276,5,0.0,0.0,0.0,0.0
336,384,3,0.0,0.0,0.0,0.0
526,361,1,0.0,0.0,0.0,0.0
384,116,3,0.0,0.0,0.0,0.0
354,223,4,1.0,1.0,0.0,0.0
103,488,1,0.0,0.0,0.0,0.0
265,270,3,0.0,0.0,0.0,0.0
565,468,1,0.0,0.0,0.0,0.0
911,117,3,0.0,0.0,0.0,0.0
676,191,2,0.0,0.0,0.0,0.0
303,169,3,0.0,0.0,0.0,0.0
70,216,1,0.0,0.0,0.0,0.0
991,294,2,1.0,0.0,1.0,0.0
213,80,3,0.0,0.0,0.0,0.0
920,489,3,0.0,0.0,0.0,0.0
533,422,4,0.0,0.0,0.0,0.0
234,12,5,0.0,0.0,0.0,0.0
58,26,1,0.0,0.0,0.0,0.0
386,491,1,0.0,0.0,0.0,0.0
995,21,2,0.0,0.0,0.0,0.0
179,420,2,0.0,0.0,0.0,0.0
642,251,4,0.0,0.0,0.0,0.0
645,330,5,0.0,0.0,0.0,0.0
32,223,5,0.0,0.0,0.0,0.0
933,277,2,0.0,0.0,0.0,0.0
67,208,4,0.0,0.0,0.0,0.0
116,404,2,1.0,0.0,0.0,0.0
800,92,2,0.0,0.0,0.0,0.0
129,197,4,0.0,0.0,0.0,0.0
225,457,3,0.0,0.0,0.0,0.0
665,486,4,0.0,0.0,0.0,0.0
742,336,1,0.0,0.0,0.0,0.0
913,25,3,0.0,0.0,0.0,0.0
728,353,2,0.0,0.0,0.0,0.0
826,144,5,0.0,0.0,0.0,0.0
897,92,5,0.0,0.0,0.0,0.0
205,407,5,0.0,0.0,0.0,0.0
526,146,4,0.0,0.0,0.0,0.0
972,54,1,0.0,0.0,0.0,0.0
605,425,4,0.0,0.0,0.0,0.0
260,353,1,0.0,0.0,0.0,0.0
452,246,5,1.0,1.0,0.0,0.0
568,430,5,0.0,0.0,0.0,0.0
3,408,4,0.0,0.0,0.0,0.0
595,222,5,1.0,1.0,0.0,0.0
778,457,5,0.0,0.0,0.0,0.0
750,426,2,0.0,0.0,0.0,0.0
986,391,5,0.0,0.0,0.0,0.0
132,130,5,0.0,0.0,0.0,0.0
469,135,2,0.0,0.0,0.0,0.0
564,353,2,0.0,0.0,0.0,0.0
3,362,2,0.0,0.0,0.0,0.0
219,157,5,0.0,0.0,0.0,0.0
796,428,4,1.0,0.0,0.0,0.0
510,255,1,0.0,0.0,0.0,0.0
166,471,5,0.0,0.0,0.0,0.0
194,95,5,0.0,0.0,0.0,0.0
621,135,4,0.0,0.0,0.0,0.0
445,36,2,0.0,0.0,0.0,0.0
868,14,2,0.0,0.0,0.0,0.0
368,91,5,0.0,0.0,0.0,0.0
385,6,3,1.0,1.0,0.0,0.0
476,2,4,0.0,0.0,0.0,0.0
1000,70,2,0.0,0.0,0.0,0.0
354,274,3,0.0,0.0,0.0,0.0
329,238,1,0.0,0.0,0.0,0.0
54,463,3,0.0,0.0,0.0,0.0
572,17,2,0.0,0.0,0.0,0.0
757,282,1,0.0,0.0,0.0,0.0
186,40,5,0.0,0.0,0.0,0.0
504,255,2,0.0,0.0,0.0,0.0
914,362,2,0.0,0.0,0.0,0.0
837,376,4,0.0,0.0,0.0,0.0
743,440,1,0.0,0.0,0.0,0.0
707,168,3,0.0,0.0,0.0,0.0
787,181,1,1.0,0.0,1.0,0.0
650,49,1,0.0,0.0,0.0,0.0
406,445,4,0.0,0.0,0.0,0.0
538,466,1,0.0,0.0,0.0,0.0
136,143,4,0.0,0.0,0.0,0.0
71,364,5,0.0,0.0,0.0,0.0
740,466,5,0.0,0.0,0.0,0.0
752,245,1,0.0,0.0,0.0,0.0
833,376,5,0.0,0.0,0.0,0.0
927,320,2,0.0,0.0,0.0,0.0
613,361,1,0.0,0.0,0.0,0.0
680,8,3,0.0,0.0,0.0,0.0
591,299,2,0.0,0.0,0.0,0.0
767,332,4,0.0,0.0,0.0,0.0
522,124,1,0.0,0.0,0.0,0.0
252,407,3,0.0,0.0,0.0,0.0
372,87,5,0.0,0.0,0.0,0.0
573,221,1,0.0,0.0,0.0,0.0
732,280,3,0.0,0.0,0.0,0.0
836,17,1,0.0,0.0,0.0,0.0
621,469,1,0.0,0.0,0.0,0.0
555,200,2,1.0,0.0,0.0,0.0
636,387,4,0.0,0.0,0.0,0.0
117,60,1,0.0,0.0,0.0,0.0
323,70,1,0.0,0.0,0.0,0.0
286,294,4,0.0,0.0,0.0,0.0
738,474,1,0.0,0.0,0.0,0.0
683,88,3,0.0,0.0,0.0,0.0
105,66,1,0.0,0.0,0.0,0.0
774,209,1,0.0,0.0,0.0,0.0
912,62,4,0.0,0.0,0.0,0.0
728,412,2,1.0,0.0,0.0,0.0
670,220,1,0.0,0.0,0.0,0.0
208,52,1,0.0,0.0,0.0,0.0
702,361,3,0.0,0.0,0.0,0.0
837,440,4,0.0,0.0,0.0,0.0
185,169,2,0.0,0.0,0.0,0.0
344,400,5,0.0,0.0,0.0,0.0
502,122,3,0.0,0.0,0.0,0.0
537,417,1,0.0,0.0,0.0,0.0
373,333,5,0.0,0.0,0.0,0.0
893,414,2,1.0,1.0,0.0,0.0
868,287,3,0.0,0.0,0.0,0.0
658,149,1,0.0,0.0,0.0,0.0
69,233,3,0.0,0.0,0.0,0.0
713,489,4,0.0,0.0,0.0,0.0
522,44,4,0.0,0.0,0.0,0.0
928,413,2,0.0,0.0,0.0,0.0
765,384,5,0.0,0.0,0.0,0.0
877,153,3,0.0,0.0,0.0,0.0
854,162,1,0.0,0.0,0.0,0.0
756,45,1,0.0,0.0,0.0,1.0
591,220,4,0.0,0.0,0.0,0.0
479,469,3,0.0,0.0,0.0,0.0
916,14,5,0.0,0.0,0.0,0.0
83,304,3,0.0,0.0,0.0,0.0
666,427,1,0.0,0.0,0.0,0.0
534,160,1,2.0,1.0,0.0,0.0
530,466,5,0.0,0.0,0.0,0.0
484,173,4,0.0,0.0,0.0,0.0
806,468,4,0.0,0.0,0.0,0.0
670,119,3,0.0,0.0,0.0,0.0
267,187,2,0.0,0.0,0.0,0.0
623,234,2,0.0,0.0,0.0,0.0
507,38,4,0.0,0.0,0.0,0.0
817,500,4,0.0,0.0,0.0,0.0
918,269,2,0.0,0.0,0.0,0.0
181,448,1,0.0,0.0,0.0,0.0
41,381,3,0.0,0.0,0.0,0.0
47,468,5,0.0,0.0,0.0,0.0
156,380,4,0.0,0.0,0.0,0.0
877,28,2,0.0,0.0,0.0,0.0
925,398,5,0.0,0.0,0.0,0.0
519,447,2,1.0,0.0,1.0,0.0
122,59,1,0.0,0.0,0.0,0.0
775,408,2,0.0,0.0,0.0,0.0
91,44,4,0.0,0.0,0.0,1.0
20,324,4,0.0,0.0,0.0,0.0
384,491,1,0.0,0.0,0.0,0.0
510,159,1,0.0,0.0,0.0,0.0
544,349,4,0.0,0.0,0.0,0.0
972,447,4,0.0,0.0,0.0,0.0
636,4,4,0.0,0.0,0.0,0.0
330,112,1,0.0,0.0,0.0,0.0
823,340,2,0.0,0.0,0.0,0.0
875,226,3,0.0,0.0,0.0,0.0
922,260,5,0.0,0.0,0.0,0.0
67,267,4,0.0,0.0,0.0,0.0
223,15,1,0.0,0.0,0.0,0.0
379,326,5,0.0,0.0,0.0,0.0
39,421,5,0.0,0.0,0.0,0.0
993,406,5,1.0,1.0,0.0,0.0
182,407,1,0.0,0.0,0.0,0.0
744,31,4,0.0,0.0,0.0,0.0
835,148,3,0.0,0.0,0.0,0.0
513,95,3,0.0,0.0,0.0,0.0
881,441,4,0.0,0.0,0.0,0.0
586,418,4,0.0,0.0,0.0,0.0
414,384,5,0.0,0.0,0.0,0.0
478,399,5,0.0,0.0,0.0,0.0
666,106,4,1.0,0.0,0.0,0.0
428,87,3,0.0,0.0,0.0,0.0
636,305,4,0.0,0.0,0.0,0.0
7,65,4,0.0,0.0,0.0,0.0
618,356,3,0.0,0.0,0.0,0.0
364,231,4,0.0,0.0,0.0,0.0
443,186,3,0.0,0.0,0.0,0.0
972,459,1,0.0,0.0,0.0,0.0
322,23,3,0.0,0.0,0.0,0.0
68,243,4,0.0,0.0,0.0,0.0
723,256,3,0.0,0.0,0.0,0.0
606,333,2,0.0,0.0,0.0,0.0
48,372,1,0.0,0.0,0.0,0.0
987,317,3,0.0,0.0,0.0,0.0
867,5,5,0.0,0.0,0.0,0.0
899,68,4,0.0,0.0,0.0,0.0
984,75,2,0.0,0.0,0.0,0.0
750,192,3,1.0,0.0,0.0,0.0
126,408,5,0.0,0.0,0.0,0.0
717,500,4,0.0,0.0,0.0,0.0
512,354,4,1.0,0.0,0.0,0.0
625,125,5,1.0,1.0,0.0,0.0
303,171,2,0.0,0.0,0.0,0.0
828,461,2,0.0,0.0,0.0,1.0
971,263,5,1.0,0.0,0.0,0.0
205,16,4,0.0,0.0,0.0,0.0
71,416,4,0.0,0.0,0.0,0.0
733,105,1,0.0,0.0,0.0,0.0
531,241,1,0.0,0.0,0.0,0.0
511,90,4,0.0,0.0,0.0,0.0
885,4,5,0.0,0.0,0.0,0.0
106,464,3,0.0,0.0,0.0,0.0
827,332,4,0.0,0.0,0.0,0.0
789,181,1,0.0,0.0,0.0,0.0
40,493,5,0.0,0.0,0.0,0.0
33,286,3,0.0,0.0,0.0,0.0
618,307,4,1.0,0.0,0.0,0.0
992,237,4,0.0,0.0,0.0,0.0
16,49,3,0.0,0.0,0.0,1.0
239,478,2,0.0,0.0,0.0,0.0
560,352,1,0.0,0.0,0.0,0.0
589,158,5,0.0,0.0,0.0,0.0
483,194,3,0.0,0.0,0.0,0.0
800,252,3,0.0,0.0,0.0,0.0
66,84,5,0.0,0.0,0.0,0.0
730,442,1,0.0,0.0,0.0,0.0
836,353,5,0.0,0.0,0.0,0.0
14,256,2,0.0,0.0,0.0,0.0
677,14,1,0.0,0.0,0.0,0.0
173,31,1,0.0,0.0,0.0,0.0
813,127,1,0.0,0.0,0.0,0.0
881,345,5,0.0,0.0,0.0,0.0
305,430,4,0.0,0.0,0.0,0.0
531,285,5,1.0,0.0,0.0,0.0
476,423,2,0.0,0.0,0.0,0.0
717,346,4,0.0,0.0,0.0,0.0
437,29,1,0.0,0.0,0.0,0.0
392,282,4,0.0,0.0,0.0,0.0
824,383,2,0.0,0.0,0.0,0.0
174,449,2,1.0,1.0,0.0,0.0
913,285,1,0.0,0.0,0.0,0.0
867,288,4,0.0,0.0,0.0,0.0
199,246,4,1.0,0.0,1.0,0.0
668,50,2,0.0,0.0,0.0,0.0
831,65,3,0.0,0.0,0.0,0.0
745,96,5,1.0,0.0,0.0,0.0
751,2,1,0.0,0.0,0.0,0.0
441,430,4,0.0,0.0,0.0,0.0
251,41,5,0.0,0.0,0.0,0.0
440,169,3,0.0,0.0,0.0,0.0
38,186,1,0.0,0.0,0.0,0.0
638,498,2,1.0,0.0,0.0,0.0
713,153,3,0.0,0.0,0.0,0.0
272,424,2,0.0,0.0,0.0,0.0
550,1,2,0.0,0.0,0.0,0.0
725,391,1,0.0,0.0,0.0,0.0
525,389,4,0.0,0.0,0.0,0.0
450,65,4,0.0,0.0,0.0,0.0
685,299,4,0.0,0.0,0.0,0.0
588,418,4,0.0,0.0,0.0,0.0
168,239,1,0.0,0.0,0.0,0.0
37,171,5,0.0,0.0,0.0,0.0
470,491,4,0.0,0.0,0.0,0.0
96,238,2,0.0,0.0,0.0,0.0
915,289,2,0.0,0.0,0.0,0.0
196,137,5,0.0,0.0,0.0,0.0
26,123,2,0.0,0.0,0.0,0.0
499,418,4,0.0,0.0,0.0,0.0
73,322,2,1.0,0.0,1.0,0.0
414,231,4,0.0,0.0,0.0,0.0
2,219,1,0.0,0.0,0.0,0.0
468,270,5,0.0,0.0,0.0,0.0
40,261,2,0.0,0.0,0.0,0.0
567,234,4,0.0,0.0,0.0,0.0
32,499,4,0.0,0.0,0.0,0.0
91,289,3,0.0,0.0,0.0,0.0
254,408,1,0.0,0.0,0.0,0.0
734,24,5,0.0,0.0,0.0,0.0
542,458,5,0.0,0.0,0.0,1.0
422,93,2,0.0,0.0,0.0,0.0
292,72,5,0.0,0.0,0.0,0.0
257,231,3,0.0,0.0,0.0,0.0
503,395,2,0.0,0.0,0.0,0.0
32,219,1,0.0,0.0,0.0,0.0
105,104,2,0.0,0.0,0.0,0.0
805,220,5,0.0,0.0,0.0,0.0
900,64,2,1.0,0.0,0.0,0.0
825,488,2,0.0,0.0,0.0,0.0
608,425,4,0.0,0.0,0.0,0.0
762,1,1,0.0,0.0,0.0,0.0
980,66,1,0.0,0.0,0.0,0.0
530,483,1,0.0,0.0,0.0,0.0
515,35,2,0.0,0.0,0.0,0.0
585,54,2,1.0,1.0,0.0,0.0
517,222,3,0.0,0.0,0.0,0.0
734,384,4,0.0,0.0,0.0,0.0
293,239,4,0.0,0.0,0.0,0.0
222,315,1,0.0,0.0,0.0,0.0
242,487,2,0.0,0.0,0.0,0.0
729,404,5,0.0,0.0,0.0,0.0
131,363,1,1.0,1.0,0.0,0.0
282,312,3,0.0,0.0,0.0,0.0
789,469,3,0.0,0.0,0.0,0.0
747,418,3,0.0,0.0,0.0,0.0
972,162,1,1.0,0.0,0.0,0.0
294,347,3,0.0,0.0,0.0,0.0
514,12,4,0.0,0.0,0.0,0.0
373,36,4,0.0,0.0,0.0,0.0
475,479,3,0.0,0.0,0.0,0.0
578,240,5,0.0,0.0,0.0,0.0
271,93,4,0.0,0.0,0.0,0.0
937,498,4,0.0,0.0,0.0,0.0
447,447,1,2.0,1.0,0.0,0.0
731,183,3,0.0,0.0,0.0,0.0
289,6,2,0.0,0.0,0.0,0.0
619,429,4,0.0,0.0,0.0,0.0
525,114,4,1.0,1.0,0.0,0.0
295,339,5,0.0,0.0,0.0,0.0
508,312,3,0.0,0.0,0.0,0.0
284,286,1,0.0,0.0,0.0,0.0
632,72,4,0.0,0.0,0.0,0.0
449,197,3,0.0,0.0,0.0,0.0
352,66,2,0.0,0.0,0.0,0.0
959,193,2,0.0,0.0,0.0,0.0
391,51,2,0.0,0.0,0.0,0.0
151,425,3,1.0,0.0,0.0,0.0
265,458,4,0.0,0.0,0.0,0.0
245,140,2,0.0,0.0,0.0,0.0
760,206,2,0.0,0.0,0.0,0.0
277,350,2,0.0,0.0,0.0,0.0
909,101,3,0.0,0.0,0.0,0.0
543,471,4,0.0,0.0,0.0,0.0
252,181,1,1.0,0.0,0.0,0.0
128,270,2,0.0,0.0,0.0,0.0
756,427,3,0.0,0.0,0.0,0.0
860,70,5,0.0,0.0,0.0,0.0
248,238,2,1.0,1.0,0.0,0.0
589,1,1,0.0,0.0,0.0,0.0
680,121,2,0.0,0.0,0.0,0.0
260,9,5,0.0,0.0,0.0,0.0
501,63,3,0.0,0.0,0.0,0.0
929,385,5,0.0,0.0,0.0,0.0
675,492,3,0.0,0.0,0.0,0.0
931,446,2,0.0,0.0,0.0,0.0
6,92,2,0.0,0.0,0.0,0.0
944,470,2,0.0,0.0,0.0,0.0
843,73,3,0.0,0.0,0.0,0.0
201,414,1,0.0,0.0,0.0,0.0
946,214,5,0.0,0.0,0.0,0.0
746,6,3,0.0,0.0,0.0,0.0
877,282,5,0.0,0.0,0.0,0.0
71,475,3,0.0,0.0,0.0,0.0
311,420,5,0.0,0.0,0.0,0.0
844,151,1,0.0,0.0,0.0,0.0
656,455,5,0.0,0.0,0.0,0.0
391,71,4,0.0,0.0,0.0,0.0
436,261,3,0.0,0.0,0.0,0.0
918,294,1,0.0,0.0,0.0,0.0
897,401,3,0.0,0.0,0.0,0.0
300,197,2,0.0,0.0,0.0,0.0
347,245,3,0.0,0.0,0.0,0.0
875,121,5,0.0,0.0,0.0,0.0
767,317,5,0.0,0.0,0.0,0.0
261,114,5,0.0,0.0,0.0,0.0
948,284,2,0.0,0.0,0.0,0.0
251,346,5,0.0,0.0,0.0,0.0
440,3,4,0.0,0.0,0.0,0.0
766,164,1,0.0,0.0,0.0,0.0
953,76,2,0.0,0.0,0.0,0.0
419,269,1,0.0,0.0,0.0,0.0
834,438,2,0.0,0.0,0.0,0.0
738,47,5,0.0,0.0,0.0,0.0
116,487,4,0.0,0.0,0.0,0.0
338,65,3,0.0,0.0,0.0,0.0
712,125,2,0.0,0.0,0.0,0.0
83,100,5,0.0,0.0,0.0,0.0
305,36,3,0.0,0.0,0.0,0.0
183,277,2,0.0,0.0,0.0,0.0
1000,133,1,0.0,0.0,0.0,0.0
494,37,5,0.0,0.0,0.0,0.0
290,210,3,0.0,0.0,0.0,0.0
874,212,3,0.0,0.0,0.0,0.0
542,186,3,0.0,0.0,0.0,0.0
867,38,2,0.0,0.0,0.0,0.0
935,400,1,0.0,0.0,0.0,0.0
447,79,2,0.0,0.0,0.0,0.0
755,414,4,1.0,1.0,0.0,0.0
250,246,1,0.0,0.0,0.0,0.0
821,385,1,0.0,0.0,0.0,0.0
553,366,3,0.0,0.0,0.0,0.0
822,191,5,0.0,0.0,0.0,0.0
674,163,3,1.0,1.0,0.0,0.0
538,182,2,0.0,0.0,0.0,0.0
223,89,3,0.0,0.0,0.0,0.0
162,362,5,0.0,0.0,0.0,0.0
742,66,2,0.0,0.0,0.0,0.0
686,360,2,0.0,0.0,0.0,0.0
118,72,3,0.0,0.0,0.0,0.0
737,477,2,0.0,0.0,0.0,0.0
493,312,2,0.0,0.0,0.0,0.0
477,302,3,1.0,0.0,0.0,0.0
725,351,4,1.0,0.0,0.0,0.0
183,260,2,0.0,0.0,0.0,0.0
452,318,2,0.0,0.0,0.0,0.0
866,7,4,0.0,0.0,0.0,0.0
450,98,4,0.0,0.0,0.0,0.0
925,213,1,0.0,0.0,0.0,0.0
202,375,5,0.0,0.0,0.0,0.0
391,155,1,0.0,0.0,0.0,0.0
177,127,3,0.0,0.0,0.0,0.0
160,455,3,0.0,0.0,0.0,0.0
77,283,5,0.0,0.0,0.0,0.0
136,101,1,0.0,0.0,0.0,0.0
663,78,2,0.0,0.0,0.0,0.0
255,41,3,0.0,0.0,0.0,0.0
475,102,1,0.0,0.0,0.0,0.0
357,237,1,0.0,0.0,0.0,0.0
684,165,4,1.0,0.0,1.0,0.0
171,131,5,1.0,1.0,0.0,0.0
554,173,5,0.0,0.0,0.0,0.0
784,485,1,0.0,0.0,0.0,0.0
160,444,3,0.0,0.0,0.0,0.0
619,40,3,0.0,0.0,0.0,0.0
168,289,5,0.0,0.0,0.0,0.0
825,178,5,0.0,0.0,0.0,0.0
26,419,1,0.0,0.0,0.0,0.0
540,311,4,0.0,0.0,0.0,0.0
853,3,4,0.0,0.0,0.0,0.0
903,436,3,0.0,0.0,0.0,0.0
839,203,2,1.0,1.0,0.0,0.0
709,53,4,0.0,0.0,0.0,0.0
866,63,1,0.0,0.0,0.0,0.0
178,72,1,0.0,0.0,0.0,0.0
192,294,4,0.0,0.0,0.0,0.0
743,376,5,0.0,0.0,0.0,0.0
795,34,2,0.0,0.0,0.0,0.0
341,488,4,0.0,0.0,0.0,0.0
970,145,2,0.0,0.0,0.0,0.0
795,401,2,0.0,0.0,0.0,0.0
465,100,5,0.0,0.0,0.0,0.0
598,142,1,1.0,1.0,0.0,0.0
928,17,4,0.0,0.0,0.0,0.0
729,230,4,0.0,0.0,0.0,0.0
671,393,5,0.0,0.0,0.0,0.0
452,200,5,0.0,0.0,0.0,0.0
265,431,3,0.0,0.0,0.0,0.0
490,140,5,0.0,0.0,0.0,0.0
749,344,2,0.0,0.0,0.0,0.0
504,3,2,0.0,0.0,0.0,0.0
254,466,5,0.0,0.0,0.0,0.0
715,441,1,0.0,0.0,0.0,0.0
575,118,4,1.0,0.0,0.0,0.0
972,458,4,0.0,0.0,0.0,0.0
587,212,1,0.0,0.0,0.0,0.0
127,485,5,0.0,0.0,0.0,0.0
175,154,3,0.0,0.0,0.0,0.0
638,412,5,0.0,0.0,0.0,0.0
230,167,5,0.0,0.0,0.0,0.0
823,274,4,0.0,0.0,0.0,0.0
677,217,5,1.0,1.0,0.0,0.0
112,362,5,1.0,0.0,0.0,0.0
473,207,4,0.0,0.0,0.0,0.0
757,52,3,0.0,0.0,0.0,0.0
53,358,3,0.0,0.0,0.0,0.0
105,184,2,0.0,0.0,0.0,0.0
947,256,2,0.0,0.0,0.0,0.0
389,124,5,0.0,0.0,0.0,0.0
803,25,4,1.0,1.0,0.0,0.0
638,217,5,1.0,1.0,0.0,0.0
610,217,1,0.0,0.0,0.0,0.0
511,249,5,0.0,0.0,0.0,0.0
245,72,1,1.0,1.0,0.0,0.0
107,195,1,0.0,0.0,0.0,0.0
231,140,2,0.0,0.0,0.0,0.0
957,229,4,0.0,0.0,0.0,0.0
42,124,3,0.0,0.0,0.0,0.0
875,60,2,0.0,0.0,0.0,0.0
16,347,2,0.0,0.0,0.0,0.0
912,215,2,0.0,0.0,0.0,0.0
790,210,5,0.0,0.0,0.0,0.0
472,383,3,0.0,0.0,0.0,0.0
98,106,3,0.0,0.0,0.0,0.0
88,151,2,0.0,0.0,0.0,0.0
794,112,4,0.0,0.0,0.0,0.0
263,387,3,0.0,0.0,0.0,0.0
924,93,5,1.0,0.0,0.0,0.0
354,221,1,0.0,0.0,0.0,0.0
76,16,1,0.0,0.0,0.0,0.0
883,403,3,0.0,0.0,0.0,0.0
433,258,1,0.0,0.0,0.0,0.0
499,59,1,0.0,0.0,0.0,0.0
720,349,4,0.0,0.0,0.0,0.0
260,40,3,0.0,0.0,0.0,0.0
344,397,5,0.0,0.0,0.0,0.0
787,166,1,0.0,0.0,0.0,0.0
200,441,4,0.0,0.0,0.0,0.0
391,124,5,0.0,0.0,0.0,0.0
485,284,4,0.0,0.0,0.0,0.0
750,18,2,0.0,0.0,0.0,0.0
291,151,4,0.0,0.0,0.0,0.0
585,158,4,0.0,0.0,0.0,0.0
784,32,5,0.0,0.0,0.0,0.0
950,195,2,0.0,0.0,0.0,0.0
665,82,4,0.0,0.0,0.0,0.0
836,493,3,0.0,0.0,0.0,0.0
166,452,4,0.0,0.0,0.0,0.0
429,452,5,0.0,0.0,0.0,0.0
707,137,5,0.0,0.0,0.0,0.0
650,307,2,0.0,0.0,0.0,0.0
774,30,5,0.0,0.0,0.0,0.0
903,230,4,0.0,0.0,0.0,0.0
113,480,2,0.0,0.0,0.0,0.0
10,120,5,0.0,0.0,0.0,0.0
526,50,2,0.0,0.0,0.0,0.0
219,46,2,0.0,0.0,0.0,0.0
555,339,3,1.0,0.0,0.0,0.0
28,329,1,0.0,0.0,0.0,0.0
363,10,4,0.0,0.0,0.0,0.0
356,302,1,0.0,0.0,0.0,0.0
867,232,5,0.0,0.0,0.0,0.0
500,158,4,0.0,0.0,0.0,0.0
950,381,2,0.0,0.0,0.0,0.0
873,446,2,0.0,0.0,0.0,0.0
756,7,3,0.0,0.0,0.0,0.0
752,478,5,0.0,0.0,0.0,0.0
852,225,3,0.0,0.0,0.0,0.0
758,275,1,0.0,0.0,0.0,0.0
285,229,2,0.0,0.0,0.0,0.0
175,195,3,0.0,0.0,0.0,0.0
173,382,3,0.0,0.0,0.0,0.0
72,426,1,1.0,1.0,0.0,0.0
895,363,3,2.0,1.0,0.0,0.0
500,204,4,0.0,0.0,0.0,0.0
775,359,5,0.0,0.0,0.0,0.0
480,384,3,0.0,0.0,0.0,0.0
936,430,1,0.0,0.0,0.0,0.0
543,33,2,0.0,0.0,0.0,0.0
752,137,2,0.0,0.0,0.0,0.0
152,355,5,0.0,0.0,0.0,0.0
573,156,4,0.0,0.0,0.0,0.0
483,13,2,0.0,0.0,0.0,0.0
692,137,5,0.0,0.0,0.0,0.0
237,303,1,0.0,0.0,0.0,0.0
836,28,2,0.0,0.0,0.0,0.0
94,268,4,0.0,0.0,0.0,0.0
283,87,3,0.0,0.0,0.0,0.0
190,27,5,0.0,0.0,0.0,0.0
192,131,3,0.0,0.0,0.0,1.0
911,275,5,0.0,0.0,0.0,0.0
402,150,2,0.0,0.0,0.0,1.0
261,88,4,0.0,0.0,0.0,0.0
27,367,1,0.0,0.0,0.0,0.0
989,316,3,1.0,1.0,0.0,0.0
979,458,1,0.0,0.0,0.0,0.0
812,71,1,0.0,0.0,0.0,0.0
90,476,5,0.0,0.0,0.0,0.0
926,124,2,0.0,0.0,0.0,0.0
318,5,1,0.0,0.0,0.0,0.0
758,258,5,0.0,0.0,0.0,0.0
48,362,5,0.0,0.0,0.0,0.0
25,413,3,0.0,0.0,0.0,0.0
957,405,1,0.0,0.0,0.0,0.0
834,419,4,0.0,0.0,0.0,0.0
943,478,4,0.0,0.0,0.0,0.0
462,494,1,0.0,0.0,0.0,0.0
800,481,2,1.0,1.0,0.0,0.0
173,134,1,0.0,0.0,0.0,0.0
264,353,5,0.0,0.0,0.0,0.0
410,52,3,0.0,0.0,0.0,0.0
349,213,1,1.0,1.0,0.0,0.0
462,239,4,0.0,0.0,0.0,0.0
803,434,2,0.0,0.0,0.0,0.0
141,287,5,0.0,0.0,0.0,0.0
227,342,1,0.0,0.0,0.0,0.0
102,336,4,0.0,0.0,0.0,0.0
954,500,4,0.0,0.0,0.0,0.0
726,109,4,0.0,0.0,0.0,0.0
561,95,2,0.0,0.0,0.0,0.0
247,442,1,0.0,0.0,0.0,0.0
216,368,5,1.0,1.0,0.0,0.0
773,173,1,0.0,0.0,0.0,0.0
69,236,3,0.0,0.0,0.0,0.0
866,122,4,0.0,0.0,0.0,0.0
423,65,2,0.0,0.0,0.0,0.0
973,457,4,0.0,0.0,0.0,0.0
518,439,2,0.0,0.0,0.0,0.0
525,286,2,0.0,0.0,0.0,0.0
219,348,2,0.0,0.0,0.0,0.0
233,280,1,0.0,0.0,0.0,0.0
855,140,5,0.0,0.0,0.0,0.0
142,155,3,0.0,0.0,0.0,0.0
953,200,3,0.0,0.0,0.0,0.0
302,282,3,0.0,0.0,0.0,0.0
103,270,4,0.0,0.0,0.0,0.0
151,41,3,2.0,1.0,1.0,0.0
684,178,3,0.0,0.0,0.0,1.0
216,163,2,0.0,0.0,0.0,0.0
747,49,5,0.0,0.0,0.0,0.0
295,138,3,2.0,1.0,0.0,0.0
264,453,3,1.0,1.0,0.0,0.0
809,223,2,0.0,0.0,0.0,0.0
983,310,1,0.0,0.0,0.0,0.0
720,100,3,0.0,0.0,0.0,0.0
327,46,2,0.0,0.0,0.0,0.0
975,443,2,0.0,0.0,0.0,0.0
835,68,1,0.0,0.0,0.0,0.0
193,457,4,1.0,0.0,0.0,0.0
500,10,4,0.0,0.0,0.0,0.0
667,209,4,0.0,0.0,0.0,0.0
627,33,3,0.0,0.0,0.0,0.0
212,195,3,0.0,0.0,0.0,0.0
37,426,1,0.0,0.0,0.0,0.0
38,155,1,0.0,0.0,0.0,0.0
712,335,3,0.0,0.0,0.0,0.0
670,358,4,0.0,0.0,0.0,0.0
542,57,3,0.0,0.0,0.0,0.0
552,31,2,0.0,0.0,0.0,0.0
807,193,1,0.0,0.0,0.0,0.0
642,197,2,0.0,0.0,0.0,0.0
822,86,5,0.0,0.0,0.0,0.0
788,44,3,0.0,0.0,0.0,0.0
669,329,2,1.0,0.0,0.0,0.0
906,312,5,1.0,1.0,0.0,0.0
53,43,4,1.0,0.0,1.0,0.0
144,245,1,0.0,0.0,0.0,0.0
983,153,3,0.0,0.0,0.0,0.0
846,366,5,0.0,0.0,0.0,0.0
142,135,2,0.0,0.0,0.0,0.0
906,83,5,0.0,0.0,0.0,0.0
77,480,2,0.0,0.0,0.0,0.0
302,87,1,0.0,0.0,0.0,0.0
909,287,2,0.0,0.0,0.0,0.0
98,297,3,0.0,0.0,0.0,0.0
972,383,3,1.0,0.0,0.0,0.0
788,424,5,0.0,0.0,0.0,0.0
739,297,2,0.0,0.0,0.0,0.0
116,142,4,0.0,0.0,0.0,0.0
388,164,1,0.0,0.0,0.0,0.0
628,203,1,0.0,0.0,0.0,0.0
118,497,1,0.0,0.0,0.0,0.0
816,51,2,0.0,0.0,0.0,0.0
23,487,1,0.0,0.0,0.0,0.0
187,52,5,0.0,0.0,0.0,0.0
813,1,3,0.0,0.0,0.0,0.0
667,335,1,0.0,0.0,0.0,0.0
980,340,1,0.0,0.0,0.0,0.0
386,205,1,0.0,0.0,0.0,0.0
727,226,5,0.0,0.0,0.0,0.0
284,341,3,0.0,0.0,0.0,0.0
238,422,4,1.0,1.0,0.0,0.0
509,141,2,0.0,0.0,0.0,0.0
244,37,4,0.0,0.0,0.0,0.0
195,51,2,0.0,0.0,0.0,0.0
726,243,5,0.0,0.0,0.0,0.0
39,65,5,1.0,0.0,1.0,0.0
402,498,1,0.0,0.0,0.0,0.0
833,194,4,0.0,0.0,0.0,0.0
518,336,3,0.0,0.0,0.0,0.0
113,495,3,0.0,0.0,0.0,0.0
969,257,5,0.0,0.0,0.0,0.0
289,18,4,0.0,0.0,0.0,0.0
343,418,1,0.0,0.0,0.0,0.0
142,278,1,1.0,1.0,0.0,0.0
600,247,2,0.0,0.0,0.0,0.0
194,497,2,0.0,0.0,0.0,0.0
936,270,4,0.0,0.0,0.0,0.0
63,14,1,0.0,0.0,0.0,0.0
112,331,3,0.0,0.0,0.0,0.0
226,354,3,0.0,0.0,0.0,0.0
558,253,3,0.0,0.0,0.0,0.0
560,203,3,0.0,0.0,0.0,0.0
685,164,5,0.0,0.0,0.0,0.0
798,311,4,0.0,0.0,0.0,0.0
748,27,4,1.0,1.0,0.0,0.0
131,177,4,0.0,0.0,0.0,0.0
642,443,3,0.0,0.0,0.0,0.0
313,472,3,0.0,0.0,0.0,0.0
731,265,3,1.0,0.0,0.0,0.0
705,107,5,0.0,0.0,0.0,0.0
497,50,1,0.0,0.0,0.0,0.0
998,334,5,1.0,0.0,0.0,0.0
131,31,4,0.0,0.0,0.0,0.0
856,458,5,0.0,0.0,0.0,0.0
756,199,3,0.0,0.0,0.0,0.0
194,84,3,0.0,0.0,0.0,0.0
973,469,5,0.0,0.0,0.0,0.0
586,187,3,0.0,0.0,0.0,0.0
993,12,3,0.0,0.0,0.0,0.0
143,304,3,0.0,0.0,0.0,0.0
404,422,5,1.0,0.0,1.0,0.0
78,32,3,0.0,0.0,0.0,0.0
597,422,5,0.0,0.0,0.0,0.0
532,354,1,0.0,0.0,0.0,0.0
235,334,2,0.0,0.0,0.0,0.0
770,232,2,0.0,0.0,0.0,0.0
991,227,4,1.0,0.0,0.0,0.0
396,234,2,0.0,0.0,0.0,0.0
440,13,2,0.0,0.0,0.0,0.0
797,77,5,0.0,0.0,0.0,0.0
166,154,5,0.0,0.0,0.0,0.0
956,200,5,0.0,0.0,0.0,0.0
817,445,4,0.0,0.0,0.0,0.0
204,237,5,0.0,0.0,0.0,0.0
578,323,1,0.0,0.0,0.0,0.0
292,125,4,0.0,0.0,0.0,0.0
514,370,2,0.0,0.0,0.0,0.0
829,454,1,0.0,0.0,0.0,0.0
569,58,5,0.0,0.0,0.0,0.0
308,38,1,0.0,0.0,0.0,0.0
64,341,5,0.0,0.0,0.0,0.0
954,2,5,1.0,1.0,0.0,0.0
147,12,4,0.0,0.0,0.0,0.0
937,436,3,0.0,0.0,0.0,0.0
12,334,3,1.0,1.0,0.0,0.0
348,148,2,0.0,0.0,0.0,0.0
975,416,4,0.0,0.0,0.0,0.0
11,351,4,0.0,0.0,0.0,0.0
239,401,1,0.0,0.0,0.0,0.0
573,69,2,0.0,0.0,0.0,0.0
783,108,1,0.0,0.0,0.0,0.0
767,322,5,0.0,0.0,0.0,0.0
599,16,1,0.0,0.0,0.0,0.0
617,132,4,0.0,0.0,0.0,0.0
772,221,3,0.0,0.0,0.0,0.0
813,46,2,0.0,0.0,0.0,0.0
167,364,3,0.0,0.0,0.0,0.0
270,315,1,0.0,0.0,0.0,0.0
195,233,2,0.0,0.0,0.0,0.0
578,424,2,0.0,0.0,0.0,0.0
603,266,1,0.0,0.0,0.0,0.0
694,158,1,0.0,0.0,0.0,0.0
755,433,5,0.0,0.0,0.0,0.0
200,329,2,0.0,0.0,0.0,0.0
658,30,5,0.0,0.0,0.0,0.0
468,47,4,0.0,0.0,0.0,0.0
902,264,5,0.0,0.0,0.0,0.0
922,407,4,0.0,0.0,0.0,0.0
508,3,3,0.0,0.0,0.0,0.0
675,132,4,1.0,1.0,0.0,0.0
946,272,1,0.0,0.0,0.0,0.0
166,451,1,0.0,0.0,0.0,0.0
67,120,4,1.0,1.0,0.0,0.0
773,446,3,0.0,0.0,0.0,0.0
205,490,3,0.0,0.0,0.0,0.0
898,432,3,0.0,0.0,0.0,0.0
251,355,1,0.0,0.0,0.0,0.0
280,201,2,0.0,0.0,0.0,0.0
723,325,4,0.0,0.0,0.0,0.0
880,120,1,0.0,0.0,0.0,0.0
485,409,5,0.0,0.0,0.0,0.0
825,223,3,0.0,0.0,0.0,0.0
754,72,2,0.0,0.0,0.0,0.0
569,235,5,0.0,0.0,0.0,0.0
160,369,2,1.0,0.0,0.0,0.0
883,447,4,0.0,0.0,0.0,0.0
3,143,3,0.0,0.0,0.0,0.0
179,291,5,0.0,0.0,0.0,0.0
721,124,1,1.0,0.0,1.0,0.0
676,340,4,0.0,0.0,0.0,0.0
560,250,1,0.0,0.0,0.0,0.0
999,179,4,0.0,0.0,0.0,0.0
503,4,1,0.0,0.0,0.0,0.0
376,409,3,0.0,0.0,0.0,0.0
626,449,4,0.0,0.0,0.0,0.0
440,88,1,0.0,0.0,0.0,0.0
590,244,5,0.0,0.0,0.0,0.0
307,62,2,0.0,0.0,0.0,0.0
912,242,5,0.0,0.0,0.0,1.0
862,286,1,0.0,0.0,0.0,0.0
609,192,2,0.0,0.0,0.0,0.0
477,336,4,0.0,0.0,0.0,0.0
848,477,1,1.0,0.0,0.0,0.0
547,203,2,0.0,0.0,0.0,0.0
865,81,5,0.0,0.0,0.0,0.0
255,263,3,0.0,0.0,0.0,0.0
810,456,2,0.0,0.0,0.0,0.0
501,138,2,0.0,0.0,0.0,0.0
69,108,3,0.0,0.0,0.0,0.0
592,130,5,0.0,0.0,0.0,0.0
12,80,1,0.0,0.0,0.0,0.0
404,74,2,0.0,0.0,0.0,0.0
593,186,4,0.0,0.0,0.0,0.0
86,248,4,0.0,0.0,0.0,0.0
405,137,2,0.0,0.0,0.0,0.0
744,459,5,0.0,0.0,0.0,0.0
434,29,4,0.0,0.0,0.0,0.0
661,57,1,0.0,0.0,0.0,0.0
163,495,1,0.0,0.0,0.0,0.0
991,373,2,1.0,1.0,0.0,0.0
889,302,5,0.0,0.0,0.0,0.0
898,123,5,0.0,0.0,0.0,0.0
679,474,1,0.0,0.0,0.0,0.0
3,93,4,1.0,0.0,0.0,0.0
190,153,2,0.0,0.0,0.0,0.0
358,68,2,0.0,0.0,0.0,0.0
406,348,1,0.0,0.0,0.0,0.0
568,404,5,1.0,0.0,0.0,0.0
866,161,3,0.0,0.0,0.0,0.0
870,477,5,0.0,0.0,0.0,0.0
953,397,4,0.0,0.0,0.0,0.0
816,273,1,0.0,0.0,0.0,0.0
273,355,2,0.0,0.0,0.0,0.0
801,440,1,2.0,0.0,0.0,0.0
440,457,5,1.0,1.0,0.0,0.0
923,113,1,0.0,0.0,0.0,0.0
800,443,5,0.0,0.0,0.0,0.0
842,7,4,0.0,0.0,0.0,0.0
812,357,4,0.0,0.0,0.0,0.0
507,426,5,0.0,0.0,0.0,0.0
870,138,5,0.0,0.0,0.0,0.0
641,479,3,0.0,0.0,0.0,0.0
502,98,1,0.0,0.0,0.0,0.0
42,94,4,0.0,0.0,0.0,0.0
868,442,3,0.0,0.0,0.0,0.0
982,163,2,0.0,0.0,0.0,0.0
196,63,1,0.0,0.0,0.0,0.0
591,313,1,0.0,0.0,0.0,0.0
703,434,5,0.0,0.0,0.0,1.0
235,189,5,0.0,0.0,0.0,0.0
174,470,1,0.0,0.0,0.0,0.0
711,150,2,0.0,0.0,0.0,0.0
453,65,1,1.0,1.0,0.0,0.0
817,13,2,0.0,0.0,0.0,0.0
265,71,5,0.0,0.0,0.0,0.0
405,230,2,0.0,0.0,0.0,0.0
677,478,5,0.0,0.0,0.0,0.0
611,342,3,0.0,0.0,0.0,0.0
73,158,3,0.0,0.0,0.0,0.0
104,422,2,0.0,0.0,0.0,0.0
408,181,5,0.0,0.0,0.0,0.0
583,219,3,1.0,0.0,0.0,0.0
75,424,3,0.0,0.0,0.0,0.0
849,165,4,0.0,0.0,0.0,0.0
753,318,3,0.0,0.0,0.0,0.0
126,490,4,0.0,0.0,0.0,0.0
277,220,2,0.0,0.0,0.0,0.0
307,420,4,0.0,0.0,0.0,0.0
733,83,4,0.0,0.0,0.0,0.0
751,279,1,0.0,0.0,0.0,0.0
939,372,4,0.0,0.0,0.0,0.0
547,458,5,0.0,0.0,0.0,0.0
367,482,5,0.0,0.0,0.0,0.0
354,216,2,0.0,0.0,0.0,0.0
565,436,4,0.0,0.0,0.0,0.0
894,165,3,0.0,0.0,0.0,0.0
232,321,3,0.0,0.0,0.0,0.0
404,56,4,0.0,0.0,0.0,0.0
263,90,2,0.0,0.0,0.0,0.0
301,423,3,0.0,0.0,0.0,0.0
346,233,4,0.0,0.0,0.0,0.0
49,346,1,0.0,0.0,0.0,0.0
838,482,2,0.0,0.0,0.0,0.0
279,146,1,0.0,0.0,0.0,0.0
770,185,5,1.0,0.0,0.0,0.0
215,8,5,0.0,0.0,0.0,0.0
939,213,2,0.0,0.0,0.0,0.0
720,51,3,0.0,0.0,0.0,0.0
260,6,4,1.0,0.0,0.0,0.0
317,110,2,0.0,0.0,0.0,0.0
864,70,3,0.0,0.0,0.0,0.0
125,312,4,0.0,0.0,0.0,0.0
567,300,1,0.0,0.0,0.0,0.0
984,362,3,0.0,0.0,0.0,0.0
585,199,5,0.0,0.0,0.0,0.0
466,271,1,0.0,0.0,0.0,0.0
541,341,4,0.0,0.0,0.0,0.0
181,190,3,1.0,0.0,0.0,0.0
419,242,4,0.0,0.0,0.0,0.0
542,294,3,1.0,1.0,0.0,0.0
349,392,2,0.0,0.0,0.0,0.0
450,21,4,0.0,0.0,0.0,0.0
272,144,3,0.0,0.0,0.0,0.0
376,266,2,0.0,0.0,0.0,0.0
847,12,2,0.0,0.0,0.0,0.0
53,272,4,0.0,0.0,0.0,0.0
21,437,2,0.0,0.0,0.0,0.0
728,456,3,0.0,0.0,0.0,0.0
446,69,4,0.0,0.0,0.0,0.0
628,50,2,0.0,0.0,0.0,0.0
325,248,3,0.0,0.0,0.0,0.0
452,321,3,0.0,0.0,0.0,0.0
359,129,2,0.0,0.0,0.0,0.0
486,56,3,0.0,0.0,0.0,0.0
219,165,3,0.0,0.0,0.0,0.0
130,204,3,0.0,0.0,0.0,0.0
141,369,5,0.0,0.0,0.0,0.0
363,371,1,0.0,0.0,0.0,0.0
488,353,1,1.0,0.0,0.0,0.0
706,453,5,0.0,0.0,0.0,0.0
991,395,5,0.0,0.0,0.0,0.0
884,438,4,0.0,0.0,0.0,0.0
661,431,1,0.0,0.0,0.0,0.0
9,20,5,0.0,0.0,0.0,0.0
607,204,1,0.0,0.0,0.0,0.0
325,210,3,0.0,0.0,0.0,0.0
537,92,5,0.0,0.0,0.0,0.0
534,474,2,0.0,0.0,0.0,0.0
98,418,4,0.0,0.0,0.0,0.0
147,200,4,0.0,0.0,0.0,0.0
805,108,2,0.0,0.0,0.0,0.0
196,65,5,0.0,0.0,0.0,0.0
83,191,1,0.0,0.0,0.0,0.0
376,180,2,0.0,0.0,0.0,0.0
758,172,1,0.0,0.0,0.0,0.0
188,207,5,0.0,0.0,0.0,0.0
245,155,1,0.0,0.0,0.0,0.0
609,313,1,0.0,0.0,0.0,0.0
913,342,5,0.0,0.0,0.0,0.0
701,324,1,1.0,1.0,0.0,0.0
514,441,2,0.0,0.0,0.0,0.0
876,354,3,0.0,0.0,0.0,0.0
111,171,5,0.0,0.0,0.0,0.0
718,218,5,0.0,0.0,0.0,0.0
113,303,5,0.0,0.0,0.0,0.0
336,374,3,0.0,0.0,0.0,0.0
465,456,1,0.0,0.0,0.0,0.0
357,452,4,0.0,0.0,0.0,0.0
396,94,3,0.0,0.0,0.0,0.0
219,452,5,0.0,0.0,0.0,0.0
182,460,3,0.0,0.0,0.0,0.0
52,112,3,0.0,0.0,0.0,0.0
50,464,1,0.0,0.0,0.0,0.0
815,274,1,0.0,0.0,0.0,0.0
388,100,1,1.0,0.0,1.0,0.0
999,485,1,0.0,0.0,0.0,0.0
90,280,1,0.0,0.0,0.0,0.0
797,450,4,2.0,1.0,0.0,0.0
718,62,3,1.0,1.0,0.0,0.0
555,34,2,0.0,0.0,0.0,0.0
471,209,3,0.0,0.0,0.0,0.0
997,123,5,0.0,0.0,0.0,0.0
902,165,3,0.0,0.0,0.0,0.0
969,380,5,0.0,0.0,0.0,0.0
908,68,4,0.0,0.0,0.0,0.0
389,483,3,0.0,0.0,0.0,0.0
813,330,1,0.0,0.0,0.0,0.0
984,274,5,0.0,0.0,0.0,0.0
777,52,4,0.0,0.0,0.0,0.0
94,395,3,0.0,0.0,0.0,0.0
806,55,3,0.0,0.0,0.0,0.0
199,405,2,0.0,0.0,0.0,0.0
983,247,4,0.0,0.0,0.0,0.0
786,328,1,0.0,0.0,0.0,0.0
659,223,4,0.0,0.0,0.0,0.0
20,215,5,1.0,0.0,0.0,0.0
349,5,1,1.0,1.0,0.0,0.0
430,403,1,0.0,0.0,0.0,0.0
154,241,4,0.0,0.0,0.0,0.0
238,332,4,0.0,0.0,0.0,0.0
36,119,4,0.0,0.0,0.0,0.0
878,102,3,0.0,0.0,0.0,0.0
111,432,3,0.0,0.0,0.0,0.0
890,140,3,0.0,0.0,0.0,0.0
351,233,4,0.0,0.0,0.0,0.0
555,294,2,0.0,0.0,0.0,0.0
703,266,5,0.0,0.0,0.0,0.0
359,63,5,0.0,0.0,0.0,0.0
266,342,1,0.0,0.0,0.0,0.0
692,355,4,0.0,0.0,0.0,0.0
874,105,2,0.0,0.0,0.0,0.0
705,44,2,0.0,0.0,0.0,0.0
519,324,3,0.0,0.0,0.0,0.0
100,397,4,0.0,0.0,0.0,0.0
949,116,2,0.0,0.0,0.0,0.0
583,371,5,0.0,0.0,0.0,0.0
316,404,2,0.0,0.0,0.0,0.0
247,479,1,0.0,0.0,0.0,0.0
392,241,5,0.0,0.0,0.0,0.0
752,74,1,0.0,0.0,0.0,0.0
752,189,5,0.0,0.0,0.0,0.0
534,41,1,0.0,0.0,0.0,0.0
95,284,2,0.0,0.0,0.0,0.0
115,10,4,0.0,0.0,0.0,0.0
660,71,2,0.0,0.0,0.0,0.0
208,418,2,0.0,0.0,0.0,0.0
292,463,1,0.0,0.0,0.0,0.0
165,318,5,0.0,0.0,0.0,0.0
999,153,1,1.0,1.0,0.0,0.0
486,330,3,1.0,0.0,1.0,0.0
210,233,4,0.0,0.0,0.0,0.0
278,201,3,0.0,0.0,0.0,0.0
841,5,4,0.0,0.0,0.0,0.0
146,443,4,0.0,0.0,0.0,0.0
985,215,5,0.0,0.0,0.0,0.0
758,408,2,0.0,0.0,0.0,0.0
988,45,1,0.0,0.0,0.0,0.0
385,266,5,0.0,0.0,0.0,0.0
778,353,1,0.0,0.0,0.0,0.0
887,198,3,0.0,0.0,0.0,0.0
951,97,4,0.0,0.0,0.0,0.0
798,206,5,0.0,0.0,0.0,0.0
562,277,5,0.0,0.0,0.0,0.0
6,187,3,0.0,0.0,0.0,0.0
520,373,4,0.0,0.0,0.0,0.0
921,476,5,0.0,0.0,0.0,0.0
585,205,3,0.0,0.0,0.0,1.0
431,255,4,0.0,0.0,0.0,0.0
15,111,4,0.0,0.0,0.0,0.0
227,161,3,0.0,0.0,0.0,0.0
827,470,1,0.0,0.0,0.0,0.0
291,115,1,0.0,0.0,0.0,0.0
197,258,4,0.0,0.0,0.0,0.0
629,193,3,0.0,0.0,0.0,0.0
85,246,5,0.0,0.0,0.0,0.0
785,454,3,0.0,0.0,0.0,0.0
269,201,4,0.0,0.0,0.0,0.0
950,468,1,0.0,0.0,0.0,0.0
41,493,5,0.0,0.0,0.0,0.0
662,142,5,0.0,0.0,0.0,0.0
358,193,4,0.0,0.0,0.0,0.0
329,495,3,0.0,0.0,0.0,0.0
957,341,5,0.0,0.0,0.0,0.0
96,169,3,0.0,0.0,0.0,0.0
711,331,3,0.0,0.0,0.0,0.0
913,7,5,1.0,0.0,1.0,0.0
621,205,3,0.0,0.0,0.0,0.0
118,251,3,0.0,0.0,0.0,0.0
729,238,4,0.0,0.0,0.0,0.0
893,12,2,0.0,0.0,0.0,1.0
806,266,3,0.0,0.0,0.0,0.0
149,80,5,0.0,0.0,0.0,0.0
400,173,3,0.0,0.0,0.0,0.0
199,61,4,0.0,0.0,0.0,0.0
724,383,1,0.0,0.0,0.0,0.0
312,306,4,0.0,0.0,0.0,0.0
668,421,1,0.0,0.0,0.0,0.0
594,106,5,0.0,0.0,0.0,0.0
12,482,2,0.0,0.0,0.0,0.0
110,280,3,0.0,0.0,0.0,0.0
458,184,2,0.0,0.0,0.0,0.0
677,334,4,0.0,0.0,0.0,0.0
483,489,2,0.0,0.0,0.0,0.0
258,324,5,0.0,0.0,0.0,0.0
211,479,1,0.0,0.0,0.0,0.0
100,390,1,0.0,0.0,0.0,0.0
91,247,1,0.0,0.0,0.0,0.0
519,149,4,0.0,0.0,0.0,0.0
938,160,4,0.0,0.0,0.0,0.0
985,280,5,0.0,0.0,0.0,0.0
156,49,5,1.0,0.0,0.0,0.0
747,34,1,1.0,0.0,0.0,0.0
656,348,5,0.0,0.0,0.0,0.0
597,368,1,0.0,0.0,0.0,0.0
333,439,5,0.0,0.0,0.0,0.0
563,496,5,0.0,0.0,0.0,0.0
678,306,1,0.0,0.0,0.0,0.0
386,224,3,0.0,0.0,0.0,0.0
491,169,1,0.0,0.0,0.0,0.0
259,445,5,0.0,0.0,0.0,0.0
70,435,2,0.0,0.0,0.0,0.0
843,110,1,1.0,0.0,0.0,0.0
575,397,5,0.0,0.0,0.0,0.0
166,346,4,0.0,0.0,0.0,0.0
428,255,3,0.0,0.0,0.0,0.0
861,199,2,0.0,0.0,0.0,0.0
689,23,2,0.0,0.0,0.0,0.0
401,428,5,0.0,0.0,0.0,0.0
306,409,1,0.0,0.0,0.0,0.0
991,91,2,0.0,0.0,0.0,0.0
803,44,5,0.0,0.0,0.0,0.0
675,188,2,0.0,0.0,0.0,0.0
468,78,4,0.0,0.0,0.0,0.0
794,22,3,0.0,0.0,0.0,0.0
408,284,1,0.0,0.0,0.0,0.0
241,294,5,0.0,0.0,0.0,0.0
98,258,1,0.0,0.0,0.0,0.0
830,166,4,0.0,0.0,0.0,0.0
368,29,1,0.0,0.0,0.0,0.0
750,46,1,0.0,0.0,0.0,0.0
927,203,4,0.0,0.0,0.0,0.0
318,184,4,0.0,0.0,0.0,0.0
945,371,3,0.0,0.0,0.0,0.0
850,8,3,0.0,0.0,0.0,0.0
528,323,1,0.0,0.0,0.0,0.0
550,81,2,0.0,0.0,0.0,0.0
345,358,5,0.0,0.0,0.0,0.0
507,81,1,0.0,0.0,0.0,0.0
517,500,3,0.0,0.0,0.0,0.0
261,477,3,0.0,0.0,0.0,0.0
518,463,1,0.0,0.0,0.0,1.0
90,386,3,0.0,0.0,0.0,0.0
754,380,1,0.0,0.0,0.0,0.0
294,359,1,0.0,0.0,0.0,0.0
827,10,3,0.0,0.0,0.0,0.0
59,200,2,0.0,0.0,0.0,0.0
961,205,3,0.0,0.0,0.0,0.0
957,323,1,0.0,0.0,0.0,0.0
348,365,3,0.0,0.0,0.0,0.0
929,143,2,0.0,0.0,0.0,0.0
544,153,2,0.0,0.0,0.0,0.0
459,430,2,0.0,0.0,0.0,0.0
188,351,3,0.0,0.0,0.0,0.0
437,117,5,0.0,0.0,0.0,0.0
723,243,3,0.0,0.0,0.0,0.0
578,303,3,0.0,0.0,0.0,0.0
29,72,2,1.0,1.0,0.0,0.0
689,39,5,0.0,0.0,0.0,0.0
820,192,3,0.0,0.0,0.0,0.0
212,28,4,0.0,0.0,0.0,0.0
815,176,3,0.0,0.0,0.0,0.0
322,158,3,0.0,0.0,0.0,0.0
66,431,1,0.0,0.0,0.0,0.0
454,168,4,0.0,0.0,0.0,0.0
528,139,1,0.0,0.0,0.0,1.0
521,246,5,0.0,0.0,0.0,0.0
612,24,1,0.0,0.0,0.0,0.0
954,456,5,1.0,0.0,0.0,0.0
321,156,5,0.0,0.0,0.0,0.0
508,90,5,0.0,0.0,0.0,0.0
662,466,3,0.0,0.0,0.0,0.0
587,401,5,0.0,0.0,0.0,0.0
803,299,4,0.0,0.0,0.0,0.0
76,458,1,0.0,0.0,0.0,0.0
656,224,1,0.0,0.0,0.0,0.0
488,379,4,0.0,0.0,0.0,0.0
521,184,1,2.0,1.0,0.0,0.0
559,151,4,0.0,0.0,0.0,0.0
605,441,4,0.0,0.0,0.0,0.0
230,2,5,0.0,0.0,0.0,0.0
672,147,3,1.0,1.0,0.0,0.0
323,338,3,0.0,0.0,0.0,0.0
677,293,3,1.0,1.0,0.0,0.0
505,31,4,0.0,0.0,0.0,0.0
645,29,4,0.0,0.0,0.0,0.0
102,395,4,0.0,0.0,0.0,0.0
891,89,4,0.0,0.0,0.0,0.0
309,435,4,0.0,0.0,0.0,0.0
312,462,1,0.0,0.0,0.0,0.0
346,427,4,1.0,0.0,0.0,0.0
405,232,5,0.0,0.0,0.0,0.0
386,459,4,1.0,1.0,0.0,0.0
341,3,5,0.0,0.0,0.0,0.0
3,161,1,0.0,0.0,0.0,0.0
143,323,3,0.0,0.0,0.0,0.0
423,478,1,0.0,0.0,0.0,0.0
339,46,5,0.0,0.0,0.0,0.0
449,348,2,0.0,0.0,0.0,0.0
965,45,1,0.0,0.0,0.0,0.0
424,251,2,0.0,0.0,0.0,0.0
932,392,1,0.0,0.0,0.0,0.0
371,353,3,0.0,0.0,0.0,0.0
401,473,4,0.0,0.0,0.0,0.0
392,123,1,0.0,0.0,0.0,0.0
272,382,5,0.0,0.0,0.0,0.0
686,42,2,0.0,0.0,0.0,0.0
924,336,4,0.0,0.0,0.0,0.0
218,138,1,1.0,0.0,1.0,0.0
555,298,5,0.0,0.0,0.0,0.0
628,247,5,0.0,0.0,0.0,0.0
626,150,1,0.0,0.0,0.0,0.0
706,341,1,0.0,0.0,0.0,0.0
893,283,2,0.0,0.0,0.0,0.0
281,126,1,0.0,0.0,0.0,0.0
217,430,1,0.0,0.0,0.0,0.0
362,464,5,0.0,0.0,0.0,0.0
872,489,2,0.0,0.0,0.0,0.0
585,95,5,0.0,0.0,0.0,0.0
145,287,5,0.0,0.0,0.0,0.0
882,496,1,0.0,0.0,0.0,0.0
837,433,5,0.0,0.0,0.0,0.0
748,29,4,0.0,0.0,0.0,0.0
315,94,1,0.0,0.0,0.0,0.0
992,124,1,0.0,0.0,0.0,0.0
518,268,5,0.0,0.0,0.0,0.0
586,217,4,0.0,0.0,0.0,0.0
599,471,4,0.0,0.0,0.0,0.0
992,294,4,0.0,0.0,0.0,0.0
336,482,1,0.0,0.0,0.0,0.0
423,284,5,0.0,0.0,0.0,0.0
383,221,3,0.0,0.0,0.0,0.0
469,224,3,0.0,0.0,0.0,0.0
209,272,1,0.0,0.0,0.0,0.0
380,460,4,0.0,0.0,0.0,0.0
521,373,4,0.0,0.0,0.0,0.0
668,391,2,0.0,0.0,0.0,0.0
978,417,4,1.0,0.0,0.0,0.0
575,273,4,0.0,0.0,0.0,0.0
197,464,4,0.0,0.0,0.0,0.0
397,310,1,1.0,1.0,0.0,0.0
208,183,2,0.0,0.0,0.0,0.0
452,66,3,0.0,0.0,0.0,0.0
442,280,1,0.0,0.0,0.0,0.0
39,177,2,0.0,0.0,0.0,0.0
32,309,1,0.0,0.0,0.0,0.0
539,86,1,0.0,0.0,0.0,0.0
136,74,2,0.0,0.0,0.0,0.0
939,29,5,0.0,0.0,0.0,0.0
760,164,5,0.0,0.0,0.0,0.0
763,4,5,0.0,0.0,0.0,0.0
301,72,3,0.0,0.0,0.0,0.0
815,22,5,0.0,0.0,0.0,0.0
626,113,3,0.0,0.0,0.0,0.0
750,469,1,0.0,0.0,0.0,0.0
576,249,2,0.0,0.0,0.0,0.0
660,195,2,1.0,1.0,0.0,0.0
924,137,2,0.0,0.0,0.0,0.0
593,444,2,0.0,0.0,0.0,0.0
785,227,1,0.0,0.0,0.0,1.0
786,335,3,0.0,0.0,0.0,0.0
708,108,2,0.0,0.0,0.0,0.0
436,323,2,0.0,0.0,0.0,0.0
798,36,5,0.0,0.0,0.0,0.0
305,305,3,0.0,0.0,0.0,0.0
900,47,1,0.0,0.0,0.0,0.0
660,116,1,0.0,0.0,0.0,0.0
804,468,3,0.0,0.0,0.0,0.0
893,50,5,0.0,0.0,0.0,0.0
504,339,5,0.0,0.0,0.0,0.0
156,361,2,0.0,0.0,0.0,0.0
481,377,4,0.0,0.0,0.0,0.0
681,281,2,0.0,0.0,0.0,0.0
645,231,4,0.0,0.0,0.0,0.0
117,263,2,0.0,0.0,0.0,0.0
109,206,2,0.0,0.0,0.0,0.0
333,48,4,0.0,0.0,0.0,0.0
928,322,2,0.0,0.0,0.0,0.0
271,17,1,0.0,0.0,0.0,0.0
957,305,1,0.0,0.0,0.0,0.0
608,499,4,0.0,0.0,0.0,0.0
419,106,3,0.0,0.0,0.0,0.0
411,349,3,0.0,0.0,0.0,0.0
303,410,1,0.0,0.0,0.0,0.0
115,337,1,0.0,0.0,0.0,0.0
280,185,1,0.0,0.0,0.0,0.0
681,306,2,0.0,0.0,0.0,0.0
674,98,3,0.0,0.0,0.0,0.0
438,401,5,0.0,0.0,0.0,0.0
76,329,4,0.0,0.0,0.0,0.0
453,30,2,1.0,1.0,0.0,0.0
611,175,3,0.0,0.0,0.0,0.0
40,334,5,0.0,0.0,0.0,0.0
849,109,3,0.0,0.0,0.0,0.0
918,352,2,0.0,0.0,0.0,0.0
170,55,3,0.0,0.0,0.0,0.0
372,120,3,0.0,0.0,0.0,0.0
366,138,5,0.0,0.0,0.0,0.0
769,439,4,0.0,0.0,0.0,0.0
679,132,4,0.0,0.0,0.0,0.0
117,456,5,0.0,0.0,0.0,0.0
141,192,5,0.0,0.0,0.0,0.0
30,25,5,0.0,0.0,0.0,0.0
815,95,3,0.0,0.0,0.0,0.0
721,154,4,0.0,0.0,0.0,0.0
332,150,2,0.0,0.0,0.0,0.0
972,393,4,0.0,0.0,0.0,0.0
696,298,4,0.0,0.0,0.0,0.0
4,262,5,0.0,0.0,0.0,0.0
755,313,5,0.0,0.0,0.0,0.0
124,218,1,1.0,1.0,0.0,0.0
57,172,3,0.0,0.0,0.0,0.0
618,265,1,0.0,0.0,0.0,0.0
397,97,5,0.0,0.0,0.0,0.0
118,447,3,0.0,0.0,0.0,0.0
65,217,2,0.0,0.0,0.0,0.0
738,129,1,0.0,0.0,0.0,0.0
824,435,5,1.0,0.0,1.0,0.0
350,6,5,0.0,0.0,0.0,0.0
619,287,5,0.0,0.0,0.0,0.0
42,356,5,0.0,0.0,0.0,0.0
519,498,2,0.0,0.0,0.0,0.0
812,450,5,0.0,0.0,0.0,0.0
50,340,1,0.0,0.0,0.0,0.0
390,424,5,0.0,0.0,0.0,0.0
726,220,5,0.0,0.0,0.0,0.0
229,126,1,0.0,0.0,0.0,0.0
634,7,5,0.0,0.0,0.0,0.0
544,487,4,1.0,0.0,0.0,0.0
427,179,1,1.0,0.0,0.0,0.0
257,259,2,0.0,0.0,0.0,0.0
333,388,5,0.0,0.0,0.0,0.0
444,457,2,0.0,0.0,0.0,0.0
840,500,3,1.0,0.0,0.0,0.0
417,187,2,0.0,0.0,0.0,0.0
495,53,4,0.0,0.0,0.0,0.0
588,356,1,0.0,0.0,0.0,1.0
444,346,1,0.0,0.0,0.0,0.0
430,400,1,0.0,0.0,0.0,0.0
247,319,4,0.0,0.0,0.0,0.0
416,489,5,0.0,0.0,0.0,0.0
702,300,2,0.0,0.0,0.0,0.0
948,90,2,0.0,0.0,0.0,0.0
919,242,2,0.0,0.0,0.0,0.0
701,426,4,0.0,0.0,0.0,0.0
672,93,4,0.0,0.0,0.0,0.0
333,468,4,0.0,0.0,0.0,0.0
545,119,1,0.0,0.0,0.0,0.0
405,185,4,0.0,0.0,0.0,0.0
402,252,4,0.0,0.0,0.0,0.0
325,10,5,2.0,1.0,1.0,0.0
903,163,3,0.0,0.0,0.0,0.0
158,187,5,0.0,0.0,0.0,0.0
282,161,4,0.0,0.0,0.0,0.0
308,305,4,0.0,0.0,0.0,0.0
311,424,1,0.0,0.0,0.0,0.0
822,313,1,0.0,0.0,0.0,0.0
646,187,4,0.0,0.0,0.0,0.0
786,279,3,0.0,0.0,0.0,0.0
770,403,3,0.0,0.0,0.0,0.0
926,176,4,0.0,0.0,0.0,0.0
401,459,5,0.0,0.0,0.0,0.0
206,293,5,0.0,0.0,0.0,0.0
510,337,5,0.0,0.0,0.0,0.0
484,452,3,0.0,0.0,0.0,0.0
696,142,1,0.0,0.0,0.0,0.0
915,30,1,0.0,0.0,0.0,0.0
933,411,3,0.0,0.0,0.0,0.0
172,1,1,0.0,0.0,0.0,0.0
25,220,4,0.0,0.0,0.0,0.0
932,412,1,0.0,0.0,0.0,0.0
27,363,2,0.0,0.0,0.0,0.0
407,286,5,0.0,0.0,0.0,0.0
537,484,4,0.0,0.0,0.0,0.0
362,181,2,0.0,0.0,0.0,0.0
601,70,1,0.0,0.0,0.0,0.0
199,283,3,0.0,0.0,0.0,0.0
46,309,2,1.0,0.0,1.0,0.0
630,204,2,0.0,0.0,0.0,0.0
273,152,3,0.0,0.0,0.0,0.0
944,93,5,0.0,0.0,0.0,0.0
999,374,4,0.0,0.0,0.0,0.0
280,260,2,1.0,0.0,0.0,0.0
27,256,3,0.0,0.0,0.0,0.0
379,11,1,0.0,0.0,0.0,0.0
378,211,5,0.0,0.0,0.0,0.0
166,134,2,0.0,0.0,0.0,0.0
364,344,5,0.0,0.0,0.0,0.0
37,25,4,1.0,0.0,0.0,0.0
445,314,2,0.0,0.0,0.0,0.0
298,341,4,0.0,0.0,0.0,0.0
261,396,3,0.0,0.0,0.0,0.0
7,398,5,0.0,0.0,0.0,0.0
421,155,5,1.0,0.0,1.0,0.0
715,489,2,0.0,0.0,0.0,0.0
622,334,3,0.0,0.0,0.0,0.0
830,457,5,0.0,0.0,0.0,0.0
714,444,3,0.0,0.0,0.0,1.0
389,101,4,0.0,0.0,0.0,0.0
959,335,4,0.0,0.0,0.0,0.0
702,494,1,0.0,0.0,0.0,0.0
51,169,4,0.0,0.0,0.0,0.0
967,426,1,0.0,0.0,0.0,0.0
541,49,1,0.0,0.0,0.0,0.0
335,489,2,0.0,0.0,0.0,0.0
284,177,5,0.0,0.0,0.0,0.0
55,36,3,0.0,0.0,0.0,0.0
656,325,1,0.0,0.0,0.0,0.0
209,28,1,0.0,0.0,0.0,0.0
79,236,5,0.0,0.0,0.0,0.0
257,197,1,0.0,0.0,0.0,0.0
323,442,4,0.0,0.0,0.0,0.0
222,367,4,0.0,0.0,0.0,0.0
819,174,3,1.0,1.0,0.0,0.0
835,240,2,1.0,1.0,0.0,0.0
265,479,2,0.0,0.0,0.0,0.0
361,376,3,0.0,0.0,0.0,0.0
265,141,1,0.0,0.0,0.0,0.0
291,45,1,0.0,0.0,0.0,0.0
386,239,4,0.0,0.0,0.0,0.0
180,482,2,0.0,0.0,0.0,0.0
627,105,5,0.0,0.0,0.0,0.0
196,252,1,0.0,0.0,0.0,0.0
586,343,3,0.0,0.0,0.0,0.0
889,6,1,0.0,0.0,0.0,0.0
984,288,5,0.0,0.0,0.0,0.0
786,288,4,1.0,0.0,0.0,0.0
291,187,1,0.0,0.0,0.0,0.0
490,325,3,0.0,0.0,0.0,0.0
89,73,5,0.0,0.0,0.0,0.0
65,479,4,0.0,0.0,0.0,0.0
644,366,4,0.0,0.0,0.0,0.0
977,439,3,0.0,0.0,0.0,0.0
351,95,2,0.0,0.0,0.0,0.0
314,33,5,0.0,0.0,0.0,0.0
918,58,4,0.0,0.0,0.0,0.0
623,193,2,0.0,0.0,0.0,0.0
733,95,2,0.0,0.0,0.0,0.0
285,239,3,0.0,0.0,0.0,0.0
743,182,1,0.0,0.0,0.0,0.0
573,192,1,0.0,0.0,0.0,0.0
220,86,1,0.0,0.0,0.0,0.0
145,47,3,0.0,0.0,0.0,0.0
419,488,4,0.0,0.0,0.0,0.0
438,120,3,0.0,0.0,0.0,0.0
469,265,3,0.0,0.0,0.0,0.0
682,104,5,1.0,0.0,0.0,0.0
688,405,3,0.0,0.0,0.0,0.0
365,460,1,0.0,0.0,0.0,0.0
295,316,1,1.0,1.0,0.0,0.0
851,246,2,0.0,0.0,0.0,0.0
36,253,4,1.0,0.0,1.0,0.0
889,469,5,1.0,1.0,0.0,0.0
588,198,5,0.0,0.0,0.0,0.0
457,315,5,0.0,0.0,0.0,0.0
922,362,3,0.0,0.0,0.0,0.0
391,180,1,0.0,0.0,0.0,0.0
492,98,4,0.0,0.0,0.0,0.0
131,451,2,0.0,0.0,0.0,0.0
756,181,4,0.0,0.0,0.0,0.0
401,414,4,0.0,0.0,0.0,0.0
737,359,1,0.0,0.0,0.0,1.0
159,234,1,0.0,0.0,0.0,0.0
544,212,4,0.0,0.0,0.0,0.0
278,197,5,0.0,0.0,0.0,0.0
405,326,3,0.0,0.0,0.0,0.0
827,346,1,0.0,0.0,0.0,0.0
730,37,4,0.0,0.0,0.0,0.0
928,237,3,0.0,0.0,0.0,0.0
115,448,2,0.0,0.0,0.0,0.0
992,351,5,0.0,0.0,0.0,0.0
280,49,5,0.0,0.0,0.0,0.0
918,123,3,1.0,0.0,0.0,0.0
158,112,4,0.0,0.0,0.0,0.0
695,138,5,0.0,0.0,0.0,0.0
810,281,4,0.0,0.0,0.0,0.0
945,267,4,0.0,0.0,0.0,0.0
840,6,3,0.0,0.0,0.0,0.0
713,494,3,0.0,0.0,0.0,0.0
277,338,1,0.0,0.0,0.0,1.0
376,397,2,0.0,0.0,0.0,0.0
589,48,4,0.0,0.0,0.0,0.0
150,145,5,0.0,0.0,0.0,0.0
781,1,5,0.0,0.0,0.0,0.0
312,470,2,0.0,0.0,0.0,0.0
121,325,3,1.0,0.0,1.0,0.0
664,438,1,0.0,0.0,0.0,0.0
724,56,2,0.0,0.0,0.0,0.0
576,386,3,0.0,0.0,0.0,0.0
179,426,5,0.0,0.0,0.0,0.0
464,183,1,0.0,0.0,0.0,0.0
665,45,2,1.0,1.0,0.0,0.0
790,389,4,0.0,0.0,0.0,0.0
358,125,4,0.0,0.0,0.0,0.0
643,356,1,0.0,0.0,0.0,0.0
21,156,1,0.0,0.0,0.0,0.0
164,480,1,0.0,0.0,0.0,0.0
344,445,4,0.0,0.0,0.0,0.0
511,232,4,0.0,0.0,0.0,0.0
426,437,1,0.0,0.0,0.0,0.0
824,368,2,0.0,0.0,0.0,0.0
432,345,4,0.0,0.0,0.0,0.0
662,377,3,0.0,0.0,0.0,0.0
418,278,2,1.0,0.0,0.0,0.0
329,322,2,0.0,0.0,0.0,0.0
253,387,4,0.0,0.0,0.0,0.0
57,114,1,0.0,0.0,0.0,0.0
2,215,2,1.0,0.0,0.0,0.0
260,115,5,0.0,0.0,0.0,0.0
845,112,3,0.0,0.0,0.0,0.0
906,8,1,0.0,0.0,0.0,0.0
227,56,2,0.0,0.0,0.0,0.0
770,59,5,0.0,0.0,0.0,0.0
561,369,5,1.0,0.0,0.0,0.0
96,33,4,0.0,0.0,0.0,0.0
109,319,4,0.0,0.0,0.0,0.0
430,247,3,0.0,0.0,0.0,0.0
635,283,5,1.0,0.0,0.0,0.0
690,272,1,0.0,0.0,0.0,0.0
346,38,1,0.0,0.0,0.0,0.0
286,346,3,0.0,0.0,0.0,0.0
139,185,3,0.0,0.0,0.0,0.0
278,164,3,1.0,1.0,0.0,0.0
718,405,3,0.0,0.0,0.0,0.0
826,303,4,0.0,0.0,0.0,0.0
636,344,5,0.0,0.0,0.0,0.0
139,71,3,0.0,0.0,0.0,0.0
464,457,4,0.0,0.0,0.0,0.0
25,350,1,0.0,0.0,0.0,0.0
732,498,1,0.0,0.0,0.0,0.0
689,332,2,0.0,0.0,0.0,0.0
300,272,4,0.0,0.0,0.0,0.0
798,446,3,0.0,0.0,0.0,0.0
365,22,2,0.0,0.0,0.0,0.0
864,360,2,0.0,0.0,0.0,0.0
878,499,3,0.0,0.0,0.0,0.0
639,102,5,0.0,0.0,0.0,0.0
656,146,2,0.0,0.0,0.0,0.0
895,263,2,0.0,0.0,0.0,0.0
480,355,5,0.0,0.0,0.0,0.0
911,408,3,0.0,0.0,0.0,0.0
314,266,1,0.0,0.0,0.0,0.0
124,233,2,0.0,0.0,0.0,0.0
692,11,5,0.0,0.0,0.0,0.0
596,419,5,0.0,0.0,0.0,0.0
401,66,5,0.0,0.0,0.0,0.0
432,10,5,0.0,0.0,0.0,0.0
760,452,2,0.0,0.0,0.0,0.0
230,489,3,0.0,0.0,0.0,0.0
395,327,3,1.0,0.0,0.0,0.0
820,84,3,0.0,0.0,0.0,0.0
99,85,4,0.0,0.0,0.0,0.0
644,290,1,0.0,0.0,0.0,0.0
847,193,1,0.0,0.0,0.0,0.0
297,350,5,0.0,0.0,0.0,0.0
983,381,1,0.0,0.0,0.0,0.0
553,159,5,0.0,0.0,0.0,0.0
925,461,1,0.0,0.0,0.0,0.0
856,493,2,0.0,0.0,0.0,0.0
209,149,1,0.0,0.0,0.0,0.0
463,218,3,0.0,0.0,0.0,0.0
329,23,4,0.0,0.0,0.0,0.0
140,91,4,0.0,0.0,0.0,0.0
71,53,3,0.0,0.0,0.0,0.0
400,136,2,0.0,0.0,0.0,0.0
561,426,5,0.0,0.0,0.0,0.0
123,157,2,0.0,0.0,0.0,0.0
920,475,1,0.0,0.0,0.0,0.0
918,201,1,0.0,0.0,0.0,0.0
986,422,5,0.0,0.0,0.0,0.0
721,368,1,0.0,0.0,0.0,0.0
932,194,3,0.0,0.0,0.0,0.0
957,51,3,0.0,0.0,0.0,0.0
753,17,5,0.0,0.0,0.0,0.0
18,460,1,0.0,0.0,0.0,0.0
333,332,1,0.0,0.0,0.0,0.0
177,481,5,0.0,0.0,0.0,0.0
677,462,2,0.0,0.0,0.0,0.0
244,365,2,0.0,0.0,0.0,0.0
341,73,3,0.0,0.0,0.0,0.0
27,7,5,0.0,0.0,0.0,0.0
561,451,1,0.0,0.0,0.0,0.0
294,4,5,0.0,0.0,0.0,0.0
774,152,2,0.0,0.0,0.0,0.0
508,136,2,0.0,0.0,0.0,0.0
998,64,3,1.0,0.0,0.0,0.0
83,183,3,0.0,0.0,0.0,0.0
761,222,5,0.0,0.0,0.0,0.0
642,58,4,0.0,0.0,0.0,0.0
776,434,4,0.0,0.0,0.0,0.0
677,343,1,0.0,0.0,0.0,0.0
620,241,1,0.0,0.0,0.0,0.0
922,46,5,0.0,0.0,0.0,0.0
90,393,1,0.0,0.0,0.0,0.0
557,268,4,0.0,0.0,0.0,0.0
788,205,2,0.0,0.0,0.0,0.0
275,182,2,0.0,0.0,0.0,0.0
717,470,5,1.0,0.0,1.0,0.0
152,343,3,0.0,0.0,0.0,0.0
680,185,1,0.0,0.0,0.0,0.0
705,387,3,1.0,0.0,0.0,0.0
878,339,4,0.0,0.0,0.0,0.0
966,339,1,0.0,0.0,0.0,0.0
936,321,4,0.0,0.0,0.0,0.0
240,143,3,0.0,0.0,0.0,0.0
92,95,3,0.0,0.0,0.0,0.0
13,487,1,1.0,0.0,0.0,0.0
323,440,3,0.0,0.0,0.0,0.0
454,43,1,0.0,0.0,0.0,0.0
794,261,1,0.0,0.0,0.0,0.0
12,325,1,0.0,0.0,0.0,0.0
497,321,2,0.0,0.0,0.0,0.0
845,268,4,0.0,0.0,0.0,0.0
442,409,4,1.0,1.0,0.0,0.0
572,211,5,0.0,0.0,0.0,0.0
158,366,2,0.0,0.0,0.0,0.0
133,147,2,0.0,0.0,0.0,0.0
245,367,3,0.0,0.0,0.0,0.0
109,169,1,0.0,0.0,0.0,0.0
564,133,2,1.0,0.0,0.0,0.0
829,437,1,0.0,0.0,0.0,0.0
66,269,1,0.0,0.0,0.0,0.0
208,482,5,0.0,0.0,0.0,0.0
110,207,4,0.0,0.0,0.0,0.0
940,489,3,0.0,0.0,0.0,0.0
15,231,2,0.0,0.0,0.0,0.0
985,464,3,0.0,0.0,0.0,0.0
289,490,1,0.0,0.0,0.0,1.0
988,27,1,1.0,1.0,0.0,0.0
253,439,4,0.0,0.0,0.0,1.0
669,312,4,0.0,0.0,0.0,0.0
734,195,2,0.0,0.0,0.0,0.0
674,147,1,1.0,0.0,0.0,0.0
768,193,5,0.0,0.0,0.0,0.0
705,304,5,0.0,0.0,0.0,0.0
306,499,3,0.0,0.0,0.0,0.0
890,50,3,1.0,0.0,0.0,1.0
441,338,3,0.0,0.0,0.0,0.0
186,345,4,0.0,0.0,0.0,0.0
513,146,4,0.0,0.0,0.0,0.0
156,175,3,0.0,0.0,0.0,0.0
295,97,5,0.0,0.0,0.0,0.0
331,9,4,0.0,0.0,0.0,0.0
789,302,2,0.0,0.0,0.0,0.0
178,240,2,0.0,0.0,0.0,0.0
504,52,3,0.0,0.0,0.0,0.0
416,454,4,0.0,0.0,0.0,0.0
966,409,1,0.0,0.0,0.0,0.0
916,281,1,0.0,0.0,0.0,0.0
359,407,5,0.0,0.0,0.0,0.0
622,13,5,0.0,0.0,0.0,0.0
634,497,4,0.0,0.0,0.0,0.0
406,391,4,0.0,0.0,0.0,0.0
211,488,3,0.0,0.0,0.0,0.0
120,410,2,0.0,0.0,0.0,0.0
881,453,4,0.0,0.0,0.0,0.0
282,295,2,0.0,0.0,0.0,0.0
363,117,1,0.0,0.0,0.0,0.0
341,374,3,0.0,0.0,0.0,1.0
548,430,2,0.0,0.0,0.0,0.0
617,261,4,0.0,0.0,0.0,1.0
605,492,5,0.0,0.0,0.0,0.0
234,464,4,0.0,0.0,0.0,0.0
584,406,2,0.0,0.0,0.0,0.0
425,424,4,0.0,0.0,0.0,0.0
894,81,5,1.0,0.0,1.0,0.0
357,124,5,0.0,0.0,0.0,0.0
856,63,1,0.0,0.0,0.0,0.0
603,444,1,0.0,0.0,0.0,0.0
275,409,2,0.0,0.0,0.0,0.0
565,406,1,0.0,0.0,0.0,0.0
228,493,2,0.0,0.0,0.0,0.0
448,215,4,0.0,0.0,0.0,0.0
675,473,1,0.0,0.0,0.0,0.0
374,207,4,0.0,0.0,0.0,0.0
512,76,3,1.0,0.0,1.0,0.0
270,221,5,1.0,0.0,0.0,0.0
563,148,4,0.0,0.0,0.0,0.0
881,449,4,1.0,1.0,0.0,0.0
714,194,1,0.0,0.0,0.0,0.0
7,322,4,0.0,0.0,0.0,0.0
744,428,5,0.0,0.0,0.0,0.0
310,391,3,0.0,0.0,0.0,0.0
177,146,5,0.0,0.0,0.0,0.0
738,336,1,0.0,0.0,0.0,0.0
869,335,3,0.0,0.0,0.0,0.0
59,84,2,0.0,0.0,0.0,0.0
784,342,4,0.0,0.0,0.0,0.0
586,194,4,0.0,0.0,0.0,0.0
327,440,4,0.0,0.0,0.0,0.0
461,70,5,0.0,0.0,0.0,0.0
600,325,1,0.0,0.0,0.0,0.0
41,265,4,0.0,0.0,0.0,0.0
4,252,2,0.0,0.0,0.0,0.0
833,144,1,0.0,0.0,0.0,0.0
275,107,3,0.0,0.0,0.0,0.0
162,380,3,0.0,0.0,0.0,0.0
887,18,3,0.0,0.0,0.0,0.0
146,429,5,0.0,0.0,0.0,0.0
554,433,1,0.0,0.0,0.0,0.0
906,419,4,0.0,0.0,0.0,0.0
509,28,4,0.0,0.0,0.0,0.0
983,76,3,0.0,0.0,0.0,0.0
310,360,1,0.0,0.0,0.0,0.0
464,174,5,0.0,0.0,0.0,0.0
809,29,2,0.0,0.0,0.0,0.0
603,432,5,0.0,0.0,0.0,0.0
809,328,4,0.0,0.0,0.0,0.0
794,433,4,0.0,0.0,0.0,0.0
272,274,5,0.0,0.0,0.0,1.0
174,330,3,0.0,0.0,0.0,0.0
721,26,5,0.0,0.0,0.0,0.0
520,216,1,0.0,0.0,0.0,0.0
529,493,5,0.0,0.0,0.0,0.0
769,150,4,0.0,0.0,0.0,0.0
793,214,4,0.0,0.0,0.0,0.0
811,291,4,0.0,0.0,0.0,0.0
303,48,3,0.0,0.0,0.0,0.0
596,107,3,1.0,1.0,0.0,0.0
737,72,5,1.0,0.0,0.0,0.0
34,144,5,0.0,0.0,0.0,0.0
754,230,1,1.0,1.0,0.0,0.0
402,143,1,0.0,0.0,0.0,0.0
736,476,2,1.0,0.0,0.0,0.0
919,175,1,0.0,0.0,0.0,0.0
127,413,3,1.0,0.0,1.0,0.0
697,448,5,0.0,0.0,0.0,0.0
194,13,4,0.0,0.0,0.0,0.0
864,158,2,0.0,0.0,0.0,0.0
68,229,4,0.0,0.0,0.0,0.0
964,233,5,0.0,0.0,0.0,0.0
597,24,2,0.0,0.0,0.0,0.0
892,144,5,0.0,0.0,0.0,0.0
358,440,4,0.0,0.0,0.0,0.0
242,352,1,0.0,0.0,0.0,0.0
973,62,3,0.0,0.0,0.0,0.0
487,217,3,0.0,0.0,0.0,0.0
236,307,5,1.0,1.0,0.0,0.0
923,361,2,0.0,0.0,0.0,0.0
673,32,3,0.0,0.0,0.0,0.0
954,123,2,0.0,0.0,0.0,0.0
666,39,1,0.0,0.0,0.0,0.0
525,499,3,1.0,1.0,0.0,0.0
233,473,3,0.0,0.0,0.0,0.0
812,129,5,0.0,0.0,0.0,0.0
804,256,1,0.0,0.0,0.0,0.0
679,389,4,1.0,0.0,0.0,0.0
834,366,2,0.0,0.0,0.0,0.0
368,437,5,0.0,0.0,0.0,0.0
853,77,2,0.0,0.0,0.0,0.0
577,234,1,0.0,0.0,0.0,0.0
563,441,5,0.0,0.0,0.0,0.0
202,197,1,0.0,0.0,0.0,1.0
999,195,1,0.0,0.0,0.0,0.0
678,391,5,0.0,0.0,0.0,0.0
237,406,2,0.0,0.0,0.0,0.0
534,226,5,0.0,0.0,0.0,0.0
741,389,4,0.0,0.0,0.0,0.0
897,20,1,0.0,0.0,0.0,0.0
822,203,5,0.0,0.0,0.0,0.0
319,47,3,0.0,0.0,0.0,0.0
220,371,5,0.0,0.0,0.0,0.0
204,255,2,0.0,0.0,0.0,0.0
320,392,1,0.0,0.0,0.0,0.0
581,53,3,0.0,0.0,0.0,0.0
472,405,4,0.0,0.0,0.0,0.0
70,245,3,0.0,0.0,0.0,0.0
828,152,1,0.0,0.0,0.0,0.0
557,16,4,0.0,0.0,0.0,0.0
905,194,1,0.0,0.0,0.0,0.0
85,425,2,0.0,0.0,0.0,0.0
817,463,4,0.0,0.0,0.0,0.0
167,110,4,0.0,0.0,0.0,0.0
619,148,5,0.0,0.0,0.0,0.0
616,379,2,0.0,0.0,0.0,0.0
545,107,4,0.0,0.0,0.0,0.0
720,113,3,0.0,0.0,0.0,0.0
348,158,5,0.0,0.0,0.0,0.0
530,310,5,0.0,0.0,0.0,0.0
374,253,3,0.0,0.0,0.0,0.0
115,82,2,0.0,0.0,0.0,0.0
586,333,2,0.0,0.0,0.0,0.0
780,471,4,0.0,0.0,0.0,0.0
641,454,5,2.0,1.0,0.0,0.0
833,155,4,0.0,0.0,0.0,0.0
590,134,4,0.0,0.0,0.0,0.0
372,192,1,0.0,0.0,0.0,0.0
223,129,2,0.0,0.0,0.0,0.0
521,173,4,0.0,0.0,0.0,0.0
663,94,2,0.0,0.0,0.0,0.0
481,21,1,1.0,0.0,0.0,0.0
943,114,4,0.0,0.0,0.0,0.0
539,424,1,0.0,0.0,0.0,0.0
596,498,3,0.0,0.0,0.0,0.0
867,453,1,0.0,0.0,0.0,0.0
649,288,5,0.0,0.0,0.0,0.0
494,463,2,0.0,0.0,0.0,0.0
219,222,5,0.0,0.0,0.0,0.0
308,203,3,0.0,0.0,0.0,0.0
403,185,1,0.0,0.0,0.0,0.0
970,435,3,0.0,0.0,0.0,0.0
755,359,3,0.0,0.0,0.0,0.0
865,437,5,0.0,0.0,0.0,0.0
99,188,3,0.0,0.0,0.0,0.0
582,107,2,0.0,0.0,0.0,0.0
525,445,5,0.0,0.0,0.0,0.0
418,304,5,0.0,0.0,0.0,0.0
139,494,3,0.0,0.0,0.0,0.0
321,44,5,0.0,0.0,0.0,0.0
8,439,2,0.0,0.0,0.0,0.0
2,462,2,0.0,0.0,0.0,0.0
765,475,3,0.0,0.0,0.0,0.0
877,218,4,1.0,0.0,0.0,0.0
948,385,1,0.0,0.0,0.0,0.0
943,51,2,0.0,0.0,0.0,0.0
839,146,5,0.0,0.0,0.0,0.0
815,78,5,0.0,0.0,0.0,0.0
976,286,2,0.0,0.0,0.0,0.0
92,352,2,0.0,0.0,0.0,0.0
267,417,2,0.0,0.0,0.0,0.0
345,13,4,0.0,0.0,0.0,0.0
962,103,5,1.0,0.0,0.0,0.0
247,286,5,0.0,0.0,0.0,0.0
493,310,5,0.0,0.0,0.0,0.0
206,182,3,1.0,0.0,0.0,0.0
37,75,1,0.0,0.0,0.0,0.0
714,44,4,0.0,0.0,0.0,0.0
245,410,1,0.0,0.0,0.0,0.0
987,418,4,0.0,0.0,0.0,0.0
373,390,1,0.0,0.0,0.0,0.0
141,251,2,0.0,0.0,0.0,0.0
145,44,3,0.0,0.0,0.0,0.0
31,490,5,0.0,0.0,0.0,0.0
313,453,2,0.0,0.0,0.0,0.0
115,392,2,1.0,0.0,0.0,0.0
348,303,3,1.0,1.0,0.0,0.0
537,489,5,0.0,0.0,0.0,0.0
786,228,1,1.0,0.0,1.0,0.0
880,460,2,0.0,0.0,0.0,0.0
179,196,5,0.0,0.0,0.0,0.0
353,11,2,0.0,0.0,0.0,0.0
756,244,5,0.0,0.0,0.0,0.0
369,466,5,0.0,0.0,0.0,0.0
977,90,5,1.0,0.0,0.0,0.0
889,321,1,0.0,0.0,0.0,0.0
907,408,2,0.0,0.0,0.0,0.0
897,54,4,0.0,0.0,0.0,0.0
720,244,4,1.0,0.0,1.0,0.0
654,3,4,0.0,0.0,0.0,0.0
381,44,4,0.0,0.0,0.0,0.0
93,227,5,0.0,0.0,0.0,0.0
402,321,1,0.0,0.0,0.0,0.0
868,387,3,0.0,0.0,0.0,0.0
71,448,3,0.0,0.0,0.0,0.0
274,467,5,0.0,0.0,0.0,0.0
389,365,4,0.0,0.0,0.0,0.0
748,194,5,0.0,0.0,0.0,0.0
66,413,4,1.0,1.0,0.0,0.0
95,94,2,0.0,0.0,0.0,0.0
245,472,5,0.0,0.0,0.0,0.0
217,275,4,0.0,0.0,0.0,0.0
672,131,1,0.0,0.0,0.0,0.0
969,332,5,1.0,0.0,1.0,0.0
47,481,3,0.0,0.0,0.0,0.0
208,331,5,0.0,0.0,0.0,0.0
600,435,3,1.0,0.0,0.0,0.0
227,475,5,0.0,0.0,0.0,0.0
771,443,2,0.0,0.0,0.0,0.0
745,258,4,0.0,0.0,0.0,0.0
680,232,2,0.0,0.0,0.0,0.0
606,179,2,0.0,0.0,0.0,0.0
871,347,5,0.0,0.0,0.0,0.0
239,179,5,0.0,0.0,0.0,0.0
345,269,3,0.0,0.0,0.0,0.0
718,426,1,0.0,0.0,0.0,0.0
703,333,5,0.0,0.0,0.0,0.0
990,182,4,0.0,0.0,0.0,0.0
95,449,1,0.0,0.0,0.0,0.0
770,491,3,0.0,0.0,0.0,0.0
599,98,4,0.0,0.0,0.0,0.0
530,387,5,0.0,0.0,0.0,0.0
909,36,3,1.0,0.0,0.0,0.0
886,127,5,2.0,0.0,0.0,0.0
638,208,5,0.0,0.0,0.0,0.0
772,46,1,0.0,0.0,0.0,0.0
720,370,3,0.0,0.0,0.0,0.0
92,456,2,1.0,0.0,0.0,0.0
265,88,4,0.0,0.0,0.0,0.0
469,47,1,0.0,0.0,0.0,0.0
324,32,3,0.0,0.0,0.0,0.0
632,317,5,0.0,0.0,0.0,0.0
315,101,3,0.0,0.0,0.0,0.0
348,493,5,0.0,0.0,0.0,1.0
168,160,3,0.0,0.0,0.0,0.0
115,279,1,0.0,0.0,0.0,0.0
470,42,5,0.0,0.0,0.0,0.0
878,141,5,0.0,0.0,0.0,0.0
978,24,5,0.0,0.0,0.0,0.0
96,3,4,0.0,0.0,0.0,0.0
928,32,4,1.0,1.0,0.0,0.0
245,77,3,0.0,0.0,0.0,0.0
949,397,1,0.0,0.0,0.0,0.0
872,308,3,0.0,0.0,0.0,0.0
740,245,5,0.0,0.0,0.0,0.0
651,495,4,0.0,0.0,0.0,0.0
410,320,2,0.0,0.0,0.0,1.0
242,390,4,0.0,0.0,0.0,0.0
528,216,4,1.0,0.0,0.0,0.0
506,135,2,1.0,1.0,0.0,0.0
189,466,2,0.0,0.0,0.0,0.0
912,52,2,0.0,0.0,0.0,0.0
746,70,1,0.0,0.0,0.0,0.0
791,452,3,0.0,0.0,0.0,0.0
357,338,4,0.0,0.0,0.0,0.0
8,34,2,0.0,0.0,0.0,0.0
671,347,1,0.0,0.0,0.0,0.0
568,470,4,0.0,0.0,0.0,0.0
678,1,4,0.0,0.0,0.0,0.0
53,235,3,0.0,0.0,0.0,0.0
859,93,3,0.0,0.0,0.0,0.0
910,356,4,0.0,0.0,0.0,0.0
188,307,1,0.0,0.0,0.0,0.0
343,78,5,0.0,0.0,0.0,0.0
307,100,2,0.0,0.0,0.0,0.0
544,93,3,1.0,0.0,1.0,0.0
422,158,3,0.0,0.0,0.0,0.0
513,176,3,0.0,0.0,0.0,0.0
114,207,5,0.0,0.0,0.0,0.0
101,476,2,0.0,0.0,0.0,0.0
443,306,2,0.0,0.0,0.0,0.0
605,276,5,0.0,0.0,0.0,0.0
32,103,3,0.0,0.0,0.0,0.0
827,177,1,0.0,0.0,0.0,0.0
921,151,2,0.0,0.0,0.0,0.0
38,77,5,0.0,0.0,0.0,0.0
37,159,4,0.0,0.0,0.0,0.0
461,203,3,0.0,0.0,0.0,0.0
1,28,4,1.0,0.0,0.0,0.0
470,165,5,0.0,0.0,0.0,0.0
200,445,5,0.0,0.0,0.0,0.0
233,463,1,0.0,0.0,0.0,0.0
29,121,5,0.0,0.0,0.0,0.0
325,373,2,0.0,0.0,0.0,0.0
495,408,5,0.0,0.0,0.0,0.0
864,136,5,0.0,0.0,0.0,0.0
56,206,2,0.0,0.0,0.0,0.0
102,243,3,0.0,0.0,0.0,0.0
962,365,4,0.0,0.0,0.0,0.0
773,326,3,0.0,0.0,0.0,0.0
312,465,1,1.0,0.0,0.0,0.0
732,159,3,0.0,0.0,0.0,0.0
141,216,3,0.0,0.0,0.0,0.0
541,358,3,0.0,0.0,0.0,0.0
347,297,4,1.0,1.0,0.0,0.0
573,109,1,0.0,0.0,0.0,0.0
209,132,1,0.0,0.0,0.0,0.0
63,22,3,0.0,0.0,0.0,0.0
811,241,5,0.0,0.0,0.0,0.0
121,408,1,0.0,0.0,0.0,0.0
348,183,4,0.0,0.0,0.0,0.0
867,300,2,0.0,0.0,0.0,0.0
566,211,2,0.0,0.0,0.0,0.0
595,187,1,0.0,0.0,0.0,0.0
330,470,1,0.0,0.0,0.0,0.0
635,71,4,0.0,0.0,0.0,0.0
828,64,3,0.0,0.0,0.0,0.0
742,355,5,0.0,0.0,0.0,0.0
156,486,5,0.0,0.0,0.0,0.0
224,88,2,0.0,0.0,0.0,0.0
994,229,4,0.0,0.0,0.0,0.0
49,289,2,1.0,1.0,0.0,0.0
893,55,1,0.0,0.0,0.0,0.0
588,402,2,0.0,0.0,0.0,0.0
592,42,4,0.0,0.0,0.0,0.0
813,64,1,0.0,0.0,0.0,0.0
794,246,2,0.0,0.0,0.0,0.0
249,487,1,0.0,0.0,0.0,0.0
484,241,5,0.0,0.0,0.0,0.0
817,88,1,1.0,1.0,0.0,0.0
221,271,4,0.0,0.0,0.0,0.0
387,107,4,0.0,0.0,0.0,0.0
157,88,1,0.0,0.0,0.0,0.0
240,200,2,0.0,0.0,0.0,0.0
963,147,5,0.0,0.0,0.0,0.0
124,465,3,1.0,1.0,0.0,0.0
786,54,5,0.0,0.0,0.0,0.0
453,37,4,1.0,0.0,0.0,0.0
12,5,1,2.0,0.0,0.0,0.0
275,221,4,0.0,0.0,0.0,0.0
811,162,5,0.0,0.0,0.0,0.0
688,39,3,0.0,0.0,0.0,0.0
739,403,2,0.0,0.0,0.0,0.0
532,127,4,0.0,0.0,0.0,0.0
177,70,2,0.0,0.0,0.0,0.0
207,42,3,0.0,0.0,0.0,0.0
557,143,4,0.0,0.0,0.0,0.0
257,10,5,1.0,1.0,0.0,0.0
274,4,3,0.0,0.0,0.0,0.0
977,203,1,0.0,0.0,0.0,0.0
924,11,2,0.0,0.0,0.0,0.0
203,27,3,0.0,0.0,0.0,0.0
244,296,3,0.0,0.0,0.0,0.0
287,139,1,0.0,0.0,0.0,0.0
971,91,5,0.0,0.0,0.0,0.0
187,163,4,0.0,0.0,0.0,0.0
757,304,3,0.0,0.0,0.0,0.0
910,140,3,0.0,0.0,0.0,1.0
371,458,4,0.0,0.0,0.0,0.0
607,397,4,0.0,0.0,0.0,0.0
278,58,1,0.0,0.0,0.0,0.0
867,78,2,0.0,0.0,0.0,0.0
169,104,3,0.0,0.0,0.0,0.0
486,105,1,0.0,0.0,0.0,0.0
389,235,1,0.0,0.0,0.0,0.0
68,41,4,0.0,0.0,0.0,0.0
328,73,3,0.0,0.0,0.0,0.0
841,195,2,0.0,0.0,0.0,0.0
454,49,3,0.0,0.0,0.0,0.0
663,133,5,0.0,0.0,0.0,0.0
710,186,5,0.0,0.0,0.0,0.0
930,263,1,0.0,0.0,0.0,0.0
621,230,5,0.0,0.0,0.0,0.0
143,236,1,0.0,0.0,0.0,0.0
123,312,3,0.0,0.0,0.0,0.0
320,399,5,0.0,0.0,0.0,0.0
641,393,3,0.0,0.0,0.0,0.0
942,190,3,0.0,0.0,0.0,0.0
382,89,5,0.0,0.0,0.0,0.0
191,431,5,0.0,0.0,0.0,0.0
612,62,4,0.0,0.0,0.0,0.0
25,433,3,0.0,0.0,0.0,0.0
349,316,1,0.0,0.0,0.0,0.0
483,20,5,0.0,0.0,0.0,0.0
531,3,5,0.0,0.0,0.0,0.0
719,225,5,0.0,0.0,0.0,0.0
833,9,5,1.0,0.0,0.0,0.0
451,412,5,0.0,0.0,0.0,0.0
685,110,2,0.0,0.0,0.0,0.0
103,272,2,0.0,0.0,0.0,0.0
27,139,1,0.0,0.0,0.0,0.0
949,353,5,0.0,0.0,0.0,0.0
349,68,3,0.0,0.0,0.0,0.0
345,167,3,0.0,0.0,0.0,0.0
770,455,3,0.0,0.0,0.0,0.0
651,322,4,0.0,0.0,0.0,1.0
66,20,5,0.0,0.0,0.0,0.0
572,296,5,0.0,0.0,0.0,0.0
290,251,1,0.0,0.0,0.0,0.0
732,76,3,0.0,0.0,0.0,0.0
240,234,1,0.0,0.0,0.0,0.0
221,59,1,0.0,0.0,0.0,0.0
949,193,5,0.0,0.0,0.0,0.0
828,183,4,0.0,0.0,0.0,0.0
996,438,3,0.0,0.0,0.0,0.0
158,202,3,0.0,0.0,0.0,0.0
598,184,5,0.0,0.0,0.0,0.0
495,142,1,0.0,0.0,0.0,0.0
371,190,3,0.0,0.0,0.0,0.0
684,231,4,0.0,0.0,0.0,0.0
266,106,3,0.0,0.0,0.0,0.0
702,188,4,0.0,0.0,0.0,0.0
742,447,4,0.0,0.0,0.0,0.0
706,36,5,0.0,0.0,0.0,0.0
365,10,1,0.0,0.0,0.0,0.0
943,96,5,0.0,0.0,0.0,0.0
397,348,1,0.0,0.0,0.0,0.0
158,451,2,1.0,0.0,0.0,0.0
370,142,2,0.0,0.0,0.0,0.0
318,438,1,1.0,0.0,1.0,0.0
214,116,4,0.0,0.0,0.0,0.0
793,371,2,0.0,0.0,0.0,0.0
24,302,5,0.0,0.0,0.0,0.0
267,221,5,0.0,0.0,0.0,0.0
349,311,3,0.0,0.0,0.0,0.0
579,482,4,0.0,0.0,0.0,0.0
289,263,5,0.0,0.0,0.0,0.0
653,430,1,0.0,0.0,0.0,0.0
594,186,3,0.0,0.0,0.0,0.0
600,317,2,0.0,0.0,0.0,0.0
835,389,3,0.0,0.0,0.0,0.0
301,33,1,0.0,0.0,0.0,0.0
398,77,3,0.0,0.0,0.0,0.0
122,442,5,0.0,0.0,0.0,0.0
974,233,5,1.0,0.0,0.0,0.0
320,363,5,1.0,0.0,0.0,0.0
675,9,5,0.0,0.0,0.0,0.0
794,427,3,0.0,0.0,0.0,0.0
242,338,3,1.0,0.0,0.0,0.0
6,278,4,0.0,0.0,0.0,0.0
847,201,5,0.0,0.0,0.0,0.0
177,34,3,0.0,0.0,0.0,0.0
583,394,1,0.0,0.0,0.0,0.0
194,54,2,1.0,0.0,1.0,0.0
48,152,4,1.0,0.0,0.0,0.0
608,372,1,0.0,0.0,0.0,0.0
858,311,4,0.0,0.0,0.0,0.0
671,375,5,0.0,0.0,0.0,0.0
362,488,1,0.0,0.0,0.0,0.0
44,60,3,0.0,0.0,0.0,0.0
287,375,1,0.0,0.0,0.0,0.0
593,69,5,0.0,0.0,0.0,0.0
32,225,2,0.0,0.0,0.0,0.0
441,36,3,0.0,0.0,0.0,0.0
145,182,3,0.0,0.0,0.0,0.0
532,368,4,0.0,0.0,0.0,0.0
514,345,1,0.0,0.0,0.0,0.0
803,302,2,1.0,1.0,0.0,0.0
418,377,1,0.0,0.0,0.0,0.0
579,186,1,0.0,0.0,0.0,0.0
55,372,5,0.0,0.0,0.0,0.0
622,153,5,1.0,0.0,0.0,0.0
531,364,2,0.0,0.0,0.0,0.0
319,441,4,0.0,0.0,0.0,0.0
449,318,5,0.0,0.0,0.0,0.0
25,471,4,0.0,0.0,0.0,0.0
670,3,5,0.0,0.0,0.0,0.0
900,316,2,0.0,0.0,0.0,0.0
821,399,4,0.0,0.0,0.0,0.0
52,122,3,0.0,0.0,0.0,0.0
181,281,2,0.0,0.0,0.0,0.0
574,274,5,0.0,0.0,0.0,0.0
996,238,2,0.0,0.0,0.0,0.0
75,481,1,0.0,0.0,0.0,0.0
894,20,1,0.0,0.0,0.0,0.0
490,433,4,0.0,0.0,0.0,0.0
459,476,1,0.0,0.0,0.0,0.0
191,30,4,0.0,0.0,0.0,0.0
514,373,1,0.0,0.0,0.0,0.0
954,445,2,0.0,0.0,0.0,0.0
94,63,4,0.0,0.0,0.0,0.0
448,301,5,0.0,0.0,0.0,0.0
767,392,5,0.0,0.0,0.0,0.0
615,98,3,0.0,0.0,0.0,0.0
849,285,4,0.0,0.0,0.0,0.0
716,61,3,0.0,0.0,0.0,0.0
847,199,3,0.0,0.0,0.0,1.0
63,261,1,0.0,0.0,0.0,0.0
357,123,4,0.0,0.0,0.0,0.0
775,137,1,0.0,0.0,0.0,0.0
568,421,5,1.0,1.0,0.0,0.0
157,18,3,0.0,0.0,0.0,0.0
924,103,4,0.0,0.0,0.0,0.0
648,89,3,0.0,0.0,0.0,0.0
232,217,5,0.0,0.0,0.0,0.0
830,203,1,0.0,0.0,0.0,0.0
433,352,1,0.0,0.0,0.0,0.0
161,269,2,0.0,0.0,0.0,0.0
604,239,3,0.0,0.0,0.0,0.0
202,75,4,0.0,0.0,0.0,0.0
570,18,1,0.0,0.0,0.0,0.0
410,115,3,0.0,0.0,0.0,0.0
684,71,2,0.0,0.0,0.0,0.0
764,412,4,0.0,0.0,0.0,0.0
245,119,1,0.0,0.0,0.0,0.0
544,95,1,0.0,0.0,0.0,0.0
611,379,4,0.0,0.0,0.0,0.0
673,174,2,0.0,0.0,0.0,0.0
876,183,1,0.0,0.0,0.0,0.0
321,441,1,0.0,0.0,0.0,0.0
669,359,1,0.0,0.0,0.0,0.0
287,79,3,0.0,0.0,0.0,0.0
867,97,3,0.0,0.0,0.0,0.0
621,360,4,0.0,0.0,0.0,0.0
853,450,3,0.0,0.0,0.0,0.0
190,462,5,0.0,0.0,0.0,0.0
430,233,4,1.0,0.0,0.0,0.0
9,408,2,0.0,0.0,0.0,0.0
123,209,4,0.0,0.0,0.0,0.0
149,133,5,0.0,0.0,0.0,0.0
871,155,3,0.0,0.0,0.0,0.0
308,21,5,0.0,0.0,0.0,0.0
815,492,3,1.0,0.0,1.0,0.0
766,248,5,0.0,0.0,0.0,0.0
448,91,1,0.0,0.0,0.0,0.0
621,52,4,0.0,0.0,0.0,0.0
167,499,3,0.0,0.0,0.0,0.0
673,468,4,0.0,0.0,0.0,1.0
112,416,4,0.0,0.0,0.0,0.0
292,432,2,0.0,0.0,0.0,0.0
856,473,5,0.0,0.0,0.0,0.0
984,127,5,0.0,0.0,0.0,0.0
139,156,2,1.0,0.0,0.0,0.0
607,303,3,0.0,0.0,0.0,0.0
617,493,3,0.0,0.0,0.0,0.0
112,9,4,0.0,0.0,0.0,0.0
592,274,4,0.0,0.0,0.0,0.0
302,292,3,1.0,0.0,0.0,0.0
516,478,1,0.0,0.0,0.0,0.0
847,164,2,0.0,0.0,0.0,0.0
942,72,1,0.0,0.0,0.0,0.0
677,351,1,0.0,0.0,0.0,0.0
342,407,3,0.0,0.0,0.0,0.0
71,15,1,0.0,0.0,0.0,0.0
601,76,4,1.0,0.0,0.0,0.0
722,131,4,0.0,0.0,0.0,0.0
761,165,4,0.0,0.0,0.0,0.0
543,177,1,0.0,0.0,0.0,0.0
106,312,2,0.0,0.0,0.0,1.0
316,47,5,0.0,0.0,0.0,0.0
732,396,1,1.0,0.0,0.0,0.0
925,241,1,0.0,0.0,0.0,0.0
705,182,4,0.0,0.0,0.0,0.0
709,394,4,0.0,0.0,0.0,0.0
970,279,1,0.0,0.0,0.0,0.0
789,445,3,0.0,0.0,0.0,0.0
31,482,3,0.0,0.0,0.0,0.0
724,285,1,0.0,0.0,0.0,0.0
685,201,4,0.0,0.0,0.0,0.0
864,319,2,0.0,0.0,0.0,0.0
419,186,2,0.0,0.0,0.0,0.0
554,444,1,0.0,0.0,0.0,0.0
501,334,3,0.0,0.0,0.0,0.0
660,215,4,0.0,0.0,0.0,0.0
512,161,5,1.0,0.0,0.0,0.0
880,224,3,0.0,0.0,0.0,0.0
648,160,1,0.0,0.0,0.0,0.0
470,298,4,0.0,0.0,0.0,0.0
113,456,2,0.0,0.0,0.0,0.0
517,104,1,0.0,0.0,0.0,0.0
846,89,4,1.0,1.0,0.0,0.0
375,481,5,0.0,0.0,0.0,0.0
189,315,2,0.0,0.0,0.0,0.0
746,127,2,0.0,0.0,0.0,0.0
114,364,2,0.0,0.0,0.0,0.0
764,373,2,0.0,0.0,0.0,0.0
834,15,5,0.0,0.0,0.0,0.0
820,174,4,1.0,1.0,0.0,0.0
335,300,1,0.0,0.0,0.0,0.0
44,145,5,0.0,0.0,0.0,0.0
924,67,4,0.0,0.0,0.0,0.0
234,331,1,0.0,0.0,0.0,0.0
502,193,2,0.0,0.0,0.0,0.0
762,28,5,0.0,0.0,0.0,0.0
448,159,4,0.0,0.0,0.0,0.0
936,436,2,0.0,0.0,0.0,0.0
960,193,1,0.0,0.0,0.0,0.0
818,486,3,0.0,0.0,0.0,0.0
176,108,4,0.0,0.0,0.0,0.0
594,23,4,0.0,0.0,0.0,0.0
547,124,2,0.0,0.0,0.0,0.0
686,465,5,0.0,0.0,0.0,0.0
854,495,3,1.0,0.0,0.0,0.0
110,87,2,0.0,0.0,0.0,0.0
380,341,3,0.0,0.0,0.0,0.0
198,295,4,0.0,0.0,0.0,0.0
148,379,5,0.0,0.0,0.0,0.0
5,230,3,0.0,0.0,0.0,0.0
196,241,5,0.0,0.0,0.0,0.0
420,160,1,0.0,0.0,0.0,0.0
804,260,2,0.0,0.0,0.0,0.0
635,28,3,0.0,0.0,0.0,0.0
680,320,2,0.0,0.0,0.0,0.0
791,150,2,0.0,0.0,0.0,0.0
320,68,5,0.0,0.0,0.0,0.0
287,283,4,0.0,0.0,0.0,0.0
442,187,3,1.0,0.0,0.0,0.0
297,431,3,0.0,0.0,0.0,0.0
226,22,3,1.0,1.0,0.0,0.0
464,476,2,0.0,0.0,0.0,0.0
334,82,3,0.0,0.0,0.0,0.0
756,307,5,0.0,0.0,0.0,0.0
40,110,4,0.0,0.0,0.0,0.0
74,143,1,0.0,0.0,0.0,0.0
65,317,2,0.0,0.0,0.0,0.0
791,125,3,0.0,0.0,0.0,0.0
145,219,5,0.0,0.0,0.0,0.0
369,72,1,1.0,0.0,0.0,0.0
723,395,3,0.0,0.0,0.0,0.0
841,124,5,0.0,0.0,0.0,0.0
750,73,1,0.0,0.0,0.0,0.0
420,23,1,0.0,0.0,0.0,0.0
396,47,5,0.0,0.0,0.0,0.0
930,258,4,0.0,0.0,0.0,0.0
345,140,3,0.0,0.0,0.0,0.0
449,160,5,0.0,0.0,0.0,0.0
716,280,4,0.0,0.0,0.0,0.0
27,452,2,0.0,0.0,0.0,0.0
865,497,4,0.0,0.0,0.0,0.0
705,39,1,0.0,0.0,0.0,0.0
11,41,4,0.0,0.0,0.0,0.0
180,39,3,0.0,0.0,0.0,0.0
196,7,1,0.0,0.0,0.0,0.0
999,268,4,0.0,0.0,0.0,0.0
292,21,4,0.0,0.0,0.0,0.0
78,188,4,0.0,0.0,0.0,0.0
608,443,5,0.0,0.0,0.0,0.0
627,345,1,1.0,1.0,0.0,0.0
277,405,2,0.0,0.0,0.0,0.0
739,290,5,0.0,0.0,0.0,0.0
302,381,1,0.0,0.0,0.0,0.0
109,24,2,0.0,0.0,0.0,0.0
160,91,5,0.0,0.0,0.0,0.0
97,21,5,1.0,1.0,0.0,0.0
275,328,2,0.0,0.0,0.0,0.0
760,274,1,0.0,0.0,0.0,0.0
254,62,1,0.0,0.0,0.0,0.0
189,3,3,0.0,0.0,0.0,0.0
912,178,3,0.0,0.0,0.0,0.0
705,247,3,0.0,0.0,0.0,0.0
69,212,1,0.0,0.0,0.0,0.0
811,485,1,0.0,0.0,0.0,0.0
145,362,5,0.0,0.0,0.0,0.0
18,465,5,0.0,0.0,0.0,0.0
791,382,4,0.0,0.0,0.0,0.0
712,499,2,0.0,0.0,0.0,0.0
709,161,3,0.0,0.0,0.0,0.0
95,358,4,0.0,0.0,0.0,0.0
576,63,1,0.0,0.0,0.0,0.0
277,469,5,0.0,0.0,0.0,0.0
215,371,2,0.0,0.0,0.0,0.0
201,239,5,0.0,0.0,0.0,0.0
923,404,2,0.0,0.0,0.0,0.0
166,87,2,0.0,0.0,0.0,0.0
822,444,2,1.0,1.0,0.0,0.0
154,105,2,0.0,0.0,0.0,0.0
409,298,5,0.0,0.0,0.0,0.0
790,465,5,0.0,0.0,0.0,0.0
708,50,4,0.0,0.0,0.0,0.0
474,370,3,1.0,0.0,0.0,0.0
370,223,5,0.0,0.0,0.0,0.0
871,284,2,1.0,1.0,0.0,0.0
850,65,1,0.0,0.0,0.0,0.0
597,205,1,0.0,0.0,0.0,0.0
188,454,4,1.0,0.0,0.0,0.0
484,310,5,0.0,0.0,0.0,0.0
350,188,2,0.0,0.0,0.0,0.0
696,301,5,0.0,0.0,0.0,0.0
528,258,5,1.0,1.0,0.0,0.0
553,54,2,0.0,0.0,0.0,0.0
523,451,2,0.0,0.0,0.0,0.0
109,240,3,0.0,0.0,0.0,0.0
955,280,5,0.0,0.0,0.0,0.0
735,282,3,0.0,0.0,0.0,0.0
974,120,1,0.0,0.0,0.0,0.0
149,316,1,0.0,0.0,0.0,0.0
40,221,2,0.0,0.0,0.0,0.0
944,156,4,0.0,0.0,0.0,0.0
878,149,4,1.0,0.0,0.0,0.0
223,264,5,1.0,0.0,0.0,0.0
306,59,1,0.0,0.0,0.0,0.0
659,266,5,0.0,0.0,0.0,0.0
94,39,3,0.0,0.0,0.0,0.0
782,403,3,0.0,0.0,0.0,0.0
776,95,4,0.0,0.0,0.0,0.0
794,494,1,0.0,0.0,0.0,0.0
4,455,5,0.0,0.0,0.0,0.0
167,401,3,0.0,0.0,0.0,0.0
47,235,4,0.0,0.0,0.0,0.0
642,175,3,0.0,0.0,0.0,0.0
880,403,2,0.0,0.0,0.0,0.0
77,343,1,0.0,0.0,0.0,0.0
425,192,5,0.0,0.0,0.0,0.0
43,44,3,0.0,0.0,0.0,0.0
458,427,2,0.0,0.0,0.0,0.0
847,22,1,2.0,1.0,0.0,0.0
745,114,1,0.0,0.0,0.0,0.0
620,203,1,0.0,0.0,0.0,0.0
448,284,5,0.0,0.0,0.0,0.0
11,304,5,0.0,0.0,0.0,0.0
412,220,1,0.0,0.0,0.0,0.0
995,419,4,0.0,0.0,0.0,0.0
364,397,5,0.0,0.0,0.0,0.0
308,371,2,0.0,0.0,0.0,0.0
906,97,1,0.0,0.0,0.0,0.0
603,440,5,0.0,0.0,0.0,0.0
404,380,5,0.0,0.0,0.0,0.0
39,106,2,0.0,0.0,0.0,0.0
331,460,5,1.0,1.0,0.0,0.0
556,430,3,0.0,0.0,0.0,0.0
426,358,2,0.0,0.0,0.0,0.0
41,99,4,1.0,1.0,0.0,0.0
983,29,3,0.0,0.0,0.0,0.0
899,476,4,0.0,0.0,0.0,0.0
117,27,1,0.0,0.0,0.0,0.0
683,264,2,0.0,0.0,0.0,0.0
72,366,5,0.0,0.0,0.0,0.0
917,79,5,0.0,0.0,0.0,0.0
930,426,2,0.0,0.0,0.0,0.0
458,458,5,1.0,1.0,0.0,0.0
59,208,3,0.0,0.0,0.0,0.0
299,298,5,1.0,0.0,0.0,0.0
524,355,5,0.0,0.0,0.0,0.0
912,314,4,0.0,0.0,0.0,0.0
401,19,5,0.0,0.0,0.0,0.0
97,463,5,0.0,0.0,0.0,0.0
616,429,4,1.0,0.0,1.0,0.0
655,181,5,1.0,0.0,0.0,0.0
631,385,4,0.0,0.0,0.0,1.0
712,348,4,0.0,0.0,0.0,0.0
791,115,3,0.0,0.0,0.0,0.0
688,236,5,0.0,0.0,0.0,0.0
390,45,2,1.0,0.0,0.0,0.0
790,243,5,0.0,0.0,0.0,0.0
577,241,5,0.0,0.0,0.0,0.0
601,279,4,0.0,0.0,0.0,0.0
712,432,3,0.0,0.0,0.0,0.0
570,295,4,0.0,0.0,0.0,0.0
194,426,2,1.0,0.0,0.0,0.0
625,170,5,0.0,0.0,0.0,0.0
122,490,3,0.0,0.0,0.0,0.0
763,107,2,0.0,0.0,0.0,0.0
736,2,1,0.0,0.0,0.0,0.0
746,217,3,0.0,0.0,0.0,0.0
627,122,4,0.0,0.0,0.0,0.0
570,116,5,0.0,0.0,0.0,0.0
342,233,2,0.0,0.0,0.0,1.0
117,80,3,0.0,0.0,0.0,0.0
676,424,5,0.0,0.0,0.0,0.0
680,240,1,0.0,0.0,0.0,0.0
994,132,3,1.0,1.0,0.0,0.0
367,172,3,0.0,0.0,0.0,0.0
711,389,1,0.0,0.0,0.0,0.0
17,476,5,0.0,0.0,0.0,0.0
938,170,5,0.0,0.0,0.0,0.0
93,168,5,0.0,0.0,0.0,0.0
873,191,5,0.0,0.0,0.0,0.0
111,257,5,0.0,0.0,0.0,0.0
768,339,3,0.0,0.0,0.0,0.0
325,84,1,0.0,0.0,0.0,0.0
50,164,3,0.0,0.0,0.0,0.0
50,192,5,0.0,0.0,0.0,0.0
835,227,4,0.0,0.0,0.0,0.0
951,436,1,0.0,0.0,0.0,0.0
797,264,2,0.0,0.0,0.0,0.0
637,316,1,0.0,0.0,0.0,0.0
84,424,4,0.0,0.0,0.0,0.0
445,417,3,0.0,0.0,0.0,0.0
739,93,3,0.0,0.0,0.0,0.0
756,65,3,0.0,0.0,0.0,0.0
799,330,2,0.0,0.0,0.0,0.0
813,338,3,0.0,0.0,0.0,0.0
848,87,1,0.0,0.0,0.0,0.0
66,46,5,0.0,0.0,0.0,0.0
57,350,2,0.0,0.0,0.0,0.0
696,295,1,0.0,0.0,0.0,0.0
337,130,5,0.0,0.0,0.0,0.0
284,51,2,0.0,0.0,0.0,0.0
542,352,3,0.0,0.0,0.0,0.0
257,417,5,0.0,0.0,0.0,0.0
586,152,1,0.0,0.0,0.0,0.0
883,471,1,0.0,0.0,0.0,0.0
644,71,3,0.0,0.0,0.0,0.0
734,118,5,0.0,0.0,0.0,0.0
148,436,4,0.0,0.0,0.0,0.0
960,218,5,0.0,0.0,0.0,0.0
187,217,5,0.0,0.0,0.0,0.0
268,335,3,0.0,0.0,0.0,0.0
577,60,5,1.0,0.0,0.0,0.0
956,209,1,0.0,0.0,0.0,0.0
423,63,2,0.0,0.0,0.0,0.0
458,317,5,0.0,0.0,0.0,0.0
350,292,2,0.0,0.0,0.0,0.0
407,417,5,1.0,1.0,0.0,0.0
359,385,2,0.0,0.0,0.0,0.0
667,354,2,0.0,0.0,0.0,0.0
730,42,2,0.0,0.0,0.0,0.0
705,102,5,0.0,0.0,0.0,0.0
54,349,5,0.0,0.0,0.0,0.0
948,315,4,1.0,1.0,0.0,0.0
41,274,5,0.0,0.0,0.0,0.0
256,222,4,0.0,0.0,0.0,0.0
236,230,1,0.0,0.0,0.0,0.0
263,19,3,1.0,0.0,0.0,0.0
534,363,2,0.0,0.0,0.0,0.0
571,123,5,0.0,0.0,0.0,0.0
46,158,1,0.0,0.0,0.0,0.0
684,276,5,2.0,0.0,0.0,0.0
110,423,3,0.0,0.0,0.0,0.0
436,346,5,0.0,0.0,0.0,0.0
676,408,2,0.0,0.0,0.0,0.0
326,483,2,0.0,0.0,0.0,0.0
101,19,3,0.0,0.0,0.0,0.0
730,149,2,0.0,0.0,0.0,0.0
787,486,2,0.0,0.0,0.0,0.0
463,206,2,0.0,0.0,0.0,0.0
275,285,2,0.0,0.0,0.0,0.0
974,171,4,0.0,0.0,0.0,0.0
809,384,2,0.0,0.0,0.0,0.0
848,441,2,0.0,0.0,0.0,0.0
770,425,2,0.0,0.0,0.0,0.0
920,53,4,0.0,0.0,0.0,0.0
928,50,1,0.0,0.0,0.0,0.0
235,273,1,1.0,0.0,0.0,0.0
58,242,1,0.0,0.0,0.0,0.0
282,381,3,0.0,0.0,0.0,0.0
815,159,2,0.0,0.0,0.0,0.0
39,169,4,0.0,0.0,0.0,0.0
377,371,2,0.0,0.0,0.0,0.0
316,27,1,0.0,0.0,0.0,0.0
682,265,5,0.0,0.0,0.0,0.0
991,467,1,1.0,1.0,0.0,0.0
968,236,3,0.0,0.0,0.0,0.0
547,289,3,0.0,0.0,0.0,0.0
727,72,5,0.0,0.0,0.0,0.0
845,262,5,0.0,0.0,0.0,1.0
907,37,4,0.0,0.0,0.0,0.0
220,252,1,1.0,1.0,0.0,0.0
286,89,1,0.0,0.0,0.0,0.0
223,137,1,0.0,0.0,0.0,0.0
798,219,4,0.0,0.0,0.0,0.0
924,488,3,0.0,0.0,0.0,0.0
376,102,4,0.0,0.0,0.0,0.0
414,421,5,0.0,0.0,0.0,0.0
107,138,3,0.0,0.0,0.0,0.0
807,318,5,0.0,0.0,0.0,0.0
719,322,5,0.0,0.0,0.0,0.0
144,380,2,0.0,0.0,0.0,0.0
753,57,5,0.0,0.0,0.0,0.0
446,397,3,0.0,0.0,0.0,0.0
785,190,3,0.0,0.0,0.0,0.0
983,67,5,0.0,0.0,0.0,0.0
302,261,1,0.0,0.0,0.0,0.0
989,443,2,0.0,0.0,0.0,0.0
719,238,5,0.0,0.0,0.0,0.0
267,110,4,0.0,0.0,0.0,0.0
662,225,2,0.0,0.0,0.0,0.0
452,193,2,0.0,0.0,0.0,0.0
678,222,1,0.0,0.0,0.0,0.0
162,197,5,0.0,0.0,0.0,0.0
422,152,5,0.0,0.0,0.0,0.0
805,107,3,0.0,0.0,0.0,0.0
324,78,4,0.0,0.0,0.0,0.0
919,490,5,0.0,0.0,0.0,0.0
860,330,4,0.0,0.0,0.0,0.0
603,335,5,0.0,0.0,0.0,0.0
457,40,1,1.0,1.0,0.0,0.0
138,219,3,0.0,0.0,0.0,0.0
942,99,4,0.0,0.0,0.0,0.0
877,232,2,1.0,0.0,0.0,0.0
677,200,4,0.0,0.0,0.0,1.0
652,173,5,1.0,0.0,1.0,0.0
714,142,4,0.0,0.0,0.0,0.0
307,21,5,0.0,0.0,0.0,0.0
754,78,5,0.0,0.0,0.0,0.0
535,395,1,0.0,0.0,0.0,0.0
530,135,1,0.0,0.0,0.0,0.0
367,126,3,0.0,0.0,0.0,0.0
85,370,4,0.0,0.0,0.0,0.0
319,151,1,0.0,0.0,0.0,0.0
859,172,1,0.0,0.0,0.0,0.0
985,324,1,0.0,0.0,0.0,0.0
473,48,4,0.0,0.0,0.0,0.0
548,78,1,0.0,0.0,0.0,0.0
508,156,5,1.0,1.0,0.0,0.0
709,28,5,0.0,0.0,0.0,0.0
75,193,4,0.0,0.0,0.0,0.0
808,392,2,0.0,0.0,0.0,0.0
622,343,2,0.0,0.0,0.0,0.0
213,271,5,0.0,0.0,0.0,0.0
117,339,1,1.0,0.0,0.0,0.0
225,376,1,0.0,0.0,0.0,0.0
688,270,1,0.0,0.0,0.0,0.0
872,100,2,0.0,0.0,0.0,0.0
257,217,5,0.0,0.0,0.0,0.0
931,327,5,0.0,0.0,0.0,0.0
567,305,3,0.0,0.0,0.0,0.0
83,137,1,0.0,0.0,0.0,0.0
405,401,3,0.0,0.0,0.0,0.0
917,323,1,0.0,0.0,0.0,0.0
395,481,5,0.0,0.0,0.0,0.0
393,237,4,0.0,0.0,0.0,0.0
211,142,5,0.0,0.0,0.0,0.0
848,361,1,0.0,0.0,0.0,0.0
600,183,5,0.0,0.0,0.0,0.0
687,167,2,1.0,0.0,0.0,0.0
848,77,2,1.0,0.0,0.0,0.0
467,204,3,0.0,0.0,0.0,0.0
859,440,1,0.0,0.0,0.0,0.0
949,199,3,0.0,0.0,0.0,0.0
878,27,3,0.0,0.0,0.0,0.0
398,312,5,0.0,0.0,0.0,0.0
742,415,4,0.0,0.0,0.0,0.0
294,308,5,0.0,0.0,0.0,0.0
841,456,2,0.0,0.0,0.0,0.0
66,90,3,0.0,0.0,0.0,0.0
584,466,3,0.0,0.0,0.0,0.0
174,4,5,0.0,0.0,0.0,0.0
299,143,5,1.0,1.0,0.0,0.0
532,140,5,0.0,0.0,0.0,0.0
712,156,4,1.0,1.0,0.0,0.0
547,385,5,0.0,0.0,0.0,0.0
967,299,3,1.0,1.0,0.0,0.0
888,336,5,0.0,0.0,0.0,0.0
302,336,3,0.0,0.0,0.0,0.0
792,496,5,1.0,0.0,0.0,0.0
621,82,2,0.0,0.0,0.0,0.0
513,35,4,0.0,0.0,0.0,0.0
428,263,3,0.0,0.0,0.0,0.0
652,325,3,0.0,0.0,0.0,0.0
518,317,5,0.0,0.0,0.0,0.0
805,471,1,0.0,0.0,0.0,0.0
510,455,5,0.0,0.0,0.0,0.0
872,459,4,0.0,0.0,0.0,0.0
909,315,2,0.0,0.0,0.0,0.0
305,318,5,0.0,0.0,0.0,0.0
569,180,3,1.0,0.0,0.0,0.0
504,414,1,0.0,0.0,0.0,0.0
263,456,5,0.0,0.0,0.0,0.0
373,319,1,1.0,0.0,0.0,0.0
423,446,2,0.0,0.0,0.0,0.0
9,99,3,0.0,0.0,0.0,0.0
393,92,5,0.0,0.0,0.0,0.0
70,334,5,0.0,0.0,0.0,0.0
656,65,1,0.0,0.0,0.0,0.0
631,39,2,0.0,0.0,0.0,0.0
572,214,4,0.0,0.0,0.0,0.0
77,399,5,0.0,0.0,0.0,0.0
168,360,4,0.0,0.0,0.0,0.0
207,18,2,0.0,0.0,0.0,0.0
508,486,2,0.0,0.0,0.0,0.0
820,140,2,0.0,0.0,0.0,0.0
820,133,5,0.0,0.0,0.0,0.0
685,318,2,0.0,0.0,0.0,0.0
601,171,1,0.0,0.0,0.0,0.0
190,463,3,0.0,0.0,0.0,0.0
628,29,3,1.0,0.0,0.0,0.0
624,465,5,1.0,0.0,0.0,0.0
109,242,2,0.0,0.0,0.0,0.0
507,276,2,0.0,0.0,0.0,0.0
665,443,4,1.0,1.0,0.0,0.0
722,452,2,0.0,0.0,0.0,0.0
117,17,3,0.0,0.0,0.0,0.0
293,47,3,0.0,0.0,0.0,0.0
760,350,5,0.0,0.0,0.0,0.0
913,236,1,0.0,0.0,0.0,0.0
971,182,3,0.0,0.0,0.0,0.0
743,417,3,0.0,0.0,0.0,0.0
507,376,4,1.0,0.0,1.0,0.0
817,467,5,0.0,0.0,0.0,0.0
949,321,5,0.0,0.0,0.0,0.0
674,72,5,0.0,0.0,0.0,0.0
47,368,2,0.0,0.0,0.0,0.0
909,414,2,0.0,0.0,0.0,0.0
328,160,1,1.0,0.0,0.0,0.0
234,229,4,0.0,0.0,0.0,0.0
781,359,1,0.0,0.0,0.0,0.0
771,323,3,1.0,1.0,0.0,0.0
271,185,1,0.0,0.0,0.0,0.0
65,239,5,0.0,0.0,0.0,0.0
172,476,4,0.0,0.0,0.0,0.0
445,56,1,0.0,0.0,0.0,0.0
60,2,1,0.0,0.0,0.0,0.0
756,304,1,0.0,0.0,0.0,0.0
121,318,2,0.0,0.0,0.0,0.0
167,431,3,0.0,0.0,0.0,0.0
927,30,5,0.0,0.0,0.0,0.0
667,29,1,0.0,0.0,0.0,0.0
203,266,5,0.0,0.0,0.0,0.0
672,72,5,0.0,0.0,0.0,0.0
496,311,4,0.0,0.0,0.0,0.0
643,67,4,0.0,0.0,0.0,0.0
349,233,4,0.0,0.0,0.0,0.0
167,268,2,0.0,0.0,0.0,0.0
592,146,3,0.0,0.0,0.0,0.0
674,399,4,0.0,0.0,0.0,0.0
190,149,3,0.0,0.0,0.0,0.0
450,43,5,0.0,0.0,0.0,0.0
889,63,4,0.0,0.0,0.0,0.0
474,270,3,0.0,0.0,0.0,0.0
176,474,5,0.0,0.0,0.0,0.0
74,127,4,0.0,0.0,0.0,0.0
315,352,1,0.0,0.0,0.0,0.0
316,85,3,0.0,0.0,0.0,0.0
700,121,2,0.0,0.0,0.0,0.0
739,481,2,1.0,1.0,0.0,0.0
716,458,2,0.0,0.0,0.0,0.0
145,45,1,0.0,0.0,0.0,0.0
877,163,2,0.0,0.0,0.0,0.0
267,407,1,1.0,0.0,0.0,0.0
172,69,5,0.0,0.0,0.0,0.0
113,289,3,0.0,0.0,0.0,0.0
954,104,1,0.0,0.0,0.0,0.0
311,137,4,0.0,0.0,0.0,0.0
270,469,5,1.0,0.0,0.0,0.0
89,313,1,0.0,0.0,0.0,0.0
339,332,1,0.0,0.0,0.0,0.0
503,352,4,0.0,0.0,0.0,0.0
407,466,3,0.0,0.0,0.0,0.0
99,408,3,0.0,0.0,0.0,0.0
183,249,1,0.0,0.0,0.0,0.0
817,297,1,0.0,0.0,0.0,0.0
172,444,3,0.0,0.0,0.0,0.0
545,482,5,0.0,0.0,0.0,0.0
586,239,4,0.0,0.0,0.0,0.0
611,17,5,0.0,0.0,0.0,0.0
184,254,3,0.0,0.0,0.0,0.0
385,254,5,0.0,0.0,0.0,0.0
353,186,3,0.0,0.0,0.0,0.0
387,29,4,0.0,0.0,0.0,0.0
633,397,3,0.0,0.0,0.0,0.0
525,61,1,0.0,0.0,0.0,0.0
590,187,2,0.0,0.0,0.0,0.0
888,160,1,0.0,0.0,0.0,0.0
322,473,2,0.0,0.0,0.0,0.0
959,462,2,0.0,0.0,0.0,0.0
499,84,1,0.0,0.0,0.0,0.0
124,290,1,0.0,0.0,0.0,0.0
469,119,3,0.0,0.0,0.0,0.0
428,101,1,0.0,0.0,0.0,0.0
270,134,5,0.0,0.0,0.0,0.0
880,465,3,0.0,0.0,0.0,0.0
321,253,4,0.0,0.0,0.0,0.0
458,469,4,1.0,0.0,1.0,0.0
641,478,1,1.0,0.0,0.0,0.0
787,495,4,1.0,1.0,0.0,0.0
217,74,4,0.0,0.0,0.0,0.0
486,176,3,0.0,0.0,0.0,0.0
219,47,4,0.0,0.0,0.0,0.0
491,4,1,0.0,0.0,0.0,0.0
608,330,3,1.0,1.0,0.0,0.0
311,263,1,0.0,0.0,0.0,0.0
99,290,3,0.0,0.0,0.0,0.0
651,326,5,0.0,0.0,0.0,0.0
10,264,3,0.0,0.0,0.0,0.0
339,129,5,0.0,0.0,0.0,0.0
549,405,5,0.0,0.0,0.0,0.0
72,267,3,0.0,0.0,0.0,0.0
124,110,5,0.0,0.0,0.0,0.0
425,321,2,0.0,0.0,0.0,0.0
281,303,2,0.0,0.0,0.0,0.0
272,123,4,0.0,0.0,0.0,0.0
117,173,4,0.0,0.0,0.0,0.0
325,334,5,0.0,0.0,0.0,0.0
393,383,3,0.0,0.0,0.0,0.0
348,442,2,0.0,0.0,0.0,0.0
368,499,1,0.0,0.0,0.0,0.0
892,479,3,1.0,0.0,0.0,0.0
956,265,3,1.0,1.0,0.0,0.0
711,266,1,0.0,0.0,0.0,0.0
620,369,3,0.0,0.0,0.0,0.0
984,313,2,0.0,0.0,0.0,0.0
115,189,1,0.0,0.0,0.0,0.0
879,389,3,0.0,0.0,0.0,1.0
95,380,2,0.0,0.0,0.0,0.0
150,217,3,0.0,0.0,0.0,0.0
172,190,1,0.0,0.0,0.0,0.0
465,442,4,0.0,0.0,0.0,0.0
69,121,5,0.0,0.0,0.0,0.0
124,148,3,1.0,0.0,0.0,0.0
873,258,3,0.0,0.0,0.0,0.0
327,352,3,0.0,0.0,0.0,0.0
578,174,2,0.0,0.0,0.0,0.0
404,234,2,0.0,0.0,0.0,0.0
448,269,1,0.0,0.0,0.0,0.0
106,347,3,0.0,0.0,0.0,0.0
708,496,2,0.0,0.0,0.0,0.0
394,338,4,0.0,0.0,0.0,0.0
378,60,1,0.0,0.0,0.0,0.0
858,85,4,0.0,0.0,0.0,0.0
860,214,2,0.0,0.0,0.0,0.0
450,345,5,0.0,0.0,0.0,0.0
204,500,4,1.0,1.0,0.0,0.0
569,124,3,0.0,0.0,0.0,0.0
786,233,3,0.0,0.0,0.0,0.0
188,419,4,0.0,0.0,0.0,0.0
61,386,3,0.0,0.0,0.0,0.0
610,128,3,0.0,0.0,0.0,0.0
933,173,4,0.0,0.0,0.0,0.0
535,377,1,0.0,0.0,0.0,0.0
793,246,5,0.0,0.0,0.0,0.0
392,168,3,0.0,0.0,0.0,0.0
597,405,5,0.0,0.0,0.0,0.0
102,372,2,0.0,0.0,0.0,1.0
433,306,3,0.0,0.0,0.0,0.0
533,182,5,0.0,0.0,0.0,0.0
298,488,3,0.0,0.0,0.0,0.0
379,498,3,0.0,0.0,0.0,0.0
907,2,3,0.0,0.0,0.0,0.0
922,482,2,0.0,0.0,0.0,0.0
306,379,5,0.0,0.0,0.0,0.0
448,139,2,1.0,0.0,0.0,0.0
104,235,1,0.0,0.0,0.0,0.0
112,44,4,1.0,0.0,1.0,0.0
68,126,3,0.0,0.0,0.0,0.0
463,35,4,0.0,0.0,0.0,0.0
490,7,4,0.0,0.0,0.0,0.0
785,180,4,0.0,0.0,0.0,0.0
887,259,5,0.0,0.0,0.0,0.0
828,38,3,0.0,0.0,0.0,0.0
860,98,2,0.0,0.0,0.0,0.0
765,268,2,0.0,0.0,0.0,0.0
856,50,4,0.0,0.0,0.0,0.0
250,414,3,0.0,0.0,0.0,0.0
750,159,3,0.0,0.0,0.0,0.0
202,176,2,0.0,0.0,0.0,0.0
918,122,3,0.0,0.0,0.0,0.0
910,178,1,0.0,0.0,0.0,0.0
820,478,3,0.0,0.0,0.0,0.0
61,277,1,0.0,0.0,0.0,0.0
746,39,5,0.0,0.0,0.0,0.0
650,72,3,0.0,0.0,0.0,0.0
74,437,4,1.0,0.0,0.0,0.0
27,491,2,0.0,0.0,0.0,0.0
275,272,1,0.0,0.0,0.0,0.0
729,414,4,0.0,0.0,0.0,0.0
705,17,4,0.0,0.0,0.0,0.0
81,188,5,1.0,0.0,1.0,0.0
931,309,2,0.0,0.0,0.0,0.0
426,378,1,0.0,0.0,0.0,0.0
313,324,5,0.0,0.0,0.0,0.0
914,114,5,1.0,0.0,1.0,0.0
935,331,5,1.0,1.0,0.0,0.0
292,127,1,0.0,0.0,0.0,0.0
179,36,2,0.0,0.0,0.0,0.0
281,470,3,0.0,0.0,0.0,0.0
239,453,5,0.0,0.0,0.0,0.0
143,283,5,0.0,0.0,0.0,0.0
156,434,4,1.0,1.0,0.0,0.0
231,95,2,0.0,0.0,0.0,0.0
775,245,5,0.0,0.0,0.0,0.0
147,191,3,0.0,0.0,0.0,0.0
868,221,1,0.0,0.0,0.0,0.0
936,343,2,0.0,0.0,0.0,0.0
242,10,4,0.0,0.0,0.0,0.0
269,321,3,0.0,0.0,0.0,0.0
373,76,5,0.0,0.0,0.0,0.0
262,210,5,0.0,0.0,0.0,0.0
932,171,4,0.0,0.0,0.0,0.0
61,494,3,0.0,0.0,0.0,0.0
314,287,1,0.0,0.0,0.0,0.0
234,194,5,0.0,0.0,0.0,0.0
912,385,4,0.0,0.0,0.0,0.0
923,163,3,0.0,0.0,0.0,0.0
521,477,3,0.0,0.0,0.0,0.0
833,392,5,0.0,0.0,0.0,0.0
209,482,2,0.0,0.0,0.0,0.0
756,136,4,0.0,0.0,0.0,0.0
713,362,3,0.0,0.0,0.0,0.0
191,249,1,0.0,0.0,0.0,0.0
283,425,3,0.0,0.0,0.0,0.0
91,310,2,0.0,0.0,0.0,0.0
241,437,5,0.0,0.0,0.0,0.0
94,302,4,0.0,0.0,0.0,0.0
658,366,4,0.0,0.0,0.0,1.0
825,135,3,0.0,0.0,0.0,0.0
313,311,3,0.0,0.0,0.0,0.0
546,245,2,0.0,0.0,0.0,0.0
854,107,5,0.0,0.0,0.0,0.0
226,103,5,1.0,0.0,0.0,1.0
94,256,2,0.0,0.0,0.0,0.0
313,290,5,0.0,0.0,0.0,0.0
931,336,2,0.0,0.0,0.0,0.0
26,243,5,0.0,0.0,0.0,0.0
572,78,1,0.0,0.0,0.0,0.0
86,479,3,0.0,0.0,0.0,0.0
961,446,2,0.0,0.0,0.0,0.0
744,130,4,0.0,0.0,0.0,0.0
86,1,1,0.0,0.0,0.0,0.0
491,39,5,1.0,0.0,0.0,0.0
4,360,3,0.0,0.0,0.0,0.0
53,461,1,0.0,0.0,0.0,0.0
903,47,2,0.0,0.0,0.0,0.0
803,207,2,0.0,0.0,0.0,0.0
745,228,5,0.0,0.0,0.0,0.0
272,495,4,0.0,0.0,0.0,0.0
442,195,3,2.0,1.0,0.0,0.0
643,346,1,0.0,0.0,0.0,0.0
530,402,5,0.0,0.0,0.0,0.0
752,438,4,0.0,0.0,0.0,0.0
803,316,1,0.0,0.0,0.0,0.0
656,500,3,0.0,0.0,0.0,0.0
938,444,4,0.0,0.0,0.0,0.0
965,479,5,0.0,0.0,0.0,0.0
125,84,5,1.0,0.0,1.0,0.0
35,390,3,0.0,0.0,0.0,0.0
709,194,5,0.0,0.0,0.0,0.0
11,428,3,0.0,0.0,0.0,0.0
886,49,5,0.0,0.0,0.0,0.0
323,67,4,0.0,0.0,0.0,0.0
986,322,5,0.0,0.0,0.0,0.0
98,182,1,0.0,0.0,0.0,0.0
810,14,5,0.0,0.0,0.0,0.0
92,186,3,0.0,0.0,0.0,0.0
730,470,1,0.0,0.0,0.0,0.0
772,302,1,0.0,0.0,0.0,0.0
933,327,5,0.0,0.0,0.0,0.0
249,412,3,0.0,0.0,0.0,0.0
869,424,4,1.0,1.0,0.0,0.0
312,80,3,0.0,0.0,0.0,0.0
830,177,2,0.0,0.0,0.0,0.0
583,130,3,0.0,0.0,0.0,0.0
291,216,3,0.0,0.0,0.0,0.0
233,304,5,0.0,0.0,0.0,0.0
519,292,4,0.0,0.0,0.0,0.0
691,210,3,0.0,0.0,0.0,0.0
279,377,5,0.0,0.0,0.0,0.0
414,263,1,0.0,0.0,0.0,0.0
196,256,5,0.0,0.0,0.0,0.0
285,450,3,0.0,0.0,0.0,0.0
897,218,4,0.0,0.0,0.0,0.0
398,401,5,0.0,0.0,0.0,0.0
1000,38,2,1.0,1.0,0.0,0.0
247,153,3,1.0,0.0,0.0,0.0
243,59,4,0.0,0.0,0.0,0.0
480,224,3,0.0,0.0,0.0,0.0
63,302,2,0.0,0.0,0.0,0.0
55,357,5,1.0,1.0,0.0,0.0
94,341,5,0.0,0.0,0.0,0.0
799,424,5,0.0,0.0,0.0,0.0
346,93,4,1.0,0.0,0.0,0.0
150,322,1,0.0,0.0,0.0,0.0
290,111,5,0.0,0.0,0.0,0.0
464,450,3,0.0,0.0,0.0,0.0
844,266,3,0.0,0.0,0.0,0.0
494,459,3,0.0,0.0,0.0,0.0
698,132,2,0.0,0.0,0.0,0.0
974,192,2,0.0,0.0,0.0,0.0
255,307,4,0.0,0.0,0.0,0.0
142,355,5,0.0,0.0,0.0,0.0
633,77,2,0.0,0.0,0.0,0.0
965,337,4,0.0,0.0,0.0,0.0
170,195,4,0.0,0.0,0.0,0.0
565,164,2,0.0,0.0,0.0,0.0
443,241,5,0.0,0.0,0.0,0.0
618,296,5,0.0,0.0,0.0,0.0
194,120,4,0.0,0.0,0.0,0.0
409,33,5,0.0,0.0,0.0,0.0
47,338,3,0.0,0.0,0.0,0.0
532,381,2,0.0,0.0,0.0,0.0
193,129,1,0.0,0.0,0.0,0.0
166,117,2,0.0,0.0,0.0,0.0
671,44,1,0.0,0.0,0.0,0.0
14,214,5,0.0,0.0,0.0,0.0
425,423,2,0.0,0.0,0.0,0.0
926,97,1,0.0,0.0,0.0,0.0
338,295,1,0.0,0.0,0.0,0.0
785,2,1,0.0,0.0,0.0,1.0
979,195,5,0.0,0.0,0.0,0.0
801,240,4,0.0,0.0,0.0,0.0
590,18,4,0.0,0.0,0.0,0.0
616,55,4,0.0,0.0,0.0,0.0
656,439,1,0.0,0.0,0.0,0.0
56,95,3,0.0,0.0,0.0,0.0
293,382,4,0.0,0.0,0.0,0.0
213,258,4,1.0,0.0,0.0,0.0
811,417,2,1.0,0.0,0.0,0.0
773,264,2,0.0,0.0,0.0,0.0
69,106,3,0.0,0.0,0.0,0.0
17,350,5,0.0,0.0,0.0,0.0
701,380,1,0.0,0.0,0.0,0.0
385,479,3,0.0,0.0,0.0,0.0
582,495,4,0.0,0.0,0.0,0.0
291,165,4,0.0,0.0,0.0,0.0
185,12,5,0.0,0.0,0.0,0.0
285,442,5,0.0,0.0,0.0,0.0
805,304,2,1.0,0.0,0.0,0.0
769,473,3,0.0,0.0,0.0,0.0
38,473,1,1.0,0.0,0.0,0.0
4,298,5,0.0,0.0,0.0,0.0
325,429,1,0.0,0.0,0.0,0.0
566,401,3,0.0,0.0,0.0,0.0
135,79,4,0.0,0.0,0.0,0.0
640,346,5,0.0,0.0,0.0,0.0
559,60,1,0.0,0.0,0.0,0.0
621,435,3,1.0,0.0,0.0,0.0
134,253,3,0.0,0.0,0.0,0.0
886,349,5,0.0,0.0,0.0,0.0
112,413,2,0.0,0.0,0.0,0.0
772,354,3,0.0,0.0,0.0,0.0
674,223,2,1.0,1.0,0.0,0.0
955,133,2,0.0,0.0,0.0,0.0
132,429,1,1.0,1.0,0.0,0.0
799,223,4,0.0,0.0,0.0,0.0
49,269,1,0.0,0.0,0.0,0.0
894,355,1,0.0,0.0,0.0,0.0
689,38,5,0.0,0.0,0.0,0.0
294,312,2,0.0,0.0,0.0,0.0
121,189,5,0.0,0.0,0.0,0.0
25,283,2,0.0,0.0,0.0,0.0
218,45,5,0.0,0.0,0.0,0.0
289,495,3,0.0,0.0,0.0,0.0
717,19,1,0.0,0.0,0.0,0.0
642,244,2,0.0,0.0,0.0,0.0
788,315,5,0.0,0.0,0.0,0.0
223,100,3,0.0,0.0,0.0,0.0
780,373,1,0.0,0.0,0.0,0.0
555,351,1,0.0,0.0,0.0,0.0
202,47,5,0.0,0.0,0.0,0.0
809,451,4,0.0,0.0,0.0,0.0
12,61,3,1.0,0.0,0.0,0.0
314,422,4,0.0,0.0,0.0,0.0
853,457,4,0.0,0.0,0.0,0.0
161,160,1,0.0,0.0,0.0,0.0
302,155,4,0.0,0.0,0.0,0.0
994,222,5,0.0,0.0,0.0,0.0
740,494,5,1.0,0.0,1.0,0.0
684,190,1,0.0,0.0,0.0,0.0
562,264,2,0.0,0.0,0.0,0.0
328,442,3,0.0,0.0,0.0,0.0
812,240,4,0.0,0.0,0.0,0.0
523,234,3,0.0,0.0,0.0,0.0
887,488,4,1.0,0.0,0.0,0.0
346,145,3,0.0,0.0,0.0,0.0
633,62,2,0.0,0.0,0.0,0.0
669,170,2,0.0,0.0,0.0,0.0
290,158,4,0.0,0.0,0.0,0.0
595,315,3,0.0,0.0,0.0,0.0
899,272,1,1.0,0.0,0.0,0.0
457,195,3,0.0,0.0,0.0,0.0
40,488,2,0.0,0.0,0.0,0.0
846,423,5,0.0,0.0,0.0,0.0
19,117,1,0.0,0.0,0.0,0.0
497,393,1,0.0,0.0,0.0,0.0
996,207,5,0.0,0.0,0.0,0.0
942,385,2,1.0,0.0,0.0,0.0
870,232,3,0.0,0.0,0.0,0.0
876,41,1,0.0,0.0,0.0,0.0
153,54,4,0.0,0.0,0.0,0.0
906,134,1,0.0,0.0,0.0,0.0
964,162,4,0.0,0.0,0.0,0.0
376,272,2,0.0,0.0,0.0,0.0
484,159,2,0.0,0.0,0.0,0.0
546,29,5,0.0,0.0,0.0,0.0
619,406,5,0.0,0.0,0.0,0.0
646,165,5,0.0,0.0,0.0,0.0
924,250,5,0.0,0.0,0.0,0.0
417,272,2,0.0,0.0,0.0,0.0
274,390,1,0.0,0.0,0.0,0.0
450,343,1,0.0,0.0,0.0,0.0
775,300,3,0.0,0.0,0.0,0.0
435,303,2,0.0,0.0,0.0,0.0
415,243,2,0.0,0.0,0.0,1.0
437,377,1,0.0,0.0,0.0,0.0
433,313,5,0.0,0.0,0.0,0.0
145,244,5,0.0,0.0,0.0,0.0
155,107,2,1.0,0.0,0.0,0.0
869,204,2,0.0,0.0,0.0,0.0
713,185,5,0.0,0.0,0.0,1.0
948,462,4,0.0,0.0,0.0,0.0
990,119,3,0.0,0.0,0.0,0.0
286,367,3,0.0,0.0,0.0,0.0
478,500,5,0.0,0.0,0.0,0.0
570,462,1,0.0,0.0,0.0,0.0
343,159,4,0.0,0.0,0.0,0.0
998,237,5,1.0,1.0,0.0,0.0
881,231,4,1.0,0.0,0.0,0.0
691,191,5,0.0,0.0,0.0,0.0
561,195,5,1.0,0.0,0.0,0.0
811,12,2,0.0,0.0,0.0,0.0
298,288,3,0.0,0.0,0.0,0.0
567,146,5,0.0,0.0,0.0,0.0
382,335,3,0.0,0.0,0.0,0.0
528,27,1,0.0,0.0,0.0,1.0
41,480,1,0.0,0.0,0.0,0.0
647,435,5,0.0,0.0,0.0,0.0
405,148,1,0.0,0.0,0.0,0.0
109,352,5,0.0,0.0,0.0,0.0
438,244,4,0.0,0.0,0.0,0.0
978,380,4,0.0,0.0,0.0,0.0
631,79,1,0.0,0.0,0.0,0.0
505,166,4,0.0,0.0,0.0,0.0
744,338,1,0.0,0.0,0.0,0.0
397,294,2,0.0,0.0,0.0,0.0
597,204,2,0.0,0.0,0.0,0.0
237,212,1,0.0,0.0,0.0,0.0
929,58,2,0.0,0.0,0.0,0.0
969,321,3,0.0,0.0,0.0,0.0
327,351,3,0.0,0.0,0.0,0.0
326,478,5,0.0,0.0,0.0,0.0
360,393,4,0.0,0.0,0.0,0.0
877,346,1,0.0,0.0,0.0,0.0
868,30,4,0.0,0.0,0.0,0.0
883,297,3,0.0,0.0,0.0,0.0
596,285,5,0.0,0.0,0.0,0.0
341,219,3,0.0,0.0,0.0,0.0
181,165,4,0.0,0.0,0.0,0.0
460,272,5,0.0,0.0,0.0,0.0
200,490,5,0.0,0.0,0.0,0.0
577,24,3,0.0,0.0,0.0,0.0
420,202,4,0.0,0.0,0.0,0.0
536,220,5,0.0,0.0,0.0,0.0
232,133,2,0.0,0.0,0.0,0.0
177,319,5,0.0,0.0,0.0,0.0
945,183,5,0.0,0.0,0.0,0.0
44,142,5,0.0,0.0,0.0,0.0
267,96,1,0.0,0.0,0.0,0.0
847,343,3,0.0,0.0,0.0,1.0
244,130,5,0.0,0.0,0.0,0.0
904,153,1,0.0,0.0,0.0,0.0
231,7,5,0.0,0.0,0.0,0.0
394,371,2,0.0,0.0,0.0,0.0
705,213,5,0.0,0.0,0.0,0.0
893,196,5,0.0,0.0,0.0,0.0
228,221,3,0.0,0.0,0.0,0.0
322,66,4,0.0,0.0,0.0,0.0
571,328,2,1.0,0.0,0.0,0.0
895,76,3,0.0,0.0,0.0,0.0
810,473,5,0.0,0.0,0.0,0.0
138,109,1,0.0,0.0,0.0,0.0
105,156,3,0.0,0.0,0.0,0.0
817,159,4,0.0,0.0,0.0,0.0
982,299,5,0.0,0.0,0.0,0.0
340,328,5,0.0,0.0,0.0,0.0
567,463,5,0.0,0.0,0.0,0.0
457,81,3,1.0,0.0,0.0,0.0
96,236,3,0.0,0.0,0.0,0.0
921,181,5,0.0,0.0,0.0,0.0
966,403,3,0.0,0.0,0.0,0.0
349,39,3,1.0,0.0,1.0,0.0
552,139,1,0.0,0.0,0.0,0.0
116,377,4,0.0,0.0,0.0,0.0
875,10,2,1.0,0.0,0.0,0.0
632,396,3,0.0,0.0,0.0,0.0
725,371,1,0.0,0.0,0.0,0.0
243,4,1,0.0,0.0,0.0,0.0
626,60,1,0.0,0.0,0.0,0.0
989,479,1,0.0,0.0,0.0,0.0
490,203,1,0.0,0.0,0.0,0.0
780,367,4,0.0,0.0,0.0,0.0
721,492,4,0.0,0.0,0.0,0.0
118,118,2,2.0,0.0,0.0,0.0
45,27,5,0.0,0.0,0.0,0.0
43,194,1,1.0,0.0,0.0,0.0
381,281,4,0.0,0.0,0.0,0.0
18,360,5,0.0,0.0,0.0,0.0
878,58,2,0.0,0.0,0.0,0.0
109,315,4,0.0,0.0,0.0,0.0
448,4,5,0.0,0.0,0.0,0.0
864,449,4,0.0,0.0,0.0,0.0
135,262,2,0.0,0.0,0.0,0.0
867,201,1,0.0,0.0,0.0,0.0
650,70,4,0.0,0.0,0.0,0.0
77,211,2,0.0,0.0,0.0,0.0
943,251,5,0.0,0.0,0.0,0.0
126,271,2,1.0,0.0,1.0,0.0
203,467,2,0.0,0.0,0.0,0.0
419,183,3,0.0,0.0,0.0,0.0
435,75,3,0.0,0.0,0.0,0.0
903,160,5,0.0,0.0,0.0,0.0
637,191,5,0.0,0.0,0.0,0.0
248,435,5,0.0,0.0,0.0,0.0
282,287,4,0.0,0.0,0.0,0.0
548,24,2,0.0,0.0,0.0,0.0
276,396,4,1.0,0.0,0.0,0.0
111,363,5,0.0,0.0,0.0,0.0
859,191,1,0.0,0.0,0.0,0.0
300,449,3,0.0,0.0,0.0,0.0
359,234,2,0.0,0.0,0.0,0.0
634,167,2,0.0,0.0,0.0,0.0
691,76,2,1.0,1.0,0.0,0.0
705,153,4,0.0,0.0,0.0,0.0
475,390,5,1.0,0.0,0.0,0.0
680,374,4,0.0,0.0,0.0,0.0
482,421,4,0.0,0.0,0.0,0.0
341,177,1,0.0,0.0,0.0,0.0
909,473,5,1.0,0.0,0.0,0.0
244,355,2,0.0,0.0,0.0,0.0
734,359,2,1.0,0.0,0.0,0.0
155,388,2,0.0,0.0,0.0,0.0
83,216,2,2.0,0.0,0.0,0.0
165,231,5,0.0,0.0,0.0,0.0
774,132,3,0.0,0.0,0.0,0.0
746,409,2,0.0,0.0,0.0,0.0
755,458,5,0.0,0.0,0.0,0.0
937,94,5,1.0,1.0,0.0,0.0
516,269,4,0.0,0.0,0.0,0.0
833,493,5,0.0,0.0,0.0,0.0
933,320,2,0.0,0.0,0.0,0.0
430,217,1,0.0,0.0,0.0,0.0
575,500,2,0.0,0.0,0.0,0.0
869,422,5,0.0,0.0,0.0,0.0
635,448,5,2.0,1.0,1.0,0.0
89,472,5,0.0,0.0,0.0,0.0
283,300,5,0.0,0.0,0.0,0.0
482,57,2,0.0,0.0,0.0,0.0
781,358,3,0.0,0.0,0.0,0.0
440,297,1,0.0,0.0,0.0,0.0
749,323,4,0.0,0.0,0.0,0.0
157,376,4,0.0,0.0,0.0,0.0
218,204,2,0.0,0.0,0.0,0.0
80,366,3,0.0,0.0,0.0,0.0
84,231,4,1.0,1.0,0.0,0.0
980,455,5,0.0,0.0,0.0,0.0
528,18,4,0.0,0.0,0.0,0.0
786,202,4,0.0,0.0,0.0,0.0
482,276,2,0.0,0.0,0.0,0.0
627,449,1,0.0,0.0,0.0,0.0
392,222,5,0.0,0.0,0.0,0.0
135,236,2,0.0,0.0,0.0,0.0
111,203,3,0.0,0.0,0.0,0.0
753,155,4,0.0,0.0,0.0,0.0
85,14,5,0.0,0.0,0.0,0.0
874,46,5,0.0,0.0,0.0,0.0
143,325,5,0.0,0.0,0.0,0.0
698,297,2,1.0,1.0,0.0,0.0
599,422,2,0.0,0.0,0.0,0.0
145,313,1,0.0,0.0,0.0,0.0
210,429,4,0.0,0.0,0.0,0.0
378,496,2,0.0,0.0,0.0,0.0
912,246,5,0.0,0.0,0.0,0.0
865,339,1,0.0,0.0,0.0,0.0
562,282,1,0.0,0.0,0.0,0.0
558,78,1,0.0,0.0,0.0,0.0
659,306,5,0.0,0.0,0.0,0.0
393,421,5,0.0,0.0,0.0,0.0
764,485,2,0.0,0.0,0.0,0.0
705,359,5,0.0,0.0,0.0,0.0
507,194,4,0.0,0.0,0.0,0.0
222,237,4,0.0,0.0,0.0,0.0
828,281,5,0.0,0.0,0.0,0.0
990,295,3,0.0,0.0,0.0,0.0
649,378,1,0.0,0.0,0.0,0.0
245,6,1,0.0,0.0,0.0,0.0
10,353,1,0.0,0.0,0.0,0.0
43,91,3,0.0,0.0,0.0,0.0
16,315,4,0.0,0.0,0.0,0.0
570,53,3,0.0,0.0,0.0,0.0
105,346,4,0.0,0.0,0.0,0.0
463,96,1,0.0,0.0,0.0,0.0
831,61,3,0.0,0.0,0.0,0.0
180,86,4,0.0,0.0,0.0,0.0
468,9,3,0.0,0.0,0.0,0.0
81,464,2,0.0,0.0,0.0,0.0
115,53,4,0.0,0.0,0.0,0.0
755,93,5,0.0,0.0,0.0,0.0
131,335,1,0.0,0.0,0.0,0.0
759,432,4,0.0,0.0,0.0,0.0
814,334,2,0.0,0.0,0.0,0.0
816,438,4,0.0,0.0,0.0,0.0
395,435,2,0.0,0.0,0.0,0.0
200,110,3,0.0,0.0,0.0,0.0
550,109,2,0.0,0.0,0.0,0.0
970,300,3,0.0,0.0,0.0,0.0
308,142,4,0.0,0.0,0.0,0.0
336,388,4,1.0,1.0,0.0,0.0
193,492,5,0.0,0.0,0.0,0.0
639,221,3,0.0,0.0,0.0,0.0
716,483,2,0.0,0.0,0.0,0.0
452,362,3,0.0,0.0,0.0,0.0
571,485,4,0.0,0.0,0.0,0.0
780,118,4,1.0,1.0,0.0,0.0
144,314,3,0.0,0.0,0.0,0.0
300,163,2,0.0,0.0,0.0,0.0
263,402,2,0.0,0.0,0.0,0.0
183,317,3,0.0,0.0,0.0,0.0
123,142,4,1.0,1.0,0.0,0.0
390,395,1,0.0,0.0,0.0,0.0
439,185,1,0.0,0.0,0.0,0.0
210,365,5,0.0,0.0,0.0,0.0
253,209,4,0.0,0.0,0.0,0.0
398,176,1,0.0,0.0,0.0,0.0
677,65,1,1.0,1.0,0.0,0.0
787,62,5,0.0,0.0,0.0,0.0
98,38,3,0.0,0.0,0.0,0.0
858,413,5,0.0,0.0,0.0,0.0
29,199,4,0.0,0.0,0.0,0.0
598,17,2,0.0,0.0,0.0,0.0
156,428,5,1.0,0.0,0.0,0.0
27,209,1,0.0,0.0,0.0,0.0
669,15,2,0.0,0.0,0.0,0.0
360,151,2,1.0,1.0,0.0,0.0
713,488,3,1.0,1.0,0.0,0.0
188,97,4,0.0,0.0,0.0,0.0
80,246,2,0.0,0.0,0.0,0.0
942,195,4,0.0,0.0,0.0,0.0
382,425,3,0.0,0.0,0.0,0.0
26,33,3,0.0,0.0,0.0,0.0
28,238,1,0.0,0.0,0.0,0.0
477,413,4,0.0,0.0,0.0,0.0
568,231,5,1.0,0.0,1.0,0.0
771,366,1,1.0,1.0,0.0,0.0
547,80,5,0.0,0.0,0.0,0.0
917,3,3,0.0,0.0,0.0,0.0
932,453,2,0.0,0.0,0.0,0.0
689,65,1,1.0,0.0,0.0,0.0
22,78,2,1.0,0.0,0.0,0.0
845,444,5,1.0,1.0,0.0,0.0
957,344,2,0.0,0.0,0.0,0.0
619,446,1,0.0,0.0,0.0,0.0
959,495,1,0.0,0.0,0.0,0.0
565,389,4,0.0,0.0,0.0,0.0
314,7,2,0.0,0.0,0.0,0.0
594,248,4,0.0,0.0,0.0,0.0
734,497,5,0.0,0.0,0.0,0.0
238,114,3,0.0,0.0,0.0,0.0
709,4,3,0.0,0.0,0.0,0.0
796,115,3,0.0,0.0,0.0,0.0
284,484,4,0.0,0.0,0.0,0.0
708,96,3,0.0,0.0,0.0,0.0
730,232,1,0.0,0.0,0.0,0.0
298,9,2,0.0,0.0,0.0,0.0
647,452,4,0.0,0.0,0.0,0.0
68,263,1,0.0,0.0,0.0,0.0
201,5,1,1.0,0.0,0.0,0.0
114,200,3,0.0,0.0,0.0,0.0
703,461,5,0.0,0.0,0.0,0.0
207,328,1,1.0,1.0,0.0,0.0
959,35,5,0.0,0.0,0.0,0.0
444,91,3,0.0,0.0,0.0,0.0
262,4,4,0.0,0.0,0.0,0.0
47,98,4,0.0,0.0,0.0,0.0
415,147,1,0.0,0.0,0.0,0.0
112,64,4,0.0,0.0,0.0,0.0
684,177,4,0.0,0.0,0.0,0.0
277,35,3,0.0,0.0,0.0,0.0
820,274,1,0.0,0.0,0.0,0.0
989,75,1,0.0,0.0,0.0,0.0
792,88,2,0.0,0.0,0.0,0.0
242,342,3,0.0,0.0,0.0,0.0
477,395,5,0.0,0.0,0.0,0.0
167,154,5,0.0,0.0,0.0,0.0
407,465,5,0.0,0.0,0.0,0.0
603,260,1,0.0,0.0,0.0,0.0
348,220,5,0.0,0.0,0.0,0.0
730,363,1,0.0,0.0,0.0,0.0
746,385,4,0.0,0.0,0.0,0.0
579,9,2,0.0,0.0,0.0,0.0
330,367,3,0.0,0.0,0.0,0.0
100,55,1,0.0,0.0,0.0,0.0
185,9,2,0.0,0.0,0.0,0.0
840,212,4,0.0,0.0,0.0,0.0
474,330,5,0.0,0.0,0.0,0.0
866,28,4,0.0,0.0,0.0,0.0
250,276,3,0.0,0.0,0.0,0.0
973,6,5,0.0,0.0,0.0,0.0
436,22,3,0.0,0.0,0.0,0.0
63,180,5,0.0,0.0,0.0,0.0
519,408,5,0.0,0.0,0.0,0.0
135,463,3,0.0,0.0,0.0,0.0
115,472,1,0.0,0.0,0.0,0.0
543,368,1,0.0,0.0,0.0,0.0
189,26,3,0.0,0.0,0.0,0.0
219,16,1,0.0,0.0,0.0,0.0
923,343,4,0.0,0.0,0.0,0.0
844,47,2,0.0,0.0,0.0,0.0
162,222,2,0.0,0.0,0.0,0.0
203,468,4,0.0,0.0,0.0,0.0
1000,172,4,0.0,0.0,0.0,0.0
221,485,5,0.0,0.0,0.0,0.0
318,127,4,0.0,0.0,0.0,0.0
504,154,5,0.0,0.0,0.0,0.0
360,126,1,0.0,0.0,0.0,0.0
877,365,5,0.0,0.0,0.0,0.0
403,339,5,0.0,0.0,0.0,0.0
264,433,3,0.0,0.0,0.0,0.0
312,150,1,0.0,0.0,0.0,0.0
484,70,4,0.0,0.0,0.0,0.0
514,462,3,0.0,0.0,0.0,0.0
442,8,4,0.0,0.0,0.0,0.0
846,387,5,0.0,0.0,0.0,0.0
710,196,1,0.0,0.0,0.0,0.0
211,138,2,0.0,0.0,0.0,0.0
62,167,3,0.0,0.0,0.0,0.0
768,413,5,0.0,0.0,0.0,0.0
420,216,5,0.0,0.0,0.0,0.0
920,273,3,0.0,0.0,0.0,0.0
52,167,4,0.0,0.0,0.0,0.0
363,172,5,0.0,0.0,0.0,0.0
951,408,1,0.0,0.0,0.0,0.0
417,444,2,0.0,0.0,0.0,0.0
812,119,2,0.0,0.0,0.0,0.0
430,159,2,0.0,0.0,0.0,0.0
168,122,3,0.0,0.0,0.0,0.0
872,228,4,0.0,0.0,0.0,0.0
820,438,5,0.0,0.0,0.0,0.0
943,323,5,0.0,0.0,0.0,0.0
661,161,3,0.0,0.0,0.0,0.0
408,55,3,0.0,0.0,0.0,0.0
442,379,5,0.0,0.0,0.0,0.0
458,5,4,0.0,0.0,0.0,0.0
121,214,3,0.0,0.0,0.0,0.0
355,342,1,0.0,0.0,0.0,0.0
307,361,1,0.0,0.0,0.0,0.0
931,457,2,0.0,0.0,0.0,0.0
253,471,4,0.0,0.0,0.0,0.0
26,305,4,0.0,0.0,0.0,0.0
961,22,2,0.0,0.0,0.0,0.0
408,62,2,0.0,0.0,0.0,1.0
334,54,5,0.0,0.0,0.0,0.0
973,211,2,0.0,0.0,0.0,0.0
718,69,1,0.0,0.0,0.0,0.0
34,108,3,0.0,0.0,0.0,0.0
532,136,4,0.0,0.0,0.0,0.0
967,144,2,1.0,0.0,1.0,0.0
954,55,3,1.0,0.0,0.0,0.0
806,494,3,0.0,0.0,0.0,0.0
435,120,2,1.0,0.0,0.0,0.0
640,422,3,0.0,0.0,0.0,0.0
269,66,5,0.0,0.0,0.0,0.0
570,158,3,0.0,0.0,0.0,0.0
547,384,1,0.0,0.0,0.0,0.0
415,174,5,0.0,0.0,0.0,0.0
373,177,5,1.0,0.0,0.0,0.0
654,315,1,0.0,0.0,0.0,0.0
541,146,1,0.0,0.0,0.0,0.0
11,155,4,0.0,0.0,0.0,0.0
488,62,2,0.0,0.0,0.0,0.0
621,146,2,0.0,0.0,0.0,0.0
508,202,1,0.0,0.0,0.0,0.0
314,454,4,0.0,0.0,0.0,0.0
126,189,5,0.0,0.0,0.0,0.0
671,252,4,0.0,0.0,0.0,0.0
885,125,2,0.0,0.0,0.0,0.0
477,159,5,0.0,0.0,0.0,0.0
40,457,4,0.0,0.0,0.0,0.0
850,201,5,0.0,0.0,0.0,0.0
597,494,5,0.0,0.0,0.0,0.0
146,384,1,0.0,0.0,0.0,0.0
685,145,2,0.0,0.0,0.0,0.0
418,459,2,0.0,0.0,0.0,0.0
781,312,5,0.0,0.0,0.0,0.0
908,299,3,0.0,0.0,0.0,0.0
177,27,4,0.0,0.0,0.0,0.0
302,473,1,0.0,0.0,0.0,0.0
962,147,1,0.0,0.0,0.0,0.0
834,426,1,2.0,1.0,0.0,0.0
708,328,1,0.0,0.0,0.0,0.0
655,252,4,0.0,0.0,0.0,0.0
910,260,3,0.0,0.0,0.0,0.0
590,257,2,0.0,0.0,0.0,0.0
799,493,1,0.0,0.0,0.0,0.0
870,313,2,0.0,0.0,0.0,0.0
435,78,4,0.0,0.0,0.0,0.0
963,474,3,0.0,0.0,0.0,0.0
38,149,1,0.0,0.0,0.0,0.0
352,237,5,0.0,0.0,0.0,0.0
215,230,1,0.0,0.0,0.0,0.0
642,253,5,0.0,0.0,0.0,0.0
679,207,2,0.0,0.0,0.0,0.0
35,211,2,0.0,0.0,0.0,0.0
716,425,4,0.0,0.0,0.0,0.0
909,86,2,0.0,0.0,0.0,0.0
98,425,3,0.0,0.0,0.0,1.0
791,472,3,0.0,0.0,0.0,0.0
749,149,2,1.0,1.0,0.0,0.0
82,299,5,0.0,0.0,0.0,0.0
173,318,5,0.0,0.0,0.0,0.0
43,345,1,0.0,0.0,0.0,0.0
551,53,2,0.0,0.0,0.0,0.0
42,120,2,0.0,0.0,0.0,0.0
732,356,4,1.0,1.0,0.0,0.0
431,204,4,0.0,0.0,0.0,0.0
420,295,1,0.0,0.0,0.0,0.0
54,488,3,0.0,0.0,0.0,0.0
856,219,4,0.0,0.0,0.0,0.0
187,443,1,0.0,0.0,0.0,0.0
688,166,1,0.0,0.0,0.0,0.0
880,407,3,0.0,0.0,0.0,0.0
986,470,4,0.0,0.0,0.0,0.0
591,388,1,0.0,0.0,0.0,0.0
691,495,1,0.0,0.0,0.0,0.0
201,337,2,0.0,0.0,0.0,0.0
310,493,3,0.0,0.0,0.0,0.0
882,57,4,0.0,0.0,0.0,0.0
1000,21,4,0.0,0.0,0.0,0.0
283,404,5,0.0,0.0,0.0,0.0
177,381,5,0.0,0.0,0.0,0.0
306,373,5,0.0,0.0,0.0,0.0
351,309,1,0.0,0.0,0.0,0.0
100,484,2,0.0,0.0,0.0,0.0
945,313,4,0.0,0.0,0.0,0.0
319,440,2,0.0,0.0,0.0,0.0
518,164,4,0.0,0.0,0.0,0.0
349,420,5,0.0,0.0,0.0,0.0
618,104,1,0.0,0.0,0.0,0.0
81,196,1,0.0,0.0,0.0,0.0
496,334,3,0.0,0.0,0.0,0.0
288,103,5,0.0,0.0,0.0,0.0
653,459,5,0.0,0.0,0.0,0.0
53,365,1,0.0,0.0,0.0,0.0
320,11,2,0.0,0.0,0.0,0.0
597,141,1,0.0,0.0,0.0,0.0
159,162,5,0.0,0.0,0.0,0.0
416,74,3,0.0,0.0,0.0,0.0
82,432,2,0.0,0.0,0.0,0.0
608,120,4,0.0,0.0,0.0,0.0
997,260,2,1.0,0.0,0.0,0.0
474,245,2,0.0,0.0,0.0,0.0
837,53,3,0.0,0.0,0.0,0.0
347,122,1,0.0,0.0,0.0,1.0
292,491,3,0.0,0.0,0.0,0.0
172,432,3,0.0,0.0,0.0,0.0
438,233,5,0.0,0.0,0.0,1.0
126,335,1,0.0,0.0,0.0,0.0
272,474,4,1.0,0.0,0.0,0.0
19,185,4,0.0,0.0,0.0,0.0
96,335,3,0.0,0.0,0.0,0.0
329,307,4,0.0,0.0,0.0,0.0
389,496,2,0.0,0.0,0.0,0.0
759,475,5,0.0,0.0,0.0,0.0
630,349,1,0.0,0.0,0.0,0.0
723,47,1,0.0,0.0,0.0,0.0
773,357,2,0.0,0.0,0.0,0.0
968,146,3,0.0,0.0,0.0,0.0
640,188,4,0.0,0.0,0.0,0.0
185,254,5,1.0,1.0,0.0,0.0
245,161,1,0.0,0.0,0.0,0.0
410,186,2,0.0,0.0,0.0,0.0
923,314,4,0.0,0.0,0.0,0.0
889,222,3,0.0,0.0,0.0,0.0
783,479,4,0.0,0.0,0.0,0.0
624,211,4,0.0,0.0,0.0,0.0
946,84,2,0.0,0.0,0.0,0.0
626,119,5,0.0,0.0,0.0,0.0
924,267,4,0.0,0.0,0.0,0.0
883,325,3,1.0,0.0,0.0,0.0
639,98,5,0.0,0.0,0.0,0.0
187,271,4,0.0,0.0,0.0,0.0
134,403,4,0.0,0.0,0.0,0.0
470,109,1,0.0,0.0,0.0,0.0
789,125,2,0.0,0.0,0.0,0.0
384,352,4,0.0,0.0,0.0,0.0
724,278,5,0.0,0.0,0.0,0.0
986,189,5,0.0,0.0,0.0,0.0
148,324,5,0.0,0.0,0.0,0.0
199,174,5,0.0,0.0,0.0,0.0
217,377,2,0.0,0.0,0.0,0.0
135,261,1,1.0,0.0,1.0,0.0
524,410,2,0.0,0.0,0.0,0.0
655,423,1,0.0,0.0,0.0,0.0
504,204,4,0.0,0.0,0.0,0.0
169,115,5,0.0,0.0,0.0,0.0
927,4,2,0.0,0.0,0.0,0.0
137,249,2,0.0,0.0,0.0,0.0
82,50,2,0.0,0.0,0.0,0.0
81,35,2,0.0,0.0,0.0,1.0
476,154,3,1.0,1.0,0.0,0.0
801,48,4,0.0,0.0,0.0,0.0
641,308,3,0.0,0.0,0.0,0.0
122,498,1,1.0,1.0,0.0,0.0
823,364,4,0.0,0.0,0.0,0.0
739,278,3,0.0,0.0,0.0,0.0
750,477,1,0.0,0.0,0.0,0.0
819,330,4,0.0,0.0,0.0,0.0
553,442,5,0.0,0.0,0.0,0.0
399,42,2,0.0,0.0,0.0,0.0
682,395,3,0.0,0.0,0.0,0.0
417,33,2,0.0,0.0,0.0,0.0
243,179,3,0.0,0.0,0.0,0.0
543,167,5,0.0,0.0,0.0,0.0
920,122,2,0.0,0.0,0.0,0.0
502,351,1,0.0,0.0,0.0,0.0
324,363,3,0.0,0.0,0.0,0.0
487,244,5,0.0,0.0,0.0,0.0
251,144,4,0.0,0.0,0.0,0.0
690,213,5,0.0,0.0,0.0,0.0
575,10,2,0.0,0.0,0.0,0.0
602,480,1,0.0,0.0,0.0,0.0
934,403,2,0.0,0.0,0.0,0.0
903,137,2,1.0,0.0,0.0,0.0
101,92,5,0.0,0.0,0.0,0.0
855,283,5,0.0,0.0,0.0,0.0
115,129,2,0.0,0.0,0.0,0.0
897,155,3,0.0,0.0,0.0,0.0
719,63,4,0.0,0.0,0.0,0.0
469,160,4,0.0,0.0,0.0,0.0
234,128,2,0.0,0.0,0.0,0.0
317,476,2,0.0,0.0,0.0,0.0
258,350,2,0.0,0.0,0.0,0.0
131,431,4,0.0,0.0,0.0,0.0
663,432,2,0.0,0.0,0.0,0.0
790,93,2,0.0,0.0,0.0,0.0
309,326,3,0.0,0.0,0.0,0.0
372,82,2,0.0,0.0,0.0,0.0
777,76,3,0.0,0.0,0.0,0.0
684,275,5,0.0,0.0,0.0,0.0
909,313,1,0.0,0.0,0.0,0.0
834,191,3,0.0,0.0,0.0,0.0
192,198,4,0.0,0.0,0.0,0.0
487,345,3,0.0,0.0,0.0,0.0
431,373,5,0.0,0.0,0.0,0.0
742,70,1,1.0,0.0,0.0,0.0
634,304,5,0.0,0.0,0.0,0.0
575,496,1,0.0,0.0,0.0,0.0
933,109,3,0.0,0.0,0.0,0.0
641,233,3,0.0,0.0,0.0,0.0
650,63,4,0.0,0.0,0.0,0.0
900,186,2,0.0,0.0,0.0,0.0
631,93,2,0.0,0.0,0.0,0.0
407,309,4,0.0,0.0,0.0,0.0
903,358,1,0.0,0.0,0.0,0.0
262,178,1,0.0,0.0,0.0,0.0
921,402,5,0.0,0.0,0.0,0.0
920,49,2,0.0,0.0,0.0,0.0
255,255,4,0.0,0.0,0.0,0.0
83,65,4,0.0,0.0,0.0,0.0
148,270,3,0.0,0.0,0.0,0.0
628,438,1,0.0,0.0,0.0,0.0
979,283,4,0.0,0.0,0.0,0.0
481,171,3,0.0,0.0,0.0,0.0
413,495,4,0.0,0.0,0.0,0.0
910,228,3,1.0,0.0,1.0,0.0
482,357,3,1.0,1.0,0.0,0.0
594,73,3,0.0,0.0,0.0,0.0
830,257,2,0.0,0.0,0.0,0.0
804,342,2,0.0,0.0,0.0,0.0
501,250,3,0.0,0.0,0.0,0.0
251,329,2,0.0,0.0,0.0,0.0
63,315,4,0.0,0.0,0.0,0.0
492,248,4,0.0,0.0,0.0,0.0
585,163,5,0.0,0.0,0.0,0.0
428,251,4,1.0,0.0,0.0,0.0
129,364,5,0.0,0.0,0.0,0.0
810,497,4,0.0,0.0,0.0,0.0
747,306,2,0.0,0.0,0.0,0.0
862,309,1,0.0,0.0,0.0,0.0
411,448,3,0.0,0.0,0.0,0.0
997,486,1,0.0,0.0,0.0,0.0
648,379,1,0.0,0.0,0.0,0.0
223,337,4,0.0,0.0,0.0,0.0
297,288,3,0.0,0.0,0.0,0.0
575,215,1,0.0,0.0,0.0,0.0
516,67,1,0.0,0.0,0.0,0.0
23,496,4,0.0,0.0,0.0,0.0
713,20,4,0.0,0.0,0.0,0.0
325,151,3,0.0,0.0,0.0,0.0
604,186,1,0.0,0.0,0.0,0.0
515,455,2,0.0,0.0,0.0,0.0
720,201,4,0.0,0.0,0.0,0.0
573,49,2,0.0,0.0,0.0,0.0
772,14,4,0.0,0.0,0.0,0.0
214,72,2,0.0,0.0,0.0,0.0
967,199,1,1.0,0.0,0.0,0.0
305,321,3,0.0,0.0,0.0,0.0
578,2,5,0.0,0.0,0.0,0.0
564,267,5,0.0,0.0,0.0,0.0
5,470,2,0.0,0.0,0.0,1.0
513,331,3,0.0,0.0,0.0,0.0
281,29,2,0.0,0.0,0.0,0.0
207,38,4,0.0,0.0,0.0,0.0
82,28,5,1.0,0.0,0.0,0.0
393,38,3,0.0,0.0,0.0,0.0
299,99,3,2.0,1.0,0.0,0.0
91,306,1,0.0,0.0,0.0,0.0
800,256,2,0.0,0.0,0.0,0.0
623,426,3,0.0,0.0,0.0,0.0
288,217,4,0.0,0.0,0.0,0.0
590,143,3,0.0,0.0,0.0,0.0
466,472,2,0.0,0.0,0.0,0.0
90,373,4,0.0,0.0,0.0,0.0
699,166,2,0.0,0.0,0.0,0.0
244,222,3,0.0,0.0,0.0,0.0
841,259,4,0.0,0.0,0.0,0.0
494,225,2,0.0,0.0,0.0,0.0
578,403,4,1.0,1.0,0.0,0.0
856,215,4,0.0,0.0,0.0,0.0
483,47,3,0.0,0.0,0.0,0.0
630,68,5,0.0,0.0,0.0,0.0
738,385,3,1.0,1.0,0.0,0.0
313,259,2,0.0,0.0,0.0,0.0
617,433,5,0.0,0.0,0.0,0.0
709,408,5,0.0,0.0,0.0,0.0
673,465,2,1.0,0.0,1.0,0.0
265,239,4,0.0,0.0,0.0,0.0
151,68,3,0.0,0.0,0.0,0.0
987,83,3,0.0,0.0,0.0,0.0
102,297,4,0.0,0.0,0.0,0.0
518,373,2,0.0,0.0,0.0,0.0
386,444,5,0.0,0.0,0.0,0.0
170,430,2,0.0,0.0,0.0,0.0
539,4,5,0.0,0.0,0.0,0.0
826,79,4,0.0,0.0,0.0,0.0
123,241,3,0.0,0.0,0.0,0.0
275,407,1,0.0,0.0,0.0,0.0
258,431,1,0.0,0.0,0.0,0.0
953,315,2,1.0,0.0,0.0,0.0
492,429,3,0.0,0.0,0.0,0.0
443,2,4,0.0,0.0,0.0,0.0
416,289,4,0.0,0.0,0.0,0.0
416,434,5,0.0,0.0,0.0,0.0
277,40,5,0.0,0.0,0.0,0.0
471,316,3,0.0,0.0,0.0,0.0
40,427,3,0.0,0.0,0.0,0.0
5,22,1,0.0,0.0,0.0,0.0
524,395,5,0.0,0.0,0.0,0.0
873,158,4,0.0,0.0,0.0,0.0
704,281,1,0.0,0.0,0.0,1.0
620,97,3,0.0,0.0,0.0,0.0
859,138,2,0.0,0.0,0.0,0.0
69,69,1,0.0,0.0,0.0,0.0
124,258,2,1.0,0.0,0.0,0.0
621,139,2,0.0,0.0,0.0,0.0
63,322,3,0.0,0.0,0.0,0.0
781,56,5,1.0,0.0,0.0,0.0
322,344,4,0.0,0.0,0.0,0.0
842,95,4,0.0,0.0,0.0,0.0
894,176,2,0.0,0.0,0.0,0.0
294,292,3,0.0,0.0,0.0,0.0
887,277,1,0.0,0.0,0.0,0.0
749,125,5,0.0,0.0,0.0,0.0
580,413,2,0.0,0.0,0.0,0.0
281,88,5,0.0,0.0,0.0,0.0
367,491,1,0.0,0.0,0.0,0.0
34,336,4,0.0,0.0,0.0,0.0
686,91,5,0.0,0.0,0.0,0.0
203,319,5,0.0,0.0,0.0,0.0
914,261,3,0.0,0.0,0.0,0.0
673,184,3,0.0,0.0,0.0,0.0
511,266,5,0.0,0.0,0.0,0.0
167,478,2,0.0,0.0,0.0,0.0
469,452,1,0.0,0.0,0.0,0.0
448,76,1,0.0,0.0,0.0,0.0
584,450,5,0.0,0.0,0.0,0.0
682,53,4,0.0,0.0,0.0,0.0
287,99,3,0.0,0.0,0.0,0.0
145,54,2,0.0,0.0,0.0,0.0
642,2,1,0.0,0.0,0.0,0.0
271,347,1,0.0,0.0,0.0,0.0
327,295,3,1.0,1.0,0.0,0.0
730,184,5,0.0,0.0,0.0,0.0
418,411,5,0.0,0.0,0.0,0.0
501,376,4,0.0,0.0,0.0,0.0
836,375,2,0.0,0.0,0.0,0.0
223,287,2,0.0,0.0,0.0,0.0
928,356,5,0.0,0.0,0.0,0.0
301,328,5,0.0,0.0,0.0,0.0
263,181,5,0.0,0.0,0.0,0.0
399,498,1,0.0,0.0,0.0,0.0
262,136,4,0.0,0.0,0.0,0.0
550,171,3,0.0,0.0,0.0,0.0
130,127,4,0.0,0.0,0.0,0.0
439,414,1,0.0,0.0,0.0,0.0
365,243,4,0.0,0.0,0.0,0.0
721,485,2,1.0,0.0,0.0,0.0
137,492,4,0.0,0.0,0.0,0.0
601,336,4,1.0,0.0,0.0,0.0
73,309,2,0.0,0.0,0.0,0.0
51,325,1,0.0,0.0,0.0,0.0
652,443,2,1.0,0.0,0.0,0.0
124,342,3,0.0,0.0,0.0,0.0
648,324,2,0.0,0.0,0.0,0.0
564,62,5,0.0,0.0,0.0,0.0
636,416,2,0.0,0.0,0.0,0.0
394,463,2,0.0,0.0,0.0,0.0
854,228,1,0.0,0.0,0.0,0.0
104,300,3,0.0,0.0,0.0,0.0
681,211,5,0.0,0.0,0.0,0.0
130,408,2,1.0,0.0,1.0,0.0
751,352,2,0.0,0.0,0.0,0.0
851,279,5,0.0,0.0,0.0,0.0
394,16,1,0.0,0.0,0.0,0.0
156,227,4,0.0,0.0,0.0,0.0
832,7,2,1.0,1.0,0.0,0.0
523,68,2,1.0,1.0,0.0,0.0
530,175,4,1.0,0.0,1.0,0.0
341,429,3,0.0,0.0,0.0,0.0
855,146,4,0.0,0.0,0.0,0.0
927,71,3,0.0,0.0,0.0,0.0
666,57,1,0.0,0.0,0.0,0.0
508,12,3,0.0,0.0,0.0,0.0
520,223,4,0.0,0.0,0.0,0.0
576,277,3,0.0,0.0,0.0,0.0
6,283,1,0.0,0.0,0.0,0.0
596,251,3,0.0,0.0,0.0,0.0
109,303,3,0.0,0.0,0.0,0.0
371,427,5,0.0,0.0,0.0,0.0
598,97,2,0.0,0.0,0.0,0.0
637,435,4,0.0,0.0,0.0,0.0
681,308,1,0.0,0.0,0.0,0.0
821,79,2,1.0,1.0,0.0,0.0
885,450,4,0.0,0.0,0.0,0.0
760,180,4,0.0,0.0,0.0,0.0
873,206,3,0.0,0.0,0.0,0.0
87,50,3,0.0,0.0,0.0,0.0
259,191,1,0.0,0.0,0.0,0.0
772,176,4,0.0,0.0,0.0,0.0
217,392,1,0.0,0.0,0.0,0.0
497,256,4,0.0,0.0,0.0,0.0
600,424,3,0.0,0.0,0.0,0.0
740,326,5,0.0,0.0,0.0,0.0
79,20,1,2.0,1.0,1.0,0.0
79,218,1,0.0,0.0,0.0,0.0
767,380,3,0.0,0.0,0.0,0.0
980,228,1,0.0,0.0,0.0,0.0
547,133,5,0.0,0.0,0.0,0.0
574,344,3,1.0,0.0,0.0,0.0
300,218,1,0.0,0.0,0.0,0.0
382,137,1,0.0,0.0,0.0,0.0
496,173,4,0.0,0.0,0.0,0.0
9,204,3,1.0,0.0,0.0,0.0
234,106,5,0.0,0.0,0.0,0.0
632,10,4,0.0,0.0,0.0,0.0
306,392,4,0.0,0.0,0.0,0.0
274,351,1,0.0,0.0,0.0,0.0
715,194,1,0.0,0.0,0.0,0.0
363,53,5,0.0,0.0,0.0,0.0
370,76,3,1.0,0.0,1.0,0.0
822,381,2,0.0,0.0,0.0,0.0
142,114,1,1.0,0.0,1.0,0.0
808,171,3,0.0,0.0,0.0,0.0
884,356,1,0.0,0.0,0.0,0.0
488,139,1,0.0,0.0,0.0,0.0
207,408,3,0.0,0.0,0.0,0.0
574,348,3,1.0,0.0,0.0,0.0
801,76,4,1.0,0.0,0.0,0.0
150,254,4,0.0,0.0,0.0,0.0
86,458,3,0.0,0.0,0.0,0.0
142,426,2,0.0,0.0,0.0,0.0
329,167,5,0.0,0.0,0.0,0.0
831,340,4,0.0,0.0,0.0,0.0
134,368,2,1.0,0.0,0.0,0.0
193,364,3,0.0,0.0,0.0,0.0
291,325,2,0.0,0.0,0.0,0.0
784,455,3,0.0,0.0,0.0,0.0
697,309,2,0.0,0.0,0.0,1.0
953,243,4,0.0,0.0,0.0,0.0
314,297,4,0.0,0.0,0.0,0.0
68,320,2,0.0,0.0,0.0,0.0
902,125,4,0.0,0.0,0.0,0.0
831,44,2,0.0,0.0,0.0,0.0
220,215,3,1.0,0.0,0.0,0.0
323,101,3,1.0,1.0,0.0,0.0
148,412,5,0.0,0.0,0.0,0.0
369,112,2,0.0,0.0,0.0,0.0
148,325,5,0.0,0.0,0.0,0.0
568,282,4,0.0,0.0,0.0,0.0
214,191,3,0.0,0.0,0.0,0.0
98,254,2,0.0,0.0,0.0,0.0
599,143,5,0.0,0.0,0.0,0.0
398,366,2,0.0,0.0,0.0,0.0
131,497,1,0.0,0.0,0.0,0.0
95,11,4,0.0,0.0,0.0,0.0
104,484,4,0.0,0.0,0.0,0.0
727,235,4,0.0,0.0,0.0,0.0
512,301,2,2.0,1.0,1.0,0.0
660,322,4,1.0,0.0,0.0,0.0
52,22,1,0.0,0.0,0.0,0.0
238,235,1,0.0,0.0,0.0,0.0
963,361,1,0.0,0.0,0.0,0.0
351,229,1,0.0,0.0,0.0,0.0
99,466,4,0.0,0.0,0.0,0.0
27,270,5,0.0,0.0,0.0,0.0
993,128,2,0.0,0.0,0.0,0.0
11,125,3,0.0,0.0,0.0,0.0
273,228,1,0.0,0.0,0.0,0.0
468,467,5,0.0,0.0,0.0,0.0
593,438,1,0.0,0.0,0.0,0.0
348,52,2,0.0,0.0,0.0,0.0
236,86,2,1.0,0.0,1.0,0.0
66,231,4,0.0,0.0,0.0,0.0
957,401,3,1.0,0.0,1.0,0.0
451,45,3,0.0,0.0,0.0,0.0
419,415,2,0.0,0.0,0.0,0.0
927,414,4,0.0,0.0,0.0,0.0
22,114,3,0.0,0.0,0.0,0.0
431,342,5,0.0,0.0,0.0,0.0
991,402,1,0.0,0.0,0.0,0.0
622,188,1,0.0,0.0,0.0,0.0
223,37,3,0.0,0.0,0.0,0.0
662,57,3,0.0,0.0,0.0,0.0
998,239,4,0.0,0.0,0.0,0.0
823,280,2,1.0,0.0,0.0,0.0
364,450,4,0.0,0.0,0.0,0.0
383,276,4,0.0,0.0,0.0,0.0
444,229,4,0.0,0.0,0.0,0.0
980,198,4,0.0,0.0,0.0,0.0
840,302,5,0.0,0.0,0.0,0.0
132,100,5,0.0,0.0,0.0,1.0
175,440,4,0.0,0.0,0.0,0.0
855,50,2,0.0,0.0,0.0,0.0
402,17,1,0.0,0.0,0.0,1.0
612,160,4,0.0,0.0,0.0,0.0
343,409,1,2.0,1.0,0.0,0.0
712,56,4,0.0,0.0,0.0,0.0
946,380,5,0.0,0.0,0.0,0.0
895,490,2,0.0,0.0,0.0,0.0
175,15,4,0.0,0.0,0.0,1.0
956,246,2,0.0,0.0,0.0,0.0
409,468,2,0.0,0.0,0.0,0.0
622,386,2,0.0,0.0,0.0,0.0
753,367,2,0.0,0.0,0.0,0.0
728,319,1,0.0,0.0,0.0,0.0
266,426,3,0.0,0.0,0.0,0.0
378,322,2,0.0,0.0,0.0,0.0
232,25,2,1.0,0.0,0.0,0.0
387,263,5,0.0,0.0,0.0,0.0
307,412,3,0.0,0.0,0.0,0.0
63,471,5,0.0,0.0,0.0,0.0
832,352,2,0.0,0.0,0.0,0.0
994,236,4,0.0,0.0,0.0,0.0
568,197,4,0.0,0.0,0.0,0.0
330,444,4,0.0,0.0,0.0,0.0
678,171,5,0.0,0.0,0.0,0.0
21,223,4,0.0,0.0,0.0,0.0
868,444,3,0.0,0.0,0.0,0.0
490,157,1,0.0,0.0,0.0,0.0
449,81,5,0.0,0.0,0.0,0.0
211,489,4,0.0,0.0,0.0,0.0
362,359,2,0.0,0.0,0.0,0.0
885,379,5,0.0,0.0,0.0,0.0
567,271,3,0.0,0.0,0.0,0.0
103,223,5,1.0,0.0,0.0,0.0
943,230,1,0.0,0.0,0.0,0.0
638,472,3,0.0,0.0,0.0,0.0
488,34,4,0.0,0.0,0.0,0.0
62,478,1,0.0,0.0,0.0,0.0
198,328,3,0.0,0.0,0.0,0.0
107,187,1,0.0,0.0,0.0,0.0
498,324,5,0.0,0.0,0.0,0.0
605,119,3,0.0,0.0,0.0,0.0
115,257,2,0.0,0.0,0.0,0.0
894,492,2,0.0,0.0,0.0,0.0
610,166,2,0.0,0.0,0.0,0.0
590,67,4,0.0,0.0,0.0,0.0
968,428,4,1.0,0.0,0.0,0.0
291,92,3,1.0,0.0,0.0,0.0
281,327,3,0.0,0.0,0.0,0.0
264,393,5,0.0,0.0,0.0,0.0
562,38,4,0.0,0.0,0.0,0.0
728,464,2,0.0,0.0,0.0,0.0
251,106,4,0.0,0.0,0.0,0.0
429,457,4,0.0,0.0,0.0,0.0
132,436,2,0.0,0.0,0.0,0.0
527,129,5,0.0,0.0,0.0,0.0
620,195,1,0.0,0.0,0.0,0.0
542,98,1,0.0,0.0,0.0,0.0
690,358,1,0.0,0.0,0.0,0.0
108,311,2,0.0,0.0,0.0,0.0
767,55,5,0.0,0.0,0.0,0.0
289,448,2,0.0,0.0,0.0,0.0
237,112,3,0.0,0.0,0.0,0.0
799,327,2,0.0,0.0,0.0,0.0
91,378,4,0.0,0.0,0.0,0.0
83,210,4,0.0,0.0,0.0,0.0
772,436,5,0.0,0.0,0.0,0.0
429,154,5,0.0,0.0,0.0,0.0
810,20,5,0.0,0.0,0.0,0.0
559,322,4,1.0,0.0,0.0,0.0
105,125,4,0.0,0.0,0.0,0.0
41,306,5,0.0,0.0,0.0,0.0
655,174,5,0.0,0.0,0.0,0.0
614,278,1,0.0,0.0,0.0,0.0
503,398,1,0.0,0.0,0.0,0.0
1,35,2,1.0,1.0,0.0,0.0
287,174,1,0.0,0.0,0.0,0.0
299,185,5,0.0,0.0,0.0,0.0
839,490,1,0.0,0.0,0.0,0.0
633,46,4,0.0,0.0,0.0,0.0
154,30,5,0.0,0.0,0.0,0.0
678,153,3,0.0,0.0,0.0,0.0
605,163,1,0.0,0.0,0.0,0.0
34,269,1,0.0,0.0,0.0,0.0
214,494,5,0.0,0.0,0.0,0.0
721,253,4,0.0,0.0,0.0,0.0
309,213,3,0.0,0.0,0.0,0.0
428,182,5,0.0,0.0,0.0,0.0
625,289,5,0.0,0.0,0.0,0.0
154,125,4,0.0,0.0,0.0,0.0
273,347,2,0.0,0.0,0.0,0.0
908,272,4,0.0,0.0,0.0,0.0
558,48,4,0.0,0.0,0.0,0.0
722,36,1,0.0,0.0,0.0,0.0
233,256,5,0.0,0.0,0.0,0.0
540,195,4,0.0,0.0,0.0,0.0
768,119,3,0.0,0.0,0.0,0.0
361,164,1,0.0,0.0,0.0,0.0
786,219,5,0.0,0.0,0.0,0.0
353,461,1,0.0,0.0,0.0,0.0
315,36,1,0.0,0.0,0.0,0.0
249,346,5,0.0,0.0,0.0,0.0
499,409,2,0.0,0.0,0.0,0.0
955,359,1,0.0,0.0,0.0,0.0
680,462,5,0.0,0.0,0.0,0.0
646,272,4,0.0,0.0,0.0,0.0
562,338,1,0.0,0.0,0.0,0.0
658,160,3,0.0,0.0,0.0,0.0
511,342,3,0.0,0.0,0.0,0.0
898,44,3,0.0,0.0,0.0,0.0
460,186,2,0.0,0.0,0.0,0.0
875,489,4,1.0,1.0,0.0,0.0
961,357,2,0.0,0.0,0.0,0.0
52,79,2,0.0,0.0,0.0,0.0
54,284,5,0.0,0.0,0.0,0.0
821,218,5,0.0,0.0,0.0,0.0
650,469,2,0.0,0.0,0.0,0.0
119,426,5,0.0,0.0,0.0,0.0
171,197,2,0.0,0.0,0.0,0.0
69,443,3,0.0,0.0,0.0,0.0
191,189,2,0.0,0.0,0.0,0.0
69,166,5,0.0,0.0,0.0,0.0
228,195,1,0.0,0.0,0.0,0.0
466,76,4,0.0,0.0,0.0,0.0
781,277,3,0.0,0.0,0.0,1.0
721,159,4,0.0,0.0,0.0,0.0
979,343,1,0.0,0.0,0.0,0.0
472,76,1,0.0,0.0,0.0,0.0
178,185,5,0.0,0.0,0.0,0.0
271,312,5,0.0,0.0,0.0,0.0
246,94,3,0.0,0.0,0.0,0.0
589,241,1,0.0,0.0,0.0,0.0
348,221,1,0.0,0.0,0.0,0.0
68,451,4,0.0,0.0,0.0,0.0
420,373,1,0.0,0.0,0.0,0.0
229,220,3,0.0,0.0,0.0,0.0
243,182,2,0.0,0.0,0.0,0.0
665,221,1,1.0,1.0,0.0,0.0
656,73,2,0.0,0.0,0.0,0.0
272,192,3,0.0,0.0,0.0,0.0
354,339,2,1.0,0.0,0.0,0.0
101,345,4,1.0,0.0,0.0,0.0
205,349,2,0.0,0.0,0.0,0.0
51,293,5,1.0,0.0,0.0,0.0
361,202,5,0.0,0.0,0.0,0.0
888,213,2,1.0,1.0,0.0,0.0
674,11,4,0.0,0.0,0.0,0.0
485,51,5,0.0,0.0,0.0,0.0
529,207,2,0.0,0.0,0.0,0.0
927,59,3,0.0,0.0,0.0,0.0
416,181,1,0.0,0.0,0.0,0.0
478,271,4,0.0,0.0,0.0,0.0
198,58,4,0.0,0.0,0.0,0.0
513,461,5,0.0,0.0,0.0,0.0
928,261,3,0.0,0.0,0.0,0.0
580,405,4,0.0,0.0,0.0,0.0
92,159,3,0.0,0.0,0.0,0.0
271,425,3,0.0,0.0,0.0,0.0
322,492,1,0.0,0.0,0.0,0.0
424,250,2,0.0,0.0,0.0,0.0
856,165,1,0.0,0.0,0.0,0.0
142,305,1,0.0,0.0,0.0,0.0
90,106,5,0.0,0.0,0.0,0.0
939,356,2,1.0,0.0,0.0,0.0
768,89,2,0.0,0.0,0.0,0.0
159,258,3,0.0,0.0,0.0,0.0
201,35,4,0.0,0.0,0.0,0.0
41,393,1,0.0,0.0,0.0,0.0
404,235,3,1.0,1.0,0.0,0.0
404,65,2,0.0,0.0,0.0,0.0
911,338,5,0.0,0.0,0.0,0.0
474,178,3,0.0,0.0,0.0,0.0
869,290,1,0.0,0.0,0.0,0.0
236,472,1,0.0,0.0,0.0,0.0
26,236,5,0.0,0.0,0.0,0.0
483,236,2,0.0,0.0,0.0,0.0
310,216,1,0.0,0.0,0.0,0.0
623,466,2,0.0,0.0,0.0,0.0
307,363,2,0.0,0.0,0.0,0.0
139,120,4,0.0,0.0,0.0,0.0
668,217,4,0.0,0.0,0.0,0.0
501,295,1,0.0,0.0,0.0,0.0
215,334,5,0.0,0.0,0.0,0.0
289,351,5,0.0,0.0,0.0,0.0
248,131,4,0.0,0.0,0.0,0.0
149,387,5,1.0,0.0,0.0,0.0
873,311,2,0.0,0.0,0.0,1.0
713,345,5,1.0,0.0,1.0,0.0
510,209,4,0.0,0.0,0.0,0.0
819,159,4,0.0,0.0,0.0,0.0
73,208,2,0.0,0.0,0.0,0.0
190,204,4,0.0,0.0,0.0,0.0
490,54,3,0.0,0.0,0.0,0.0
707,216,5,0.0,0.0,0.0,0.0
323,69,2,0.0,0.0,0.0,0.0
833,329,5,1.0,0.0,0.0,0.0
107,98,1,0.0,0.0,0.0,0.0
612,312,4,0.0,0.0,0.0,0.0
987,240,1,0.0,0.0,0.0,0.0
603,319,3,0.0,0.0,0.0,0.0
766,299,3,0.0,0.0,0.0,0.0
33,87,2,0.0,0.0,0.0,0.0
27,96,2,0.0,0.0,0.0,0.0
809,56,4,0.0,0.0,0.0,0.0
143,313,5,0.0,0.0,0.0,0.0
833,13,1,0.0,0.0,0.0,0.0
14,316,5,0.0,0.0,0.0,0.0
958,56,4,0.0,0.0,0.0,0.0
639,359,1,0.0,0.0,0.0,0.0
125,9,3,1.0,0.0,0.0,0.0
17,436,2,0.0,0.0,0.0,0.0
132,162,5,0.0,0.0,0.0,0.0
263,483,1,0.0,0.0,0.0,0.0
419,278,3,1.0,0.0,0.0,0.0
500,243,4,0.0,0.0,0.0,0.0
540,205,2,0.0,0.0,0.0,0.0
63,40,5,0.0,0.0,0.0,0.0
947,60,5,0.0,0.0,0.0,0.0
291,328,5,0.0,0.0,0.0,0.0
709,32,4,1.0,0.0,0.0,0.0
985,340,2,0.0,0.0,0.0,0.0
770,196,2,0.0,0.0,0.0,1.0
414,89,2,0.0,0.0,0.0,0.0
530,416,4,0.0,0.0,0.0,0.0
247,332,5,0.0,0.0,0.0,0.0
998,33,2,0.0,0.0,0.0,0.0
580,113,3,0.0,0.0,0.0,0.0
187,76,5,0.0,0.0,0.0,0.0
705,362,5,1.0,1.0,0.0,0.0
973,170,3,0.0,0.0,0.0,0.0
889,310,4,0.0,0.0,0.0,0.0
225,360,2,0.0,0.0,0.0,0.0
720,294,2,0.0,0.0,0.0,0.0
438,114,2,0.0,0.0,0.0,0.0
469,13,2,0.0,0.0,0.0,0.0
576,341,2,0.0,0.0,0.0,0.0
287,444,2,1.0,1.0,0.0,0.0
726,304,4,2.0,0.0,1.0,0.0
627,431,2,0.0,0.0,0.0,0.0
125,327,2,0.0,0.0,0.0,0.0
123,238,1,0.0,0.0,0.0,0.0
272,212,2,0.0,0.0,0.0,0.0
923,102,1,0.0,0.0,0.0,0.0
785,56,1,0.0,0.0,0.0,0.0
557,28,1,0.0,0.0,0.0,0.0
196,307,5,0.0,0.0,0.0,1.0
763,311,3,0.0,0.0,0.0,0.0
441,50,1,0.0,0.0,0.0,0.0
391,396,1,0.0,0.0,0.0,0.0
769,182,3,0.0,0.0,0.0,0.0
460,258,4,0.0,0.0,0.0,0.0
187,490,5,0.0,0.0,0.0,0.0
469,317,4,0.0,0.0,0.0,0.0
859,461,4,0.0,0.0,0.0,0.0
70,21,4,0.0,0.0,0.0,0.0
283,412,3,0.0,0.0,0.0,0.0
828,170,4,0.0,0.0,0.0,0.0
448,66,2,0.0,0.0,0.0,0.0
106,142,5,0.0,0.0,0.0,0.0
627,149,5,0.0,0.0,0.0,0.0
523,485,4,0.0,0.0,0.0,0.0
301,287,3,0.0,0.0,0.0,0.0
262,97,5,0.0,0.0,0.0,0.0
117,185,1,0.0,0.0,0.0,0.0
211,174,4,0.0,0.0,0.0,0.0
963,218,1,0.0,0.0,0.0,0.0
308,220,4,0.0,0.0,0.0,0.0
312,431,4,0.0,0.0,0.0,0.0
559,293,4,0.0,0.0,0.0,0.0
142,171,3,0.0,0.0,0.0,0.0
692,311,4,0.0,0.0,0.0,0.0
857,466,1,0.0,0.0,0.0,0.0
461,290,5,0.0,0.0,0.0,0.0
559,73,1,0.0,0.0,0.0,0.0
647,270,5,0.0,0.0,0.0,0.0
91,215,1,0.0,0.0,0.0,0.0
759,260,2,0.0,0.0,0.0,0.0
287,362,2,0.0,0.0,0.0,0.0
702,281,5,0.0,0.0,0.0,0.0
458,372,4,0.0,0.0,0.0,0.0
812,404,3,0.0,0.0,0.0,0.0
938,107,3,0.0,0.0,0.0,0.0
446,486,4,0.0,0.0,0.0,0.0
858,295,4,0.0,0.0,0.0,0.0
447,251,3,0.0,0.0,0.0,0.0
978,108,4,0.0,0.0,0.0,0.0
340,103,1,0.0,0.0,0.0,0.0
812,312,5,0.0,0.0,0.0,0.0
430,440,5,0.0,0.0,0.0,0.0
984,437,2,1.0,0.0,0.0,0.0
932,17,2,0.0,0.0,0.0,0.0
567,128,5,0.0,0.0,0.0,0.0
700,65,5,0.0,0.0,0.0,0.0
395,107,2,1.0,1.0,0.0,0.0
951,480,1,0.0,0.0,0.0,0.0
266,475,5,0.0,0.0,0.0,0.0
787,444,5,0.0,0.0,0.0,0.0
80,313,4,0.0,0.0,0.0,0.0
515,337,5,0.0,0.0,0.0,0.0
716,236,5,0.0,0.0,0.0,0.0
699,283,2,0.0,0.0,0.0,0.0
653,23,1,0.0,0.0,0.0,0.0
987,356,2,0.0,0.0,0.0,0.0
463,83,3,0.0,0.0,0.0,0.0
477,326,5,0.0,0.0,0.0,0.0
932,280,4,0.0,0.0,0.0,0.0
997,162,5,0.0,0.0,0.0,0.0
184,494,5,0.0,0.0,0.0,0.0
346,272,4,1.0,1.0,0.0,0.0
390,253,1,0.0,0.0,0.0,0.0
753,333,2,0.0,0.0,0.0,0.0
955,196,3,0.0,0.0,0.0,0.0
465,284,3,0.0,0.0,0.0,0.0
206,337,4,0.0,0.0,0.0,0.0
140,216,1,0.0,0.0,0.0,0.0
577,126,4,0.0,0.0,0.0,0.0
829,168,3,1.0,0.0,0.0,0.0
754,89,2,1.0,0.0,0.0,0.0
126,370,2,0.0,0.0,0.0,0.0
97,304,4,0.0,0.0,0.0,0.0
724,396,1,0.0,0.0,0.0,0.0
151,10,5,1.0,1.0,0.0,0.0
262,36,3,0.0,0.0,0.0,0.0
706,441,4,0.0,0.0,0.0,0.0
902,390,3,1.0,1.0,0.0,0.0
394,2,3,0.0,0.0,0.0,0.0
279,99,5,0.0,0.0,0.0,0.0
719,220,4,1.0,0.0,0.0,0.0
373,356,1,0.0,0.0,0.0,0.0
58,269,2,0.0,0.0,0.0,0.0
893,375,2,0.0,0.0,0.0,0.0
310,75,4,0.0,0.0,0.0,0.0
13,247,1,0.0,0.0,0.0,0.0
150,43,3,0.0,0.0,0.0,0.0
143,484,5,0.0,0.0,0.0,0.0
438,125,4,0.0,0.0,0.0,0.0
905,382,2,0.0,0.0,0.0,0.0
848,259,3,0.0,0.0,0.0,0.0
606,190,5,0.0,0.0,0.0,0.0
97,202,5,0.0,0.0,0.0,0.0
181,482,4,0.0,0.0,0.0,0.0
660,235,1,0.0,0.0,0.0,0.0
907,134,3,0.0,0.0,0.0,0.0
929,80,4,0.0,0.0,0.0,0.0
825,285,2,0.0,0.0,0.0,0.0
378,241,1,0.0,0.0,0.0,0.0
741,470,3,0.0,0.0,0.0,0.0
50,143,1,0.0,0.0,0.0,0.0
158,292,5,0.0,0.0,0.0,0.0
30,279,2,0.0,0.0,0.0,0.0
235,368,5,0.0,0.0,0.0,0.0
308,405,1,0.0,0.0,0.0,0.0
147,498,1,0.0,0.0,0.0,0.0
184,334,2,0.0,0.0,0.0,0.0
383,138,5,0.0,0.0,0.0,0.0
782,72,2,0.0,0.0,0.0,0.0
164,49,4,0.0,0.0,0.0,0.0
678,100,2,0.0,0.0,0.0,0.0
785,475,3,0.0,0.0,0.0,0.0
324,15,5,0.0,0.0,0.0,0.0
983,462,5,0.0,0.0,0.0,0.0
580,446,1,0.0,0.0,0.0,0.0
953,416,4,0.0,0.0,0.0,0.0
91,442,3,0.0,0.0,0.0,0.0
721,182,2,0.0,0.0,0.0,0.0
485,362,2,0.0,0.0,0.0,1.0
179,57,3,0.0,0.0,0.0,0.0
376,160,5,0.0,0.0,0.0,0.0
222,334,2,0.0,0.0,0.0,0.0
199,99,5,0.0,0.0,0.0,0.0
507,421,3,0.0,0.0,0.0,0.0
273,308,5,0.0,0.0,0.0,0.0
633,335,4,0.0,0.0,0.0,0.0
137,102,5,0.0,0.0,0.0,0.0
678,195,5,0.0,0.0,0.0,0.0
1,121,5,0.0,0.0,0.0,0.0
805,348,1,0.0,0.0,0.0,0.0
285,476,4,0.0,0.0,0.0,0.0
113,185,1,0.0,0.0,0.0,0.0
986,228,4,0.0,0.0,0.0,0.0
509,229,4,0.0,0.0,0.0,0.0
232,146,5,1.0,1.0,0.0,0.0
961,316,3,0.0,0.0,0.0,0.0
294,497,4,0.0,0.0,0.0,0.0
922,439,5,0.0,0.0,0.0,0.0
873,481,3,1.0,0.0,0.0,0.0
350,212,5,0.0,0.0,0.0,0.0
55,205,4,0.0,0.0,0.0,0.0
562,138,4,0.0,0.0,0.0,0.0
583,3,5,0.0,0.0,0.0,0.0
504,163,4,0.0,0.0,0.0,0.0
310,467,1,0.0,0.0,0.0,0.0
634,245,3,0.0,0.0,0.0,0.0
513,38,3,0.0,0.0,0.0,1.0
574,483,1,0.0,0.0,0.0,0.0
965,33,2,0.0,0.0,0.0,0.0
988,442,3,0.0,0.0,0.0,0.0
453,239,1,1.0,0.0,0.0,0.0
939,42,3,0.0,0.0,0.0,0.0
838,401,2,0.0,0.0,0.0,0.0
958,242,4,0.0,0.0,0.0,0.0
137,233,1,0.0,0.0,0.0,0.0
251,250,3,0.0,0.0,0.0,0.0
944,308,4,0.0,0.0,0.0,0.0
12,276,3,0.0,0.0,0.0,0.0
737,406,5,0.0,0.0,0.0,0.0
704,118,4,0.0,0.0,0.0,0.0
127,192,2,0.0,0.0,0.0,0.0
993,286,1,0.0,0.0,0.0,0.0
23,440,4,0.0,0.0,0.0,0.0
490,316,3,0.0,0.0,0.0,0.0
391,185,2,0.0,0.0,0.0,0.0
683,131,1,0.0,0.0,0.0,0.0
63,325,2,0.0,0.0,0.0,0.0
831,421,2,0.0,0.0,0.0,0.0
490,58,1,0.0,0.0,0.0,0.0
96,326,3,0.0,0.0,0.0,0.0
231,265,2,0.0,0.0,0.0,0.0
170,84,2,0.0,0.0,0.0,0.0
434,469,4,0.0,0.0,0.0,0.0
312,256,1,0.0,0.0,0.0,1.0
725,288,5,0.0,0.0,0.0,0.0
502,299,3,0.0,0.0,0.0,0.0
48,189,2,0.0,0.0,0.0,0.0
659,455,4,0.0,0.0,0.0,0.0
898,347,2,0.0,0.0,0.0,1.0
703,129,5,0.0,0.0,0.0,0.0
334,277,4,0.0,0.0,0.0,0.0
686,16,3,0.0,0.0,0.0,0.0
994,442,3,0.0,0.0,0.0,0.0
898,355,1,0.0,0.0,0.0,0.0
680,257,1,0.0,0.0,0.0,0.0
731,355,1,0.0,0.0,0.0,0.0
348,491,2,0.0,0.0,0.0,0.0
804,14,4,0.0,0.0,0.0,0.0
76,271,3,0.0,0.0,0.0,0.0
379,408,2,1.0,1.0,0.0,0.0
740,170,3,0.0,0.0,0.0,0.0
210,40,2,0.0,0.0,0.0,0.0
319,165,2,0.0,0.0,0.0,0.0
496,268,4,0.0,0.0,0.0,0.0
919,263,3,0.0,0.0,0.0,0.0
747,154,3,0.0,0.0,0.0,0.0
4,313,3,0.0,0.0,0.0,0.0
402,429,2,0.0,0.0,0.0,0.0
919,10,4,1.0,1.0,0.0,0.0
217,42,3,0.0,0.0,0.0,0.0
802,108,1,0.0,0.0,0.0,0.0
253,11,4,0.0,0.0,0.0,0.0
984,115,1,0.0,0.0,0.0,0.0
64,487,5,0.0,0.0,0.0,0.0
321,389,2,0.0,0.0,0.0,0.0
604,305,3,0.0,0.0,0.0,1.0
532,207,4,1.0,1.0,0.0,0.0
676,216,4,0.0,0.0,0.0,0.0
425,40,3,0.0,0.0,0.0,0.0
320,248,2,0.0,0.0,0.0,0.0
819,182,5,0.0,0.0,0.0,0.0
197,231,2,0.0,0.0,0.0,0.0
915,356,3,0.0,0.0,0.0,0.0
338,455,2,0.0,0.0,0.0,0.0
476,322,1,0.0,0.0,0.0,0.0
559,450,1,2.0,1.0,0.0,0.0
472,268,2,0.0,0.0,0.0,0.0
993,25,3,0.0,0.0,0.0,0.0
567,5,3,1.0,1.0,0.0,0.0
986,93,4,0.0,0.0,0.0,0.0
644,251,5,2.0,0.0,0.0,0.0
97,37,1,0.0,0.0,0.0,0.0
215,447,5,0.0,0.0,0.0,0.0
571,283,5,0.0,0.0,0.0,0.0
390,49,3,0.0,0.0,0.0,0.0
58,417,4,0.0,0.0,0.0,0.0
473,104,5,0.0,0.0,0.0,0.0
750,320,5,0.0,0.0,0.0,0.0
723,225,4,0.0,0.0,0.0,0.0
104,394,4,0.0,0.0,0.0,0.0
57,195,3,0.0,0.0,0.0,0.0
48,461,5,0.0,0.0,0.0,0.0
895,317,2,0.0,0.0,0.0,0.0
486,222,2,0.0,0.0,0.0,0.0
263,196,2,0.0,0.0,0.0,0.0
527,12,4,0.0,0.0,0.0,0.0
251,322,3,0.0,0.0,0.0,0.0
671,337,2,1.0,0.0,0.0,0.0
907,117,3,0.0,0.0,0.0,0.0
211,442,4,0.0,0.0,0.0,0.0
875,73,1,0.0,0.0,0.0,0.0
151,80,2,0.0,0.0,0.0,0.0
267,122,4,0.0,0.0,0.0,0.0
735,143,5,0.0,0.0,0.0,0.0
873,277,1,0.0,0.0,0.0,0.0
451,363,5,0.0,0.0,0.0,0.0
992,260,4,0.0,0.0,0.0,0.0
79,44,2,0.0,0.0,0.0,0.0
309,135,4,0.0,0.0,0.0,0.0
775,209,3,0.0,0.0,0.0,0.0
152,332,1,0.0,0.0,0.0,0.0
896,495,1,0.0,0.0,0.0,0.0
666,320,5,0.0,0.0,0.0,0.0
494,327,1,0.0,0.0,0.0,0.0
486,321,3,1.0,0.0,0.0,0.0
808,136,1,0.0,0.0,0.0,0.0
346,198,2,0.0,0.0,0.0,0.0
376,422,1,0.0,0.0,0.0,0.0
508,333,3,0.0,0.0,0.0,0.0
946,228,3,0.0,0.0,0.0,0.0
926,387,2,0.0,0.0,0.0,0.0
243,499,1,0.0,0.0,0.0,0.0
438,85,4,0.0,0.0,0.0,0.0
748,477,2,0.0,0.0,0.0,0.0
824,407,2,0.0,0.0,0.0,0.0
48,193,3,0.0,0.0,0.0,0.0
652,48,1,0.0,0.0,0.0,0.0
765,346,3,0.0,0.0,0.0,0.0
997,411,3,0.0,0.0,0.0,0.0
971,308,1,0.0,0.0,0.0,0.0
35,56,4,0.0,0.0,0.0,0.0
326,202,1,0.0,0.0,0.0,0.0
250,340,4,0.0,0.0,0.0,0.0
934,302,1,0.0,0.0,0.0,0.0
110,358,3,0.0,0.0,0.0,0.0
440,411,3,0.0,0.0,0.0,0.0
912,265,5,0.0,0.0,0.0,0.0
631,491,4,0.0,0.0,0.0,0.0
359,94,2,0.0,0.0,0.0,0.0
788,489,3,0.0,0.0,0.0,0.0
713,402,3,1.0,1.0,0.0,0.0
842,314,5,0.0,0.0,0.0,0.0
510,72,1,0.0,0.0,0.0,0.0
380,38,5,0.0,0.0,0.0,0.0
8,283,5,0.0,0.0,0.0,0.0
89,232,3,0.0,0.0,0.0,0.0
747,229,4,0.0,0.0,0.0,0.0
450,494,5,0.0,0.0,0.0,0.0
144,166,5,0.0,0.0,0.0,0.0
84,429,3,0.0,0.0,0.0,0.0
325,142,3,0.0,0.0,0.0,0.0
142,200,5,0.0,0.0,0.0,0.0
568,378,1,0.0,0.0,0.0,0.0
502,290,2,0.0,0.0,0.0,0.0
199,439,4,0.0,0.0,0.0,0.0
860,362,5,0.0,0.0,0.0,0.0
887,482,4,0.0,0.0,0.0,0.0
306,494,2,0.0,0.0,0.0,0.0
550,431,3,0.0,0.0,0.0,0.0
210,299,5,0.0,0.0,0.0,0.0
316,298,4,0.0,0.0,0.0,0.0
526,333,1,0.0,0.0,0.0,0.0
74,22,1,0.0,0.0,0.0,0.0
318,168,4,0.0,0.0,0.0,0.0
393,390,5,0.0,0.0,0.0,0.0
815,123,1,0.0,0.0,0.0,0.0
175,235,2,0.0,0.0,0.0,0.0
551,305,4,0.0,0.0,0.0,0.0
625,490,1,0.0,0.0,0.0,0.0
341,325,1,0.0,0.0,0.0,0.0
575,347,2,0.0,0.0,0.0,0.0
517,134,2,0.0,0.0,0.0,0.0
452,192,5,0.0,0.0,0.0,0.0
440,290,1,0.0,0.0,0.0,0.0
799,142,4,0.0,0.0,0.0,0.0
831,25,2,0.0,0.0,0.0,0.0
905,305,1,0.0,0.0,0.0,0.0
956,36,4,0.0,0.0,0.0,0.0
583,86,4,0.0,0.0,0.0,0.0
678,281,2,0.0,0.0,0.0,0.0
572,367,2,0.0,0.0,0.0,0.0
862,200,2,0.0,0.0,0.0,0.0
893,470,4,0.0,0.0,0.0,0.0
961,128,5,0.0,0.0,0.0,0.0
269,146,2,0.0,0.0,0.0,0.0
189,435,1,0.0,0.0,0.0,0.0
587,118,4,0.0,0.0,0.0,0.0
406,365,4,1.0,0.0,0.0,0.0
650,168,4,0.0,0.0,0.0,0.0
165,431,1,1.0,0.0,0.0,0.0
577,116,1,0.0,0.0,0.0,0.0
732,316,1,0.0,0.0,0.0,0.0
466,488,4,0.0,0.0,0.0,0.0
242,362,5,0.0,0.0,0.0,0.0
604,396,2,0.0,0.0,0.0,0.0
400,191,5,0.0,0.0,0.0,0.0
512,6,1,0.0,0.0,0.0,0.0
461,465,2,1.0,1.0,0.0,0.0
20,313,3,0.0,0.0,0.0,0.0
763,350,2,0.0,0.0,0.0,0.0
966,224,2,1.0,1.0,0.0,0.0
567,286,3,1.0,1.0,0.0,0.0
66,422,4,0.0,0.0,0.0,0.0
905,139,2,0.0,0.0,0.0,0.0
111,340,2,0.0,0.0,0.0,0.0
936,69,3,0.0,0.0,0.0,0.0
234,374,5,0.0,0.0,0.0,0.0
4,346,2,0.0,0.0,0.0,0.0
134,258,4,0.0,0.0,0.0,0.0
90,205,1,0.0,0.0,0.0,0.0
247,112,4,0.0,0.0,0.0,0.0
89,174,3,0.0,0.0,0.0,0.0
821,165,5,0.0,0.0,0.0,0.0
556,461,1,0.0,0.0,0.0,0.0
368,77,4,0.0,0.0,0.0,0.0
626,267,2,0.0,0.0,0.0,0.0
293,412,5,0.0,0.0,0.0,0.0
375,339,4,0.0,0.0,0.0,0.0
488,253,2,0.0,0.0,0.0,0.0
699,423,5,1.0,1.0,0.0,0.0
863,239,3,0.0,0.0,0.0,0.0
234,33,3,0.0,0.0,0.0,0.0
703,466,1,0.0,0.0,0.0,0.0
509,187,4,0.0,0.0,0.0,1.0
651,233,2,0.0,0.0,0.0,0.0
619,405,3,0.0,0.0,0.0,0.0
128,281,2,0.0,0.0,0.0,0.0
294,146,2,0.0,0.0,0.0,0.0
804,405,5,0.0,0.0,0.0,0.0
839,233,5,0.0,0.0,0.0,0.0
727,308,4,0.0,0.0,0.0,0.0
664,90,2,0.0,0.0,0.0,0.0
338,144,2,0.0,0.0,0.0,0.0
858,137,1,0.0,0.0,0.0,0.0
827,339,1,0.0,0.0,0.0,0.0
324,396,2,0.0,0.0,0.0,0.0
812,402,4,0.0,0.0,0.0,0.0
991,38,1,0.0,0.0,0.0,0.0
866,244,5,0.0,0.0,0.0,0.0
588,343,2,0.0,0.0,0.0,0.0
679,206,1,0.0,0.0,0.0,0.0
607,252,5,0.0,0.0,0.0,0.0
789,378,3,0.0,0.0,0.0,0.0
552,495,1,1.0,1.0,0.0,0.0
980,426,3,0.0,0.0,0.0,0.0
749,45,3,0.0,0.0,0.0,0.0
589,474,1,0.0,0.0,0.0,0.0
120,237,5,0.0,0.0,0.0,0.0
114,165,2,0.0,0.0,0.0,0.0
194,317,2,0.0,0.0,0.0,0.0
5,187,3,0.0,0.0,0.0,0.0
338,457,1,0.0,0.0,0.0,0.0
326,216,2,0.0,0.0,0.0,0.0
463,489,5,0.0,0.0,0.0,0.0
720,196,5,0.0,0.0,0.0,0.0
725,104,2,1.0,0.0,1.0,0.0
67,385,4,0.0,0.0,0.0,0.0
186,255,4,0.0,0.0,0.0,0.0
370,52,5,0.0,0.0,0.0,0.0
116,133,2,0.0,0.0,0.0,0.0
857,458,3,0.0,0.0,0.0,0.0
2,458,4,0.0,0.0,0.0,0.0
106,414,3,0.0,0.0,0.0,0.0
68,29,3,0.0,0.0,0.0,0.0
693,169,5,0.0,0.0,0.0,0.0
856,118,5,0.0,0.0,0.0,0.0
860,483,1,0.0,0.0,0.0,0.0
989,17,2,0.0,0.0,0.0,0.0
391,118,1,0.0,0.0,0.0,0.0
218,1,3,0.0,0.0,0.0,0.0
483,56,5,0.0,0.0,0.0,0.0
185,468,2,0.0,0.0,0.0,0.0
122,11,2,0.0,0.0,0.0,0.0
995,3,2,1.0,0.0,0.0,0.0
418,176,1,0.0,0.0,0.0,0.0
695,212,1,0.0,0.0,0.0,0.0
880,82,5,0.0,0.0,0.0,0.0
497,3,4,0.0,0.0,0.0,0.0
249,118,2,0.0,0.0,0.0,0.0
440,365,1,0.0,0.0,0.0,0.0
40,14,4,0.0,0.0,0.0,0.0
31,252,1,0.0,0.0,0.0,0.0
444,271,4,0.0,0.0,0.0,0.0
762,481,4,0.0,0.0,0.0,0.0
332,146,4,0.0,0.0,0.0,0.0
406,54,4,0.0,0.0,0.0,0.0
625,17,2,0.0,0.0,0.0,0.0
950,267,5,0.0,0.0,0.0,0.0
463,113,1,0.0,0.0,0.0,0.0
790,102,4,0.0,0.0,0.0,0.0
581,174,5,0.0,0.0,0.0,0.0
248,231,3,0.0,0.0,0.0,0.0
794,205,5,0.0,0.0,0.0,0.0
26,151,2,0.0,0.0,0.0,0.0
429,166,3,0.0,0.0,0.0,0.0
969,272,3,1.0,0.0,0.0,0.0
623,172,2,0.0,0.0,0.0,0.0
590,433,2,0.0,0.0,0.0,0.0
335,12,1,0.0,0.0,0.0,0.0
405,229,5,0.0,0.0,0.0,0.0
669,44,3,0.0,0.0,0.0,0.0
561,49,1,0.0,0.0,0.0,0.0
562,481,3,0.0,0.0,0.0,0.0
906,474,1,0.0,0.0,0.0,1.0
219,321,2,0.0,0.0,0.0,0.0
611,325,3,0.0,0.0,0.0,0.0
694,143,1,0.0,0.0,0.0,0.0
883,295,5,0.0,0.0,0.0,0.0
562,13,5,0.0,0.0,0.0,0.0
669,88,4,0.0,0.0,0.0,0.0
634,407,4,0.0,0.0,0.0,0.0
310,19,3,0.0,0.0,0.0,0.0
560,79,4,0.0,0.0,0.0,0.0
25,464,4,0.0,0.0,0.0,0.0
917,272,5,0.0,0.0,0.0,0.0
329,24,2,0.0,0.0,0.0,0.0
716,14,1,0.0,0.0,0.0,0.0
67,112,5,0.0,0.0,0.0,0.0
582,177,1,0.0,0.0,0.0,0.0
712,299,2,0.0,0.0,0.0,0.0
862,373,3,0.0,0.0,0.0,0.0
763,24,2,1.0,0.0,1.0,0.0
670,258,1,0.0,0.0,0.0,0.0
243,234,3,0.0,0.0,0.0,0.0
63,257,5,0.0,0.0,0.0,0.0
796,431,2,0.0,0.0,0.0,0.0
167,447,4,0.0,0.0,0.0,0.0
144,360,5,0.0,0.0,0.0,0.0
684,323,5,0.0,0.0,0.0,0.0
181,276,4,0.0,0.0,0.0,0.0
998,225,4,0.0,0.0,0.0,0.0
664,454,3,0.0,0.0,0.0,0.0
395,318,1,0.0,0.0,0.0,0.0
567,408,4,0.0,0.0,0.0,0.0
161,75,5,2.0,1.0,0.0,0.0
515,251,5,0.0,0.0,0.0,0.0
5,499,3,0.0,0.0,0.0,0.0
742,206,2,1.0,1.0,0.0,0.0
265,330,2,0.0,0.0,0.0,0.0
736,83,3,0.0,0.0,0.0,0.0
726,68,2,0.0,0.0,0.0,0.0
253,255,5,0.0,0.0,0.0,0.0
23,365,4,0.0,0.0,0.0,0.0
994,393,1,0.0,0.0,0.0,0.0
220,27,1,0.0,0.0,0.0,0.0
153,431,2,0.0,0.0,0.0,0.0
462,280,2,0.0,0.0,0.0,0.0
404,93,4,0.0,0.0,0.0,0.0
270,299,5,0.0,0.0,0.0,0.0
617,173,2,0.0,0.0,0.0,0.0
248,136,4,0.0,0.0,0.0,0.0
683,90,2,0.0,0.0,0.0,0.0
945,39,5,0.0,0.0,0.0,0.0
545,282,2,0.0,0.0,0.0,0.0
742,98,2,0.0,0.0,0.0,0.0
893,168,5,0.0,0.0,0.0,0.0
411,273,1,0.0,0.0,0.0,0.0
89,36,5,0.0,0.0,0.0,0.0
50,383,5,0.0,0.0,0.0,0.0
425,483,4,0.0,0.0,0.0,0.0
267,472,1,0.0,0.0,0.0,0.0
840,170,5,0.0,0.0,0.0,0.0
530,6,2,0.0,0.0,0.0,0.0
168,156,2,0.0,0.0,0.0,0.0
595,112,3,0.0,0.0,0.0,0.0
319,196,1,0.0,0.0,0.0,0.0
556,113,4,0.0,0.0,0.0,0.0
705,74,4,0.0,0.0,0.0,0.0
244,121,2,0.0,0.0,0.0,0.0
724,403,2,0.0,0.0,0.0,0.0
29,90,3,0.0,0.0,0.0,0.0
519,263,5,0.0,0.0,0.0,0.0
653,433,5,0.0,0.0,0.0,0.0
695,328,4,0.0,0.0,0.0,0.0
901,32,1,0.0,0.0,0.0,0.0
576,385,4,0.0,0.0,0.0,0.0
670,170,1,0.0,0.0,0.0,0.0
85,180,2,0.0,0.0,0.0,0.0
416,233,2,0.0,0.0,0.0,0.0
73,487,2,0.0,0.0,0.0,0.0
913,327,5,0.0,0.0,0.0,0.0
931,204,5,0.0,0.0,0.0,0.0
710,451,4,0.0,0.0,0.0,0.0
187,195,2,0.0,0.0,0.0,0.0
289,325,4,0.0,0.0,0.0,0.0
826,94,4,0.0,0.0,0.0,0.0
942,48,2,0.0,0.0,0.0,0.0
1,335,2,0.0,0.0,0.0,0.0
949,210,1,0.0,0.0,0.0,0.0
205,15,3,0.0,0.0,0.0,0.0
435,128,5,0.0,0.0,0.0,0.0
945,4,5,0.0,0.0,0.0,0.0
893,31,5,0.0,0.0,0.0,0.0
90,184,1,0.0,0.0,0.0,0.0
404,123,5,0.0,0.0,0.0,0.0
701,375,5,0.0,0.0,0.0,0.0
587,243,1,0.0,0.0,0.0,0.0
113,309,3,0.0,0.0,0.0,0.0
328,15,4,0.0,0.0,0.0,0.0
896,84,3,0.0,0.0,0.0,0.0
389,436,1,0.0,0.0,0.0,0.0
784,401,4,0.0,0.0,0.0,0.0
221,119,3,0.0,0.0,0.0,0.0
798,12,5,0.0,0.0,0.0,0.0
469,75,4,0.0,0.0,0.0,0.0
62,355,4,0.0,0.0,0.0,0.0
641,275,2,0.0,0.0,0.0,0.0
92,424,1,0.0,0.0,0.0,0.0
235,329,5,0.0,0.0,0.0,0.0
833,228,3,0.0,0.0,0.0,0.0
982,67,4,0.0,0.0,0.0,0.0
477,112,4,0.0,0.0,0.0,0.0
169,89,5,0.0,0.0,0.0,0.0
8,141,5,0.0,0.0,0.0,1.0
117,436,5,0.0,0.0,0.0,0.0
272,251,3,0.0,0.0,0.0,0.0
921,367,5,0.0,0.0,0.0,0.0
100,293,2,0.0,0.0,0.0,0.0
25,428,3,0.0,0.0,0.0,0.0
98,118,3,0.0,0.0,0.0,0.0
848,423,5,0.0,0.0,0.0,0.0
940,315,1,0.0,0.0,0.0,0.0
601,95,1,0.0,0.0,0.0,0.0
122,200,3,0.0,0.0,0.0,0.0
369,340,4,0.0,0.0,0.0,0.0
135,395,3,0.0,0.0,0.0,0.0
608,393,3,0.0,0.0,0.0,0.0
220,297,2,1.0,1.0,0.0,1.0
774,479,5,0.0,0.0,0.0,1.0
659,373,2,0.0,0.0,0.0,0.0
456,352,4,0.0,0.0,0.0,0.0
448,183,5,0.0,0.0,0.0,0.0
484,479,2,0.0,0.0,0.0,0.0
222,32,3,0.0,0.0,0.0,0.0
300,268,3,0.0,0.0,0.0,0.0
33,498,5,0.0,0.0,0.0,0.0
952,270,3,0.0,0.0,0.0,0.0
90,32,5,0.0,0.0,0.0,0.0
437,130,4,0.0,0.0,0.0,0.0
72,443,3,0.0,0.0,0.0,0.0
295,293,4,0.0,0.0,0.0,0.0
954,308,2,0.0,0.0,0.0,0.0
562,381,5,0.0,0.0,0.0,0.0
865,215,5,0.0,0.0,0.0,0.0
107,234,4,0.0,0.0,0.0,0.0
812,227,4,0.0,0.0,0.0,0.0
186,499,5,1.0,0.0,0.0,0.0
482,135,5,1.0,1.0,0.0,0.0
550,39,3,0.0,0.0,0.0,0.0
527,294,3,0.0,0.0,0.0,0.0
929,463,2,0.0,0.0,0.0,0.0
917,297,3,0.0,0.0,0.0,0.0
192,34,5,1.0,1.0,0.0,0.0
793,159,3,0.0,0.0,0.0,0.0
477,476,4,0.0,0.0,0.0,0.0
455,6,2,0.0,0.0,0.0,0.0
110,344,3,0.0,0.0,0.0,0.0
531,415,5,0.0,0.0,0.0,0.0
398,94,2,0.0,0.0,0.0,0.0
919,270,3,1.0,0.0,0.0,0.0
669,228,2,1.0,1.0,0.0,0.0
52,398,4,0.0,0.0,0.0,0.0
490,223,5,0.0,0.0,0.0,0.0
559,315,3,0.0,0.0,0.0,0.0
696,318,4,0.0,0.0,0.0,0.0
876,42,2,1.0,1.0,0.0,0.0
245,254,5,0.0,0.0,0.0,0.0
941,427,3,1.0,0.0,0.0,0.0
971,321,3,0.0,0.0,0.0,0.0
516,122,2,0.0,0.0,0.0,0.0
29,112,3,1.0,0.0,1.0,0.0
984,290,3,0.0,0.0,0.0,0.0
320,141,2,0.0,0.0,0.0,0.0
350,88,4,0.0,0.0,0.0,0.0
961,392,4,0.0,0.0,0.0,0.0
936,151,5,0.0,0.0,0.0,0.0
258,380,2,0.0,0.0,0.0,0.0
715,482,5,0.0,0.0,0.0,0.0
953,400,1,0.0,0.0,0.0,0.0
100,250,5,0.0,0.0,0.0,0.0
963,126,4,0.0,0.0,0.0,0.0
178,467,4,0.0,0.0,0.0,0.0
233,62,5,0.0,0.0,0.0,0.0
190,301,2,0.0,0.0,0.0,0.0
263,275,4,0.0,0.0,0.0,0.0
58,376,5,0.0,0.0,0.0,0.0
425,410,1,0.0,0.0,0.0,0.0
985,175,2,0.0,0.0,0.0,0.0
588,330,3,0.0,0.0,0.0,0.0
232,428,2,1.0,1.0,0.0,0.0
204,229,3,0.0,0.0,0.0,0.0
483,58,1,0.0,0.0,0.0,0.0
465,206,1,0.0,0.0,0.0,0.0
154,455,4,0.0,0.0,0.0,0.0
595,270,5,0.0,0.0,0.0,0.0
235,294,1,0.0,0.0,0.0,0.0
248,281,1,0.0,0.0,0.0,0.0
776,5,5,0.0,0.0,0.0,0.0
276,53,2,0.0,0.0,0.0,0.0
317,88,2,0.0,0.0,0.0,0.0
49,294,4,0.0,0.0,0.0,0.0
864,140,1,0.0,0.0,0.0,0.0
474,252,4,0.0,0.0,0.0,0.0
357,35,1,0.0,0.0,0.0,0.0
167,234,1,0.0,0.0,0.0,0.0
466,344,4,0.0,0.0,0.0,0.0
15,201,5,0.0,0.0,0.0,0.0
589,473,4,0.0,0.0,0.0,0.0
186,317,3,0.0,0.0,0.0,0.0
932,65,1,0.0,0.0,0.0,0.0
420,81,1,0.0,0.0,0.0,0.0
35,450,3,0.0,0.0,0.0,0.0
354,227,4,0.0,0.0,0.0,0.0
379,203,1,0.0,0.0,0.0,0.0
116,371,5,1.0,0.0,0.0,0.0
166,152,1,0.0,0.0,0.0,0.0
956,473,3,1.0,0.0,0.0,0.0
883,200,1,0.0,0.0,0.0,0.0
437,157,3,0.0,0.0,0.0,0.0
788,481,2,0.0,0.0,0.0,1.0
217,243,1,0.0,0.0,0.0,0.0
816,347,5,0.0,0.0,0.0,0.0
352,365,1,0.0,0.0,0.0,0.0
691,326,2,0.0,0.0,0.0,0.0
973,162,5,0.0,0.0,0.0,0.0
396,11,2,0.0,0.0,0.0,0.0
388,453,1,0.0,0.0,0.0,1.0
422,417,3,1.0,1.0,0.0,0.0
92,218,4,0.0,0.0,0.0,0.0
883,238,4,0.0,0.0,0.0,1.0
461,81,4,0.0,0.0,0.0,0.0
100,216,1,0.0,0.0,0.0,0.0
86,68,1,0.0,0.0,0.0,0.0
970,269,3,0.0,0.0,0.0,0.0
496,126,5,0.0,0.0,0.0,0.0
48,125,1,1.0,1.0,0.0,0.0
754,365,4,0.0,0.0,0.0,0.0
36,358,2,0.0,0.0,0.0,0.0
461,55,3,0.0,0.0,0.0,0.0
516,281,1,0.0,0.0,0.0,0.0
764,43,1,0.0,0.0,0.0,0.0
399,302,5,0.0,0.0,0.0,0.0
2,155,4,0.0,0.0,0.0,0.0
578,316,3,0.0,0.0,0.0,0.0
219,446,5,0.0,0.0,0.0,0.0
552,324,3,0.0,0.0,0.0,0.0
836,194,5,0.0,0.0,0.0,0.0
820,321,3,0.0,0.0,0.0,0.0
94,392,1,0.0,0.0,0.0,0.0
210,237,5,0.0,0.0,0.0,0.0
149,175,5,0.0,0.0,0.0,0.0
619,295,4,1.0,0.0,0.0,0.0
18,312,2,0.0,0.0,0.0,0.0
69,338,2,0.0,0.0,0.0,0.0
809,157,3,0.0,0.0,0.0,0.0
993,413,5,0.0,0.0,0.0,0.0
599,156,4,0.0,0.0,0.0,0.0
505,315,5,0.0,0.0,0.0,0.0
430,331,5,0.0,0.0,0.0,0.0
541,260,2,0.0,0.0,0.0,0.0
714,292,5,0.0,0.0,0.0,0.0
610,87,1,0.0,0.0,0.0,0.0
806,74,2,0.0,0.0,0.0,0.0
439,490,1,0.0,0.0,0.0,0.0
809,188,2,0.0,0.0,0.0,0.0
932,63,2,1.0,0.0,1.0,0.0
453,266,1,0.0,0.0,0.0,0.0
609,216,1,0.0,0.0,0.0,0.0
316,131,3,0.0,0.0,0.0,0.0
797,467,2,0.0,0.0,0.0,0.0
654,280,2,0.0,0.0,0.0,0.0
989,407,5,0.0,0.0,0.0,0.0
853,248,3,0.0,0.0,0.0,0.0
368,459,4,0.0,0.0,0.0,0.0
38,429,3,0.0,0.0,0.0,0.0
162,479,2,0.0,0.0,0.0,0.0
654,439,3,0.0,0.0,0.0,0.0
46,145,5,0.0,0.0,0.0,0.0
430,415,5,0.0,0.0,0.0,0.0
868,412,3,0.0,0.0,0.0,0.0
55,92,3,0.0,0.0,0.0,0.0
393,208,5,0.0,0.0,0.0,0.0
397,253,2,0.0,0.0,0.0,0.0
736,172,5,0.0,0.0,0.0,0.0
534,271,1,0.0,0.0,0.0,0.0
268,76,2,0.0,0.0,0.0,0.0
55,471,1,0.0,0.0,0.0,0.0
619,215,5,0.0,0.0,0.0,0.0
479,451,1,1.0,0.0,0.0,0.0
461,79,2,0.0,0.0,0.0,0.0
287,162,2,1.0,0.0,0.0,0.0
790,490,4,0.0,0.0,0.0,0.0
779,484,4,1.0,1.0,0.0,0.0
518,262,2,1.0,1.0,0.0,0.0
945,68,1,0.0,0.0,0.0,0.0
748,257,2,0.0,0.0,0.0,0.0
418,121,5,0.0,0.0,0.0,0.0
169,65,1,0.0,0.0,0.0,0.0
302,26,1,0.0,0.0,0.0,0.0
246,254,3,0.0,0.0,0.0,0.0
60,37,2,0.0,0.0,0.0,0.0
667,90,3,0.0,0.0,0.0,0.0
962,467,4,0.0,0.0,0.0,0.0
834,399,1,0.0,0.0,0.0,0.0
482,291,4,0.0,0.0,0.0,0.0
621,384,2,0.0,0.0,0.0,0.0
88,36,3,0.0,0.0,0.0,0.0
617,440,1,0.0,0.0,0.0,0.0
631,47,2,0.0,0.0,0.0,0.0
719,380,4,1.0,0.0,0.0,0.0
905,279,5,0.0,0.0,0.0,0.0
619,7,2,0.0,0.0,0.0,0.0
96,162,1,0.0,0.0,0.0,0.0
571,180,4,0.0,0.0,0.0,0.0
93,192,1,0.0,0.0,0.0,0.0
750,234,5,0.0,0.0,0.0,0.0
527,261,3,0.0,0.0,0.0,0.0
703,1,4,0.0,0.0,0.0,0.0
837,344,1,0.0,0.0,0.0,0.0
972,61,2,1.0,0.0,0.0,0.0
513,77,3,0.0,0.0,0.0,0.0
549,324,2,0.0,0.0,0.0,0.0
739,140,1,1.0,1.0,0.0,0.0
240,70,1,0.0,0.0,0.0,0.0
253,494,2,0.0,0.0,0.0,0.0
973,189,1,0.0,0.0,0.0,0.0
950,151,2,0.0,0.0,0.0,0.0
879,467,3,0.0,0.0,0.0,0.0
205,453,2,0.0,0.0,0.0,0.0
506,488,5,0.0,0.0,0.0,0.0
144,311,2,0.0,0.0,0.0,0.0
1,404,5,0.0,0.0,0.0,0.0
666,144,2,0.0,0.0,0.0,0.0
506,226,4,0.0,0.0,0.0,0.0
369,373,3,1.0,1.0,0.0,0.0
227,252,5,0.0,0.0,0.0,0.0
422,396,4,0.0,0.0,0.0,0.0
380,54,3,0.0,0.0,0.0,0.0
622,59,4,0.0,0.0,0.0,0.0
208,378,5,0.0,0.0,0.0,0.0
747,264,3,0.0,0.0,0.0,0.0
400,179,4,0.0,0.0,0.0,0.0
577,399,5,0.0,0.0,0.0,0.0
196,359,3,0.0,0.0,0.0,0.0
376,355,1,0.0,0.0,0.0,0.0
171,79,4,0.0,0.0,0.0,0.0
643,212,3,0.0,0.0,0.0,0.0
616,225,2,0.0,0.0,0.0,0.0
412,283,3,0.0,0.0,0.0,0.0
102,126,3,0.0,0.0,0.0,0.0
292,6,5,0.0,0.0,0.0,0.0
399,431,5,0.0,0.0,0.0,0.0
87,464,3,0.0,0.0,0.0,0.0
497,410,5,0.0,0.0,0.0,0.0
392,473,2,0.0,0.0,0.0,0.0
984,202,3,0.0,0.0,0.0,0.0
127,61,5,0.0,0.0,0.0,0.0
314,316,3,1.0,1.0,0.0,0.0
713,197,2,0.0,0.0,0.0,0.0
112,414,4,0.0,0.0,0.0,0.0
661,325,5,0.0,0.0,0.0,0.0
154,156,5,0.0,0.0,0.0,0.0
511,297,2,0.0,0.0,0.0,0.0
150,10,4,0.0,0.0,0.0,0.0
107,171,4,0.0,0.0,0.0,0.0
731,267,3,1.0,0.0,1.0,0.0
199,370,2,0.0,0.0,0.0,0.0
759,186,3,0.0,0.0,0.0,0.0
592,334,3,0.0,0.0,0.0,0.0
735,160,3,1.0,1.0,0.0,0.0
194,270,5,0.0,0.0,0.0,0.0
133,143,2,1.0,1.0,0.0,0.0
454,499,2,0.0,0.0,0.0,0.0
779,429,1,0.0,0.0,0.0,0.0
256,428,4,0.0,0.0,0.0,0.0
469,226,5,1.0,0.0,0.0,0.0
772,355,2,0.0,0.0,0.0,0.0
230,336,2,0.0,0.0,0.0,0.0
327,172,4,0.0,0.0,0.0,0.0
480,24,3,0.0,0.0,0.0,0.0
610,61,3,0.0,0.0,0.0,0.0
463,123,5,0.0,0.0,0.0,0.0
397,471,2,0.0,0.0,0.0,0.0
152,460,4,1.0,0.0,0.0,0.0
545,130,5,0.0,0.0,0.0,0.0
356,295,4,0.0,0.0,0.0,0.0
521,85,1,0.0,0.0,0.0,0.0
994,210,5,0.0,0.0,0.0,0.0
909,427,5,0.0,0.0,0.0,0.0
725,379,3,0.0,0.0,0.0,0.0
14,64,5,0.0,0.0,0.0,0.0
93,125,5,1.0,1.0,0.0,0.0
112,475,1,0.0,0.0,0.0,0.0
1,173,1,0.0,0.0,0.0,0.0
178,141,2,0.0,0.0,0.0,0.0
533,371,4,0.0,0.0,0.0,0.0
985,299,3,0.0,0.0,0.0,0.0
767,193,5,0.0,0.0,0.0,0.0
48,237,2,0.0,0.0,0.0,0.0
302,56,3,0.0,0.0,0.0,0.0
648,276,3,0.0,0.0,0.0,1.0
320,420,2,0.0,0.0,0.0,0.0
350,284,4,0.0,0.0,0.0,0.0
192,458,4,0.0,0.0,0.0,0.0
924,172,3,0.0,0.0,0.0,0.0
581,384,2,0.0,0.0,0.0,0.0
228,63,3,0.0,0.0,0.0,0.0
67,220,1,1.0,0.0,0.0,0.0
942,377,1,0.0,0.0,0.0,0.0
798,197,4,0.0,0.0,0.0,0.0
600,164,1,0.0,0.0,0.0,0.0
640,13,2,0.0,0.0,0.0,0.0
582,1,2,0.0,0.0,0.0,0.0
912,479,1,0.0,0.0,0.0,0.0
494,408,1,1.0,1.0,0.0,0.0
264,396,4,0.0,0.0,0.0,0.0
964,95,2,0.0,0.0,0.0,0.0
426,411,3,0.0,0.0,0.0,0.0
877,366,5,0.0,0.0,0.0,0.0
162,456,1,0.0,0.0,0.0,0.0
731,187,3,0.0,0.0,0.0,0.0
435,496,2,0.0,0.0,0.0,0.0
855,345,1,0.0,0.0,0.0,0.0
165,1,4,0.0,0.0,0.0,0.0
124,115,4,0.0,0.0,0.0,0.0
729,421,5,1.0,1.0,0.0,0.0
879,204,2,0.0,0.0,0.0,0.0
361,362,1,0.0,0.0,0.0,0.0
850,72,4,0.0,0.0,0.0,0.0
686,119,4,0.0,0.0,0.0,0.0
274,341,4,0.0,0.0,0.0,0.0
575,58,3,0.0,0.0,0.0,0.0
587,67,3,0.0,0.0,0.0,0.0
588,189,2,0.0,0.0,0.0,0.0
670,240,5,0.0,0.0,0.0,0.0
831,97,1,0.0,0.0,0.0,0.0
683,220,3,0.0,0.0,0.0,1.0
910,308,3,0.0,0.0,0.0,0.0
364,251,1,0.0,0.0,0.0,1.0
782,451,3,0.0,0.0,0.0,0.0
508,50,2,0.0,0.0,0.0,0.0
288,133,5,0.0,0.0,0.0,0.0
224,372,3,0.0,0.0,0.0,0.0
984,363,5,0.0,0.0,0.0,0.0
844,98,5,0.0,0.0,0.0,0.0
224,55,5,1.0,1.0,0.0,0.0
818,209,3,0.0,0.0,0.0,0.0
515,313,1,0.0,0.0,0.0,0.0
236,203,2,0.0,0.0,0.0,0.0
919,186,2,0.0,0.0,0.0,0.0
312,226,1,0.0,0.0,0.0,0.0
80,9,5,0.0,0.0,0.0,0.0
800,223,3,0.0,0.0,0.0,0.0
985,477,2,0.0,0.0,0.0,0.0
842,196,4,1.0,1.0,0.0,0.0
487,374,2,0.0,0.0,0.0,0.0
50,130,1,0.0,0.0,0.0,0.0
352,221,5,0.0,0.0,0.0,0.0
844,487,2,0.0,0.0,0.0,0.0
165,358,4,0.0,0.0,0.0,0.0
55,492,1,0.0,0.0,0.0,0.0
85,300,4,0.0,0.0,0.0,0.0
463,372,1,0.0,0.0,0.0,0.0
621,25,2,0.0,0.0,0.0,0.0
733,410,1,0.0,0.0,0.0,0.0
859,475,5,1.0,0.0,1.0,0.0
947,434,4,0.0,0.0,0.0,0.0
108,171,1,0.0,0.0,0.0,0.0
897,9,1,0.0,0.0,0.0,0.0
26,471,4,1.0,0.0,0.0,0.0
205,6,5,1.0,0.0,1.0,0.0
427,311,4,0.0,0.0,0.0,0.0
242,413,1,0.0,0.0,0.0,0.0
733,494,1,0.0,0.0,0.0,0.0
500,181,2,0.0,0.0,0.0,0.0
604,420,5,0.0,0.0,0.0,0.0
972,86,3,0.0,0.0,0.0,0.0
4,170,4,0.0,0.0,0.0,0.0
44,493,4,0.0,0.0,0.0,0.0
35,174,3,0.0,0.0,0.0,0.0
860,263,1,0.0,0.0,0.0,0.0
138,103,3,0.0,0.0,0.0,0.0
695,178,4,0.0,0.0,0.0,0.0
353,342,2,0.0,0.0,0.0,0.0
850,94,4,0.0,0.0,0.0,0.0
786,213,1,0.0,0.0,0.0,0.0
453,86,3,0.0,0.0,0.0,0.0
340,111,2,0.0,0.0,0.0,0.0
866,246,4,0.0,0.0,0.0,0.0
639,374,4,0.0,0.0,0.0,0.0
964,54,3,0.0,0.0,0.0,0.0
61,268,3,0.0,0.0,0.0,0.0
822,47,2,0.0,0.0,0.0,0.0
915,178,1,0.0,0.0,0.0,0.0
951,71,1,1.0,0.0,0.0,0.0
181,439,1,0.0,0.0,0.0,0.0
874,38,2,0.0,0.0,0.0,0.0
606,162,3,0.0,0.0,0.0,0.0
613,345,3,0.0,0.0,0.0,0.0
1,313,2,0.0,0.0,0.0,0.0
386,351,1,0.0,0.0,0.0,0.0
287,477,1,0.0,0.0,0.0,0.0
983,191,3,0.0,0.0,0.0,0.0
227,70,5,0.0,0.0,0.0,0.0
523,416,5,0.0,0.0,0.0,0.0
760,201,1,1.0,1.0,0.0,0.0
300,127,4,0.0,0.0,0.0,0.0
34,114,2,1.0,0.0,1.0,0.0
48,262,4,0.0,0.0,0.0,0.0
293,281,2,1.0,1.0,0.0,0.0
287,201,3,0.0,0.0,0.0,0.0
58,351,1,0.0,0.0,0.0,0.0
937,35,1,0.0,0.0,0.0,0.0
109,468,1,0.0,0.0,0.0,0.0
26,388,3,0.0,0.0,0.0,0.0
559,109,1,0.0,0.0,0.0,0.0
618,211,2,0.0,0.0,0.0,1.0
32,104,2,1.0,0.0,0.0,0.0
538,148,1,0.0,0.0,0.0,1.0
775,414,1,0.0,0.0,0.0,0.0
942,423,2,0.0,0.0,0.0,0.0
109,351,1,0.0,0.0,0.0,0.0
923,138,4,0.0,0.0,0.0,0.0
309,99,5,0.0,0.0,0.0,0.0
626,413,3,0.0,0.0,0.0,0.0
745,441,3,1.0,0.0,0.0,0.0
296,497,3,0.0,0.0,0.0,0.0
331,290,4,0.0,0.0,0.0,0.0
456,136,1,0.0,0.0,0.0,0.0
252,99,3,0.0,0.0,0.0,0.0
39,100,5,0.0,0.0,0.0,0.0
128,226,5,0.0,0.0,0.0,0.0
831,344,5,0.0,0.0,0.0,0.0
174,419,5,0.0,0.0,0.0,0.0
70,345,3,0.0,0.0,0.0,0.0
75,486,1,0.0,0.0,0.0,0.0
648,146,3,0.0,0.0,0.0,0.0
434,7,2,0.0,0.0,0.0,0.0
213,307,3,0.0,0.0,0.0,0.0
589,214,5,0.0,0.0,0.0,0.0
978,82,2,0.0,0.0,0.0,0.0
778,144,5,0.0,0.0,0.0,0.0
226,109,3,0.0,0.0,0.0,0.0
899,410,3,0.0,0.0,0.0,0.0
996,59,3,0.0,0.0,0.0,0.0
23,173,1,1.0,1.0,0.0,0.0
668,479,4,0.0,0.0,0.0,1.0
67,263,1,0.0,0.0,0.0,0.0
994,165,5,1.0,0.0,1.0,0.0
784,269,5,0.0,0.0,0.0,0.0
330,62,1,0.0,0.0,0.0,0.0
751,251,4,0.0,0.0,0.0,0.0
970,230,3,0.0,0.0,0.0,0.0
430,204,5,0.0,0.0,0.0,0.0
239,250,1,0.0,0.0,0.0,0.0
917,239,5,0.0,0.0,0.0,0.0
916,67,1,0.0,0.0,0.0,0.0
846,121,3,1.0,1.0,0.0,0.0
154,182,2,0.0,0.0,0.0,0.0
739,405,5,1.0,0.0,0.0,0.0
307,277,1,0.0,0.0,0.0,0.0
270,135,4,0.0,0.0,0.0,0.0
121,161,5,0.0,0.0,0.0,0.0
875,82,3,0.0,0.0,0.0,0.0
368,164,5,0.0,0.0,0.0,0.0
903,413,3,0.0,0.0,0.0,1.0
314,187,4,0.0,0.0,0.0,0.0
676,215,2,0.0,0.0,0.0,0.0
898,62,5,1.0,0.0,1.0,0.0
421,224,5,0.0,0.0,0.0,1.0
211,417,1,0.0,0.0,0.0,0.0
921,183,2,0.0,0.0,0.0,0.0
606,457,2,0.0,0.0,0.0,0.0
361,137,1,0.0,0.0,0.0,0.0
814,1,4,0.0,0.0,0.0,0.0
591,354,4,0.0,0.0,0.0,0.0
543,224,4,0.0,0.0,0.0,0.0
715,36,2,0.0,0.0,0.0,0.0
965,174,2,0.0,0.0,0.0,0.0
906,319,5,0.0,0.0,0.0,0.0
572,446,1,0.0,0.0,0.0,0.0
351,396,4,0.0,0.0,0.0,0.0
248,153,5,1.0,1.0,0.0,0.0
420,254,5,0.0,0.0,0.0,0.0
367,17,5,0.0,0.0,0.0,0.0
444,496,1,0.0,0.0,0.0,0.0
526,178,3,0.0,0.0,0.0,0.0
608,68,3,0.0,0.0,0.0,0.0
865,259,4,0.0,0.0,0.0,0.0
929,256,4,0.0,0.0,0.0,0.0
836,403,3,0.0,0.0,0.0,0.0
957,408,5,1.0,1.0,0.0,0.0
585,324,5,0.0,0.0,0.0,0.0
714,230,5,0.0,0.0,0.0,0.0
940,85,1,0.0,0.0,0.0,0.0
853,228,2,0.0,0.0,0.0,0.0
588,18,5,0.0,0.0,0.0,0.0
249,269,1,0.0,0.0,0.0,0.0
499,289,3,0.0,0.0,0.0,0.0
709,238,3,0.0,0.0,0.0,0.0
836,193,5,0.0,0.0,0.0,0.0
192,499,5,1.0,0.0,0.0,0.0
578,319,5,0.0,0.0,0.0,0.0
84,395,1,0.0,0.0,0.0,0.0
257,292,3,0.0,0.0,0.0,0.0
959,443,2,0.0,0.0,0.0,0.0
275,443,5,1.0,0.0,1.0,0.0
978,440,4,0.0,0.0,0.0,0.0
43,471,2,0.0,0.0,0.0,0.0
573,367,5,0.0,0.0,0.0,0.0
485,209,2,0.0,0.0,0.0,0.0
875,106,5,0.0,0.0,0.0,0.0
283,310,3,0.0,0.0,0.0,0.0
591,288,5,0.0,0.0,0.0,0.0
506,273,2,0.0,0.0,0.0,0.0
579,339,4,0.0,0.0,0.0,0.0
84,15,4,0.0,0.0,0.0,0.0
478,368,3,0.0,0.0,0.0,0.0
762,2,1,0.0,0.0,0.0,0.0
637,276,2,0.0,0.0,0.0,0.0
821,5,4,0.0,0.0,0.0,0.0
329,228,3,0.0,0.0,0.0,0.0
54,384,4,0.0,0.0,0.0,0.0
139,167,2,0.0,0.0,0.0,0.0
529,121,3,0.0,0.0,0.0,0.0
529,19,5,0.0,0.0,0.0,0.0
175,52,3,0.0,0.0,0.0,0.0
755,355,5,0.0,0.0,0.0,0.0
770,93,4,0.0,0.0,0.0,1.0
590,29,2,0.0,0.0,0.0,0.0
299,211,1,0.0,0.0,0.0,0.0
556,394,5,0.0,0.0,0.0,0.0
855,120,5,0.0,0.0,0.0,0.0
845,83,3,1.0,0.0,1.0,0.0
412,96,5,0.0,0.0,0.0,0.0
154,322,2,0.0,0.0,0.0,0.0
854,376,5,0.0,0.0,0.0,0.0
851,349,1,0.0,0.0,0.0,0.0
388,384,1,0.0,0.0,0.0,0.0
580,295,4,0.0,0.0,0.0,0.0
58,2,2,1.0,0.0,1.0,0.0
550,283,4,0.0,0.0,0.0,0.0
475,38,4,0.0,0.0,0.0,0.0
670,280,3,1.0,0.0,0.0,0.0
418,362,1,1.0,0.0,1.0,0.0
752,352,2,0.0,0.0,0.0,0.0
885,6,5,0.0,0.0,0.0,0.0
46,66,3,2.0,1.0,0.0,0.0
978,420,3,0.0,0.0,0.0,0.0
164,81,5,0.0,0.0,0.0,0.0
674,242,4,0.0,0.0,0.0,0.0
355,60,5,0.0,0.0,0.0,0.0
952,266,4,0.0,0.0,0.0,0.0
15,302,1,0.0,0.0,0.0,0.0
204,122,1,0.0,0.0,0.0,0.0
26,234,4,0.0,0.0,0.0,0.0
23,418,5,0.0,0.0,0.0,0.0
139,134,4,0.0,0.0,0.0,0.0
695,450,4,0.0,0.0,0.0,0.0
683,459,3,0.0,0.0,0.0,0.0
703,307,4,0.0,0.0,0.0,0.0
656,376,1,0.0,0.0,0.0,0.0
9,449,5,0.0,0.0,0.0,0.0
815,366,5,0.0,0.0,0.0,0.0
252,304,5,0.0,0.0,0.0,0.0
934,140,1,0.0,0.0,0.0,0.0
13,288,5,0.0,0.0,0.0,0.0
282,461,1,0.0,0.0,0.0,0.0
924,227,5,0.0,0.0,0.0,0.0
9,201,2,0.0,0.0,0.0,0.0
619,71,3,0.0,0.0,0.0,0.0
175,81,3,0.0,0.0,0.0,0.0
620,208,1,1.0,0.0,0.0,0.0
141,310,3,0.0,0.0,0.0,0.0
493,307,3,0.0,0.0,0.0,0.0
375,27,4,0.0,0.0,0.0,0.0
492,233,5,0.0,0.0,0.0,0.0
653,48,1,0.0,0.0,0.0,1.0
784,499,2,0.0,0.0,0.0,0.0
861,51,5,0.0,0.0,0.0,0.0
62,117,1,1.0,1.0,0.0,1.0
120,470,2,0.0,0.0,0.0,0.0
842,178,5,0.0,0.0,0.0,0.0
122,302,4,0.0,0.0,0.0,0.0
522,148,5,0.0,0.0,0.0,0.0
827,114,1,0.0,0.0,0.0,0.0
867,426,3,1.0,0.0,0.0,0.0
22,247,2,0.0,0.0,0.0,0.0
440,92,4,0.0,0.0,0.0,0.0
493,24,1,0.0,0.0,0.0,0.0
586,440,2,0.0,0.0,0.0,0.0
493,101,5,0.0,0.0,0.0,0.0
981,406,4,0.0,0.0,0.0,0.0
295,4,3,0.0,0.0,0.0,0.0
352,245,1,0.0,0.0,0.0,0.0
683,63,3,0.0,0.0,0.0,0.0
25,299,3,0.0,0.0,0.0,0.0
410,134,3,0.0,0.0,0.0,0.0
42,177,4,0.0,0.0,0.0,0.0
708,268,2,1.0,1.0,0.0,0.0
206,127,1,0.0,0.0,0.0,0.0
830,225,3,0.0,0.0,0.0,0.0
943,117,3,0.0,0.0,0.0,0.0
789,59,3,0.0,0.0,0.0,0.0
678,240,4,0.0,0.0,0.0,0.0
898,156,1,0.0,0.0,0.0,0.0
851,249,4,0.0,0.0,0.0,0.0
206,203,2,1.0,0.0,0.0,0.0
324,384,1,0.0,0.0,0.0,0.0
812,446,1,0.0,0.0,0.0,0.0
592,120,2,0.0,0.0,0.0,0.0
981,226,4,0.0,0.0,0.0,0.0
228,376,5,0.0,0.0,0.0,0.0
533,375,3,0.0,0.0,0.0,0.0
650,8,2,0.0,0.0,0.0,0.0
877,277,5,0.0,0.0,0.0,0.0
262,356,3,0.0,0.0,0.0,0.0
427,407,4,0.0,0.0,0.0,0.0
892,174,3,0.0,0.0,0.0,0.0
855,138,3,0.0,0.0,0.0,0.0
456,77,5,0.0,0.0,0.0,0.0
215,222,1,0.0,0.0,0.0,1.0
346,142,5,0.0,0.0,0.0,0.0
65,69,4,0.0,0.0,0.0,0.0
453,330,2,1.0,1.0,0.0,0.0
940,263,3,0.0,0.0,0.0,0.0
262,133,1,1.0,0.0,0.0,0.0
429,61,4,0.0,0.0,0.0,0.0
300,208,2,0.0,0.0,0.0,0.0
259,276,3,0.0,0.0,0.0,0.0
250,403,2,0.0,0.0,0.0,0.0
921,234,5,0.0,0.0,0.0,0.0
731,409,4,0.0,0.0,0.0,0.0
229,235,5,0.0,0.0,0.0,0.0
626,304,3,0.0,0.0,0.0,0.0
228,185,5,0.0,0.0,0.0,0.0
230,41,4,0.0,0.0,0.0,0.0
236,422,2,0.0,0.0,0.0,0.0
598,336,2,0.0,0.0,0.0,0.0
9,383,4,0.0,0.0,0.0,0.0
283,82,1,0.0,0.0,0.0,0.0
933,199,3,0.0,0.0,0.0,0.0
499,258,4,0.0,0.0,0.0,0.0
408,327,1,0.0,0.0,0.0,0.0
3,459,4,1.0,0.0,1.0,0.0
575,424,2,0.0,0.0,0.0,0.0
718,489,5,0.0,0.0,0.0,0.0
859,356,3,0.0,0.0,0.0,0.0
843,45,3,0.0,0.0,0.0,0.0
726,329,1,0.0,0.0,0.0,0.0
482,153,5,0.0,0.0,0.0,0.0
231,39,1,0.0,0.0,0.0,0.0
817,373,2,0.0,0.0,0.0,0.0
282,347,2,0.0,0.0,0.0,0.0
213,377,2,0.0,0.0,0.0,0.0
49,26,3,0.0,0.0,0.0,0.0
81,394,1,0.0,0.0,0.0,0.0
746,486,5,0.0,0.0,0.0,0.0
333,235,2,0.0,0.0,0.0,0.0
907,271,1,0.0,0.0,0.0,0.0
851,241,2,0.0,0.0,0.0,0.0
945,35,1,0.0,0.0,0.0,0.0
958,132,2,0.0,0.0,0.0,0.0
944,221,4,0.0,0.0,0.0,0.0
721,438,4,0.0,0.0,0.0,0.0
80,132,3,0.0,0.0,0.0,0.0
953,187,4,0.0,0.0,0.0,0.0
819,452,4,0.0,0.0,0.0,0.0
638,56,3,1.0,0.0,0.0,0.0
172,105,2,0.0,0.0,0.0,0.0
246,433,4,0.0,0.0,0.0,0.0
745,92,2,0.0,0.0,0.0,0.0
913,54,4,0.0,0.0,0.0,0.0
521,313,5,0.0,0.0,0.0,0.0
149,52,2,0.0,0.0,0.0,0.0
825,288,5,0.0,0.0,0.0,0.0
767,90,2,0.0,0.0,0.0,0.0
492,349,5,0.0,0.0,0.0,0.0
470,307,4,0.0,0.0,0.0,0.0
378,202,4,0.0,0.0,0.0,0.0
68,493,3,0.0,0.0,0.0,0.0
795,264,5,0.0,0.0,0.0,0.0
564,130,5,0.0,0.0,0.0,0.0
419,376,5,1.0,1.0,0.0,0.0
544,108,5,0.0,0.0,0.0,0.0
503,423,4,1.0,1.0,0.0,0.0
586,150,1,0.0,0.0,0.0,0.0
156,255,3,1.0,0.0,1.0,0.0
623,316,1,0.0,0.0,0.0,0.0
118,263,3,0.0,0.0,0.0,0.0
983,412,1,0.0,0.0,0.0,0.0
924,317,5,1.0,0.0,0.0,0.0
888,448,1,0.0,0.0,0.0,0.0
405,382,2,0.0,0.0,0.0,0.0
316,179,5,0.0,0.0,0.0,0.0
4,392,1,1.0,0.0,1.0,0.0
331,231,4,0.0,0.0,0.0,0.0
287,227,5,1.0,0.0,1.0,0.0
787,211,2,0.0,0.0,0.0,0.0
357,178,2,0.0,0.0,0.0,0.0
983,17,3,0.0,0.0,0.0,0.0
255,78,3,1.0,0.0,1.0,0.0
752,118,3,0.0,0.0,0.0,0.0
497,131,4,0.0,0.0,0.0,0.0
680,123,1,0.0,0.0,0.0,0.0
356,330,3,0.0,0.0,0.0,0.0
561,66,4,0.0,0.0,0.0,1.0
607,420,5,0.0,0.0,0.0,0.0
665,194,4,0.0,0.0,0.0,0.0
836,248,5,0.0,0.0,0.0,0.0
429,324,3,0.0,0.0,0.0,0.0
696,250,2,0.0,0.0,0.0,0.0
949,367,2,0.0,0.0,0.0,0.0
934,267,2,0.0,0.0,0.0,0.0
878,300,5,0.0,0.0,0.0,0.0
59,487,2,0.0,0.0,0.0,0.0
235,43,4,1.0,0.0,0.0,0.0
514,377,5,0.0,0.0,0.0,0.0
747,468,2,0.0,0.0,0.0,0.0
712,33,4,0.0,0.0,0.0,0.0
118,402,4,0.0,0.0,0.0,0.0
146,310,2,0.0,0.0,0.0,0.0
955,484,2,0.0,0.0,0.0,0.0
540,372,5,0.0,0.0,0.0,0.0
842,350,1,0.0,0.0,0.0,0.0
882,195,3,0.0,0.0,0.0,0.0
988,142,2,0.0,0.0,0.0,0.0
21,48,3,1.0,0.0,0.0,0.0
471,290,4,0.0,0.0,0.0,0.0
923,470,5,0.0,0.0,0.0,0.0
244,117,3,0.0,0.0,0.0,0.0
88,149,4,0.0,0.0,0.0,0.0
569,161,5,0.0,0.0,0.0,0.0
844,77,4,0.0,0.0,0.0,0.0
478,416,3,0.0,0.0,0.0,0.0
992,262,1,0.0,0.0,0.0,0.0
338,441,3,0.0,0.0,0.0,0.0
701,419,5,0.0,0.0,0.0,0.0
652,226,3,0.0,0.0,0.0,0.0
302,151,1,0.0,0.0,0.0,0.0
738,498,2,0.0,0.0,0.0,0.0
388,307,1,0.0,0.0,0.0,0.0
864,171,1,1.0,0.0,0.0,0.0
908,218,5,0.0,0.0,0.0,0.0
778,223,3,1.0,1.0,0.0,0.0
412,93,1,0.0,0.0,0.0,0.0
767,355,3,0.0,0.0,0.0,0.0
70,5,5,0.0,0.0,0.0,0.0
165,226,5,1.0,0.0,0.0,0.0
8,75,3,0.0,0.0,0.0,0.0
368,392,1,0.0,0.0,0.0,0.0
532,297,3,0.0,0.0,0.0,0.0
537,14,1,0.0,0.0,0.0,0.0
479,303,4,0.0,0.0,0.0,0.0
331,49,5,0.0,0.0,0.0,0.0
265,439,3,0.0,0.0,0.0,0.0
373,480,2,0.0,0.0,0.0,0.0
512,423,1,0.0,0.0,0.0,0.0
524,215,1,0.0,0.0,0.0,0.0
355,178,3,0.0,0.0,0.0,0.0
256,384,2,0.0,0.0,0.0,0.0
658,493,5,0.0,0.0,0.0,0.0
107,352,2,0.0,0.0,0.0,0.0
922,485,4,0.0,0.0,0.0,0.0
779,150,1,0.0,0.0,0.0,0.0
332,205,2,0.0,0.0,0.0,0.0
535,43,2,0.0,0.0,0.0,0.0
521,496,4,0.0,0.0,0.0,0.0
222,176,2,0.0,0.0,0.0,0.0
430,169,5,0.0,0.0,0.0,0.0
990,441,4,0.0,0.0,0.0,0.0
773,265,4,0.0,0.0,0.0,0.0
369,65,3,0.0,0.0,0.0,0.0
481,288,1,0.0,0.0,0.0,0.0
509,147,3,0.0,0.0,0.0,0.0
188,368,1,1.0,0.0,0.0,0.0
328,195,4,0.0,0.0,0.0,0.0
743,160,5,0.0,0.0,0.0,0.0
165,298,2,0.0,0.0,0.0,0.0
758,338,4,0.0,0.0,0.0,0.0
521,10,5,1.0,0.0,0.0,0.0
108,478,2,0.0,0.0,0.0,0.0
937,414,5,0.0,0.0,0.0,0.0
509,362,3,0.0,0.0,0.0,0.0
93,261,1,0.0,0.0,0.0,0.0
477,275,1,0.0,0.0,0.0,0.0
980,446,1,1.0,1.0,0.0,0.0
172,34,4,0.0,0.0,0.0,0.0
714,134,4,0.0,0.0,0.0,0.0
37,119,3,0.0,0.0,0.0,0.0
723,23,5,0.0,0.0,0.0,0.0
749,137,3,0.0,0.0,0.0,0.0
747,2,5,0.0,0.0,0.0,0.0
278,390,4,0.0,0.0,0.0,0.0
131,415,3,0.0,0.0,0.0,0.0
294,297,3,0.0,0.0,0.0,0.0
298,95,3,0.0,0.0,0.0,0.0
191,28,2,0.0,0.0,0.0,0.0
514,50,4,1.0,1.0,0.0,0.0
846,202,5,1.0,0.0,1.0,0.0
493,402,3,0.0,0.0,0.0,0.0
330,167,1,0.0,0.0,0.0,1.0
731,291,1,1.0,0.0,0.0,0.0
656,15,2,0.0,0.0,0.0,0.0
121,319,2,0.0,0.0,0.0,0.0
724,208,3,0.0,0.0,0.0,0.0
155,191,5,0.0,0.0,0.0,0.0
329,142,4,0.0,0.0,0.0,0.0
629,405,3,0.0,0.0,0.0,0.0
358,426,4,0.0,0.0,0.0,0.0
997,65,1,0.0,0.0,0.0,0.0
400,51,3,0.0,0.0,0.0,0.0
510,26,4,1.0,1.0,0.0,0.0
647,249,4,0.0,0.0,0.0,0.0
177,331,4,0.0,0.0,0.0,0.0
479,363,5,0.0,0.0,0.0,0.0
80,461,3,1.0,1.0,0.0,0.0
899,7,1,0.0,0.0,0.0,0.0
376,47,3,1.0,0.0,0.0,0.0
685,417,2,0.0,0.0,0.0,0.0
219,433,3,0.0,0.0,0.0,0.0
230,64,4,0.0,0.0,0.0,0.0
854,193,4,0.0,0.0,0.0,0.0
707,396,4,0.0,0.0,0.0,0.0
820,18,2,1.0,0.0,1.0,0.0
225,119,2,0.0,0.0,0.0,0.0
224,377,2,0.0,0.0,0.0,0.0
824,366,1,0.0,0.0,0.0,0.0
170,86,3,0.0,0.0,0.0,0.0
943,279,5,0.0,0.0,0.0,0.0
768,251,2,0.0,0.0,0.0,0.0
741,258,1,0.0,0.0,0.0,0.0
761,26,4,0.0,0.0,0.0,0.0
777,403,2,0.0,0.0,0.0,0.0
814,284,3,0.0,0.0,0.0,0.0
107,332,1,0.0,0.0,0.0,0.0
667,257,4,0.0,0.0,0.0,0.0
563,245,5,0.0,0.0,0.0,0.0
845,37,4,0.0,0.0,0.0,0.0
886,193,3,0.0,0.0,0.0,0.0
546,64,4,0.0,0.0,0.0,0.0
325,34,4,0.0,0.0,0.0,0.0
493,232,1,0.0,0.0,0.0,0.0
889,144,3,0.0,0.0,0.0,0.0
867,266,2,1.0,0.0,0.0,0.0
58,169,5,1.0,1.0,0.0,0.0
892,361,2,0.0,0.0,0.0,0.0
864,256,4,1.0,1.0,0.0,1.0
903,393,4,0.0,0.0,0.0,0.0
781,286,5,0.0,0.0,0.0,0.0
581,14,3,0.0,0.0,0.0,0.0
655,211,4,0.0,0.0,0.0,0.0
591,88,1,0.0,0.0,0.0,0.0
300,334,2,0.0,0.0,0.0,0.0
875,270,2,0.0,0.0,0.0,0.0
42,325,5,1.0,0.0,0.0,0.0
927,200,2,0.0,0.0,0.0,0.0
949,173,2,1.0,0.0,0.0,0.0
319,331,5,0.0,0.0,0.0,1.0
813,238,1,0.0,0.0,0.0,0.0
492,142,1,0.0,0.0,0.0,0.0
351,147,1,0.0,0.0,0.0,0.0
369,324,2,0.0,0.0,0.0,0.0
707,339,4,0.0,0.0,0.0,0.0
913,371,1,0.0,0.0,0.0,0.0
378,478,5,0.0,0.0,0.0,0.0
946,221,2,0.0,0.0,0.0,0.0
899,58,1,0.0,0.0,0.0,0.0
448,348,1,0.0,0.0,0.0,0.0
985,144,1,0.0,0.0,0.0,0.0
240,394,1,0.0,0.0,0.0,0.0
179,10,1,0.0,0.0,0.0,0.0
59,144,3,0.0,0.0,0.0,0.0
51,2,3,0.0,0.0,0.0,0.0
838,135,4,0.0,0.0,0.0,0.0
476,274,1,1.0,0.0,0.0,0.0
178,252,2,0.0,0.0,0.0,0.0
295,328,5,0.0,0.0,0.0,0.0
333,98,3,0.0,0.0,0.0,0.0
227,281,3,0.0,0.0,0.0,0.0
84,471,5,0.0,0.0,0.0,0.0
206,174,3,0.0,0.0,0.0,0.0
866,18,4,0.0,0.0,0.0,0.0
158,16,1,0.0,0.0,0.0,0.0
971,9,2,0.0,0.0,0.0,0.0
248,305,5,0.0,0.0,0.0,0.0
442,359,2,0.0,0.0,0.0,0.0
84,108,3,0.0,0.0,0.0,0.0
472,304,4,0.0,0.0,0.0,0.0
98,220,4,0.0,0.0,0.0,0.0
320,375,5,0.0,0.0,0.0,0.0
700,392,5,0.0,0.0,0.0,0.0
806,428,5,0.0,0.0,0.0,0.0
109,344,5,0.0,0.0,0.0,0.0
814,44,3,0.0,0.0,0.0,0.0
421,393,2,0.0,0.0,0.0,0.0
489,343,3,0.0,0.0,0.0,0.0
557,277,2,0.0,0.0,0.0,0.0
800,215,2,0.0,0.0,0.0,0.0
287,275,3,0.0,0.0,0.0,0.0
423,471,1,0.0,0.0,0.0,0.0
639,406,1,0.0,0.0,0.0,0.0
546,150,1,0.0,0.0,0.0,0.0
720,383,4,0.0,0.0,0.0,0.0
714,17,2,0.0,0.0,0.0,0.0
507,280,3,0.0,0.0,0.0,0.0
354,230,2,0.0,0.0,0.0,0.0
774,416,2,0.0,0.0,0.0,0.0
15,418,3,0.0,0.0,0.0,0.0
622,53,1,0.0,0.0,0.0,0.0
518,32,3,0.0,0.0,0.0,0.0
157,44,1,0.0,0.0,0.0,0.0
709,165,4,1.0,0.0,0.0,0.0
447,371,2,0.0,0.0,0.0,0.0
252,85,4,0.0,0.0,0.0,0.0
71,19,4,0.0,0.0,0.0,0.0
651,418,3,0.0,0.0,0.0,0.0
695,441,3,0.0,0.0,0.0,0.0
17,409,3,0.0,0.0,0.0,0.0
662,374,4,0.0,0.0,0.0,0.0
895,259,1,0.0,0.0,0.0,0.0
759,392,4,0.0,0.0,0.0,0.0
864,419,5,0.0,0.0,0.0,0.0
403,326,2,0.0,0.0,0.0,0.0
250,281,5,1.0,1.0,0.0,0.0
217,200,2,0.0,0.0,0.0,0.0
801,215,5,0.0,0.0,0.0,0.0
82,207,4,0.0,0.0,0.0,0.0
291,224,5,0.0,0.0,0.0,0.0
401,251,5,0.0,0.0,0.0,0.0
273,350,4,0.0,0.0,0.0,0.0
927,427,1,0.0,0.0,0.0,0.0
986,309,5,0.0,0.0,0.0,0.0
396,489,5,0.0,0.0,0.0,0.0
255,383,1,1.0,1.0,0.0,0.0
62,15,3,0.0,0.0,0.0,0.0
845,263,5,0.0,0.0,0.0,0.0
755,171,4,0.0,0.0,0.0,1.0
982,226,5,0.0,0.0,0.0,0.0
586,417,2,0.0,0.0,0.0,0.0
948,276,4,1.0,1.0,0.0,0.0
555,49,4,0.0,0.0,0.0,0.0
293,100,1,0.0,0.0,0.0,0.0
752,117,2,0.0,0.0,0.0,0.0
637,189,5,0.0,0.0,0.0,0.0
910,19,1,0.0,0.0,0.0,0.0
810,172,4,1.0,0.0,0.0,0.0
566,380,5,0.0,0.0,0.0,0.0
770,479,4,0.0,0.0,0.0,0.0
508,344,4,0.0,0.0,0.0,0.0
755,306,4,0.0,0.0,0.0,0.0
319,154,1,0.0,0.0,0.0,0.0
553,246,5,0.0,0.0,0.0,0.0
574,409,5,0.0,0.0,0.0,0.0
445,364,2,0.0,0.0,0.0,0.0
157,288,1,1.0,0.0,0.0,0.0
292,392,3,0.0,0.0,0.0,0.0
919,337,1,1.0,0.0,0.0,0.0
519,251,5,0.0,0.0,0.0,0.0
493,47,1,0.0,0.0,0.0,0.0
835,170,4,0.0,0.0,0.0,0.0
181,380,5,0.0,0.0,0.0,0.0
679,201,4,0.0,0.0,0.0,0.0
43,336,5,0.0,0.0,0.0,0.0
71,478,4,0.0,0.0,0.0,0.0
538,110,4,0.0,0.0,0.0,0.0
846,75,4,0.0,0.0,0.0,0.0
770,249,2,0.0,0.0,0.0,0.0
893,65,2,0.0,0.0,0.0,0.0
220,162,4,0.0,0.0,0.0,0.0
199,380,2,0.0,0.0,0.0,0.0
680,62,3,0.0,0.0,0.0,0.0
782,321,3,0.0,0.0,0.0,0.0
333,58,3,0.0,0.0,0.0,0.0
774,434,2,0.0,0.0,0.0,0.0
805,413,1,0.0,0.0,0.0,0.0
989,319,1,0.0,0.0,0.0,0.0
744,257,2,0.0,0.0,0.0,0.0
151,184,2,0.0,0.0,0.0,0.0
165,496,5,0.0,0.0,0.0,0.0
374,137,4,0.0,0.0,0.0,0.0
31,456,1,0.0,0.0,0.0,1.0
309,10,1,0.0,0.0,0.0,0.0
584,261,2,0.0,0.0,0.0,0.0
821,306,2,0.0,0.0,0.0,0.0
598,276,1,0.0,0.0,0.0,0.0
747,167,1,0.0,0.0,0.0,0.0
642,69,1,0.0,0.0,0.0,0.0
93,358,4,0.0,0.0,0.0,0.0
57,282,3,0.0,0.0,0.0,0.0
656,264,4,1.0,0.0,0.0,0.0
517,49,5,0.0,0.0,0.0,0.0
470,235,3,0.0,0.0,0.0,0.0
408,178,4,0.0,0.0,0.0,0.0
902,216,5,1.0,0.0,0.0,0.0
675,367,5,0.0,0.0,0.0,0.0
675,310,3,0.0,0.0,0.0,0.0
377,119,1,0.0,0.0,0.0,0.0
34,464,2,0.0,0.0,0.0,0.0
851,284,2,0.0,0.0,0.0,0.0
837,281,2,0.0,0.0,0.0,0.0
308,479,4,0.0,0.0,0.0,0.0
869,273,2,0.0,0.0,0.0,0.0
901,432,5,0.0,0.0,0.0,0.0
84,277,5,0.0,0.0,0.0,0.0
656,367,3,0.0,0.0,0.0,0.0
644,365,4,0.0,0.0,0.0,0.0
910,48,2,0.0,0.0,0.0,0.0
493,255,5,0.0,0.0,0.0,0.0
987,89,5,0.0,0.0,0.0,0.0
544,396,1,0.0,0.0,0.0,0.0
582,117,3,0.0,0.0,0.0,0.0
606,395,1,1.0,0.0,0.0,0.0
308,64,1,0.0,0.0,0.0,0.0
547,438,3,0.0,0.0,0.0,0.0
115,353,1,0.0,0.0,0.0,0.0
920,138,1,0.0,0.0,0.0,0.0
37,500,3,0.0,0.0,0.0,0.0
180,131,3,0.0,0.0,0.0,0.0
743,129,4,0.0,0.0,0.0,0.0
468,128,5,0.0,0.0,0.0,0.0
814,316,2,0.0,0.0,0.0,0.0
587,220,4,1.0,0.0,0.0,0.0
443,209,4,0.0,0.0,0.0,0.0
738,172,5,0.0,0.0,0.0,0.0
49,335,4,0.0,0.0,0.0,0.0
813,279,1,0.0,0.0,0.0,0.0
730,250,2,0.0,0.0,0.0,0.0
13,488,4,0.0,0.0,0.0,0.0
498,24,3,0.0,0.0,0.0,0.0
799,53,4,0.0,0.0,0.0,0.0
21,128,2,0.0,0.0,0.0,0.0
88,12,2,0.0,0.0,0.0,0.0
98,60,1,0.0,0.0,0.0,0.0
62,461,2,0.0,0.0,0.0,0.0
403,143,3,0.0,0.0,0.0,0.0
82,408,4,0.0,0.0,0.0,0.0
394,256,1,0.0,0.0,0.0,0.0
53,298,1,0.0,0.0,0.0,0.0
854,127,3,1.0,0.0,1.0,0.0
618,11,2,0.0,0.0,0.0,0.0
604,120,2,0.0,0.0,0.0,0.0
868,93,3,0.0,0.0,0.0,0.0
326,24,3,0.0,0.0,0.0,0.0
674,138,4,0.0,0.0,0.0,0.0
90,324,4,0.0,0.0,0.0,0.0
833,268,5,0.0,0.0,0.0,0.0
517,23,3,0.0,0.0,0.0,0.0
864,150,4,1.0,1.0,0.0,0.0
363,433,1,0.0,0.0,0.0,0.0
720,458,5,0.0,0.0,0.0,0.0
407,470,3,0.0,0.0,0.0,0.0
839,283,5,0.0,0.0,0.0,0.0
596,218,4,0.0,0.0,0.0,0.0
518,144,4,0.0,0.0,0.0,0.0
443,423,5,0.0,0.0,0.0,0.0
793,256,1,0.0,0.0,0.0,0.0
284,361,4,0.0,0.0,0.0,0.0
857,402,5,0.0,0.0,0.0,0.0
430,292,2,0.0,0.0,0.0,0.0
208,302,5,0.0,0.0,0.0,0.0
798,437,3,0.0,0.0,0.0,0.0
642,247,5,0.0,0.0,0.0,0.0
322,72,1,0.0,0.0,0.0,0.0
420,293,5,0.0,0.0,0.0,0.0
617,7,5,0.0,0.0,0.0,0.0
975,403,5,0.0,0.0,0.0,0.0
625,110,5,0.0,0.0,0.0,0.0
571,5,3,0.0,0.0,0.0,0.0
787,262,2,0.0,0.0,0.0,0.0
920,167,1,0.0,0.0,0.0,0.0
159,42,4,0.0,0.0,0.0,0.0
127,229,1,0.0,0.0,0.0,0.0
119,160,2,0.0,0.0,0.0,0.0
159,140,4,0.0,0.0,0.0,0.0
592,358,3,0.0,0.0,0.0,0.0
676,92,3,0.0,0.0,0.0,0.0
945,410,1,0.0,0.0,0.0,0.0
613,92,1,0.0,0.0,0.0,0.0
775,496,1,0.0,0.0,0.0,0.0
790,436,2,0.0,0.0,0.0,0.0
836,444,5,0.0,0.0,0.0,0.0
853,262,2,0.0,0.0,0.0,0.0
214,444,4,0.0,0.0,0.0,0.0
315,26,2,0.0,0.0,0.0,0.0
925,70,2,0.0,0.0,0.0,0.0
217,142,3,0.0,0.0,0.0,0.0
359,335,3,0.0,0.0,0.0,0.0
366,154,1,0.0,0.0,0.0,0.0
710,72,2,1.0,0.0,0.0,0.0
227,303,2,0.0,0.0,0.0,0.0
909,253,4,0.0,0.0,0.0,0.0
564,460,5,0.0,0.0,0.0,1.0
266,281,1,0.0,0.0,0.0,0.0
524,274,5,0.0,0.0,0.0,0.0
647,298,3,0.0,0.0,0.0,0.0
498,410,4,0.0,0.0,0.0,0.0
914,223,3,0.0,0.0,0.0,0.0
774,431,4,0.0,0.0,0.0,0.0
284,264,1,0.0,0.0,0.0,0.0
695,485,5,0.0,0.0,0.0,1.0
650,96,1,0.0,0.0,0.0,0.0
646,18,1,0.0,0.0,0.0,0.0
951,340,1,0.0,0.0,0.0,0.0
683,318,5,0.0,0.0,0.0,0.0
132,486,2,0.0,0.0,0.0,0.0
506,139,1,0.0,0.0,0.0,0.0
121,118,2,0.0,0.0,0.0,0.0
894,346,1,0.0,0.0,0.0,0.0
974,145,2,0.0,0.0,0.0,0.0
89,49,5,0.0,0.0,0.0,0.0
990,250,2,0.0,0.0,0.0,0.0
145,3,1,0.0,0.0,0.0,0.0
578,20,3,0.0,0.0,0.0,0.0
725,279,5,0.0,0.0,0.0,0.0
81,500,5,0.0,0.0,0.0,0.0
309,163,5,0.0,0.0,0.0,0.0
258,283,2,0.0,0.0,0.0,0.0
965,96,4,0.0,0.0,0.0,0.0
828,160,1,0.0,0.0,0.0,0.0
375,299,4,0.0,0.0,0.0,0.0
132,323,3,0.0,0.0,0.0,0.0
871,423,3,0.0,0.0,0.0,0.0
577,191,1,0.0,0.0,0.0,0.0
645,306,4,0.0,0.0,0.0,0.0
917,191,5,0.0,0.0,0.0,0.0
604,419,1,0.0,0.0,0.0,0.0
275,145,1,0.0,0.0,0.0,0.0
975,465,2,0.0,0.0,0.0,0.0
319,106,4,0.0,0.0,0.0,0.0
778,311,4,0.0,0.0,0.0,0.0
300,229,2,0.0,0.0,0.0,0.0
977,328,4,0.0,0.0,0.0,0.0
325,114,2,0.0,0.0,0.0,0.0
223,491,2,0.0,0.0,0.0,0.0
312,212,1,0.0,0.0,0.0,0.0
761,184,5,0.0,0.0,0.0,0.0
56,339,1,0.0,0.0,0.0,0.0
890,397,2,0.0,0.0,0.0,0.0
563,117,5,0.0,0.0,0.0,0.0
354,101,1,0.0,0.0,0.0,0.0
74,386,3,0.0,0.0,0.0,0.0
420,71,1,0.0,0.0,0.0,0.0
17,297,4,0.0,0.0,0.0,0.0
662,212,3,0.0,0.0,0.0,0.0
231,218,5,0.0,0.0,0.0,0.0
8,350,4,0.0,0.0,0.0,0.0
434,420,4,0.0,0.0,0.0,0.0
746,252,4,0.0,0.0,0.0,0.0
34,289,4,1.0,1.0,0.0,0.0
31,294,4,0.0,0.0,0.0,0.0
59,298,3,0.0,0.0,0.0,0.0
36,346,4,0.0,0.0,0.0,0.0
253,166,4,0.0,0.0,0.0,0.0
457,160,1,0.0,0.0,0.0,0.0
210,385,3,0.0,0.0,0.0,0.0
884,200,2,0.0,0.0,0.0,0.0
567,352,2,0.0,0.0,0.0,0.0
103,419,4,0.0,0.0,0.0,0.0
37,144,3,0.0,0.0,0.0,0.0
70,339,1,0.0,0.0,0.0,0.0
428,130,3,0.0,0.0,0.0,0.0
241,340,1,0.0,0.0,0.0,0.0
203,252,5,0.0,0.0,0.0,0.0
347,238,1,0.0,0.0,0.0,0.0
931,342,1,0.0,0.0,0.0,0.0
438,273,2,0.0,0.0,0.0,0.0
163,96,4,0.0,0.0,0.0,0.0
883,477,3,0.0,0.0,0.0,0.0
425,473,1,0.0,0.0,0.0,0.0
968,97,1,0.0,0.0,0.0,0.0
130,321,1,0.0,0.0,0.0,0.0
379,370,1,0.0,0.0,0.0,0.0
84,52,5,0.0,0.0,0.0,0.0
199,335,1,0.0,0.0,0.0,0.0
430,22,4,0.0,0.0,0.0,0.0
391,289,2,0.0,0.0,0.0,0.0
907,463,4,1.0,0.0,1.0,0.0
217,95,4,1.0,1.0,0.0,0.0
198,289,3,1.0,0.0,0.0,0.0
772,241,4,0.0,0.0,0.0,0.0
603,175,5,0.0,0.0,0.0,0.0
569,393,2,0.0,0.0,0.0,0.0
531,383,3,0.0,0.0,0.0,0.0
790,278,5,1.0,1.0,0.0,0.0
586,319,4,0.0,0.0,0.0,0.0
339,47,5,0.0,0.0,0.0,0.0
860,206,5,0.0,0.0,0.0,0.0
310,397,5,0.0,0.0,0.0,1.0
248,61,5,0.0,0.0,0.0,0.0
36,260,5,0.0,0.0,0.0,0.0
676,425,5,0.0,0.0,0.0,0.0
794,256,5,0.0,0.0,0.0,0.0
433,247,1,0.0,0.0,0.0,0.0
544,11,5,0.0,0.0,0.0,0.0
361,260,5,0.0,0.0,0.0,0.0
655,10,1,0.0,0.0,0.0,0.0
378,224,2,0.0,0.0,0.0,0.0
470,197,4,0.0,0.0,0.0,0.0
295,415,4,0.0,0.0,0.0,0.0
83,31,3,0.0,0.0,0.0,0.0
486,246,4,0.0,0.0,0.0,0.0
249,424,5,0.0,0.0,0.0,0.0
529,344,5,0.0,0.0,0.0,0.0
683,301,1,0.0,0.0,0.0,0.0
134,489,2,0.0,0.0,0.0,0.0
996,31,4,0.0,0.0,0.0,0.0
780,450,3,0.0,0.0,0.0,0.0
173,107,2,0.0,0.0,0.0,1.0
273,482,4,0.0,0.0,0.0,0.0
936,390,5,0.0,0.0,0.0,0.0
292,32,1,0.0,0.0,0.0,0.0
946,321,2,0.0,0.0,0.0,0.0
834,390,5,0.0,0.0,0.0,0.0
232,387,5,0.0,0.0,0.0,0.0
195,249,1,1.0,0.0,1.0,0.0
852,423,2,0.0,0.0,0.0,0.0
934,196,4,0.0,0.0,0.0,0.0
349,28,2,0.0,0.0,0.0,0.0
368,484,3,0.0,0.0,0.0,0.0
299,332,3,0.0,0.0,0.0,0.0
552,361,3,0.0,0.0,0.0,0.0
645,347,2,0.0,0.0,0.0,0.0
284,23,4,0.0,0.0,0.0,0.0
728,489,5,0.0,0.0,0.0,0.0
596,240,3,0.0,0.0,0.0,0.0
922,106,5,0.0,0.0,0.0,0.0
707,78,3,0.0,0.0,0.0,0.0
35,168,1,0.0,0.0,0.0,0.0
439,215,5,0.0,0.0,0.0,0.0
464,105,2,1.0,1.0,0.0,0.0
403,208,1,0.0,0.0,0.0,0.0
121,425,5,0.0,0.0,0.0,0.0
856,441,2,0.0,0.0,0.0,0.0
462,427,1,0.0,0.0,0.0,0.0
261,484,1,0.0,0.0,0.0,0.0
81,294,1,0.0,0.0,0.0,0.0
404,86,4,0.0,0.0,0.0,0.0
305,146,3,1.0,0.0,0.0,0.0
18,121,3,0.0,0.0,0.0,0.0
789,244,4,0.0,0.0,0.0,0.0
70,296,4,0.0,0.0,0.0,0.0
352,251,5,0.0,0.0,0.0,0.0
730,73,1,0.0,0.0,0.0,0.0
719,297,5,0.0,0.0,0.0,0.0
739,470,2,0.0,0.0,0.0,0.0
732,344,4,0.0,0.0,0.0,0.0
368,311,1,0.0,0.0,0.0,0.0
691,404,2,0.0,0.0,0.0,0.0
227,118,4,0.0,0.0,0.0,0.0
110,15,2,1.0,0.0,0.0,0.0
394,252,5,1.0,0.0,1.0,0.0
331,470,3,0.0,0.0,0.0,0.0
101,485,1,2.0,1.0,1.0,0.0
968,10,3,1.0,0.0,0.0,0.0
477,23,5,0.0,0.0,0.0,0.0
151,483,1,0.0,0.0,0.0,0.0
348,266,5,0.0,0.0,0.0,0.0
580,220,5,0.0,0.0,0.0,0.0
742,154,5,0.0,0.0,0.0,0.0
334,278,5,0.0,0.0,0.0,0.0
127,52,3,0.0,0.0,0.0,0.0
141,435,3,0.0,0.0,0.0,0.0
988,75,2,0.0,0.0,0.0,0.0
885,413,5,0.0,0.0,0.0,0.0
937,199,5,0.0,0.0,0.0,0.0
630,305,2,0.0,0.0,0.0,0.0
971,8,4,1.0,0.0,0.0,0.0
430,59,5,0.0,0.0,0.0,0.0
680,128,1,0.0,0.0,0.0,0.0
313,331,3,0.0,0.0,0.0,0.0
324,185,4,0.0,0.0,0.0,0.0
382,446,1,0.0,0.0,0.0,0.0
803,59,2,0.0,0.0,0.0,0.0
949,408,3,0.0,0.0,0.0,0.0
625,436,4,1.0,0.0,0.0,0.0
594,468,5,0.0,0.0,0.0,0.0
57,381,4,0.0,0.0,0.0,0.0
230,381,1,0.0,0.0,0.0,0.0
877,43,1,0.0,0.0,0.0,0.0
169,136,5,0.0,0.0,0.0,0.0
588,195,2,0.0,0.0,0.0,0.0
598,49,2,0.0,0.0,0.0,0.0
794,331,5,0.0,0.0,0.0,0.0
492,97,5,0.0,0.0,0.0,0.0
233,141,4,0.0,0.0,0.0,0.0
389,458,5,0.0,0.0,0.0,0.0
553,207,2,0.0,0.0,0.0,0.0
399,119,3,0.0,0.0,0.0,0.0
762,355,2,0.0,0.0,0.0,0.0
962,458,1,0.0,0.0,0.0,0.0
237,71,2,0.0,0.0,0.0,0.0
629,230,3,0.0,0.0,0.0,0.0
215,427,5,0.0,0.0,0.0,0.0
584,201,2,0.0,0.0,0.0,0.0
230,165,2,0.0,0.0,0.0,0.0
864,36,5,0.0,0.0,0.0,0.0
960,305,1,0.0,0.0,0.0,0.0
353,63,3,0.0,0.0,0.0,0.0
573,369,3,0.0,0.0,0.0,0.0
575,33,1,0.0,0.0,0.0,0.0
846,275,4,0.0,0.0,0.0,0.0
819,297,4,0.0,0.0,0.0,0.0
201,255,5,0.0,0.0,0.0,0.0
754,119,2,0.0,0.0,0.0,0.0
606,89,4,0.0,0.0,0.0,0.0
37,216,4,0.0,0.0,0.0,0.0
898,150,1,0.0,0.0,0.0,0.0
761,272,5,0.0,0.0,0.0,0.0
646,88,2,0.0,0.0,0.0,0.0
299,120,5,0.0,0.0,0.0,0.0
580,341,4,0.0,0.0,0.0,0.0
238,395,2,0.0,0.0,0.0,0.0
841,258,1,0.0,0.0,0.0,0.0
383,479,1,0.0,0.0,0.0,0.0
746,76,1,1.0,1.0,0.0,0.0
268,364,5,0.0,0.0,0.0,0.0
404,411,1,0.0,0.0,0.0,0.0
996,215,4,1.0,0.0,0.0,0.0
307,395,3,0.0,0.0,0.0,0.0
629,188,5,0.0,0.0,0.0,0.0
422,407,4,0.0,0.0,0.0,0.0
313,407,3,0.0,0.0,0.0,0.0
440,400,3,0.0,0.0,0.0,0.0
512,345,5,0.0,0.0,0.0,0.0
789,228,4,0.0,0.0,0.0,0.0
853,181,4,1.0,0.0,0.0,0.0
943,228,2,0.0,0.0,0.0,0.0
258,220,1,0.0,0.0,0.0,0.0
517,342,3,0.0,0.0,0.0,0.0
849,136,1,0.0,0.0,0.0,0.0
162,382,2,1.0,1.0,0.0,0.0
354,152,2,1.0,1.0,0.0,0.0
361,170,3,0.0,0.0,0.0,0.0
954,70,2,0.0,0.0,0.0,0.0
944,138,4,0.0,0.0,0.0,0.0
774,458,4,0.0,0.0,0.0,0.0
917,86,2,1.0,1.0,0.0,0.0
766,281,5,0.0,0.0,0.0,0.0
757,60,5,0.0,0.0,0.0,0.0
891,139,4,0.0,0.0,0.0,0.0
560,67,4,0.0,0.0,0.0,0.0
5,488,2,0.0,0.0,0.0,0.0
155,322,4,0.0,0.0,0.0,0.0
389,131,5,0.0,0.0,0.0,0.0
427,323,5,0.0,0.0,0.0,0.0
649,402,4,0.0,0.0,0.0,0.0
769,314,2,0.0,0.0,0.0,0.0
353,356,2,0.0,0.0,0.0,0.0
682,365,2,0.0,0.0,0.0,0.0
704,2,3,0.0,0.0,0.0,0.0
95,339,3,0.0,0.0,0.0,0.0
831,449,5,0.0,0.0,0.0,0.0
715,125,5,0.0,0.0,0.0,0.0
875,273,1,0.0,0.0,0.0,0.0
450,165,2,0.0,0.0,0.0,0.0
141,101,1,0.0,0.0,0.0,0.0
424,274,3,0.0,0.0,0.0,0.0
419,441,1,0.0,0.0,0.0,0.0
238,496,1,0.0,0.0,0.0,0.0
711,252,4,0.0,0.0,0.0,0.0
238,135,5,0.0,0.0,0.0,0.0
405,317,2,0.0,0.0,0.0,0.0
357,324,5,0.0,0.0,0.0,0.0
758,268,3,0.0,0.0,0.0,0.0
428,461,3,0.0,0.0,0.0,0.0
144,18,3,0.0,0.0,0.0,0.0
447,380,1,0.0,0.0,0.0,0.0
453,267,1,0.0,0.0,0.0,0.0
683,361,3,0.0,0.0,0.0,0.0
205,329,4,1.0,1.0,0.0,0.0
378,370,3,0.0,0.0,0.0,0.0
442,288,4,0.0,0.0,0.0,0.0
420,126,5,1.0,1.0,0.0,0.0
21,231,3,0.0,0.0,0.0,0.0
904,181,5,0.0,0.0,0.0,0.0
114,481,4,0.0,0.0,0.0,0.0
741,487,3,0.0,0.0,0.0,0.0
461,104,2,0.0,0.0,0.0,0.0
641,30,2,1.0,0.0,0.0,0.0
424,26,4,0.0,0.0,0.0,0.0
680,160,5,0.0,0.0,0.0,0.0
125,376,1,0.0,0.0,0.0,0.0
499,72,5,1.0,1.0,0.0,0.0
134,104,4,0.0,0.0,0.0,1.0
341,104,1,1.0,0.0,0.0,0.0
363,142,2,0.0,0.0,0.0,0.0
160,392,4,0.0,0.0,0.0,0.0
929,355,2,0.0,0.0,0.0,0.0
395,123,3,0.0,0.0,0.0,0.0
514,127,2,1.0,0.0,1.0,0.0
903,385,3,0.0,0.0,0.0,0.0
378,286,4,0.0,0.0,0.0,0.0
668,454,4,0.0,0.0,0.0,0.0
325,73,1,0.0,0.0,0.0,0.0
491,220,1,0.0,0.0,0.0,0.0
143,74,5,0.0,0.0,0.0,0.0
788,157,3,0.0,0.0,0.0,0.0
932,51,3,0.0,0.0,0.0,0.0
909,247,2,0.0,0.0,0.0,0.0
784,286,1,0.0,0.0,0.0,0.0
583,223,2,0.0,0.0,0.0,0.0
282,60,2,0.0,0.0,0.0,0.0
356,359,1,0.0,0.0,0.0,0.0
95,408,3,0.0,0.0,0.0,0.0
293,486,3,0.0,0.0,0.0,0.0
344,99,4,0.0,0.0,0.0,0.0
39,266,4,0.0,0.0,0.0,0.0
461,52,4,0.0,0.0,0.0,0.0
216,194,5,0.0,0.0,0.0,0.0
450,436,4,0.0,0.0,0.0,0.0
810,271,3,0.0,0.0,0.0,0.0
200,460,5,0.0,0.0,0.0,0.0
219,68,2,0.0,0.0,0.0,0.0
16,169,1,0.0,0.0,0.0,0.0
565,145,3,0.0,0.0,0.0,0.0
268,329,3,0.0,0.0,0.0,0.0
64,29,3,0.0,0.0,0.0,0.0
667,148,3,0.0,0.0,0.0,0.0
170,379,4,0.0,0.0,0.0,0.0
174,320,5,0.0,0.0,0.0,0.0
169,278,4,0.0,0.0,0.0,0.0
427,69,2,0.0,0.0,0.0,0.0
372,273,3,0.0,0.0,0.0,0.0
551,278,5,0.0,0.0,0.0,1.0
755,401,5,0.0,0.0,0.0,0.0
373,392,3,0.0,0.0,0.0,0.0
978,20,1,0.0,0.0,0.0,1.0
282,135,1,0.0,0.0,0.0,0.0
312,416,1,0.0,0.0,0.0,0.0
184,496,5,0.0,0.0,0.0,0.0
959,106,4,0.0,0.0,0.0,0.0
375,151,1,0.0,0.0,0.0,0.0
560,253,5,0.0,0.0,0.0,0.0
139,106,5,0.0,0.0,0.0,0.0
230,447,3,0.0,0.0,0.0,0.0
522,61,5,1.0,1.0,0.0,0.0
157,234,5,0.0,0.0,0.0,0.0
711,332,5,0.0,0.0,0.0,0.0
933,388,3,1.0,0.0,0.0,0.0
803,430,3,0.0,0.0,0.0,0.0
407,18,4,0.0,0.0,0.0,0.0
79,469,3,1.0,1.0,0.0,0.0
890,203,1,0.0,0.0,0.0,0.0
820,53,3,0.0,0.0,0.0,0.0
236,100,1,0.0,0.0,0.0,0.0
463,25,2,0.0,0.0,0.0,0.0
930,458,5,0.0,0.0,0.0,0.0
853,89,3,0.0,0.0,0.0,0.0
888,437,4,0.0,0.0,0.0,0.0
444,484,1,0.0,0.0,0.0,0.0
697,189,3,0.0,0.0,0.0,0.0
26,197,3,1.0,0.0,0.0,1.0
10,26,1,0.0,0.0,0.0,0.0
560,469,5,1.0,0.0,0.0,0.0
352,395,5,0.0,0.0,0.0,0.0
796,83,1,1.0,0.0,1.0,0.0
88,216,4,0.0,0.0,0.0,0.0
737,205,5,0.0,0.0,0.0,0.0
185,372,5,0.0,0.0,0.0,0.0
54,184,3,0.0,0.0,0.0,0.0
386,443,1,0.0,0.0,0.0,0.0
466,61,4,0.0,0.0,0.0,0.0
845,13,2,0.0,0.0,0.0,0.0
196,133,1,0.0,0.0,0.0,0.0
392,312,4,0.0,0.0,0.0,0.0
782,324,1,1.0,1.0,0.0,0.0
723,181,2,0.0,0.0,0.0,0.0
310,479,3,0.0,0.0,0.0,0.0
728,374,2,0.0,0.0,0.0,0.0
349,66,3,0.0,0.0,0.0,0.0
82,466,5,0.0,0.0,0.0,0.0
278,56,1,0.0,0.0,0.0,0.0
383,133,2,0.0,0.0,0.0,0.0
940,356,1,1.0,0.0,1.0,0.0
145,483,1,0.0,0.0,0.0,0.0
398,412,3,0.0,0.0,0.0,0.0
944,420,5,0.0,0.0,0.0,0.0
322,136,1,0.0,0.0,0.0,0.0
712,189,3,0.0,0.0,0.0,0.0
990,440,2,0.0,0.0,0.0,0.0
919,306,4,0.0,0.0,0.0,0.0
44,82,5,0.0,0.0,0.0,0.0
800,494,5,1.0,1.0,0.0,0.0
182,128,4,0.0,0.0,0.0,0.0
962,342,1,0.0,0.0,0.0,0.0
700,203,3,0.0,0.0,0.0,0.0
994,231,3,0.0,0.0,0.0,0.0
304,214,1,0.0,0.0,0.0,0.0
455,187,5,1.0,0.0,0.0,0.0
408,51,2,0.0,0.0,0.0,0.0
535,154,5,0.0,0.0,0.0,0.0
451,69,3,1.0,0.0,0.0,0.0
267,269,2,0.0,0.0,0.0,1.0
671,289,1,0.0,0.0,0.0,0.0
893,257,3,0.0,0.0,0.0,0.0
189,422,3,0.0,0.0,0.0,0.0
621,22,2,0.0,0.0,0.0,0.0
261,426,5,0.0,0.0,0.0,0.0
386,179,4,0.0,0.0,0.0,0.0
347,500,1,0.0,0.0,0.0,0.0
630,309,1,0.0,0.0,0.0,0.0
324,412,5,0.0,0.0,0.0,0.0
255,169,4,0.0,0.0,0.0,0.0
756,329,2,0.0,0.0,0.0,0.0
965,351,2,0.0,0.0,0.0,0.0
485,340,1,0.0,0.0,0.0,0.0
566,130,5,0.0,0.0,0.0,0.0
545,498,4,0.0,0.0,0.0,0.0
801,180,4,0.0,0.0,0.0,0.0
9,321,5,0.0,0.0,0.0,0.0
924,41,1,0.0,0.0,0.0,0.0
828,318,2,0.0,0.0,0.0,0.0
37,282,5,0.0,0.0,0.0,0.0
671,441,4,0.0,0.0,0.0,0.0
998,392,4,1.0,1.0,0.0,0.0
470,271,2,0.0,0.0,0.0,0.0
800,451,2,0.0,0.0,0.0,0.0
854,98,1,0.0,0.0,0.0,0.0
797,94,1,0.0,0.0,0.0,0.0
528,343,5,0.0,0.0,0.0,0.0
906,138,1,0.0,0.0,0.0,0.0
752,463,5,0.0,0.0,0.0,0.0
952,215,5,0.0,0.0,0.0,0.0
692,229,3,0.0,0.0,0.0,0.0
713,289,4,0.0,0.0,0.0,0.0
886,438,4,0.0,0.0,0.0,0.0
831,69,2,0.0,0.0,0.0,0.0
997,500,5,0.0,0.0,0.0,0.0
96,332,4,0.0,0.0,0.0,0.0
701,267,5,1.0,1.0,0.0,0.0
198,403,2,0.0,0.0,0.0,0.0
687,265,5,1.0,0.0,0.0,0.0
286,445,2,0.0,0.0,0.0,0.0
42,202,5,0.0,0.0,0.0,0.0
324,351,5,0.0,0.0,0.0,0.0
838,382,3,0.0,0.0,0.0,0.0
589,39,3,0.0,0.0,0.0,0.0
10,36,3,0.0,0.0,0.0,0.0
252,224,4,0.0,0.0,0.0,0.0
211,239,5,0.0,0.0,0.0,0.0
273,191,2,1.0,0.0,1.0,0.0
857,221,5,0.0,0.0,0.0,0.0
958,213,4,0.0,0.0,0.0,0.0
795,332,5,0.0,0.0,0.0,0.0
360,284,1,0.0,0.0,0.0,0.0
694,402,5,0.0,0.0,0.0,0.0
229,244,1,0.0,0.0,0.0,0.0
400,246,3,0.0,0.0,0.0,0.0
870,347,4,0.0,0.0,0.0,0.0
506,112,4,0.0,0.0,0.0,0.0
666,493,5,0.0,0.0,0.0,0.0
774,465,4,0.0,0.0,0.0,0.0
602,259,1,1.0,1.0,0.0,0.0
387,252,4,0.0,0.0,0.0,0.0
64,373,2,0.0,0.0,0.0,0.0
111,69,4,1.0,1.0,0.0,0.0
591,364,1,1.0,0.0,0.0,1.0
993,172,2,0.0,0.0,0.0,0.0
484,230,3,0.0,0.0,0.0,0.0
424,14,5,0.0,0.0,0.0,0.0
658,31,4,0.0,0.0,0.0,0.0
4,204,2,0.0,0.0,0.0,0.0
218,104,4,0.0,0.0,0.0,0.0
671,261,3,0.0,0.0,0.0,0.0
395,210,1,0.0,0.0,0.0,0.0
377,242,5,1.0,0.0,0.0,0.0
18,292,5,0.0,0.0,0.0,0.0
430,50,3,0.0,0.0,0.0,0.0
164,341,4,0.0,0.0,0.0,0.0
324,9,1,0.0,0.0,0.0,0.0
100,345,1,0.0,0.0,0.0,0.0
283,169,4,0.0,0.0,0.0,0.0
281,103,2,0.0,0.0,0.0,0.0
69,81,2,0.0,0.0,0.0,0.0
274,344,5,0.0,0.0,0.0,0.0
853,372,2,0.0,0.0,0.0,0.0
767,318,5,0.0,0.0,0.0,0.0
884,122,3,0.0,0.0,0.0,0.0
156,181,1,1.0,0.0,1.0,0.0
133,42,2,0.0,0.0,0.0,0.0
421,254,2,0.0,0.0,0.0,0.0
646,140,4,0.0,0.0,0.0,0.0
381,199,3,0.0,0.0,0.0,0.0
824,122,2,0.0,0.0,0.0,0.0
743,95,2,0.0,0.0,0.0,0.0
453,237,3,0.0,0.0,0.0,0.0
976,432,2,1.0,1.0,0.0,0.0
973,149,1,0.0,0.0,0.0,0.0
40,492,5,0.0,0.0,0.0,0.0
403,34,3,0.0,0.0,0.0,0.0
276,169,2,0.0,0.0,0.0,0.0
929,499,3,0.0,0.0,0.0,1.0
727,499,2,0.0,0.0,0.0,0.0
991,454,4,0.0,0.0,0.0,0.0
498,411,4,0.0,0.0,0.0,0.0
971,383,1,1.0,1.0,0.0,0.0
477,187,2,0.0,0.0,0.0,0.0
911,159,1,1.0,1.0,0.0,0.0
456,326,1,0.0,0.0,0.0,1.0
330,178,5,1.0,0.0,1.0,0.0
269,393,1,0.0,0.0,0.0,0.0
606,238,3,0.0,0.0,0.0,0.0
301,394,5,0.0,0.0,0.0,0.0
508,54,2,0.0,0.0,0.0,0.0
641,243,5,0.0,0.0,0.0,0.0
798,351,3,0.0,0.0,0.0,0.0
223,51,5,0.0,0.0,0.0,0.0
257,481,3,0.0,0.0,0.0,0.0
459,152,2,0.0,0.0,0.0,0.0
616,126,2,0.0,0.0,0.0,0.0
426,435,3,0.0,0.0,0.0,0.0
262,302,1,0.0,0.0,0.0,0.0
108,306,2,0.0,0.0,0.0,0.0
744,328,2,0.0,0.0,0.0,0.0
867,285,5,1.0,0.0,1.0,0.0
377,126,1,0.0,0.0,0.0,0.0
845,147,3,0.0,0.0,0.0,0.0
902,273,2,0.0,0.0,0.0,0.0
751,180,4,0.0,0.0,0.0,0.0
362,206,2,0.0,0.0,0.0,0.0
904,10,5,0.0,0.0,0.0,0.0
600,318,2,0.0,0.0,0.0,0.0
68,398,4,0.0,0.0,0.0,0.0
8,153,5,0.0,0.0,0.0,0.0
875,203,5,0.0,0.0,0.0,0.0
983,31,1,0.0,0.0,0.0,0.0
571,97,4,0.0,0.0,0.0,0.0
262,447,3,1.0,0.0,0.0,1.0
472,117,3,0.0,0.0,0.0,0.0
426,326,4,0.0,0.0,0.0,0.0
152,199,1,0.0,0.0,0.0,0.0
949,49,3,0.0,0.0,0.0,0.0
932,415,1,1.0,1.0,0.0,0.0
883,119,3,0.0,0.0,0.0,0.0
658,445,4,0.0,0.0,0.0,0.0
731,288,3,0.0,0.0,0.0,0.0
511,475,3,0.0,0.0,0.0,0.0
156,496,4,0.0,0.0,0.0,0.0
713,83,3,0.0,0.0,0.0,0.0
768,219,3,0.0,0.0,0.0,0.0
654,213,3,1.0,0.0,0.0,0.0
27,455,5,1.0,1.0,0.0,0.0
597,158,5,0.0,0.0,0.0,0.0
389,47,5,0.0,0.0,0.0,0.0
906,488,2,0.0,0.0,0.0,0.0
748,318,4,0.0,0.0,0.0,0.0
276,160,4,0.0,0.0,0.0,0.0
729,335,1,1.0,0.0,0.0,1.0
879,160,5,0.0,0.0,0.0,0.0
481,334,5,0.0,0.0,0.0,0.0
478,166,5,0.0,0.0,0.0,0.0
314,146,1,0.0,0.0,0.0,0.0
851,105,4,0.0,0.0,0.0,0.0
733,240,2,0.0,0.0,0.0,0.0
589,70,2,0.0,0.0,0.0,0.0
126,68,3,0.0,0.0,0.0,0.0
880,396,4,0.0,0.0,0.0,0.0
100,120,2,0.0,0.0,0.0,0.0
213,171,1,0.0,0.0,0.0,0.0
647,224,5,0.0,0.0,0.0,0.0
373,81,4,0.0,0.0,0.0,1.0
911,248,1,0.0,0.0,0.0,0.0
951,145,4,0.0,0.0,0.0,0.0
805,436,1,0.0,0.0,0.0,0.0
400,414,2,0.0,0.0,0.0,0.0
325,86,2,0.0,0.0,0.0,0.0
238,115,1,0.0,0.0,0.0,0.0
784,143,2,0.0,0.0,0.0,0.0
577,247,3,0.0,0.0,0.0,0.0
401,329,5,0.0,0.0,0.0,0.0
206,75,2,0.0,0.0,0.0,0.0
606,432,4,0.0,0.0,0.0,0.0
279,356,3,0.0,0.0,0.0,0.0
921,489,5,0.0,0.0,0.0,0.0
609,419,2,0.0,0.0,0.0,0.0
133,261,4,0.0,0.0,0.0,0.0
15,246,1,0.0,0.0,0.0,0.0
680,33,3,0.0,0.0,0.0,0.0
433,330,1,0.0,0.0,0.0,0.0
751,173,2,0.0,0.0,0.0,0.0
943,309,1,1.0,1.0,0.0,0.0
149,314,2,0.0,0.0,0.0,0.0
895,497,1,0.0,0.0,0.0,0.0
3,43,2,0.0,0.0,0.0,0.0
153,205,3,1.0,1.0,0.0,0.0
529,149,1,0.0,0.0,0.0,0.0
597,125,3,0.0,0.0,0.0,0.0
20,101,4,0.0,0.0,0.0,0.0
607,465,1,0.0,0.0,0.0,0.0
586,44,3,0.0,0.0,0.0,0.0
247,295,5,0.0,0.0,0.0,0.0
551,110,2,0.0,0.0,0.0,0.0
833,8,3,0.0,0.0,0.0,0.0
680,115,2,0.0,0.0,0.0,0.0
978,132,1,0.0,0.0,0.0,0.0
114,199,3,0.0,0.0,0.0,0.0
491,244,2,0.0,0.0,0.0,0.0
507,6,3,0.0,0.0,0.0,0.0
209,475,3,0.0,0.0,0.0,0.0
416,4,1,0.0,0.0,0.0,0.0
270,97,3,2.0,0.0,0.0,0.0
144,345,5,0.0,0.0,0.0,0.0
971,311,2,0.0,0.0,0.0,0.0
873,297,5,0.0,0.0,0.0,0.0
918,376,3,0.0,0.0,0.0,0.0
958,245,3,0.0,0.0,0.0,0.0
716,152,3,0.0,0.0,0.0,0.0
425,110,3,1.0,1.0,0.0,0.0
78,17,2,0.0,0.0,0.0,0.0
862,303,3,0.0,0.0,0.0,0.0
89,9,3,0.0,0.0,0.0,0.0
499,23,2,0.0,0.0,0.0,0.0
210,371,2,0.0,0.0,0.0,0.0
162,333,5,0.0,0.0,0.0,0.0
981,282,4,1.0,0.0,1.0,0.0
525,227,5,0.0,0.0,0.0,0.0
391,74,5,0.0,0.0,0.0,0.0
344,351,2,0.0,0.0,0.0,0.0
376,443,5,1.0,1.0,0.0,0.0
14,328,5,0.0,0.0,0.0,0.0
893,213,5,0.0,0.0,0.0,0.0
137,405,1,0.0,0.0,0.0,0.0
18,446,3,0.0,0.0,0.0,0.0
856,129,3,0.0,0.0,0.0,0.0
946,338,2,0.0,0.0,0.0,0.0
149,203,4,0.0,0.0,0.0,0.0
735,358,5,0.0,0.0,0.0,0.0
270,190,2,0.0,0.0,0.0,0.0
667,448,5,0.0,0.0,0.0,0.0
736,444,1,0.0,0.0,0.0,0.0
290,52,5,0.0,0.0,0.0,0.0
77,287,1,1.0,0.0,1.0,0.0
947,52,1,0.0,0.0,0.0,0.0
828,189,4,0.0,0.0,0.0,0.0
947,371,3,0.0,0.0,0.0,0.0
794,98,4,0.0,0.0,0.0,0.0
693,455,3,0.0,0.0,0.0,0.0
628,482,2,0.0,0.0,0.0,0.0
963,271,1,0.0,0.0,0.0,0.0
469,84,3,0.0,0.0,0.0,0.0
809,268,4,0.0,0.0,0.0,0.0
603,365,4,0.0,0.0,0.0,0.0
971,198,4,0.0,0.0,0.0,0.0
717,499,4,0.0,0.0,0.0,0.0
845,40,2,1.0,0.0,0.0,0.0
998,260,1,0.0,0.0,0.0,0.0
288,311,4,0.0,0.0,0.0,0.0
393,65,1,0.0,0.0,0.0,0.0
279,455,3,0.0,0.0,0.0,0.0
682,341,1,1.0,0.0,0.0,0.0
623,467,1,0.0,0.0,0.0,0.0
423,79,5,0.0,0.0,0.0,0.0
1,40,4,0.0,0.0,0.0,0.0
239,199,5,0.0,0.0,0.0,0.0
696,431,4,0.0,0.0,0.0,0.0
687,46,5,0.0,0.0,0.0,0.0
599,319,1,0.0,0.0,0.0,0.0
625,409,1,0.0,0.0,0.0,0.0
552,294,1,0.0,0.0,0.0,0.0
577,48,5,0.0,0.0,0.0,0.0
570,318,5,0.0,0.0,0.0,0.0
99,497,5,0.0,0.0,0.0,0.0
628,462,1,0.0,0.0,0.0,0.0
317,156,1,0.0,0.0,0.0,0.0
791,468,4,0.0,0.0,0.0,0.0
327,390,5,0.0,0.0,0.0,0.0
883,333,2,0.0,0.0,0.0,0.0
251,201,5,0.0,0.0,0.0,0.0
458,11,1,0.0,0.0,0.0,0.0
601,49,5,0.0,0.0,0.0,0.0
816,387,1,0.0,0.0,0.0,0.0
87,319,4,0.0,0.0,0.0,0.0
952,307,4,0.0,0.0,0.0,0.0
481,10,4,0.0,0.0,0.0,0.0
110,26,4,0.0,0.0,0.0,0.0
393,451,3,0.0,0.0,0.0,0.0
653,399,3,0.0,0.0,0.0,0.0
668,63,4,0.0,0.0,0.0,0.0
125,19,3,0.0,0.0,0.0,0.0
856,338,5,0.0,0.0,0.0,0.0
284,142,2,0.0,0.0,0.0,0.0
897,270,4,0.0,0.0,0.0,0.0
512,210,5,0.0,0.0,0.0,0.0
710,240,4,0.0,0.0,0.0,0.0
232,106,2,0.0,0.0,0.0,0.0
57,362,1,0.0,0.0,0.0,0.0
788,365,4,0.0,0.0,0.0,0.0
787,335,1,0.0,0.0,0.0,0.0
278,81,2,0.0,0.0,0.0,0.0
142,342,3,0.0,0.0,0.0,0.0
802,294,2,0.0,0.0,0.0,0.0
65,45,2,0.0,0.0,0.0,0.0
189,197,2,0.0,0.0,0.0,0.0
989,243,5,0.0,0.0,0.0,0.0
774,195,5,0.0,0.0,0.0,0.0
351,225,1,0.0,0.0,0.0,0.0
952,284,2,0.0,0.0,0.0,0.0
668,324,5,0.0,0.0,0.0,0.0
88,328,3,0.0,0.0,0.0,0.0
104,38,2,0.0,0.0,0.0,0.0
395,398,1,0.0,0.0,0.0,0.0
165,294,2,0.0,0.0,0.0,0.0
1000,394,4,0.0,0.0,0.0,0.0
180,171,1,0.0,0.0,0.0,0.0
75,352,3,0.0,0.0,0.0,0.0
927,344,3,0.0,0.0,0.0,0.0
131,445,1,0.0,0.0,0.0,0.0
268,172,1,0.0,0.0,0.0,0.0
830,340,2,0.0,0.0,0.0,0.0
114,229,5,0.0,0.0,0.0,0.0
499,37,5,0.0,0.0,0.0,0.0
464,168,3,0.0,0.0,0.0,0.0
706,56,5,0.0,0.0,0.0,0.0
334,272,4,0.0,0.0,0.0,0.0
812,489,1,0.0,0.0,0.0,0.0
99,459,3,0.0,0.0,0.0,0.0
986,77,5,0.0,0.0,0.0,0.0
161,190,5,0.0,0.0,0.0,0.0
44,355,1,0.0,0.0,0.0,0.0
10,427,4,0.0,0.0,0.0,0.0
895,434,1,0.0,0.0,0.0,0.0
525,50,5,0.0,0.0,0.0,0.0
863,156,1,0.0,0.0,0.0,1.0
16,319,2,0.0,0.0,0.0,0.0
172,301,2,1.0,1.0,0.0,1.0
326,408,1,0.0,0.0,0.0,0.0
892,312,1,0.0,0.0,0.0,0.0
113,396,5,0.0,0.0,0.0,1.0
524,295,2,0.0,0.0,0.0,0.0
912,279,1,0.0,0.0,0.0,0.0
464,38,3,0.0,0.0,0.0,0.0
726,488,4,0.0,0.0,0.0,0.0
250,214,1,0.0,0.0,0.0,0.0
766,457,5,0.0,0.0,0.0,0.0
810,245,4,0.0,0.0,0.0,0.0
81,90,4,1.0,1.0,0.0,0.0
529,439,1,0.0,0.0,0.0,0.0
589,229,2,0.0,0.0,0.0,0.0
702,63,5,0.0,0.0,0.0,0.0
505,35,1,0.0,0.0,0.0,0.0
459,230,1,0.0,0.0,0.0,0.0
857,332,3,0.0,0.0,0.0,0.0
353,392,2,0.0,0.0,0.0,0.0
738,196,5,0.0,0.0,0.0,0.0
612,213,2,0.0,0.0,0.0,0.0
996,398,4,0.0,0.0,0.0,0.0
173,32,3,0.0,0.0,0.0,0.0
437,55,3,0.0,0.0,0.0,0.0
985,44,4,0.0,0.0,0.0,0.0
848,206,4,0.0,0.0,0.0,0.0
469,478,4,0.0,0.0,0.0,0.0
981,383,1,0.0,0.0,0.0,0.0
629,110,4,0.0,0.0,0.0,0.0
746,451,2,0.0,0.0,0.0,0.0
780,347,1,0.0,0.0,0.0,0.0
862,459,2,0.0,0.0,0.0,0.0
225,185,3,0.0,0.0,0.0,0.0
941,403,5,0.0,0.0,0.0,0.0
171,500,5,0.0,0.0,0.0,0.0
65,25,1,1.0,0.0,1.0,0.0
794,13,3,0.0,0.0,0.0,0.0
813,59,5,1.0,1.0,0.0,0.0
645,233,2,0.0,0.0,0.0,0.0
721,380,1,0.0,0.0,0.0,0.0
482,249,2,0.0,0.0,0.0,0.0
404,29,1,0.0,0.0,0.0,0.0
962,447,3,0.0,0.0,0.0,0.0
334,175,2,0.0,0.0,0.0,0.0
462,425,3,0.0,0.0,0.0,0.0
768,249,5,0.0,0.0,0.0,0.0
933,178,1,0.0,0.0,0.0,0.0
345,128,1,0.0,0.0,0.0,0.0
879,431,1,0.0,0.0,0.0,0.0
933,62,2,0.0,0.0,0.0,0.0
804,213,2,0.0,0.0,0.0,0.0
77,177,5,0.0,0.0,0.0,0.0
818,51,5,0.0,0.0,0.0,0.0
983,355,1,0.0,0.0,0.0,0.0
573,349,1,0.0,0.0,0.0,0.0
522,143,4,0.0,0.0,0.0,0.0
921,245,5,0.0,0.0,0.0,0.0
481,349,2,0.0,0.0,0.0,0.0
709,451,4,0.0,0.0,0.0,0.0
725,89,3,0.0,0.0,0.0,0.0
292,90,1,0.0,0.0,0.0,0.0
376,497,1,0.0,0.0,0.0,0.0
88,417,3,0.0,0.0,0.0,0.0
563,169,2,0.0,0.0,0.0,0.0
459,248,1,0.0,0.0,0.0,0.0
531,98,3,0.0,0.0,0.0,0.0
569,22,2,0.0,0.0,0.0,0.0
442,497,5,0.0,0.0,0.0,0.0
312,147,2,0.0,0.0,0.0,0.0
681,90,2,0.0,0.0,0.0,0.0
386,408,3,0.0,0.0,0.0,0.0
37,337,4,0.0,0.0,0.0,0.0
90,72,1,0.0,0.0,0.0,0.0
921,216,3,0.0,0.0,0.0,0.0
999,189,1,0.0,0.0,0.0,0.0
699,20,2,0.0,0.0,0.0,0.0
825,86,3,0.0,0.0,0.0,0.0
951,331,3,0.0,0.0,0.0,0.0
152,141,5,0.0,0.0,0.0,0.0
498,281,1,0.0,0.0,0.0,0.0
879,484,2,0.0,0.0,0.0,0.0
483,391,2,0.0,0.0,0.0,0.0
716,389,5,0.0,0.0,0.0,0.0
757,339,4,0.0,0.0,0.0,0.0
667,140,5,0.0,0.0,0.0,0.0
636,71,2,0.0,0.0,0.0,0.0
563,481,3,0.0,0.0,0.0,0.0
637,334,1,0.0,0.0,0.0,0.0
4,281,5,0.0,0.0,0.0,0.0
953,404,3,0.0,0.0,0.0,0.0
667,311,2,0.0,0.0,0.0,0.0
522,250,2,0.0,0.0,0.0,0.0
585,116,4,0.0,0.0,0.0,0.0
990,277,5,0.0,0.0,0.0,0.0
173,438,2,0.0,0.0,0.0,0.0
253,350,2,0.0,0.0,0.0,0.0
221,2,3,0.0,0.0,0.0,0.0
492,285,2,0.0,0.0,0.0,0.0
249,181,1,0.0,0.0,0.0,0.0
446,253,3,0.0,0.0,0.0,0.0
256,66,2,0.0,0.0,0.0,0.0
980,115,3,0.0,0.0,0.0,0.0
130,49,5,0.0,0.0,0.0,0.0
108,347,5,0.0,0.0,0.0,0.0
213,61,5,0.0,0.0,0.0,0.0
97,370,4,0.0,0.0,0.0,0.0
267,189,3,0.0,0.0,0.0,0.0
932,238,2,0.0,0.0,0.0,0.0
198,322,4,0.0,0.0,0.0,0.0
831,434,1,0.0,0.0,0.0,0.0
838,333,2,0.0,0.0,0.0,0.0
277,24,4,0.0,0.0,0.0,0.0
327,32,2,0.0,0.0,0.0,0.0
444,88,1,0.0,0.0,0.0,0.0
957,369,5,0.0,0.0,0.0,0.0
268,87,1,0.0,0.0,0.0,0.0
894,167,3,0.0,0.0,0.0,0.0
962,219,3,0.0,0.0,0.0,0.0
388,418,2,0.0,0.0,0.0,0.0
821,317,1,0.0,0.0,0.0,0.0
162,231,5,0.0,0.0,0.0,0.0
700,252,4,1.0,0.0,0.0,0.0
61,295,5,0.0,0.0,0.0,0.0
296,121,2,0.0,0.0,0.0,1.0
440,146,3,0.0,0.0,0.0,0.0
229,435,2,0.0,0.0,0.0,0.0
722,428,4,0.0,0.0,0.0,0.0
965,266,2,0.0,0.0,0.0,0.0
123,477,5,0.0,0.0,0.0,0.0
430,205,1,0.0,0.0,0.0,0.0
155,240,4,0.0,0.0,0.0,1.0
671,373,3,0.0,0.0,0.0,0.0
981,263,4,0.0,0.0,0.0,0.0
787,116,1,1.0,1.0,0.0,0.0
843,270,3,1.0,0.0,0.0,0.0
682,431,5,0.0,0.0,0.0,0.0
450,108,4,0.0,0.0,0.0,0.0
854,427,5,1.0,0.0,0.0,0.0
216,43,5,0.0,0.0,0.0,0.0
287,193,1,0.0,0.0,0.0,0.0
109,239,5,0.0,0.0,0.0,1.0
841,203,2,0.0,0.0,0.0,0.0
108,466,2,0.0,0.0,0.0,0.0
52,348,1,0.0,0.0,0.0,0.0
29,260,2,0.0,0.0,0.0,0.0
917,43,5,0.0,0.0,0.0,0.0
964,418,1,1.0,0.0,1.0,0.0
617,97,4,0.0,0.0,0.0,0.0
657,426,2,0.0,0.0,0.0,0.0
596,147,1,0.0,0.0,0.0,0.0
528,408,3,0.0,0.0,0.0,0.0
720,159,5,0.0,0.0,0.0,0.0
665,33,3,0.0,0.0,0.0,0.0
182,284,2,0.0,0.0,0.0,0.0
131,8,4,0.0,0.0,0.0,0.0
124,53,4,0.0,0.0,0.0,0.0
293,215,5,0.0,0.0,0.0,0.0
552,472,5,0.0,0.0,0.0,0.0
911,477,1,0.0,0.0,0.0,0.0
910,236,5,0.0,0.0,0.0,0.0
703,160,3,0.0,0.0,0.0,0.0
315,5,3,0.0,0.0,0.0,0.0
854,220,4,0.0,0.0,0.0,0.0
54,167,4,0.0,0.0,0.0,0.0
545,296,4,0.0,0.0,0.0,0.0
561,440,2,0.0,0.0,0.0,0.0
449,211,5,0.0,0.0,0.0,0.0
958,320,5,0.0,0.0,0.0,0.0
224,416,2,0.0,0.0,0.0,0.0
713,241,2,0.0,0.0,0.0,0.0
865,443,4,0.0,0.0,0.0,0.0
648,224,3,0.0,0.0,0.0,0.0
956,258,3,0.0,0.0,0.0,0.0
519,37,5,0.0,0.0,0.0,0.0
625,83,5,0.0,0.0,0.0,0.0
634,12,3,0.0,0.0,0.0,0.0
316,472,3,0.0,0.0,0.0,0.0
823,452,1,0.0,0.0,0.0,0.0
271,348,4,0.0,0.0,0.0,0.0
996,247,5,0.0,0.0,0.0,0.0
871,313,1,0.0,0.0,0.0,0.0
924,21,1,0.0,0.0,0.0,0.0
782,184,5,0.0,0.0,0.0,0.0
102,358,1,0.0,0.0,0.0,0.0
165,380,1,0.0,0.0,0.0,0.0
664,42,1,0.0,0.0,0.0,1.0
817,273,5,0.0,0.0,0.0,0.0
461,308,2,0.0,0.0,0.0,0.0
993,319,1,1.0,0.0,0.0,0.0
601,193,4,1.0,1.0,0.0,0.0
179,75,1,0.0,0.0,0.0,0.0
517,335,3,0.0,0.0,0.0,0.0
252,280,1,0.0,0.0,0.0,0.0
152,344,5,0.0,0.0,0.0,0.0
971,236,5,0.0,0.0,0.0,0.0
257,256,3,1.0,0.0,0.0,0.0
938,182,4,0.0,0.0,0.0,0.0
320,124,5,0.0,0.0,0.0,0.0
170,68,2,0.0,0.0,0.0,0.0
113,34,2,1.0,0.0,0.0,0.0
430,115,2,0.0,0.0,0.0,0.0
506,134,5,0.0,0.0,0.0,0.0
740,36,3,0.0,0.0,0.0,0.0
765,220,1,0.0,0.0,0.0,0.0
888,244,4,0.0,0.0,0.0,1.0
118,460,3,0.0,0.0,0.0,0.0
224,333,5,0.0,0.0,0.0,0.0
746,58,1,0.0,0.0,0.0,0.0
117,335,5,0.0,0.0,0.0,0.0
335,37,5,0.0,0.0,0.0,0.0
911,245,1,0.0,0.0,0.0,0.0
862,96,1,0.0,0.0,0.0,0.0
153,254,4,0.0,0.0,0.0,0.0
482,56,4,0.0,0.0,0.0,0.0
743,495,4,0.0,0.0,0.0,0.0
538,260,2,0.0,0.0,0.0,0.0
142,328,3,0.0,0.0,0.0,0.0
378,35,5,0.0,0.0,0.0,0.0
486,495,1,1.0,1.0,0.0,0.0
36,57,1,0.0,0.0,0.0,0.0
81,28,1,0.0,0.0,0.0,0.0
241,193,2,0.0,0.0,0.0,0.0
72,22,5,0.0,0.0,0.0,0.0
591,79,3,0.0,0.0,0.0,0.0
243,80,4,0.0,0.0,0.0,0.0
541,17,5,0.0,0.0,0.0,0.0
637,428,5,1.0,0.0,0.0,0.0
145,233,2,0.0,0.0,0.0,1.0
740,270,2,0.0,0.0,0.0,0.0
938,301,4,0.0,0.0,0.0,0.0
198,430,5,0.0,0.0,0.0,0.0
902,493,5,0.0,0.0,0.0,0.0
402,163,5,0.0,0.0,0.0,0.0
441,311,1,0.0,0.0,0.0,0.0
975,267,4,0.0,0.0,0.0,0.0
426,48,3,0.0,0.0,0.0,0.0
600,215,5,0.0,0.0,0.0,0.0
668,353,2,0.0,0.0,0.0,0.0
608,206,5,0.0,0.0,0.0,0.0
965,414,4,0.0,0.0,0.0,0.0
523,308,4,0.0,0.0,0.0,0.0
368,139,1,0.0,0.0,0.0,0.0
193,185,2,1.0,1.0,0.0,0.0
555,115,2,0.0,0.0,0.0,0.0
459,154,4,0.0,0.0,0.0,0.0
267,313,1,0.0,0.0,0.0,0.0
812,62,3,0.0,0.0,0.0,0.0
110,62,1,0.0,0.0,0.0,0.0
397,343,5,0.0,0.0,0.0,0.0
451,355,3,0.0,0.0,0.0,0.0
196,214,1,0.0,0.0,0.0,0.0
575,103,1,1.0,0.0,1.0,0.0
585,169,5,0.0,0.0,0.0,0.0
719,27,1,0.0,0.0,0.0,0.0
431,280,2,0.0,0.0,0.0,0.0
530,249,5,0.0,0.0,0.0,0.0
834,497,5,0.0,0.0,0.0,0.0
827,76,3,0.0,0.0,0.0,0.0
164,448,1,0.0,0.0,0.0,0.0
422,492,5,0.0,0.0,0.0,0.0
203,396,3,0.0,0.0,0.0,0.0
669,82,2,0.0,0.0,0.0,0.0
467,268,2,0.0,0.0,0.0,0.0
431,339,4,1.0,0.0,0.0,0.0
885,29,5,1.0,0.0,1.0,0.0
527,397,1,2.0,1.0,0.0,0.0
266,125,5,0.0,0.0,0.0,0.0
243,450,4,0.0,0.0,0.0,0.0
371,255,2,0.0,0.0,0.0,0.0
226,152,1,1.0,0.0,0.0,0.0
164,305,2,0.0,0.0,0.0,0.0
41,455,1,0.0,0.0,0.0,0.0
666,19,2,0.0,0.0,0.0,0.0
592,112,1,0.0,0.0,0.0,0.0
203,341,2,0.0,0.0,0.0,0.0
585,284,3,0.0,0.0,0.0,0.0
546,467,5,0.0,0.0,0.0,0.0
941,332,5,1.0,1.0,0.0,0.0
421,376,1,0.0,0.0,0.0,0.0
923,51,1,0.0,0.0,0.0,0.0
338,427,3,0.0,0.0,0.0,0.0
122,236,3,0.0,0.0,0.0,0.0
734,382,5,0.0,0.0,0.0,1.0
678,84,5,0.0,0.0,0.0,0.0
793,50,1,0.0,0.0,0.0,0.0
166,311,3,0.0,0.0,0.0,0.0
703,219,3,0.0,0.0,0.0,0.0
676,28,2,0.0,0.0,0.0,0.0
189,265,2,0.0,0.0,0.0,0.0
728,382,1,0.0,0.0,0.0,0.0
629,396,5,0.0,0.0,0.0,0.0
284,107,4,0.0,0.0,0.0,0.0
369,272,4,1.0,0.0,0.0,0.0
223,242,3,0.0,0.0,0.0,0.0
863,197,5,0.0,0.0,0.0,0.0
390,271,3,2.0,1.0,0.0,0.0
812,160,2,0.0,0.0,0.0,0.0
602,257,5,0.0,0.0,0.0,0.0
931,166,2,1.0,1.0,0.0,1.0
894,352,3,0.0,0.0,0.0,0.0
902,481,5,0.0,0.0,0.0,0.0
439,4,5,0.0,0.0,0.0,0.0
353,284,5,1.0,1.0,0.0,0.0
21,301,1,0.0,0.0,0.0,0.0
61,463,5,0.0,0.0,0.0,0.0
928,264,2,0.0,0.0,0.0,0.0
123,203,3,0.0,0.0,0.0,0.0
686,45,1,0.0,0.0,0.0,0.0
950,324,3,0.0,0.0,0.0,0.0
333,218,1,0.0,0.0,0.0,0.0
535,178,1,0.0,0.0,0.0,1.0
138,392,1,0.0,0.0,0.0,0.0
136,13,5,1.0,0.0,0.0,0.0
850,1,4,0.0,0.0,0.0,0.0
494,160,5,0.0,0.0,0.0,0.0
5,13,4,0.0,0.0,0.0,0.0
406,107,4,0.0,0.0,0.0,0.0
983,157,1,0.0,0.0,0.0,0.0
263,461,1,0.0,0.0,0.0,0.0
937,238,2,0.0,0.0,0.0,0.0
849,62,3,0.0,0.0,0.0,0.0
452,363,5,0.0,0.0,0.0,0.0
208,493,2,0.0,0.0,0.0,0.0
440,216,1,0.0,0.0,0.0,0.0
990,223,4,1.0,1.0,0.0,0.0
621,267,4,0.0,0.0,0.0,0.0
51,41,4,0.0,0.0,0.0,0.0
932,288,5,0.0,0.0,0.0,0.0
659,177,4,0.0,0.0,0.0,0.0
915,186,5,0.0,0.0,0.0,0.0
706,85,2,0.0,0.0,0.0,0.0
273,140,2,0.0,0.0,0.0,0.0
494,114,5,0.0,0.0,0.0,0.0
789,117,3,0.0,0.0,0.0,0.0
871,476,3,0.0,0.0,0.0,0.0
841,322,2,0.0,0.0,0.0,0.0
665,129,5,0.0,0.0,0.0,0.0
617,362,5,0.0,0.0,0.0,0.0
348,83,2,0.0,0.0,0.0,0.0
985,455,2,0.0,0.0,0.0,0.0
587,358,1,0.0,0.0,0.0,0.0
822,440,2,0.0,0.0,0.0,0.0
714,350,5,0.0,0.0,0.0,0.0
447,67,5,0.0,0.0,0.0,0.0
20,214,2,1.0,0.0,0.0,0.0
708,379,1,0.0,0.0,0.0,0.0
974,19,2,0.0,0.0,0.0,0.0
996,221,5,0.0,0.0,0.0,0.0
509,341,3,0.0,0.0,0.0,0.0
524,52,1,0.0,0.0,0.0,0.0
291,248,4,0.0,0.0,0.0,0.0
669,193,3,0.0,0.0,0.0,0.0
227,9,1,0.0,0.0,0.0,0.0
647,376,5,1.0,0.0,0.0,0.0
802,422,1,0.0,0.0,0.0,0.0
332,10,3,0.0,0.0,0.0,0.0
330,67,3,0.0,0.0,0.0,0.0
996,475,3,0.0,0.0,0.0,0.0
706,454,5,0.0,0.0,0.0,0.0
208,162,2,0.0,0.0,0.0,0.0
957,395,2,0.0,0.0,0.0,0.0
123,136,5,1.0,0.0,0.0,0.0
833,224,3,0.0,0.0,0.0,0.0
750,42,2,0.0,0.0,0.0,0.0
766,18,5,0.0,0.0,0.0,0.0
969,399,5,0.0,0.0,0.0,0.0
601,280,4,0.0,0.0,0.0,0.0
20,273,4,0.0,0.0,0.0,0.0
110,176,3,0.0,0.0,0.0,0.0
626,418,1,0.0,0.0,0.0,0.0
324,191,2,0.0,0.0,0.0,0.0
939,171,4,0.0,0.0,0.0,0.0
304,138,1,0.0,0.0,0.0,0.0
446,233,4,0.0,0.0,0.0,0.0
109,89,5,0.0,0.0,0.0,0.0
97,146,3,0.0,0.0,0.0,0.0
941,283,4,0.0,0.0,0.0,0.0
1,86,4,0.0,0.0,0.0,0.0
866,353,1,1.0,0.0,0.0,0.0
571,412,1,0.0,0.0,0.0,0.0
48,169,1,0.0,0.0,0.0,0.0
46,116,5,0.0,0.0,0.0,0.0
112,95,2,0.0,0.0,0.0,0.0
132,500,4,0.0,0.0,0.0,0.0
418,132,1,0.0,0.0,0.0,0.0
743,112,2,0.0,0.0,0.0,0.0
108,15,3,0.0,0.0,0.0,0.0
148,89,5,0.0,0.0,0.0,0.0
524,92,3,0.0,0.0,0.0,0.0
241,391,1,0.0,0.0,0.0,0.0
978,27,1,0.0,0.0,0.0,0.0
477,477,3,0.0,0.0,0.0,0.0
752,404,3,0.0,0.0,0.0,0.0
310,93,1,0.0,0.0,0.0,0.0
22,211,3,0.0,0.0,0.0,0.0
849,280,2,0.0,0.0,0.0,0.0
953,398,2,0.0,0.0,0.0,0.0
410,233,2,0.0,0.0,0.0,0.0
85,206,2,0.0,0.0,0.0,0.0
38,364,4,0.0,0.0,0.0,0.0
549,149,4,0.0,0.0,0.0,0.0
959,36,3,0.0,0.0,0.0,0.0
661,194,1,1.0,0.0,1.0,0.0
690,176,5,0.0,0.0,0.0,0.0
578,157,2,0.0,0.0,0.0,0.0
443,100,3,0.0,0.0,0.0,0.0
38,450,5,0.0,0.0,0.0,0.0
498,409,3,1.0,0.0,0.0,0.0
817,202,3,0.0,0.0,0.0,0.0
901,360,2,0.0,0.0,0.0,0.0
468,4,2,0.0,0.0,0.0,0.0
990,254,1,0.0,0.0,0.0,0.0
347,285,1,0.0,0.0,0.0,0.0
478,252,2,1.0,0.0,0.0,0.0
640,492,3,0.0,0.0,0.0,0.0
532,241,1,0.0,0.0,0.0,0.0
762,140,3,0.0,0.0,0.0,0.0
398,494,2,0.0,0.0,0.0,0.0
573,103,5,0.0,0.0,0.0,0.0
28,102,4,0.0,0.0,0.0,0.0
962,445,5,0.0,0.0,0.0,0.0
52,320,3,0.0,0.0,0.0,0.0
743,449,3,0.0,0.0,0.0,0.0
463,394,4,0.0,0.0,0.0,0.0
602,298,4,0.0,0.0,0.0,0.0
237,450,3,0.0,0.0,0.0,0.0
220,412,5,0.0,0.0,0.0,0.0
342,450,4,1.0,1.0,0.0,0.0
427,363,3,0.0,0.0,0.0,0.0
100,447,3,0.0,0.0,0.0,0.0
394,396,1,0.0,0.0,0.0,0.0
60,77,3,1.0,1.0,0.0,0.0
824,219,2,0.0,0.0,0.0,0.0
56,436,3,0.0,0.0,0.0,0.0
360,325,2,0.0,0.0,0.0,0.0
818,184,5,0.0,0.0,0.0,0.0
400,270,4,0.0,0.0,0.0,0.0
57,299,2,0.0,0.0,0.0,0.0
216,102,4,0.0,0.0,0.0,0.0
53,152,3,0.0,0.0,0.0,0.0
272,267,5,0.0,0.0,0.0,0.0
231,65,4,0.0,0.0,0.0,0.0
766,189,2,0.0,0.0,0.0,0.0
284,36,4,0.0,0.0,0.0,0.0
299,259,2,0.0,0.0,0.0,0.0
697,208,2,1.0,0.0,0.0,0.0
646,148,2,0.0,0.0,0.0,0.0
194,22,4,0.0,0.0,0.0,0.0
438,459,5,1.0,1.0,0.0,0.0
668,422,3,0.0,0.0,0.0,0.0
436,134,3,0.0,0.0,0.0,0.0
649,312,1,0.0,0.0,0.0,0.0
469,33,5,0.0,0.0,0.0,0.0
944,204,1,1.0,1.0,0.0,0.0
390,346,5,0.0,0.0,0.0,0.0
221,71,2,0.0,0.0,0.0,0.0
521,147,5,0.0,0.0,0.0,0.0
539,482,5,0.0,0.0,0.0,0.0
544,198,5,0.0,0.0,0.0,0.0
984,372,1,1.0,0.0,0.0,0.0
730,110,4,1.0,0.0,0.0,0.0
260,497,1,0.0,0.0,0.0,0.0
502,280,4,0.0,0.0,0.0,0.0
514,97,1,0.0,0.0,0.0,0.0
923,139,3,0.0,0.0,0.0,0.0
818,232,5,0.0,0.0,0.0,0.0
682,291,3,0.0,0.0,0.0,0.0
768,44,4,0.0,0.0,0.0,0.0
270,213,4,0.0,0.0,0.0,0.0
742,55,4,0.0,0.0,0.0,0.0
847,448,5,0.0,0.0,0.0,0.0
946,387,2,0.0,0.0,0.0,0.0
479,296,2,0.0,0.0,0.0,0.0
696,60,3,0.0,0.0,0.0,0.0
537,38,5,0.0,0.0,0.0,0.0
571,286,1,0.0,0.0,0.0,0.0
753,307,4,0.0,0.0,0.0,0.0
777,253,4,0.0,0.0,0.0,0.0
570,379,3,0.0,0.0,0.0,0.0
702,121,5,1.0,0.0,0.0,0.0
927,88,1,1.0,0.0,0.0,0.0
18,43,1,0.0,0.0,0.0,0.0
463,262,1,0.0,0.0,0.0,0.0
417,390,3,0.0,0.0,0.0,0.0
549,416,2,0.0,0.0,0.0,0.0
77,239,2,0.0,0.0,0.0,0.0
753,484,3,0.0,0.0,0.0,0.0
150,149,3,0.0,0.0,0.0,0.0
970,184,5,1.0,0.0,1.0,0.0
631,176,1,0.0,0.0,0.0,0.0
823,21,4,0.0,0.0,0.0,0.0
885,184,4,0.0,0.0,0.0,0.0
5,131,2,0.0,0.0,0.0,0.0
695,247,1,1.0,0.0,0.0,0.0
799,101,5,0.0,0.0,0.0,0.0
200,357,4,0.0,0.0,0.0,0.0
874,292,5,0.0,0.0,0.0,0.0
528,312,4,0.0,0.0,0.0,0.0
185,32,3,0.0,0.0,0.0,0.0
698,26,1,0.0,0.0,0.0,0.0
345,478,5,0.0,0.0,0.0,0.0
331,265,2,0.0,0.0,0.0,0.0
814,311,2,0.0,0.0,0.0,0.0
802,427,3,0.0,0.0,0.0,0.0
125,313,4,0.0,0.0,0.0,0.0
567,11,3,0.0,0.0,0.0,0.0
135,34,4,0.0,0.0,0.0,0.0
485,376,4,0.0,0.0,0.0,0.0
185,193,2,0.0,0.0,0.0,0.0
592,259,4,0.0,0.0,0.0,0.0
446,106,4,0.0,0.0,0.0,0.0
945,446,2,0.0,0.0,0.0,0.0
44,133,5,0.0,0.0,0.0,0.0
721,311,5,1.0,0.0,0.0,0.0
105,270,1,0.0,0.0,0.0,0.0
488,82,4,0.0,0.0,0.0,0.0
780,482,3,0.0,0.0,0.0,1.0
818,333,4,1.0,1.0,0.0,0.0
600,414,1,0.0,0.0,0.0,0.0
729,183,2,0.0,0.0,0.0,0.0
575,119,5,0.0,0.0,0.0,0.0
990,214,2,0.0,0.0,0.0,0.0
468,381,2,0.0,0.0,0.0,0.0
19,190,4,0.0,0.0,0.0,0.0
263,225,3,0.0,0.0,0.0,0.0
927,305,1,0.0,0.0,0.0,0.0
189,199,2,0.0,0.0,0.0,0.0
550,463,3,0.0,0.0,0.0,0.0
191,56,1,0.0,0.0,0.0,0.0
535,302,1,0.0,0.0,0.0,0.0
868,239,3,0.0,0.0,0.0,0.0
542,70,5,0.0,0.0,0.0,0.0
8,65,5,0.0,0.0,0.0,0.0
207,49,1,1.0,1.0,0.0,0.0
86,285,1,0.0,0.0,0.0,0.0
256,485,4,0.0,0.0,0.0,0.0
400,430,2,0.0,0.0,0.0,0.0
825,224,4,0.0,0.0,0.0,0.0
372,359,2,0.0,0.0,0.0,0.0
51,74,5,2.0,1.0,0.0,0.0
692,166,3,0.0,0.0,0.0,0.0
524,498,1,0.0,0.0,0.0,0.0
911,80,1,0.0,0.0,0.0,0.0
38,385,2,0.0,0.0,0.0,0.0
831,404,4,0.0,0.0,0.0,0.0
938,373,4,0.0,0.0,0.0,0.0
107,494,4,1.0,0.0,0.0,0.0
185,499,2,0.0,0.0,0.0,0.0
789,313,3,0.0,0.0,0.0,0.0
751,396,1,0.0,0.0,0.0,0.0
649,236,5,0.0,0.0,0.0,0.0
425,228,2,0.0,0.0,0.0,0.0
860,131,3,0.0,0.0,0.0,0.0
652,323,3,0.0,0.0,0.0,0.0
609,318,5,0.0,0.0,0.0,0.0
420,104,5,0.0,0.0,0.0,0.0
981,325,5,0.0,0.0,0.0,0.0
87,249,4,1.0,0.0,0.0,0.0
526,126,1,0.0,0.0,0.0,0.0
215,149,2,0.0,0.0,0.0,0.0
13,123,3,0.0,0.0,0.0,0.0
103,447,3,0.0,0.0,0.0,0.0
258,121,4,0.0,0.0,0.0,0.0
291,217,5,0.0,0.0,0.0,0.0
65,410,3,0.0,0.0,0.0,0.0
137,126,1,0.0,0.0,0.0,0.0
796,272,4,0.0,0.0,0.0,0.0
970,227,2,0.0,0.0,0.0,0.0
514,443,1,0.0,0.0,0.0,0.0
344,114,3,0.0,0.0,0.0,0.0
857,331,4,0.0,0.0,0.0,0.0
37,79,4,0.0,0.0,0.0,0.0
166,444,4,1.0,0.0,0.0,0.0
282,9,2,0.0,0.0,0.0,0.0
804,45,5,0.0,0.0,0.0,0.0
29,144,1,0.0,0.0,0.0,0.0
876,45,4,0.0,0.0,0.0,0.0
477,332,1,0.0,0.0,0.0,0.0
84,93,4,0.0,0.0,0.0,0.0
903,412,4,0.0,0.0,0.0,0.0
527,358,5,0.0,0.0,0.0,0.0
73,11,2,0.0,0.0,0.0,0.0
624,83,5,0.0,0.0,0.0,0.0
389,218,5,1.0,1.0,0.0,0.0
383,322,4,0.0,0.0,0.0,0.0
572,484,2,0.0,0.0,0.0,0.0
293,197,3,0.0,0.0,0.0,0.0
436,278,1,0.0,0.0,0.0,0.0
82,215,5,0.0,0.0,0.0,1.0
309,85,3,0.0,0.0,0.0,0.0
138,339,2,0.0,0.0,0.0,0.0
36,165,3,1.0,1.0,0.0,0.0
694,488,4,0.0,0.0,0.0,0.0
632,438,3,0.0,0.0,0.0,0.0
119,121,5,0.0,0.0,0.0,0.0
923,377,5,0.0,0.0,0.0,0.0
283,353,4,0.0,0.0,0.0,0.0
537,241,1,1.0,0.0,1.0,0.0
739,277,4,0.0,0.0,0.0,0.0
416,6,1,0.0,0.0,0.0,0.0
501,175,4,0.0,0.0,0.0,0.0
409,55,4,0.0,0.0,0.0,0.0
144,390,3,0.0,0.0,0.0,0.0
948,275,5,0.0,0.0,0.0,0.0
487,408,1,0.0,0.0,0.0,0.0
957,21,4,0.0,0.0,0.0,0.0
21,411,3,0.0,0.0,0.0,0.0
308,401,4,0.0,0.0,0.0,0.0
438,236,2,0.0,0.0,0.0,0.0
477,167,3,0.0,0.0,0.0,0.0
233,138,4,0.0,0.0,0.0,0.0
742,308,3,0.0,0.0,0.0,0.0
363,138,1,0.0,0.0,0.0,0.0
590,103,1,0.0,0.0,0.0,0.0
227,184,1,0.0,0.0,0.0,0.0
470,11,2,0.0,0.0,0.0,0.0
294,158,5,0.0,0.0,0.0,0.0
904,27,5,0.0,0.0,0.0,0.0
344,287,3,0.0,0.0,0.0,0.0
541,383,5,0.0,0.0,0.0,0.0
123,16,4,0.0,0.0,0.0,0.0
53,368,3,0.0,0.0,0.0,0.0
656,304,3,0.0,0.0,0.0,0.0
35,15,5,0.0,0.0,0.0,0.0
951,190,1,0.0,0.0,0.0,0.0
71,380,1,1.0,0.0,0.0,0.0
161,372,1,0.0,0.0,0.0,0.0
945,469,2,0.0,0.0,0.0,0.0
891,236,2,0.0,0.0,0.0,0.0
66,236,4,0.0,0.0,0.0,0.0
137,106,2,0.0,0.0,0.0,0.0
876,270,1,0.0,0.0,0.0,0.0
279,52,2,0.0,0.0,0.0,0.0
975,468,4,0.0,0.0,0.0,0.0
41,25,3,0.0,0.0,0.0,0.0
765,71,2,1.0,0.0,0.0,0.0
255,485,5,0.0,0.0,0.0,0.0
408,185,4,0.0,0.0,0.0,0.0
707,460,4,0.0,0.0,0.0,0.0
472,146,5,0.0,0.0,0.0,0.0
584,305,3,0.0,0.0,0.0,0.0
154,431,5,0.0,0.0,0.0,0.0
613,364,3,0.0,0.0,0.0,0.0
232,164,2,0.0,0.0,0.0,0.0
269,258,1,0.0,0.0,0.0,0.0
478,44,5,0.0,0.0,0.0,0.0
522,175,1,1.0,0.0,0.0,0.0
234,395,3,1.0,0.0,0.0,0.0
965,443,4,0.0,0.0,0.0,0.0
204,2,1,0.0,0.0,0.0,0.0
503,180,5,0.0,0.0,0.0,0.0
671,341,5,0.0,0.0,0.0,0.0
588,138,3,0.0,0.0,0.0,0.0
536,468,4,0.0,0.0,0.0,0.0
876,10,2,0.0,0.0,0.0,0.0
742,303,5,0.0,0.0,0.0,0.0
440,485,1,0.0,0.0,0.0,0.0
326,194,4,0.0,0.0,0.0,0.0
232,259,1,0.0,0.0,0.0,0.0
609,83,4,0.0,0.0,0.0,0.0
442,183,4,0.0,0.0,0.0,0.0
400,472,1,0.0,0.0,0.0,0.0
73,53,3,0.0,0.0,0.0,0.0
791,214,1,0.0,0.0,0.0,0.0
982,360,5,0.0,0.0,0.0,0.0
768,83,5,0.0,0.0,0.0,0.0
959,315,2,0.0,0.0,0.0,0.0
428,453,1,0.0,0.0,0.0,0.0
237,58,3,0.0,0.0,0.0,0.0
955,261,2,0.0,0.0,0.0,0.0
155,463,5,0.0,0.0,0.0,0.0
624,240,3,0.0,0.0,0.0,0.0
169,37,1,0.0,0.0,0.0,0.0
184,384,3,0.0,0.0,0.0,0.0
283,47,4,0.0,0.0,0.0,0.0
789,115,3,0.0,0.0,0.0,0.0
108,473,4,0.0,0.0,0.0,0.0
759,253,1,0.0,0.0,0.0,0.0
268,263,4,0.0,0.0,0.0,0.0
783,283,4,0.0,0.0,0.0,0.0
707,173,3,0.0,0.0,0.0,0.0
917,317,2,0.0,0.0,0.0,0.0
387,48,1,0.0,0.0,0.0,0.0
874,417,2,0.0,0.0,0.0,0.0
442,447,5,0.0,0.0,0.0,0.0
167,280,3,0.0,0.0,0.0,0.0
381,262,4,0.0,0.0,0.0,0.0
612,107,5,0.0,0.0,0.0,0.0
661,478,4,0.0,0.0,0.0,0.0
875,227,3,0.0,0.0,0.0,0.0
98,198,2,0.0,0.0,0.0,0.0
376,342,4,0.0,0.0,0.0,0.0
590,156,3,2.0,1.0,0.0,0.0
634,494,5,0.0,0.0,0.0,0.0
786,263,2,0.0,0.0,0.0,0.0
973,358,3,0.0,0.0,0.0,0.0
652,277,2,0.0,0.0,0.0,0.0
289,328,2,0.0,0.0,0.0,0.0
117,195,4,0.0,0.0,0.0,0.0
90,245,2,0.0,0.0,0.0,0.0
338,360,2,0.0,0.0,0.0,0.0
413,80,4,0.0,0.0,0.0,0.0
875,331,5,0.0,0.0,0.0,0.0
378,389,2,0.0,0.0,0.0,0.0
993,150,2,1.0,1.0,0.0,0.0
552,71,3,0.0,0.0,0.0,0.0
213,100,4,0.0,0.0,0.0,0.0
616,57,4,0.0,0.0,0.0,0.0
619,253,3,0.0,0.0,0.0,0.0
941,329,2,0.0,0.0,0.0,0.0
278,313,3,0.0,0.0,0.0,0.0
528,339,4,0.0,0.0,0.0,0.0
852,103,1,0.0,0.0,0.0,0.0
248,291,5,0.0,0.0,0.0,0.0
110,274,3,0.0,0.0,0.0,0.0
419,202,5,0.0,0.0,0.0,0.0
259,202,3,0.0,0.0,0.0,0.0
136,414,1,0.0,0.0,0.0,0.0
532,252,4,0.0,0.0,0.0,0.0
985,279,4,0.0,0.0,0.0,0.0
822,219,1,0.0,0.0,0.0,0.0
492,138,4,0.0,0.0,0.0,0.0
270,7,1,0.0,0.0,0.0,0.0
523,7,5,0.0,0.0,0.0,0.0
79,192,3,0.0,0.0,0.0,0.0
388,395,1,0.0,0.0,0.0,0.0
940,162,3,0.0,0.0,0.0,0.0
219,210,2,0.0,0.0,0.0,0.0
85,388,4,0.0,0.0,0.0,0.0
273,415,1,0.0,0.0,0.0,0.0
819,131,3,0.0,0.0,0.0,0.0
542,440,3,0.0,0.0,0.0,0.0
662,140,5,0.0,0.0,0.0,0.0
374,400,1,0.0,0.0,0.0,0.0
384,103,1,0.0,0.0,0.0,0.0
698,71,3,0.0,0.0,0.0,0.0
83,390,1,0.0,0.0,0.0,0.0
127,366,5,0.0,0.0,0.0,0.0
410,173,1,0.0,0.0,0.0,0.0
244,150,4,0.0,0.0,0.0,0.0
693,230,2,0.0,0.0,0.0,0.0
891,498,5,0.0,0.0,0.0,0.0
3,354,4,0.0,0.0,0.0,0.0
612,51,1,0.0,0.0,0.0,0.0
535,453,5,0.0,0.0,0.0,0.0
991,442,2,0.0,0.0,0.0,0.0
8,206,5,0.0,0.0,0.0,0.0
145,195,2,0.0,0.0,0.0,0.0
214,160,2,1.0,0.0,0.0,0.0
538,132,5,0.0,0.0,0.0,0.0
216,21,3,0.0,0.0,0.0,0.0
915,294,2,0.0,0.0,0.0,0.0
698,298,1,0.0,0.0,0.0,0.0
334,261,3,0.0,0.0,0.0,0.0
778,445,4,0.0,0.0,0.0,0.0
693,500,2,0.0,0.0,0.0,0.0
143,482,5,0.0,0.0,0.0,0.0
815,243,3,0.0,0.0,0.0,0.0
173,320,1,0.0,0.0,0.0,0.0
984,168,5,0.0,0.0,0.0,0.0
331,229,4,0.0,0.0,0.0,0.0
107,309,4,0.0,0.0,0.0,0.0
291,463,5,0.0,0.0,0.0,0.0
921,150,2,0.0,0.0,0.0,0.0
47,370,3,0.0,0.0,0.0,0.0
368,288,3,0.0,0.0,0.0,0.0
980,342,3,0.0,0.0,0.0,0.0
617,246,2,0.0,0.0,0.0,0.0
448,29,3,0.0,0.0,0.0,0.0
514,165,5,0.0,0.0,0.0,0.0
8,387,3,0.0,0.0,0.0,0.0
74,133,3,0.0,0.0,0.0,0.0
152,205,2,0.0,0.0,0.0,0.0
371,7,4,0.0,0.0,0.0,0.0
17,55,2,0.0,0.0,0.0,0.0
177,260,4,1.0,1.0,0.0,0.0
133,275,4,0.0,0.0,0.0,0.0
434,280,1,0.0,0.0,0.0,0.0
693,114,5,0.0,0.0,0.0,0.0
619,366,1,0.0,0.0,0.0,0.0
65,55,3,0.0,0.0,0.0,0.0
662,37,4,0.0,0.0,0.0,0.0
28,402,1,0.0,0.0,0.0,0.0
984,220,3,0.0,0.0,0.0,0.0
74,208,3,0.0,0.0,0.0,0.0
799,93,3,0.0,0.0,0.0,0.0
201,208,2,1.0,1.0,0.0,0.0
28,153,1,0.0,0.0,0.0,0.0
444,402,1,0.0,0.0,0.0,0.0
43,470,1,0.0,0.0,0.0,0.0
405,212,1,0.0,0.0,0.0,0.0
177,326,2,0.0,0.0,0.0,0.0
93,175,5,0.0,0.0,0.0,0.0
798,375,5,0.0,0.0,0.0,0.0
884,214,2,0.0,0.0,0.0,0.0
735,229,2,1.0,0.0,0.0,0.0
533,476,2,0.0,0.0,0.0,0.0
999,336,4,0.0,0.0,0.0,0.0
493,314,5,0.0,0.0,0.0,0.0
344,207,2,0.0,0.0,0.0,0.0
870,441,3,0.0,0.0,0.0,0.0
813,295,3,0.0,0.0,0.0,0.0
234,253,4,0.0,0.0,0.0,0.0
814,440,1,1.0,1.0,0.0,0.0
768,45,5,1.0,1.0,0.0,0.0
750,310,1,0.0,0.0,0.0,0.0
404,71,3,0.0,0.0,0.0,0.0
92,9,4,1.0,0.0,1.0,0.0
185,422,3,0.0,0.0,0.0,0.0
701,165,1,0.0,0.0,0.0,0.0
380,196,5,0.0,0.0,0.0,0.0
250,447,2,0.0,0.0,0.0,0.0
900,339,2,0.0,0.0,0.0,0.0
293,231,1,0.0,0.0,0.0,0.0
954,90,3,0.0,0.0,0.0,0.0
874,241,1,0.0,0.0,0.0,0.0
692,74,5,0.0,0.0,0.0,1.0
250,49,1,0.0,0.0,0.0,0.0
263,218,1,1.0,0.0,0.0,0.0
670,352,5,0.0,0.0,0.0,0.0
905,464,3,0.0,0.0,0.0,0.0
196,409,4,0.0,0.0,0.0,0.0
783,225,3,0.0,0.0,0.0,0.0
710,310,4,0.0,0.0,0.0,0.0
6,411,2,0.0,0.0,0.0,0.0
101,305,2,0.0,0.0,0.0,0.0
32,33,3,0.0,0.0,0.0,0.0
535,84,4,0.0,0.0,0.0,0.0
922,235,4,0.0,0.0,0.0,0.0
875,481,4,1.0,0.0,1.0,0.0
588,346,3,0.0,0.0,0.0,0.0
432,328,3,0.0,0.0,0.0,0.0
578,436,5,0.0,0.0,0.0,0.0
144,317,3,0.0,0.0,0.0,0.0
425,380,1,0.0,0.0,0.0,0.0
100,454,5,0.0,0.0,0.0,0.0
691,171,4,0.0,0.0,0.0,0.0
84,476,3,1.0,0.0,0.0,0.0
533,30,2,0.0,0.0,0.0,0.0
607,153,4,0.0,0.0,0.0,0.0
248,427,3,1.0,0.0,1.0,0.0
496,225,2,0.0,0.0,0.0,0.0
874,285,4,0.0,0.0,0.0,0.0
281,187,5,0.0,0.0,0.0,0.0
398,137,4,0.0,0.0,0.0,0.0
272,135,4,0.0,0.0,0.0,0.0
770,298,4,0.0,0.0,0.0,0.0
684,279,2,0.0,0.0,0.0,0.0
14,227,5,0.0,0.0,0.0,0.0
885,74,3,0.0,0.0,0.0,0.0
155,381,3,0.0,0.0,0.0,0.0
622,109,1,0.0,0.0,0.0,0.0
390,456,2,0.0,0.0,0.0,0.0
14,155,4,0.0,0.0,0.0,0.0
772,459,4,0.0,0.0,0.0,0.0
52,248,2,0.0,0.0,0.0,0.0
295,387,2,0.0,0.0,0.0,0.0
791,250,3,0.0,0.0,0.0,0.0
664,383,3,0.0,0.0,0.0,0.0
66,459,3,0.0,0.0,0.0,0.0
92,308,2,0.0,0.0,0.0,0.0
971,340,3,0.0,0.0,0.0,0.0
236,386,3,0.0,0.0,0.0,0.0
608,161,1,1.0,0.0,1.0,0.0
458,7,5,0.0,0.0,0.0,0.0
6,26,4,0.0,0.0,0.0,0.0
11,309,2,0.0,0.0,0.0,0.0
492,436,1,0.0,0.0,0.0,0.0
519,195,1,0.0,0.0,0.0,0.0
129,323,1,0.0,0.0,0.0,0.0
732,472,4,1.0,1.0,0.0,0.0
230,176,3,0.0,0.0,0.0,0.0
231,109,1,0.0,0.0,0.0,0.0
42,225,3,0.0,0.0,0.0,0.0
267,404,1,0.0,0.0,0.0,0.0
670,248,1,0.0,0.0,0.0,0.0
45,85,2,0.0,0.0,0.0,0.0
941,405,3,0.0,0.0,0.0,0.0
791,484,4,0.0,0.0,0.0,0.0
460,422,2,0.0,0.0,0.0,0.0
703,301,3,0.0,0.0,0.0,0.0
935,109,5,0.0,0.0,0.0,0.0
942,122,1,0.0,0.0,0.0,0.0
878,361,3,0.0,0.0,0.0,1.0
507,422,5,0.0,0.0,0.0,0.0
125,33,4,0.0,0.0,0.0,0.0
109,53,3,0.0,0.0,0.0,0.0
378,380,5,1.0,1.0,0.0,0.0
192,145,1,0.0,0.0,0.0,0.0
683,242,5,0.0,0.0,0.0,0.0
981,248,3,0.0,0.0,0.0,0.0
491,490,2,0.0,0.0,0.0,0.0
724,269,3,0.0,0.0,0.0,0.0
568,234,3,0.0,0.0,0.0,0.0
577,259,3,0.0,0.0,0.0,0.0
907,257,5,0.0,0.0,0.0,0.0
579,138,5,0.0,0.0,0.0,0.0
358,154,4,0.0,0.0,0.0,0.0
416,352,3,0.0,0.0,0.0,0.0
58,472,4,1.0,0.0,1.0,0.0
894,439,4,0.0,0.0,0.0,0.0
21,136,1,0.0,0.0,0.0,0.0
384,292,1,0.0,0.0,0.0,0.0
37,37,2,1.0,0.0,0.0,0.0
807,228,2,0.0,0.0,0.0,0.0
658,355,5,0.0,0.0,0.0,0.0
664,451,1,0.0,0.0,0.0,0.0
246,374,4,0.0,0.0,0.0,0.0
570,481,3,0.0,0.0,0.0,0.0
384,376,2,0.0,0.0,0.0,0.0
648,19,2,1.0,0.0,0.0,0.0
388,272,4,0.0,0.0,0.0,0.0
694,91,5,0.0,0.0,0.0,0.0
821,131,4,0.0,0.0,0.0,0.0
187,179,1,1.0,0.0,0.0,0.0
97,419,5,0.0,0.0,0.0,0.0
563,64,3,0.0,0.0,0.0,0.0
232,219,4,0.0,0.0,0.0,0.0
475,319,1,0.0,0.0,0.0,0.0
654,488,3,0.0,0.0,0.0,0.0
11,69,5,0.0,0.0,0.0,0.0
677,421,1,0.0,0.0,0.0,0.0
833,38,2,1.0,0.0,0.0,0.0
45,73,4,0.0,0.0,0.0,0.0
24,483,3,0.0,0.0,0.0,0.0
604,42,3,0.0,0.0,0.0,0.0
105,381,2,0.0,0.0,0.0,0.0
688,14,1,0.0,0.0,0.0,0.0
688,304,4,0.0,0.0,0.0,0.0
755,200,4,0.0,0.0,0.0,0.0
216,84,4,0.0,0.0,0.0,0.0
494,387,3,0.0,0.0,0.0,0.0
732,311,5,1.0,0.0,1.0,0.0
686,104,2,0.0,0.0,0.0,0.0
356,231,5,0.0,0.0,0.0,0.0
322,95,2,0.0,0.0,0.0,0.0
924,23,1,0.0,0.0,0.0,0.0
793,488,5,0.0,0.0,0.0,0.0
416,383,5,0.0,0.0,0.0,0.0
529,399,2,0.0,0.0,0.0,0.0
692,395,1,0.0,0.0,0.0,0.0
779,326,5,0.0,0.0,0.0,0.0
113,156,3,0.0,0.0,0.0,0.0
464,447,3,0.0,0.0,0.0,0.0
483,288,2,0.0,0.0,0.0,0.0
742,298,1,0.0,0.0,0.0,0.0
482,34,4,0.0,0.0,0.0,1.0
645,159,1,0.0,0.0,0.0,0.0
271,315,5,0.0,0.0,0.0,0.0
746,225,4,1.0,1.0,0.0,0.0
175,481,2,0.0,0.0,0.0,0.0
595,440,4,0.0,0.0,0.0,0.0
41,31,4,1.0,0.0,0.0,0.0
73,250,5,0.0,0.0,0.0,0.0
284,382,1,0.0,0.0,0.0,0.0
640,337,2,0.0,0.0,0.0,0.0
465,245,5,0.0,0.0,0.0,0.0
998,93,2,0.0,0.0,0.0,0.0
58,75,2,0.0,0.0,0.0,0.0
210,495,2,0.0,0.0,0.0,0.0
82,307,2,0.0,0.0,0.0,0.0
438,29,5,0.0,0.0,0.0,0.0
480,15,5,0.0,0.0,0.0,0.0
295,52,5,0.0,0.0,0.0,0.0
3,34,3,0.0,0.0,0.0,0.0
576,192,5,0.0,0.0,0.0,0.0
475,147,2,0.0,0.0,0.0,0.0
377,197,1,0.0,0.0,0.0,0.0
871,264,5,0.0,0.0,0.0,0.0
206,47,1,1.0,0.0,0.0,0.0
104,292,2,0.0,0.0,0.0,0.0
225,12,5,0.0,0.0,0.0,0.0
814,285,2,0.0,0.0,0.0,0.0
755,312,1,0.0,0.0,0.0,0.0
974,169,4,0.0,0.0,0.0,0.0
497,440,2,0.0,0.0,0.0,0.0
786,307,5,0.0,0.0,0.0,0.0
680,426,3,0.0,0.0,0.0,0.0
839,118,3,0.0,0.0,0.0,0.0
186,152,2,0.0,0.0,0.0,0.0
158,154,1,0.0,0.0,0.0,0.0
923,136,3,1.0,1.0,0.0,0.0
771,370,3,0.0,0.0,0.0,0.0
735,320,3,0.0,0.0,0.0,0.0
375,355,4,0.0,0.0,0.0,0.0
849,445,3,0.0,0.0,0.0,0.0
637,426,1,0.0,0.0,0.0,0.0
462,288,2,1.0,0.0,1.0,0.0
825,292,3,0.0,0.0,0.0,0.0
320,173,3,0.0,0.0,0.0,0.0
497,29,1,0.0,0.0,0.0,0.0
682,273,1,0.0,0.0,0.0,0.0
745,251,3,0.0,0.0,0.0,0.0
964,105,3,0.0,0.0,0.0,0.0
72,345,1,0.0,0.0,0.0,0.0
422,262,1,0.0,0.0,0.0,0.0
177,264,1,0.0,0.0,0.0,0.0
853,498,1,0.0,0.0,0.0,0.0
960,117,2,0.0,0.0,0.0,0.0
387,366,4,0.0,0.0,0.0,0.0
236,216,3,0.0,0.0,0.0,0.0
151,486,1,0.0,0.0,0.0,0.0
892,457,1,1.0,0.0,0.0,0.0
487,335,4,1.0,1.0,0.0,0.0
364,270,2,0.0,0.0,0.0,0.0
827,409,4,0.0,0.0,0.0,0.0
211,165,3,0.0,0.0,0.0,0.0
80,191,3,0.0,0.0,0.0,0.0
246,449,3,0.0,0.0,0.0,0.0
262,245,1,0.0,0.0,0.0,0.0
999,125,4,0.0,0.0,0.0,0.0
62,460,5,0.0,0.0,0.0,0.0
706,129,4,0.0,0.0,0.0,0.0
430,94,2,1.0,0.0,0.0,0.0
64,390,1,0.0,0.0,0.0,0.0
666,171,2,0.0,0.0,0.0,0.0
23,17,5,0.0,0.0,0.0,0.0
976,237,2,0.0,0.0,0.0,0.0
773,423,1,0.0,0.0,0.0,0.0
708,274,1,0.0,0.0,0.0,0.0
390,480,1,0.0,0.0,0.0,0.0
421,111,3,0.0,0.0,0.0,0.0
478,218,5,0.0,0.0,0.0,0.0
801,191,3,0.0,0.0,0.0,0.0
502,93,4,0.0,0.0,0.0,0.0
945,461,5,1.0,1.0,0.0,0.0
934,457,1,0.0,0.0,0.0,0.0
151,134,5,1.0,1.0,0.0,0.0
484,140,2,0.0,0.0,0.0,0.0
307,95,2,0.0,0.0,0.0,0.0
803,326,5,0.0,0.0,0.0,0.0
378,400,3,0.0,0.0,0.0,0.0
511,326,4,0.0,0.0,0.0,0.0
741,369,3,0.0,0.0,0.0,0.0
78,171,2,0.0,0.0,0.0,0.0
299,326,5,0.0,0.0,0.0,0.0
32,384,5,0.0,0.0,0.0,0.0
486,309,2,0.0,0.0,0.0,0.0
959,12,3,0.0,0.0,0.0,0.0
12,343,4,0.0,0.0,0.0,0.0
69,289,5,0.0,0.0,0.0,0.0
103,333,1,0.0,0.0,0.0,1.0
373,19,1,0.0,0.0,0.0,0.0
989,211,5,0.0,0.0,0.0,0.0
453,357,2,0.0,0.0,0.0,0.0
338,261,1,0.0,0.0,0.0,0.0
541,499,5,0.0,0.0,0.0,0.0
744,289,4,0.0,0.0,0.0,0.0
520,161,5,0.0,0.0,0.0,0.0
57,119,4,0.0,0.0,0.0,0.0
833,136,1,0.0,0.0,0.0,0.0
58,221,1,0.0,0.0,0.0,0.0
93,171,2,0.0,0.0,0.0,0.0
680,427,4,0.0,0.0,0.0,0.0
563,462,1,1.0,0.0,0.0,0.0
590,358,5,0.0,0.0,0.0,0.0
970,381,5,0.0,0.0,0.0,0.0
737,230,1,0.0,0.0,0.0,0.0
811,26,2,0.0,0.0,0.0,0.0
223,115,1,0.0,0.0,0.0,0.0
884,233,1,0.0,0.0,0.0,0.0
184,356,1,0.0,0.0,0.0,0.0
182,452,2,0.0,0.0,0.0,0.0
32,361,3,0.0,0.0,0.0,0.0
685,249,2,1.0,0.0,0.0,0.0
565,29,3,0.0,0.0,0.0,0.0
684,184,4,0.0,0.0,0.0,0.0
275,370,5,1.0,1.0,0.0,0.0
883,385,5,0.0,0.0,0.0,0.0
538,451,5,0.0,0.0,0.0,0.0
148,483,4,0.0,0.0,0.0,0.0
355,318,4,0.0,0.0,0.0,0.0
203,77,1,0.0,0.0,0.0,0.0
710,403,4,0.0,0.0,0.0,0.0
299,406,2,0.0,0.0,0.0,0.0
796,380,2,0.0,0.0,0.0,0.0
795,62,5,0.0,0.0,0.0,0.0
699,195,2,0.0,0.0,0.0,0.0
121,345,5,0.0,0.0,0.0,0.0
246,54,1,0.0,0.0,0.0,0.0
977,117,3,0.0,0.0,0.0,0.0
317,371,5,0.0,0.0,0.0,0.0
36,163,2,1.0,1.0,0.0,0.0
530,444,2,0.0,0.0,0.0,0.0
361,234,4,0.0,0.0,0.0,0.0
542,189,5,0.0,0.0,0.0,0.0
284,415,4,0.0,0.0,0.0,0.0
138,305,3,0.0,0.0,0.0,0.0
125,295,3,0.0,0.0,0.0,0.0
349,182,5,1.0,1.0,0.0,0.0
8,43,5,0.0,0.0,0.0,0.0
617,209,4,0.0,0.0,0.0,0.0
283,74,2,0.0,0.0,0.0,0.0
389,369,2,0.0,0.0,0.0,0.0
25,207,5,0.0,0.0,0.0,0.0
632,262,4,0.0,0.0,0.0,0.0
966,190,1,0.0,0.0,0.0,0.0
857,365,2,0.0,0.0,0.0,0.0
837,147,1,0.0,0.0,0.0,0.0
131,29,5,1.0,1.0,0.0,0.0
160,403,4,0.0,0.0,0.0,0.0
118,130,2,0.0,0.0,0.0,0.0
568,247,3,0.0,0.0,0.0,0.0
284,377,3,0.0,0.0,0.0,0.0
727,330,4,0.0,0.0,0.0,0.0
134,447,5,0.0,0.0,0.0,0.0
671,273,4,0.0,0.0,0.0,0.0
844,395,1,0.0,0.0,0.0,0.0
490,458,3,0.0,0.0,0.0,0.0
685,330,1,0.0,0.0,0.0,0.0
100,57,1,0.0,0.0,0.0,0.0
661,146,5,0.0,0.0,0.0,0.0
170,127,1,0.0,0.0,0.0,0.0
277,46,2,0.0,0.0,0.0,0.0
799,29,2,0.0,0.0,0.0,0.0
597,143,4,0.0,0.0,0.0,0.0
994,85,2,0.0,0.0,0.0,0.0
306,197,4,0.0,0.0,0.0,0.0
219,121,3,1.0,1.0,0.0,0.0
595,221,5,0.0,0.0,0.0,0.0
997,452,3,0.0,0.0,0.0,0.0
572,255,3,0.0,0.0,0.0,0.0
591,7,3,0.0,0.0,0.0,0.0
479,183,4,0.0,0.0,0.0,0.0
43,38,1,0.0,0.0,0.0,0.0
173,453,1,0.0,0.0,0.0,0.0
122,449,4,0.0,0.0,0.0,0.0
371,425,2,0.0,0.0,0.0,0.0
895,342,1,0.0,0.0,0.0,0.0
139,328,1,0.0,0.0,0.0,0.0
374,124,1,0.0,0.0,0.0,0.0
792,110,5,0.0,0.0,0.0,0.0
653,287,5,1.0,1.0,0.0,0.0
712,269,2,0.0,0.0,0.0,0.0
827,468,3,1.0,0.0,1.0,1.0
571,330,3,0.0,0.0,0.0,0.0
155,370,1,0.0,0.0,0.0,0.0
987,128,2,0.0,0.0,0.0,0.0
86,219,2,0.0,0.0,0.0,0.0
776,338,5,0.0,0.0,0.0,0.0
347,156,3,0.0,0.0,0.0,0.0
302,102,3,0.0,0.0,0.0,0.0
469,158,4,0.0,0.0,0.0,1.0
266,461,5,0.0,0.0,0.0,0.0
231,487,3,0.0,0.0,0.0,0.0
243,437,4,0.0,0.0,0.0,0.0
805,17,2,1.0,0.0,1.0,0.0
433,415,3,0.0,0.0,0.0,0.0
69,401,4,0.0,0.0,0.0,0.0
177,258,5,0.0,0.0,0.0,0.0
174,414,5,0.0,0.0,0.0,0.0
72,92,5,1.0,1.0,0.0,0.0
370,302,1,0.0,0.0,0.0,0.0
284,104,1,0.0,0.0,0.0,0.0
688,276,2,0.0,0.0,0.0,0.0
464,435,2,1.0,0.0,0.0,0.0
836,495,1,0.0,0.0,0.0,0.0
103,433,1,0.0,0.0,0.0,0.0
904,139,3,0.0,0.0,0.0,0.0
656,170,1,0.0,0.0,0.0,0.0
569,383,4,0.0,0.0,0.0,0.0
245,175,4,0.0,0.0,0.0,0.0
40,424,5,0.0,0.0,0.0,0.0
216,39,3,0.0,0.0,0.0,0.0
53,333,5,0.0,0.0,0.0,0.0
791,342,4,0.0,0.0,0.0,0.0
721,364,5,0.0,0.0,0.0,0.0
288,449,2,0.0,0.0,0.0,0.0
74,340,2,0.0,0.0,0.0,0.0
21,376,1,0.0,0.0,0.0,0.0
285,80,2,0.0,0.0,0.0,0.0
398,144,5,0.0,0.0,0.0,0.0
831,186,2,0.0,0.0,0.0,0.0
652,189,2,1.0,1.0,0.0,0.0
415,54,4,0.0,0.0,0.0,0.0
711,90,3,0.0,0.0,0.0,0.0
387,5,5,0.0,0.0,0.0,0.0
847,204,2,0.0,0.0,0.0,0.0
46,135,4,0.0,0.0,0.0,0.0
953,442,2,0.0,0.0,0.0,0.0
191,99,2,0.0,0.0,0.0,0.0
606,94,4,0.0,0.0,0.0,0.0
893,450,2,0.0,0.0,0.0,0.0
433,344,2,0.0,0.0,0.0,0.0
972,32,5,0.0,0.0,0.0,0.0
505,312,5,0.0,0.0,0.0,0.0
205,198,5,0.0,0.0,0.0,0.0
521,212,5,0.0,0.0,0.0,0.0
311,6,3,0.0,0.0,0.0,0.0
686,150,4,0.0,0.0,0.0,0.0
914,197,2,0.0,0.0,0.0,0.0
576,258,5,0.0,0.0,0.0,0.0
981,187,3,0.0,0.0,0.0,0.0
12,56,2,0.0,0.0,0.0,0.0
291,369,3,1.0,0.0,1.0,0.0
433,185,4,1.0,1.0,0.0,0.0
530,14,2,0.0,0.0,0.0,0.0
424,460,1,0.0,0.0,0.0,0.0
601,310,3,0.0,0.0,0.0,0.0
886,285,2,0.0,0.0,0.0,0.0
942,84,2,0.0,0.0,0.0,0.0
673,78,4,0.0,0.0,0.0,0.0
835,121,2,0.0,0.0,0.0,0.0
258,127,5,1.0,0.0,0.0,0.0
822,483,4,0.0,0.0,0.0,0.0
243,366,2,0.0,0.0,0.0,0.0
676,200,4,0.0,0.0,0.0,0.0
831,64,1,0.0,0.0,0.0,0.0
299,217,5,0.0,0.0,0.0,0.0
563,175,2,0.0,0.0,0.0,0.0
336,3,3,0.0,0.0,0.0,0.0
583,56,5,0.0,0.0,0.0,0.0
139,315,5,0.0,0.0,0.0,0.0
197,142,2,0.0,0.0,0.0,0.0
358,286,3,0.0,0.0,0.0,0.0
157,171,3,0.0,0.0,0.0,0.0
889,177,3,0.0,0.0,0.0,0.0
875,354,1,0.0,0.0,0.0,0.0
536,382,1,1.0,1.0,0.0,0.0
254,63,2,0.0,0.0,0.0,0.0
848,424,5,0.0,0.0,0.0,0.0
155,2,5,0.0,0.0,0.0,0.0
268,144,2,0.0,0.0,0.0,0.0
255,95,1,0.0,0.0,0.0,0.0
221,424,3,0.0,0.0,0.0,0.0
406,109,1,0.0,0.0,0.0,0.0
660,391,5,0.0,0.0,0.0,0.0
302,63,4,1.0,0.0,1.0,0.0
123,249,2,0.0,0.0,0.0,1.0
176,140,5,0.0,0.0,0.0,0.0
850,56,5,0.0,0.0,0.0,0.0
167,284,2,0.0,0.0,0.0,0.0
989,444,1,0.0,0.0,0.0,0.0
891,382,3,0.0,0.0,0.0,0.0
965,200,1,0.0,0.0,0.0,0.0
630,33,3,0.0,0.0,0.0,0.0
602,67,3,0.0,0.0,0.0,0.0
500,28,2,0.0,0.0,0.0,0.0
684,183,4,0.0,0.0,0.0,0.0
628,499,3,0.0,0.0,0.0,0.0
701,43,4,0.0,0.0,0.0,0.0
221,196,1,0.0,0.0,0.0,0.0
184,73,3,0.0,0.0,0.0,0.0
57,213,1,0.0,0.0,0.0,0.0
963,160,4,0.0,0.0,0.0,0.0
111,267,4,0.0,0.0,0.0,0.0
408,390,5,0.0,0.0,0.0,0.0
679,147,5,0.0,0.0,0.0,0.0
527,122,3,0.0,0.0,0.0,0.0
379,297,3,0.0,0.0,0.0,0.0
390,405,1,0.0,0.0,0.0,0.0
155,234,5,0.0,0.0,0.0,0.0
673,250,2,0.0,0.0,0.0,0.0
148,446,1,0.0,0.0,0.0,0.0
879,6,2,0.0,0.0,0.0,0.0
825,193,5,1.0,1.0,0.0,0.0
415,208,1,1.0,1.0,0.0,0.0
40,229,1,0.0,0.0,0.0,0.0
588,426,2,1.0,1.0,0.0,0.0
770,101,1,0.0,0.0,0.0,0.0
815,303,2,0.0,0.0,0.0,0.0
703,432,3,0.0,0.0,0.0,0.0
640,22,3,0.0,0.0,0.0,0.0
865,175,1,1.0,0.0,1.0,0.0
921,260,5,0.0,0.0,0.0,0.0
796,226,1,0.0,0.0,0.0,0.0
953,306,3,0.0,0.0,0.0,0.0
842,275,2,0.0,0.0,0.0,0.0
773,284,3,0.0,0.0,0.0,0.0
384,320,1,0.0,0.0,0.0,0.0
170,18,5,0.0,0.0,0.0,0.0
129,183,4,0.0,0.0,0.0,0.0
13,208,5,0.0,0.0,0.0,0.0
142,231,3,0.0,0.0,0.0,0.0
727,206,1,0.0,0.0,0.0,0.0
966,114,4,0.0,0.0,0.0,0.0
732,44,5,0.0,0.0,0.0,0.0
24,224,5,0.0,0.0,0.0,1.0
790,26,2,0.0,0.0,0.0,0.0
530,21,4,0.0,0.0,0.0,0.0
831,144,3,0.0,0.0,0.0,0.0
400,279,4,0.0,0.0,0.0,0.0
302,298,3,1.0,1.0,0.0,0.0
148,421,1,0.0,0.0,0.0,0.0
629,411,4,0.0,0.0,0.0,0.0
127,109,1,1.0,0.0,0.0,0.0
851,420,5,0.0,0.0,0.0,0.0
726,65,1,0.0,0.0,0.0,0.0
789,157,4,0.0,0.0,0.0,0.0
475,490,1,0.0,0.0,0.0,0.0
252,173,2,0.0,0.0,0.0,0.0
447,358,4,0.0,0.0,0.0,0.0
280,198,2,0.0,0.0,0.0,0.0
11,377,4,0.0,0.0,0.0,0.0
172,92,5,0.0,0.0,0.0,0.0
887,285,2,0.0,0.0,0.0,0.0
254,87,4,0.0,0.0,0.0,0.0
393,427,2,0.0,0.0,0.0,0.0
752,60,4,0.0,0.0,0.0,0.0
514,414,3,0.0,0.0,0.0,0.0
77,159,4,1.0,0.0,1.0,0.0
629,471,1,0.0,0.0,0.0,0.0
295,32,2,0.0,0.0,0.0,0.0
386,46,3,0.0,0.0,0.0,0.0
873,22,5,0.0,0.0,0.0,0.0
663,389,1,0.0,0.0,0.0,0.0
109,290,2,0.0,0.0,0.0,0.0
182,152,4,1.0,1.0,0.0,0.0
885,193,3,0.0,0.0,0.0,0.0
762,11,5,2.0,0.0,1.0,0.0
570,414,3,0.0,0.0,0.0,0.0
495,450,3,0.0,0.0,0.0,0.0
1,289,2,0.0,0.0,0.0,0.0
218,176,2,0.0,0.0,0.0,0.0
666,275,3,1.0,0.0,0.0,0.0
575,441,5,0.0,0.0,0.0,0.0
335,394,5,0.0,0.0,0.0,0.0
973,419,3,0.0,0.0,0.0,0.0
502,191,3,0.0,0.0,0.0,0.0
5,120,2,0.0,0.0,0.0,0.0
165,98,3,0.0,0.0,0.0,0.0
771,440,4,0.0,0.0,0.0,0.0
479,312,4,0.0,0.0,0.0,0.0
250,307,5,0.0,0.0,0.0,0.0
98,371,3,0.0,0.0,0.0,0.0
445,170,5,0.0,0.0,0.0,0.0
703,29,3,0.0,0.0,0.0,0.0
889,317,5,0.0,0.0,0.0,0.0
45,378,2,0.0,0.0,0.0,0.0
712,134,4,0.0,0.0,0.0,0.0
217,407,2,0.0,0.0,0.0,0.0
10,313,3,0.0,0.0,0.0,0.0
637,161,4,0.0,0.0,0.0,0.0
280,59,2,0.0,0.0,0.0,0.0
494,27,2,0.0,0.0,0.0,0.0
254,310,2,0.0,0.0,0.0,0.0
164,2,5,0.0,0.0,0.0,0.0
233,457,3,0.0,0.0,0.0,0.0
735,115,1,0.0,0.0,0.0,0.0
444,231,5,1.0,0.0,0.0,0.0
925,238,1,1.0,0.0,0.0,0.0
401,80,5,0.0,0.0,0.0,0.0
74,432,5,0.0,0.0,0.0,0.0
528,225,2,0.0,0.0,0.0,0.0
638,435,4,0.0,0.0,0.0,0.0
94,473,3,0.0,0.0,0.0,0.0
849,167,1,0.0,0.0,0.0,0.0
443,136,3,0.0,0.0,0.0,0.0
166,108,4,0.0,0.0,0.0,0.0
811,169,4,0.0,0.0,0.0,0.0
104,107,5,0.0,0.0,0.0,0.0
612,309,4,0.0,0.0,0.0,0.0
887,183,2,1.0,1.0,0.0,0.0
116,156,2,1.0,0.0,1.0,0.0
628,240,4,0.0,0.0,0.0,0.0
781,451,3,0.0,0.0,0.0,0.0
348,76,2,0.0,0.0,0.0,0.0
732,384,3,0.0,0.0,0.0,0.0
539,84,2,0.0,0.0,0.0,0.0
30,485,4,0.0,0.0,0.0,0.0
960,430,1,1.0,0.0,1.0,0.0
681,167,2,0.0,0.0,0.0,0.0
235,328,2,0.0,0.0,0.0,0.0
148,198,3,0.0,0.0,0.0,0.0
975,144,4,0.0,0.0,0.0,0.0
233,253,4,1.0,1.0,0.0,0.0
792,353,2,0.0,0.0,0.0,0.0
300,78,4,0.0,0.0,0.0,0.0
766,57,1,0.0,0.0,0.0,0.0
700,484,5,0.0,0.0,0.0,0.0
135,400,3,0.0,0.0,0.0,0.0
737,346,5,0.0,0.0,0.0,0.0
951,20,2,0.0,0.0,0.0,0.0
775,295,4,0.0,0.0,0.0,0.0
879,73,5,0.0,0.0,0.0,0.0
123,121,3,0.0,0.0,0.0,0.0
762,434,1,0.0,0.0,0.0,1.0
137,406,1,0.0,0.0,0.0,0.0
374,247,1,0.0,0.0,0.0,0.0
467,267,2,0.0,0.0,0.0,0.0
492,291,2,0.0,0.0,0.0,0.0
718,318,2,0.0,0.0,0.0,0.0
553,185,2,0.0,0.0,0.0,0.0
806,418,2,0.0,0.0,0.0,0.0
989,51,3,1.0,1.0,0.0,0.0
781,351,5,0.0,0.0,0.0,0.0
168,70,4,0.0,0.0,0.0,0.0
51,228,1,0.0,0.0,0.0,0.0
578,39,4,0.0,0.0,0.0,0.0
876,461,1,0.0,0.0,0.0,0.0
503,53,2,0.0,0.0,0.0,0.0
639,51,4,0.0,0.0,0.0,0.0
798,59,1,0.0,0.0,0.0,0.0
855,500,1,0.0,0.0,0.0,0.0
855,173,3,0.0,0.0,0.0,0.0
459,36,5,0.0,0.0,0.0,0.0
601,187,3,0.0,0.0,0.0,0.0
628,440,2,0.0,0.0,0.0,0.0
21,206,4,0.0,0.0,0.0,0.0
994,338,5,0.0,0.0,0.0,0.0
530,418,2,0.0,0.0,0.0,0.0
850,96,4,0.0,0.0,0.0,0.0
624,252,3,1.0,0.0,1.0,0.0
422,374,5,0.0,0.0,0.0,0.0
726,49,1,0.0,0.0,0.0,0.0
232,344,3,0.0,0.0,0.0,0.0
906,80,1,0.0,0.0,0.0,0.0
168,307,2,0.0,0.0,0.0,0.0
572,27,5,0.0,0.0,0.0,0.0
523,132,2,0.0,0.0,0.0,0.0
399,480,4,0.0,0.0,0.0,0.0
373,164,2,0.0,0.0,0.0,0.0
456,135,4,0.0,0.0,0.0,0.0
6,95,3,0.0,0.0,0.0,0.0
1,356,5,0.0,0.0,0.0,0.0
603,257,4,0.0,0.0,0.0,0.0
471,391,2,0.0,0.0,0.0,0.0
118,156,1,0.0,0.0,0.0,0.0
772,8,1,1.0,0.0,0.0,0.0
969,307,4,1.0,0.0,0.0,0.0
189,83,5,0.0,0.0,0.0,0.0
656,39,4,0.0,0.0,0.0,0.0
250,101,1,0.0,0.0,0.0,0.0
629,243,1,0.0,0.0,0.0,0.0
772,244,2,0.0,0.0,0.0,0.0
740,57,5,1.0,1.0,0.0,0.0
725,103,2,0.0,0.0,0.0,0.0
201,231,5,0.0,0.0,0.0,0.0
768,457,5,0.0,0.0,0.0,0.0
724,477,5,0.0,0.0,0.0,0.0
733,295,5,0.0,0.0,0.0,0.0
837,152,2,0.0,0.0,0.0,0.0
460,490,2,0.0,0.0,0.0,0.0
542,238,3,0.0,0.0,0.0,0.0
509,412,1,0.0,0.0,0.0,0.0
341,35,3,1.0,0.0,1.0,0.0
16,6,2,0.0,0.0,0.0,0.0
489,99,4,1.0,0.0,1.0,0.0
217,174,2,0.0,0.0,0.0,0.0
675,177,4,0.0,0.0,0.0,0.0
453,205,2,0.0,0.0,0.0,0.0
657,269,2,0.0,0.0,0.0,0.0
475,437,3,0.0,0.0,0.0,0.0
588,204,3,0.0,0.0,0.0,0.0
339,49,5,0.0,0.0,0.0,0.0
526,336,1,0.0,0.0,0.0,0.0
769,78,1,0.0,0.0,0.0,0.0
323,403,5,0.0,0.0,0.0,0.0
403,49,4,0.0,0.0,0.0,0.0
539,271,2,0.0,0.0,0.0,0.0
465,434,5,0.0,0.0,0.0,0.0
894,349,4,0.0,0.0,0.0,1.0
546,182,3,0.0,0.0,0.0,0.0
568,49,2,0.0,0.0,0.0,0.0
386,9,5,0.0,0.0,0.0,0.0
375,185,4,0.0,0.0,0.0,0.0
224,169,2,0.0,0.0,0.0,0.0
496,286,1,1.0,0.0,0.0,0.0
273,298,2,0.0,0.0,0.0,0.0
655,321,4,0.0,0.0,0.0,0.0
579,429,3,0.0,0.0,0.0,0.0
634,472,4,0.0,0.0,0.0,0.0
972,273,1,0.0,0.0,0.0,0.0
754,473,1,1.0,1.0,0.0,0.0
270,74,4,0.0,0.0,0.0,0.0
921,233,2,1.0,0.0,0.0,0.0
331,86,3,0.0,0.0,0.0,0.0
865,55,1,1.0,1.0,0.0,0.0
704,113,1,0.0,0.0,0.0,0.0
511,24,4,1.0,0.0,0.0,0.0
597,171,4,1.0,1.0,0.0,0.0
974,400,3,1.0,0.0,1.0,0.0
827,140,5,0.0,0.0,0.0,0.0
38,472,2,0.0,0.0,0.0,0.0
754,169,1,0.0,0.0,0.0,0.0
113,414,3,0.0,0.0,0.0,0.0
346,181,1,0.0,0.0,0.0,0.0
865,392,1,0.0,0.0,0.0,0.0
522,438,4,1.0,0.0,0.0,0.0
683,348,2,0.0,0.0,0.0,0.0
836,434,3,0.0,0.0,0.0,0.0
297,257,2,0.0,0.0,0.0,0.0
644,301,5,0.0,0.0,0.0,0.0
291,282,1,0.0,0.0,0.0,0.0
915,481,1,0.0,0.0,0.0,0.0
294,139,5,0.0,0.0,0.0,0.0
854,215,5,0.0,0.0,0.0,0.0
455,486,2,0.0,0.0,0.0,0.0
810,213,5,0.0,0.0,0.0,0.0
2,265,3,0.0,0.0,0.0,0.0
739,335,3,0.0,0.0,0.0,0.0
604,356,1,1.0,0.0,0.0,0.0
839,467,1,0.0,0.0,0.0,0.0
454,396,5,0.0,0.0,0.0,0.0
265,156,2,0.0,0.0,0.0,0.0
974,209,2,0.0,0.0,0.0,0.0
648,11,4,0.0,0.0,0.0,0.0
683,432,3,0.0,0.0,0.0,0.0
349,291,4,0.0,0.0,0.0,0.0
952,38,1,0.0,0.0,0.0,0.0
63,54,5,0.0,0.0,0.0,0.0
781,483,2,0.0,0.0,0.0,0.0
992,367,2,0.0,0.0,0.0,0.0
332,151,1,0.0,0.0,0.0,0.0
232,412,5,0.0,0.0,0.0,0.0
238,38,5,0.0,0.0,0.0,0.0
712,410,3,0.0,0.0,0.0,0.0
943,23,3,0.0,0.0,0.0,0.0
676,232,3,0.0,0.0,0.0,0.0
866,477,3,0.0,0.0,0.0,0.0
651,192,2,0.0,0.0,0.0,0.0
287,47,3,0.0,0.0,0.0,0.0
526,149,2,0.0,0.0,0.0,0.0
476,434,3,0.0,0.0,0.0,0.0
260,126,3,0.0,0.0,0.0,0.0
158,241,5,0.0,0.0,0.0,0.0
713,94,1,0.0,0.0,0.0,0.0
583,34,4,0.0,0.0,0.0,0.0
593,300,3,0.0,0.0,0.0,0.0
630,123,5,0.0,0.0,0.0,0.0
391,198,4,0.0,0.0,0.0,0.0
954,248,4,0.0,0.0,0.0,0.0
313,273,1,0.0,0.0,0.0,0.0
752,413,5,0.0,0.0,0.0,0.0
43,137,5,0.0,0.0,0.0,0.0
541,5,3,0.0,0.0,0.0,0.0
938,473,1,0.0,0.0,0.0,0.0
9,197,2,1.0,1.0,0.0,0.0
249,458,2,0.0,0.0,0.0,0.0
56,191,4,0.0,0.0,0.0,0.0
103,484,4,2.0,1.0,0.0,0.0
217,322,2,1.0,1.0,0.0,0.0
760,129,5,0.0,0.0,0.0,0.0
586,66,5,0.0,0.0,0.0,0.0
484,220,3,1.0,0.0,0.0,0.0
518,500,5,0.0,0.0,0.0,0.0
556,485,2,0.0,0.0,0.0,0.0
30,266,5,0.0,0.0,0.0,0.0
349,498,2,0.0,0.0,0.0,0.0
110,293,4,0.0,0.0,0.0,0.0
161,219,1,0.0,0.0,0.0,0.0
412,15,4,0.0,0.0,0.0,0.0
922,430,4,0.0,0.0,0.0,0.0
273,204,5,0.0,0.0,0.0,0.0
616,178,1,0.0,0.0,0.0,0.0
721,482,1,0.0,0.0,0.0,0.0
447,205,1,0.0,0.0,0.0,0.0
125,418,1,0.0,0.0,0.0,1.0
594,290,2,0.0,0.0,0.0,0.0
564,97,5,0.0,0.0,0.0,0.0
664,288,4,0.0,0.0,0.0,0.0
409,124,3,0.0,0.0,0.0,0.0
175,194,1,0.0,0.0,0.0,0.0
397,160,3,0.0,0.0,0.0,0.0
667,139,5,0.0,0.0,0.0,0.0
196,442,2,0.0,0.0,0.0,0.0
589,269,3,0.0,0.0,0.0,0.0
662,93,1,0.0,0.0,0.0,0.0
969,224,1,0.0,0.0,0.0,0.0
628,35,3,0.0,0.0,0.0,0.0
581,148,3,0.0,0.0,0.0,0.0
681,379,5,0.0,0.0,0.0,0.0
667,130,3,0.0,0.0,0.0,0.0
652,51,2,1.0,1.0,0.0,0.0
389,77,3,0.0,0.0,0.0,0.0
697,298,2,0.0,0.0,0.0,0.0
572,229,2,0.0,0.0,0.0,0.0
122,86,2,0.0,0.0,0.0,0.0
404,216,2,0.0,0.0,0.0,0.0
932,226,4,0.0,0.0,0.0,0.0
109,428,3,0.0,0.0,0.0,0.0
3,332,4,0.0,0.0,0.0,0.0
67,151,5,0.0,0.0,0.0,0.0
815,39,4,0.0,0.0,0.0,0.0
527,88,5,0.0,0.0,0.0,0.0
404,498,4,0.0,0.0,0.0,0.0
549,162,3,0.0,0.0,0.0,0.0
66,6,2,0.0,0.0,0.0,0.0
770,139,3,0.0,0.0,0.0,0.0
376,279,2,0.0,0.0,0.0,0.0
359,467,5,0.0,0.0,0.0,0.0
630,267,5,0.0,0.0,0.0,0.0
407,409,3,0.0,0.0,0.0,0.0
750,343,3,0.0,0.0,0.0,0.0
527,384,2,0.0,0.0,0.0,0.0
95,105,2,0.0,0.0,0.0,0.0
567,177,4,0.0,0.0,0.0,0.0
780,150,3,0.0,0.0,0.0,0.0
617,500,1,0.0,0.0,0.0,0.0
588,367,3,0.0,0.0,0.0,0.0
333,203,3,0.0,0.0,0.0,0.0
11,20,4,0.0,0.0,0.0,0.0
77,437,1,0.0,0.0,0.0,0.0
874,500,2,0.0,0.0,0.0,0.0
291,116,2,0.0,0.0,0.0,0.0
7,454,3,0.0,0.0,0.0,0.0
896,22,3,0.0,0.0,0.0,0.0
691,442,4,0.0,0.0,0.0,0.0
123,141,1,0.0,0.0,0.0,0.0
802,248,2,0.0,0.0,0.0,0.0
489,495,4,0.0,0.0,0.0,0.0
821,4,4,0.0,0.0,0.0,0.0
211,266,4,0.0,0.0,0.0,0.0
641,391,3,1.0,0.0,0.0,0.0
649,493,2,0.0,0.0,0.0,0.0
499,145,4,0.0,0.0,0.0,0.0
410,328,5,0.0,0.0,0.0,0.0
235,293,5,0.0,0.0,0.0,0.0
605,143,4,0.0,0.0,0.0,0.0
650,303,3,1.0,1.0,0.0,0.0
431,97,3,1.0,0.0,1.0,0.0
35,277,2,1.0,0.0,0.0,0.0
937,403,3,0.0,0.0,0.0,0.0
240,404,5,0.0,0.0,0.0,0.0
113,417,1,0.0,0.0,0.0,0.0
58,374,3,1.0,1.0,0.0,0.0
919,480,2,0.0,0.0,0.0,0.0
455,154,2,0.0,0.0,0.0,0.0
709,225,2,0.0,0.0,0.0,0.0
816,442,3,0.0,0.0,0.0,0.0
848,310,3,0.0,0.0,0.0,0.0
412,471,5,0.0,0.0,0.0,0.0
528,198,3,0.0,0.0,0.0,0.0
202,441,3,0.0,0.0,0.0,0.0
386,44,3,0.0,0.0,0.0,0.0
107,467,3,0.0,0.0,0.0,0.0
680,195,5,0.0,0.0,0.0,0.0
702,7,4,0.0,0.0,0.0,0.0
696,236,2,0.0,0.0,0.0,0.0
498,432,4,0.0,0.0,0.0,0.0
368,327,1,0.0,0.0,0.0,0.0
55,380,5,1.0,1.0,0.0,0.0
251,342,2,0.0,0.0,0.0,0.0
831,76,5,0.0,0.0,0.0,0.0
173,116,4,0.0,0.0,0.0,0.0
464,245,1,0.0,0.0,0.0,0.0
999,63,2,0.0,0.0,0.0,0.0
693,266,3,0.0,0.0,0.0,0.0
955,126,2,0.0,0.0,0.0,0.0
727,331,4,0.0,0.0,0.0,0.0
374,475,4,0.0,0.0,0.0,0.0
644,187,2,1.0,1.0,0.0,0.0
554,386,3,0.0,0.0,0.0,0.0
765,241,3,0.0,0.0,0.0,0.0
317,365,2,0.0,0.0,0.0,0.0
321,500,3,0.0,0.0,0.0,0.0
205,221,2,0.0,0.0,0.0,0.0
634,161,5,0.0,0.0,0.0,0.0
701,311,1,0.0,0.0,0.0,0.0
823,5,4,0.0,0.0,0.0,0.0
237,82,1,0.0,0.0,0.0,0.0
494,153,4,1.0,0.0,0.0,0.0
923,318,3,0.0,0.0,0.0,0.0
500,364,5,0.0,0.0,0.0,0.0
543,498,5,0.0,0.0,0.0,0.0
480,172,2,0.0,0.0,0.0,0.0
325,385,2,0.0,0.0,0.0,0.0
385,236,4,0.0,0.0,0.0,0.0
839,254,1,0.0,0.0,0.0,0.0
873,15,5,0.0,0.0,0.0,0.0
607,80,2,0.0,0.0,0.0,0.0
91,133,5,0.0,0.0,0.0,0.0
293,342,2,0.0,0.0,0.0,0.0
507,23,3,0.0,0.0,0.0,0.0
862,31,4,0.0,0.0,0.0,0.0
847,128,3,0.0,0.0,0.0,0.0
618,39,4,0.0,0.0,0.0,0.0
639,38,3,0.0,0.0,0.0,0.0
524,115,1,0.0,0.0,0.0,0.0
539,318,3,0.0,0.0,0.0,0.0
415,492,5,0.0,0.0,0.0,0.0
64,389,3,0.0,0.0,0.0,0.0
772,288,5,0.0,0.0,0.0,0.0
2,107,2,0.0,0.0,0.0,0.0
12,350,4,0.0,0.0,0.0,0.0
742,89,4,0.0,0.0,0.0,0.0
106,174,2,1.0,0.0,0.0,0.0
164,71,3,0.0,0.0,0.0,0.0
243,402,5,0.0,0.0,0.0,0.0
353,86,2,0.0,0.0,0.0,0.0
79,282,1,0.0,0.0,0.0,0.0
978,432,3,0.0,0.0,0.0,0.0
999,401,1,0.0,0.0,0.0,0.0
64,193,3,0.0,0.0,0.0,0.0
423,421,4,0.0,0.0,0.0,0.0
142,120,1,0.0,0.0,0.0,0.0
156,68,2,0.0,0.0,0.0,0.0
412,188,1,0.0,0.0,0.0,0.0
692,65,5,0.0,0.0,0.0,0.0
981,431,5,0.0,0.0,0.0,0.0
754,258,4,0.0,0.0,0.0,0.0
558,162,1,0.0,0.0,0.0,0.0
977,451,1,0.0,0.0,0.0,0.0
289,208,3,0.0,0.0,0.0,0.0
87,134,2,0.0,0.0,0.0,0.0
421,102,4,1.0,1.0,0.0,0.0
557,296,3,0.0,0.0,0.0,0.0
521,98,3,0.0,0.0,0.0,0.0
183,382,1,1.0,0.0,0.0,0.0
229,424,5,0.0,0.0,0.0,0.0
770,240,5,0.0,0.0,0.0,0.0
820,223,1,0.0,0.0,0.0,0.0
212,16,2,0.0,0.0,0.0,0.0
188,206,1,0.0,0.0,0.0,0.0
450,97,3,0.0,0.0,0.0,0.0
23,68,3,0.0,0.0,0.0,0.0
554,43,1,0.0,0.0,0.0,0.0
93,349,4,0.0,0.0,0.0,0.0
646,158,4,0.0,0.0,0.0,0.0
660,265,5,0.0,0.0,0.0,0.0
445,276,5,0.0,0.0,0.0,0.0
848,375,4,1.0,1.0,0.0,0.0
54,279,2,0.0,0.0,0.0,0.0
420,444,1,0.0,0.0,0.0,0.0
179,97,1,0.0,0.0,0.0,0.0
330,335,3,0.0,0.0,0.0,0.0
802,224,5,0.0,0.0,0.0,0.0
841,116,3,0.0,0.0,0.0,0.0
728,474,5,0.0,0.0,0.0,0.0
948,251,5,0.0,0.0,0.0,0.0
702,167,5,0.0,0.0,0.0,0.0
64,257,3,0.0,0.0,0.0,0.0
761,207,4,0.0,0.0,0.0,0.0
938,256,1,1.0,1.0,0.0,0.0
585,79,4,0.0,0.0,0.0,0.0
891,398,3,0.0,0.0,0.0,0.0
244,104,1,0.0,0.0,0.0,0.0
204,329,4,1.0,0.0,0.0,0.0
530,272,4,1.0,1.0,0.0,0.0
455,97,1,0.0,0.0,0.0,0.0
693,368,3,0.0,0.0,0.0,0.0
92,223,1,0.0,0.0,0.0,0.0
998,479,2,0.0,0.0,0.0,0.0
787,53,4,0.0,0.0,0.0,0.0
288,219,4,1.0,0.0,0.0,0.0
129,221,2,1.0,0.0,1.0,0.0
920,480,3,0.0,0.0,0.0,0.0
377,261,5,0.0,0.0,0.0,0.0
137,94,2,0.0,0.0,0.0,0.0
606,220,1,0.0,0.0,0.0,1.0
28,494,5,0.0,0.0,0.0,0.0
727,420,4,0.0,0.0,0.0,0.0
388,371,3,0.0,0.0,0.0,0.0
185,462,4,0.0,0.0,0.0,0.0
330,121,2,0.0,0.0,0.0,0.0
469,402,2,0.0,0.0,0.0,0.0
85,120,2,0.0,0.0,0.0,0.0
844,361,2,0.0,0.0,0.0,0.0
680,287,2,1.0,1.0,0.0,0.0
912,102,3,0.0,0.0,0.0,0.0
524,148,1,0.0,0.0,0.0,0.0
818,114,4,0.0,0.0,0.0,0.0
822,110,5,0.0,0.0,0.0,0.0
985,123,5,0.0,0.0,0.0,0.0
482,315,5,0.0,0.0,0.0,0.0
892,333,1,0.0,0.0,0.0,0.0
713,424,5,0.0,0.0,0.0,0.0
506,422,1,0.0,0.0,0.0,0.0
248,328,5,0.0,0.0,0.0,0.0
702,72,1,0.0,0.0,0.0,0.0
38,392,4,0.0,0.0,0.0,0.0
31,335,2,0.0,0.0,0.0,0.0
391,261,5,0.0,0.0,0.0,0.0
843,9,4,0.0,0.0,0.0,0.0
480,345,1,0.0,0.0,0.0,0.0
706,220,2,1.0,1.0,0.0,0.0
69,99,3,0.0,0.0,0.0,0.0
902,327,2,1.0,1.0,0.0,0.0
149,493,4,1.0,0.0,0.0,0.0
610,159,3,0.0,0.0,0.0,0.0
419,437,4,0.0,0.0,0.0,0.0
356,51,2,0.0,0.0,0.0,0.0
148,221,3,1.0,0.0,0.0,0.0
128,142,2,1.0,1.0,0.0,0.0
57,28,1,0.0,0.0,0.0,0.0
191,469,4,0.0,0.0,0.0,1.0
580,275,5,1.0,1.0,0.0,0.0
280,301,3,0.0,0.0,0.0,0.0
558,18,2,0.0,0.0,0.0,0.0
364,341,4,0.0,0.0,0.0,0.0
384,470,2,0.0,0.0,0.0,0.0
468,88,5,0.0,0.0,0.0,0.0
646,454,5,0.0,0.0,0.0,0.0
691,90,2,0.0,0.0,0.0,0.0
649,33,1,0.0,0.0,0.0,0.0
835,399,2,0.0,0.0,0.0,0.0
546,72,3,0.0,0.0,0.0,0.0
764,18,5,0.0,0.0,0.0,0.0
706,262,2,0.0,0.0,0.0,0.0
536,180,4,0.0,0.0,0.0,0.0
228,385,3,0.0,0.0,0.0,0.0
272,105,1,0.0,0.0,0.0,0.0
563,336,1,0.0,0.0,0.0,0.0
899,333,3,0.0,0.0,0.0,0.0
186,350,3,0.0,0.0,0.0,0.0
183,81,3,1.0,1.0,0.0,0.0
855,456,5,0.0,0.0,0.0,0.0
34,340,4,0.0,0.0,0.0,0.0
109,40,1,0.0,0.0,0.0,0.0
74,117,5,0.0,0.0,0.0,0.0
295,274,3,0.0,0.0,0.0,0.0
757,379,3,0.0,0.0,0.0,0.0
511,484,3,0.0,0.0,0.0,0.0
979,40,5,0.0,0.0,0.0,0.0
49,383,3,0.0,0.0,0.0,0.0
102,314,5,0.0,0.0,0.0,0.0
968,325,2,0.0,0.0,0.0,0.0
503,275,5,0.0,0.0,0.0,0.0
114,385,5,0.0,0.0,0.0,0.0
27,106,1,0.0,0.0,0.0,0.0
808,47,1,0.0,0.0,0.0,0.0
209,166,5,0.0,0.0,0.0,0.0
426,138,4,0.0,0.0,0.0,0.0
362,228,5,0.0,0.0,0.0,0.0
714,460,5,0.0,0.0,0.0,0.0
161,406,3,0.0,0.0,0.0,0.0
110,277,4,0.0,0.0,0.0,0.0
31,160,2,1.0,0.0,0.0,1.0
640,322,4,0.0,0.0,0.0,0.0
365,71,1,1.0,1.0,0.0,0.0
89,326,4,0.0,0.0,0.0,0.0
734,338,2,0.0,0.0,0.0,0.0
323,71,4,0.0,0.0,0.0,0.0
187,175,4,0.0,0.0,0.0,0.0
333,421,2,0.0,0.0,0.0,0.0
695,123,3,1.0,1.0,0.0,0.0
550,318,2,0.0,0.0,0.0,0.0
696,148,1,0.0,0.0,0.0,0.0
955,164,3,0.0,0.0,0.0,0.0
615,423,1,0.0,0.0,0.0,0.0
125,7,1,0.0,0.0,0.0,0.0
588,394,4,1.0,0.0,0.0,0.0
991,226,3,0.0,0.0,0.0,0.0
964,189,3,0.0,0.0,0.0,0.0
644,5,3,0.0,0.0,0.0,0.0
536,436,3,0.0,0.0,0.0,0.0
804,278,1,0.0,0.0,0.0,0.0
938,342,3,0.0,0.0,0.0,0.0
694,479,4,0.0,0.0,0.0,0.0
601,397,4,0.0,0.0,0.0,0.0
559,45,1,0.0,0.0,0.0,0.0
815,175,4,0.0,0.0,0.0,0.0
605,35,4,2.0,1.0,1.0,0.0
168,296,5,0.0,0.0,0.0,0.0
151,15,1,0.0,0.0,0.0,0.0
463,94,5,0.0,0.0,0.0,0.0
774,368,4,0.0,0.0,0.0,0.0
963,39,5,0.0,0.0,0.0,1.0
738,344,4,0.0,0.0,0.0,0.0
807,261,3,0.0,0.0,0.0,0.0
851,156,1,0.0,0.0,0.0,0.0
464,141,1,1.0,1.0,0.0,0.0
665,50,3,1.0,1.0,0.0,0.0
902,339,2,0.0,0.0,0.0,0.0
227,455,1,0.0,0.0,0.0,0.0
798,394,4,0.0,0.0,0.0,0.0
412,298,5,0.0,0.0,0.0,0.0
514,18,2,0.0,0.0,0.0,0.0
459,29,1,0.0,0.0,0.0,0.0
330,130,1,0.0,0.0,0.0,0.0
623,369,5,0.0,0.0,0.0,0.0
27,322,2,0.0,0.0,0.0,0.0
250,439,5,0.0,0.0,0.0,0.0
918,366,2,0.0,0.0,0.0,0.0
570,412,2,0.0,0.0,0.0,0.0
362,267,3,0.0,0.0,0.0,0.0
388,199,3,0.0,0.0,0.0,0.0
748,147,2,0.0,0.0,0.0,0.0
261,135,1,0.0,0.0,0.0,0.0
629,179,2,0.0,0.0,0.0,0.0
124,60,5,1.0,0.0,0.0,0.0
874,268,2,0.0,0.0,0.0,0.0
491,5,3,0.0,0.0,0.0,0.0
303,473,1,0.0,0.0,0.0,0.0
871,453,1,0.0,0.0,0.0,0.0
502,323,5,0.0,0.0,0.0,0.0
479,109,2,0.0,0.0,0.0,0.0
518,495,2,0.0,0.0,0.0,0.0
448,12,3,0.0,0.0,0.0,0.0
956,243,1,0.0,0.0,0.0,0.0
476,217,3,0.0,0.0,0.0,0.0
612,94,2,0.0,0.0,0.0,0.0
845,402,4,0.0,0.0,0.0,0.0
737,471,1,0.0,0.0,0.0,0.0
811,68,2,0.0,0.0,0.0,0.0
23,311,2,0.0,0.0,0.0,0.0
619,94,5,0.0,0.0,0.0,0.0
518,202,2,0.0,0.0,0.0,0.0
866,255,1,0.0,0.0,0.0,0.0
176,85,4,0.0,0.0,0.0,0.0
449,11,2,0.0,0.0,0.0,0.0
726,477,4,0.0,0.0,0.0,0.0
901,131,1,0.0,0.0,0.0,0.0
569,290,4,0.0,0.0,0.0,0.0
271,169,1,0.0,0.0,0.0,0.0
246,6,1,0.0,0.0,0.0,0.0
1000,179,4,0.0,0.0,0.0,0.0
341,492,3,0.0,0.0,0.0,0.0
175,209,3,0.0,0.0,0.0,0.0
418,215,3,0.0,0.0,0.0,0.0
501,397,5,0.0,0.0,0.0,0.0
900,52,4,0.0,0.0,0.0,0.0
104,384,4,0.0,0.0,0.0,0.0
823,267,5,0.0,0.0,0.0,0.0
449,263,5,0.0,0.0,0.0,0.0
385,352,1,0.0,0.0,0.0,0.0
359,70,3,0.0,0.0,0.0,0.0
809,225,3,0.0,0.0,0.0,0.0
673,253,3,0.0,0.0,0.0,0.0
2,150,3,0.0,0.0,0.0,0.0
140,460,1,0.0,0.0,0.0,0.0
378,256,1,0.0,0.0,0.0,0.0
405,215,2,0.0,0.0,0.0,0.0
440,432,5,0.0,0.0,0.0,0.0
124,24,1,0.0,0.0,0.0,0.0
12,412,4,0.0,0.0,0.0,0.0
328,146,4,0.0,0.0,0.0,0.0
781,7,2,1.0,0.0,0.0,0.0
803,475,1,0.0,0.0,0.0,0.0
739,347,1,0.0,0.0,0.0,0.0
567,40,3,0.0,0.0,0.0,0.0
896,400,4,0.0,0.0,0.0,0.0
665,404,2,0.0,0.0,0.0,0.0
950,431,2,0.0,0.0,0.0,0.0
34,492,5,0.0,0.0,0.0,0.0
236,155,2,0.0,0.0,0.0,0.0
988,209,3,0.0,0.0,0.0,0.0
85,124,1,1.0,0.0,0.0,0.0
377,139,2,0.0,0.0,0.0,0.0
304,263,5,0.0,0.0,0.0,0.0
100,413,1,0.0,0.0,0.0,0.0
497,493,1,0.0,0.0,0.0,0.0
737,397,4,0.0,0.0,0.0,0.0
906,476,4,0.0,0.0,0.0,0.0
206,306,5,0.0,0.0,0.0,0.0
464,322,1,0.0,0.0,0.0,0.0
935,421,4,0.0,0.0,0.0,0.0
543,348,5,0.0,0.0,0.0,0.0
503,236,2,0.0,0.0,0.0,0.0
755,337,5,0.0,0.0,0.0,0.0
208,253,2,1.0,0.0,0.0,0.0
423,213,2,0.0,0.0,0.0,0.0
359,211,2,0.0,0.0,0.0,0.0
187,139,5,0.0,0.0,0.0,0.0
327,432,4,0.0,0.0,0.0,0.0
527,117,1,0.0,0.0,0.0,0.0
649,328,2,0.0,0.0,0.0,0.0
405,366,1,0.0,0.0,0.0,0.0
772,72,2,2.0,1.0,0.0,0.0
252,460,5,0.0,0.0,0.0,0.0
92,427,2,0.0,0.0,0.0,0.0
451,323,3,0.0,0.0,0.0,0.0
4,161,4,0.0,0.0,0.0,0.0
145,103,4,0.0,0.0,0.0,0.0
257,396,1,0.0,0.0,0.0,0.0
208,175,3,0.0,0.0,0.0,0.0
334,463,1,0.0,0.0,0.0,0.0
878,475,2,0.0,0.0,0.0,0.0
77,51,5,0.0,0.0,0.0,0.0
915,152,2,0.0,0.0,0.0,0.0
588,292,5,0.0,0.0,0.0,0.0
190,309,2,0.0,0.0,0.0,0.0
150,192,3,0.0,0.0,0.0,0.0
76,415,2,0.0,0.0,0.0,0.0
909,358,3,0.0,0.0,0.0,0.0
231,275,3,0.0,0.0,0.0,0.0
546,215,4,0.0,0.0,0.0,0.0
680,381,5,0.0,0.0,0.0,0.0
963,65,4,1.0,1.0,0.0,0.0
655,142,4,0.0,0.0,0.0,0.0
850,436,1,0.0,0.0,0.0,0.0
193,410,4,1.0,0.0,0.0,0.0
504,251,4,0.0,0.0,0.0,0.0
195,192,1,0.0,0.0,0.0,0.0
998,47,5,0.0,0.0,0.0,0.0
516,55,3,0.0,0.0,0.0,0.0
776,107,5,0.0,0.0,0.0,0.0
820,472,3,1.0,1.0,0.0,0.0
642,470,4,0.0,0.0,0.0,0.0
39,123,1,0.0,0.0,0.0,0.0
106,235,3,0.0,0.0,0.0,0.0
220,465,5,0.0,0.0,0.0,0.0
393,420,4,1.0,0.0,1.0,0.0
932,320,2,0.0,0.0,0.0,0.0
386,236,5,1.0,1.0,0.0,0.0
503,409,4,0.0,0.0,0.0,0.0
152,53,4,0.0,0.0,0.0,0.0
673,26,1,0.0,0.0,0.0,0.0
586,389,4,0.0,0.0,0.0,0.0
550,354,3,0.0,0.0,0.0,0.0
379,447,1,1.0,0.0,1.0,0.0
568,491,3,0.0,0.0,0.0,0.0
454,295,3,0.0,0.0,0.0,0.0
111,24,2,0.0,0.0,0.0,0.0
638,149,1,0.0,0.0,0.0,0.0
685,103,5,0.0,0.0,0.0,0.0
840,301,3,0.0,0.0,0.0,0.0
98,86,4,0.0,0.0,0.0,0.0
668,34,2,0.0,0.0,0.0,0.0
557,482,1,0.0,0.0,0.0,0.0
555,137,5,0.0,0.0,0.0,0.0
321,121,1,0.0,0.0,0.0,0.0
119,24,1,0.0,0.0,0.0,0.0
232,483,5,0.0,0.0,0.0,0.0
374,212,2,0.0,0.0,0.0,0.0
636,218,3,0.0,0.0,0.0,0.0
893,261,5,0.0,0.0,0.0,0.0
243,81,2,0.0,0.0,0.0,0.0
777,463,3,0.0,0.0,0.0,0.0
616,378,5,0.0,0.0,0.0,0.0
565,387,1,1.0,0.0,0.0,0.0
960,396,5,1.0,0.0,0.0,0.0
409,302,2,0.0,0.0,0.0,0.0
920,463,2,0.0,0.0,0.0,0.0
363,220,2,0.0,0.0,0.0,0.0
45,79,4,0.0,0.0,0.0,0.0
568,31,1,0.0,0.0,0.0,0.0
553,467,3,0.0,0.0,0.0,0.0
401,342,5,0.0,0.0,0.0,0.0
522,429,5,0.0,0.0,0.0,0.0
419,301,5,0.0,0.0,0.0,0.0
452,188,5,0.0,0.0,0.0,0.0
737,362,1,0.0,0.0,0.0,0.0
428,249,4,0.0,0.0,0.0,0.0
269,388,4,0.0,0.0,0.0,0.0
848,119,5,0.0,0.0,0.0,0.0
821,149,2,1.0,0.0,0.0,0.0
58,446,5,0.0,0.0,0.0,0.0
441,312,1,0.0,0.0,0.0,0.0
293,211,1,0.0,0.0,0.0,0.0
891,351,2,0.0,0.0,0.0,0.0
421,75,5,0.0,0.0,0.0,0.0
187,441,3,0.0,0.0,0.0,0.0
483,475,2,0.0,0.0,0.0,0.0
478,12,3,0.0,0.0,0.0,0.0
523,177,1,0.0,0.0,0.0,0.0
19,484,1,0.0,0.0,0.0,0.0
590,234,5,0.0,0.0,0.0,0.0
542,63,4,1.0,1.0,0.0,0.0
438,66,3,0.0,0.0,0.0,0.0
840,116,1,0.0,0.0,0.0,0.0
823,446,3,1.0,0.0,0.0,0.0
266,366,3,0.0,0.0,0.0,0.0
833,448,3,0.0,0.0,0.0,0.0
172,198,1,0.0,0.0,0.0,0.0
176,58,4,0.0,0.0,0.0,0.0
670,126,5,0.0,0.0,0.0,0.0
578,438,2,0.0,0.0,0.0,0.0
58,49,4,0.0,0.0,0.0,0.0
249,7,5,0.0,0.0,0.0,0.0
242,443,5,1.0,1.0,0.0,0.0
781,341,2,0.0,0.0,0.0,0.0
51,78,1,0.0,0.0,0.0,0.0
196,122,5,0.0,0.0,0.0,0.0
943,322,1,0.0,0.0,0.0,0.0
701,418,1,0.0,0.0,0.0,0.0
572,489,3,0.0,0.0,0.0,0.0
130,330,1,1.0,1.0,0.0,0.0
734,21,3,0.0,0.0,0.0,0.0
95,100,3,1.0,1.0,0.0,0.0
264,443,2,1.0,0.0,0.0,0.0
884,455,4,0.0,0.0,0.0,0.0
902,226,1,0.0,0.0,0.0,0.0
693,254,4,0.0,0.0,0.0,0.0
67,370,5,0.0,0.0,0.0,0.0
218,462,4,0.0,0.0,0.0,0.0
991,110,5,1.0,1.0,0.0,0.0
729,360,1,0.0,0.0,0.0,0.0
607,25,2,0.0,0.0,0.0,0.0
423,139,4,0.0,0.0,0.0,0.0
124,241,4,0.0,0.0,0.0,0.0
560,472,2,0.0,0.0,0.0,0.0
490,254,3,1.0,0.0,0.0,0.0
517,369,5,0.0,0.0,0.0,0.0
386,254,4,0.0,0.0,0.0,0.0
374,74,5,0.0,0.0,0.0,1.0
10,179,4,0.0,0.0,0.0,0.0
254,331,3,0.0,0.0,0.0,0.0
397,407,4,0.0,0.0,0.0,0.0
969,245,5,0.0,0.0,0.0,0.0
524,181,5,0.0,0.0,0.0,0.0
664,217,3,0.0,0.0,0.0,0.0
298,490,4,0.0,0.0,0.0,0.0
35,33,3,0.0,0.0,0.0,0.0
375,240,5,0.0,0.0,0.0,0.0
302,233,5,0.0,0.0,0.0,0.0
230,76,1,0.0,0.0,0.0,0.0
670,43,5,0.0,0.0,0.0,0.0
84,77,1,0.0,0.0,0.0,0.0
455,366,3,2.0,1.0,0.0,0.0
464,413,1,0.0,0.0,0.0,0.0
120,166,2,0.0,0.0,0.0,0.0
878,249,3,0.0,0.0,0.0,0.0
890,191,1,0.0,0.0,0.0,0.0
925,56,1,0.0,0.0,0.0,0.0
375,385,5,0.0,0.0,0.0,0.0
525,437,5,0.0,0.0,0.0,0.0
352,444,2,0.0,0.0,0.0,0.0
980,28,4,0.0,0.0,0.0,0.0
178,300,2,0.0,0.0,0.0,0.0
662,241,3,1.0,1.0,0.0,0.0
329,48,1,0.0,0.0,0.0,0.0
829,74,1,0.0,0.0,0.0,1.0
395,85,2,0.0,0.0,0.0,0.0
164,311,5,0.0,0.0,0.0,0.0
981,370,4,0.0,0.0,0.0,0.0
81,457,2,0.0,0.0,0.0,0.0
321,146,4,0.0,0.0,0.0,0.0
518,120,4,0.0,0.0,0.0,0.0
260,426,2,0.0,0.0,0.0,0.0
239,82,4,0.0,0.0,0.0,0.0
932,499,5,0.0,0.0,0.0,0.0
647,326,2,0.0,0.0,0.0,0.0
878,31,5,0.0,0.0,0.0,0.0
270,208,2,0.0,0.0,0.0,0.0
322,183,2,0.0,0.0,0.0,0.0
975,97,4,0.0,0.0,0.0,0.0
186,97,2,0.0,0.0,0.0,0.0
137,261,3,0.0,0.0,0.0,0.0
584,142,4,1.0,0.0,1.0,0.0
181,480,1,0.0,0.0,0.0,0.0
709,30,4,0.0,0.0,0.0,0.0
384,425,4,0.0,0.0,0.0,0.0
212,79,2,0.0,0.0,0.0,0.0
178,210,2,0.0,0.0,0.0,0.0
307,54,4,0.0,0.0,0.0,0.0
380,97,3,0.0,0.0,0.0,0.0
578,361,4,0.0,0.0,0.0,0.0
822,126,4,0.0,0.0,0.0,0.0
576,482,4,1.0,1.0,0.0,0.0
231,330,2,0.0,0.0,0.0,0.0
611,217,3,0.0,0.0,0.0,0.0
324,321,5,0.0,0.0,0.0,0.0
327,498,5,0.0,0.0,0.0,0.0
682,102,2,0.0,0.0,0.0,0.0
139,2,4,0.0,0.0,0.0,0.0
815,467,1,0.0,0.0,0.0,0.0
632,257,5,0.0,0.0,0.0,0.0
554,5,1,0.0,0.0,0.0,0.0
20,482,2,0.0,0.0,0.0,0.0
463,226,2,0.0,0.0,0.0,0.0
908,222,5,0.0,0.0,0.0,0.0
6,331,3,0.0,0.0,0.0,0.0
956,122,3,0.0,0.0,0.0,0.0
259,208,5,0.0,0.0,0.0,1.0
164,451,3,0.0,0.0,0.0,0.0
603,59,2,0.0,0.0,0.0,0.0
651,402,4,0.0,0.0,0.0,0.0
847,384,1,0.0,0.0,0.0,0.0
590,351,4,1.0,1.0,0.0,0.0
730,23,2,0.0,0.0,0.0,0.0
160,181,4,0.0,0.0,0.0,0.0
640,108,1,0.0,0.0,0.0,0.0
701,4,1,0.0,0.0,0.0,0.0
737,197,1,0.0,0.0,0.0,0.0
651,432,5,0.0,0.0,0.0,0.0
915,268,3,0.0,0.0,0.0,0.0
892,216,2,0.0,0.0,0.0,0.0
740,435,1,0.0,0.0,0.0,0.0
234,25,5,0.0,0.0,0.0,0.0
788,222,3,0.0,0.0,0.0,1.0
929,398,5,0.0,0.0,0.0,0.0
869,376,4,0.0,0.0,0.0,0.0
330,23,3,0.0,0.0,0.0,0.0
36,173,5,0.0,0.0,0.0,0.0
631,123,5,0.0,0.0,0.0,0.0
17,440,4,1.0,0.0,0.0,0.0
868,207,4,0.0,0.0,0.0,0.0
215,118,3,0.0,0.0,0.0,0.0
177,36,1,0.0,0.0,0.0,0.0
811,229,4,0.0,0.0,0.0,0.0
926,218,2,0.0,0.0,0.0,0.0
233,236,4,0.0,0.0,0.0,0.0
493,335,4,1.0,0.0,0.0,0.0
265,9,3,0.0,0.0,0.0,0.0
602,49,5,1.0,1.0,0.0,0.0
988,138,5,0.0,0.0,0.0,0.0
368,430,4,0.0,0.0,0.0,0.0
753,472,2,0.0,0.0,0.0,0.0
393,444,2,0.0,0.0,0.0,0.0
869,327,5,0.0,0.0,0.0,0.0
260,310,5,0.0,0.0,0.0,0.0
176,447,3,0.0,0.0,0.0,0.0
123,158,4,0.0,0.0,0.0,0.0
752,476,1,0.0,0.0,0.0,0.0
900,406,2,1.0,1.0,0.0,0.0
519,277,5,0.0,0.0,0.0,0.0
542,421,1,0.0,0.0,0.0,0.0
249,419,3,0.0,0.0,0.0,0.0
275,291,4,0.0,0.0,0.0,0.0
708,251,4,0.0,0.0,0.0,0.0
324,448,3,0.0,0.0,0.0,0.0
103,145,4,0.0,0.0,0.0,0.0
418,308,2,0.0,0.0,0.0,0.0
389,167,4,0.0,0.0,0.0,0.0
221,349,2,0.0,0.0,0.0,0.0
422,333,1,0.0,0.0,0.0,0.0
530,180,4,0.0,0.0,0.0,0.0
551,188,2,0.0,0.0,0.0,0.0
624,306,3,0.0,0.0,0.0,0.0
925,117,4,0.0,0.0,0.0,0.0
315,198,2,0.0,0.0,0.0,0.0
273,453,5,0.0,0.0,0.0,0.0
659,281,1,0.0,0.0,0.0,0.0
307,287,2,0.0,0.0,0.0,0.0
44,395,5,0.0,0.0,0.0,0.0
699,229,1,0.0,0.0,0.0,1.0
152,223,4,0.0,0.0,0.0,0.0
222,346,5,0.0,0.0,0.0,0.0
246,75,3,0.0,0.0,0.0,0.0
863,387,2,0.0,0.0,0.0,0.0
870,291,2,0.0,0.0,0.0,0.0
514,120,1,1.0,1.0,0.0,0.0
523,259,4,0.0,0.0,0.0,0.0
742,177,5,0.0,0.0,0.0,0.0
231,380,4,0.0,0.0,0.0,0.0
66,95,4,0.0,0.0,0.0,0.0
927,165,2,0.0,0.0,0.0,0.0
847,21,5,0.0,0.0,0.0,0.0
276,182,5,0.0,0.0,0.0,0.0
48,374,5,0.0,0.0,0.0,0.0
117,160,5,0.0,0.0,0.0,0.0
360,254,3,0.0,0.0,0.0,0.0
93,299,2,0.0,0.0,0.0,0.0
682,217,1,0.0,0.0,0.0,0.0
522,14,5,0.0,0.0,0.0,0.0
377,265,5,0.0,0.0,0.0,0.0
613,418,1,0.0,0.0,0.0,0.0
144,313,3,0.0,0.0,0.0,0.0
509,292,5,0.0,0.0,0.0,0.0
404,41,4,0.0,0.0,0.0,0.0
832,15,1,0.0,0.0,0.0,0.0
140,160,4,0.0,0.0,0.0,0.0
307,230,1,0.0,0.0,0.0,0.0
998,481,2,0.0,0.0,0.0,0.0
679,48,2,0.0,0.0,0.0,1.0
210,424,4,0.0,0.0,0.0,0.0
33,78,5,0.0,0.0,0.0,0.0
234,48,5,0.0,0.0,0.0,0.0
161,407,4,0.0,0.0,0.0,0.0
144,68,5,0.0,0.0,0.0,0.0
601,457,3,0.0,0.0,0.0,0.0
672,308,5,1.0,1.0,0.0,0.0
141,120,5,0.0,0.0,0.0,0.0
126,482,4,0.0,0.0,0.0,0.0
412,238,1,0.0,0.0,0.0,0.0
776,52,4,1.0,0.0,1.0,0.0
293,12,5,0.0,0.0,0.0,1.0
240,156,3,1.0,0.0,0.0,0.0
875,145,3,0.0,0.0,0.0,0.0
848,40,3,1.0,0.0,0.0,0.0
568,473,3,0.0,0.0,0.0,0.0
874,420,1,0.0,0.0,0.0,0.0
347,314,2,0.0,0.0,0.0,0.0
807,373,4,1.0,1.0,0.0,0.0
610,386,3,0.0,0.0,0.0,0.0
909,122,2,1.0,1.0,0.0,0.0
59,321,2,0.0,0.0,0.0,0.0
375,317,5,0.0,0.0,0.0,0.0
440,130,2,0.0,0.0,0.0,0.0
420,331,4,0.0,0.0,0.0,0.0
999,314,3,0.0,0.0,0.0,0.0
956,410,5,0.0,0.0,0.0,0.0
822,178,5,1.0,0.0,0.0,0.0
441,245,1,0.0,0.0,0.0,0.0
652,42,5,0.0,0.0,0.0,0.0
100,363,3,0.0,0.0,0.0,0.0
477,485,4,1.0,0.0,0.0,0.0
819,160,1,0.0,0.0,0.0,0.0
590,393,1,0.0,0.0,0.0,0.0
177,177,5,0.0,0.0,0.0,0.0
138,318,4,0.0,0.0,0.0,0.0
470,315,3,0.0,0.0,0.0,0.0
324,216,5,0.0,0.0,0.0,0.0
88,240,5,0.0,0.0,0.0,0.0
522,149,1,0.0,0.0,0.0,0.0
222,68,2,0.0,0.0,0.0,0.0
658,418,2,0.0,0.0,0.0,0.0
483,338,1,0.0,0.0,0.0,0.0
458,440,2,0.0,0.0,0.0,0.0
793,222,1,0.0,0.0,0.0,0.0
893,462,4,0.0,0.0,0.0,0.0
467,131,1,0.0,0.0,0.0,0.0
927,268,2,0.0,0.0,0.0,0.0
61,469,5,0.0,0.0,0.0,0.0
532,377,2,0.0,0.0,0.0,0.0
423,275,2,0.0,0.0,0.0,0.0
887,234,5,0.0,0.0,0.0,0.0
345,391,5,0.0,0.0,0.0,0.0
71,108,1,0.0,0.0,0.0,0.0
318,473,5,0.0,0.0,0.0,0.0
377,7,5,0.0,0.0,0.0,0.0
139,427,3,0.0,0.0,0.0,0.0
585,69,5,0.0,0.0,0.0,0.0
160,278,5,0.0,0.0,0.0,0.0
750,419,5,0.0,0.0,0.0,0.0
674,159,2,1.0,0.0,0.0,0.0
608,95,1,0.0,0.0,0.0,0.0
618,206,5,0.0,0.0,0.0,0.0
300,23,5,0.0,0.0,0.0,0.0
750,268,5,0.0,0.0,0.0,0.0
992,461,5,0.0,0.0,0.0,0.0
418,246,1,0.0,0.0,0.0,0.0
179,318,2,0.0,0.0,0.0,0.0
582,286,1,0.0,0.0,0.0,0.0
300,252,4,0.0,0.0,0.0,0.0
637,179,4,1.0,0.0,0.0,0.0
691,403,4,0.0,0.0,0.0,0.0
529,71,3,0.0,0.0,0.0,0.0
977,83,2,0.0,0.0,0.0,0.0
914,265,4,0.0,0.0,0.0,0.0
104,93,5,0.0,0.0,0.0,0.0
981,236,5,0.0,0.0,0.0,0.0
294,271,1,0.0,0.0,0.0,0.0
66,62,4,1.0,0.0,0.0,0.0
79,185,2,0.0,0.0,0.0,0.0
294,496,3,0.0,0.0,0.0,0.0
65,8,1,0.0,0.0,0.0,0.0
348,313,2,0.0,0.0,0.0,0.0
18,260,4,0.0,0.0,0.0,1.0
709,470,2,0.0,0.0,0.0,0.0
496,198,1,0.0,0.0,0.0,0.0
904,335,4,0.0,0.0,0.0,0.0
157,226,1,0.0,0.0,0.0,0.0
576,104,5,0.0,0.0,0.0,0.0
496,462,5,0.0,0.0,0.0,0.0
963,189,2,0.0,0.0,0.0,0.0
764,308,4,0.0,0.0,0.0,0.0
123,147,3,0.0,0.0,0.0,0.0
512,40,5,0.0,0.0,0.0,0.0
908,177,4,0.0,0.0,0.0,0.0
990,16,3,2.0,0.0,1.0,0.0
435,224,2,0.0,0.0,0.0,0.0
892,349,5,0.0,0.0,0.0,0.0
183,149,3,0.0,0.0,0.0,0.0
694,493,1,0.0,0.0,0.0,0.0
423,223,1,0.0,0.0,0.0,0.0
636,420,3,0.0,0.0,0.0,0.0
238,480,2,0.0,0.0,0.0,0.0
440,53,2,0.0,0.0,0.0,0.0
677,21,2,0.0,0.0,0.0,0.0
725,251,5,0.0,0.0,0.0,0.0
155,307,5,0.0,0.0,0.0,0.0
511,123,5,0.0,0.0,0.0,0.0
344,471,1,0.0,0.0,0.0,0.0
253,272,2,0.0,0.0,0.0,0.0
742,71,2,0.0,0.0,0.0,0.0
972,58,4,1.0,1.0,0.0,0.0
197,106,5,0.0,0.0,0.0,0.0
574,358,4,0.0,0.0,0.0,0.0
361,12,3,0.0,0.0,0.0,0.0
960,412,1,0.0,0.0,0.0,0.0
247,211,4,0.0,0.0,0.0,0.0
911,48,1,0.0,0.0,0.0,0.0
968,170,4,0.0,0.0,0.0,0.0
837,312,3,0.0,0.0,0.0,0.0
239,447,2,0.0,0.0,0.0,0.0
708,104,5,0.0,0.0,0.0,0.0
804,296,5,0.0,0.0,0.0,0.0
23,12,2,0.0,0.0,0.0,0.0
5,25,1,0.0,0.0,0.0,0.0
53,210,5,0.0,0.0,0.0,0.0
149,191,2,0.0,0.0,0.0,0.0
188,292,1,0.0,0.0,0.0,0.0
183,272,5,0.0,0.0,0.0,0.0
992,438,1,0.0,0.0,0.0,0.0
189,395,1,0.0,0.0,0.0,0.0
836,136,3,1.0,0.0,0.0,0.0
124,47,2,0.0,0.0,0.0,0.0
266,160,2,0.0,0.0,0.0,0.0
627,426,1,0.0,0.0,0.0,0.0
614,224,2,1.0,0.0,0.0,0.0
137,129,2,0.0,0.0,0.0,0.0
57,217,5,0.0,0.0,0.0,0.0
888,81,5,0.0,0.0,0.0,0.0
817,133,5,0.0,0.0,0.0,0.0
581,427,3,0.0,0.0,0.0,0.0
529,441,2,0.0,0.0,0.0,0.0
311,365,1,0.0,0.0,0.0,0.0
157,303,2,0.0,0.0,0.0,0.0
883,357,3,0.0,0.0,0.0,0.0
999,431,2,0.0,0.0,0.0,0.0
725,456,5,0.0,0.0,0.0,0.0
634,476,3,0.0,0.0,0.0,0.0
632,497,3,0.0,0.0,0.0,0.0
243,191,4,0.0,0.0,0.0,0.0
88,415,5,0.0,0.0,0.0,0.0
771,91,2,1.0,0.0,0.0,0.0
26,74,3,0.0,0.0,0.0,0.0
305,90,3,0.0,0.0,0.0,0.0
233,250,3,0.0,0.0,0.0,0.0
407,337,2,0.0,0.0,0.0,0.0
925,246,4,0.0,0.0,0.0,0.0
709,256,5,0.0,0.0,0.0,0.0
880,30,3,0.0,0.0,0.0,0.0
549,358,2,0.0,0.0,0.0,0.0
127,134,2,0.0,0.0,0.0,0.0
474,391,3,0.0,0.0,0.0,0.0
868,100,5,1.0,1.0,0.0,0.0
338,364,2,0.0,0.0,0.0,0.0
37,348,1,0.0,0.0,0.0,0.0
359,393,1,0.0,0.0,0.0,0.0
552,17,5,0.0,0.0,0.0,0.0
409,122,1,0.0,0.0,0.0,0.0
840,324,4,1.0,1.0,0.0,0.0
818,188,4,0.0,0.0,0.0,0.0
920,337,2,1.0,0.0,0.0,0.0
406,137,2,0.0,0.0,0.0,0.0
756,191,5,0.0,0.0,0.0,0.0
881,18,5,0.0,0.0,0.0,0.0
775,491,4,0.0,0.0,0.0,0.0
761,430,2,0.0,0.0,0.0,0.0
629,488,5,0.0,0.0,0.0,0.0
846,344,4,0.0,0.0,0.0,0.0
520,411,5,0.0,0.0,0.0,0.0
73,245,4,0.0,0.0,0.0,0.0
866,236,5,1.0,0.0,0.0,0.0
925,173,3,0.0,0.0,0.0,0.0
347,271,3,0.0,0.0,0.0,0.0
463,328,4,0.0,0.0,0.0,0.0
431,335,1,1.0,1.0,0.0,0.0
686,471,2,0.0,0.0,0.0,0.0
297,493,1,0.0,0.0,0.0,0.0
951,189,1,0.0,0.0,0.0,0.0
746,234,4,0.0,0.0,0.0,0.0
251,479,2,0.0,0.0,0.0,0.0
385,135,2,0.0,0.0,0.0,0.0
387,458,2,0.0,0.0,0.0,0.0
574,373,4,0.0,0.0,0.0,0.0
466,417,5,0.0,0.0,0.0,0.0
687,427,1,0.0,0.0,0.0,0.0
60,418,2,0.0,0.0,0.0,0.0
803,374,1,0.0,0.0,0.0,0.0
837,74,5,0.0,0.0,0.0,0.0
288,347,5,1.0,0.0,0.0,0.0
286,405,2,0.0,0.0,0.0,0.0
775,294,2,0.0,0.0,0.0,0.0
958,482,4,0.0,0.0,0.0,0.0
636,165,3,1.0,1.0,0.0,0.0
233,238,2,0.0,0.0,0.0,0.0
971,301,5,0.0,0.0,0.0,0.0
692,303,1,0.0,0.0,0.0,0.0
28,442,2,0.0,0.0,0.0,0.0
563,254,4,0.0,0.0,0.0,0.0
376,293,1,0.0,0.0,0.0,0.0
2,420,2,0.0,0.0,0.0,0.0
359,271,2,0.0,0.0,0.0,0.0
297,284,2,0.0,0.0,0.0,0.0
74,448,1,0.0,0.0,0.0,0.0
926,95,1,0.0,0.0,0.0,0.0
240,330,2,0.0,0.0,0.0,0.0
956,497,2,0.0,0.0,0.0,0.0
543,346,4,0.0,0.0,0.0,0.0
391,76,4,0.0,0.0,0.0,0.0
915,262,4,0.0,0.0,0.0,0.0
203,480,5,0.0,0.0,0.0,0.0
863,450,1,1.0,0.0,1.0,1.0
568,101,4,0.0,0.0,0.0,0.0
416,217,2,0.0,0.0,0.0,0.0
399,261,1,0.0,0.0,0.0,0.0
741,80,2,0.0,0.0,0.0,0.0
721,200,4,0.0,0.0,0.0,0.0
973,479,1,0.0,0.0,0.0,0.0
890,43,3,0.0,0.0,0.0,0.0
141,105,2,0.0,0.0,0.0,0.0
426,368,4,0.0,0.0,0.0,0.0
180,176,5,0.0,0.0,0.0,0.0
883,298,4,0.0,0.0,0.0,1.0
325,91,3,0.0,0.0,0.0,0.0
939,344,3,0.0,0.0,0.0,0.0
459,214,1,0.0,0.0,0.0,0.0
264,87,3,1.0,1.0,0.0,0.0
608,293,1,0.0,0.0,0.0,0.0
180,317,5,0.0,0.0,0.0,0.0
970,352,2,0.0,0.0,0.0,1.0
934,19,4,0.0,0.0,0.0,0.0
894,286,5,0.0,0.0,0.0,0.0
771,111,1,0.0,0.0,0.0,0.0
87,407,1,0.0,0.0,0.0,0.0
755,279,2,0.0,0.0,0.0,0.0
684,145,5,0.0,0.0,0.0,0.0
735,116,4,0.0,0.0,0.0,0.0
379,382,1,1.0,1.0,0.0,0.0
292,130,4,0.0,0.0,0.0,0.0
154,169,5,0.0,0.0,0.0,0.0
335,263,1,0.0,0.0,0.0,0.0
268,302,4,0.0,0.0,0.0,0.0
882,387,2,0.0,0.0,0.0,0.0
806,83,3,0.0,0.0,0.0,0.0
5,110,4,0.0,0.0,0.0,0.0
509,492,1,0.0,0.0,0.0,0.0
628,231,4,0.0,0.0,0.0,0.0
4,317,5,0.0,0.0,0.0,0.0
765,307,3,0.0,0.0,0.0,0.0
423,208,2,0.0,0.0,0.0,0.0
866,39,3,0.0,0.0,0.0,0.0
954,201,1,1.0,0.0,1.0,0.0
72,255,2,0.0,0.0,0.0,0.0
348,245,3,0.0,0.0,0.0,0.0
469,479,4,0.0,0.0,0.0,0.0
746,224,5,0.0,0.0,0.0,0.0
542,9,1,0.0,0.0,0.0,0.0
287,75,2,0.0,0.0,0.0,0.0
631,215,4,0.0,0.0,0.0,0.0
375,86,3,0.0,0.0,0.0,0.0
694,62,4,0.0,0.0,0.0,0.0
514,454,5,0.0,0.0,0.0,0.0
733,371,2,0.0,0.0,0.0,0.0
672,198,5,1.0,0.0,0.0,0.0
999,41,4,0.0,0.0,0.0,0.0
915,24,1,0.0,0.0,0.0,0.0
699,257,3,0.0,0.0,0.0,0.0
927,376,1,0.0,0.0,0.0,0.0
588,120,5,0.0,0.0,0.0,0.0
328,26,1,1.0,0.0,0.0,0.0
564,147,4,0.0,0.0,0.0,0.0
675,41,2,0.0,0.0,0.0,0.0
252,65,2,0.0,0.0,0.0,0.0
250,169,2,0.0,0.0,0.0,0.0
946,363,3,0.0,0.0,0.0,0.0
765,460,2,0.0,0.0,0.0,0.0
836,117,3,0.0,0.0,0.0,0.0
263,213,1,0.0,0.0,0.0,0.0
310,280,1,0.0,0.0,0.0,0.0
709,103,2,0.0,0.0,0.0,0.0
526,448,4,0.0,0.0,0.0,0.0
814,215,4,0.0,0.0,0.0,0.0
113,384,3,0.0,0.0,0.0,0.0
108,113,3,0.0,0.0,0.0,0.0
913,385,5,0.0,0.0,0.0,0.0
366,13,5,0.0,0.0,0.0,0.0
259,371,3,1.0,1.0,0.0,0.0
407,222,2,0.0,0.0,0.0,0.0
955,87,3,0.0,0.0,0.0,1.0
354,147,4,0.0,0.0,0.0,0.0
952,117,5,0.0,0.0,0.0,0.0
747,11,2,0.0,0.0,0.0,0.0
313,364,1,1.0,0.0,0.0,0.0
621,442,5,1.0,1.0,0.0,0.0
437,101,2,0.0,0.0,0.0,0.0
473,192,2,0.0,0.0,0.0,0.0
318,41,5,0.0,0.0,0.0,0.0
372,103,3,0.0,0.0,0.0,0.0
363,193,1,0.0,0.0,0.0,0.0
160,402,5,1.0,1.0,0.0,0.0
512,22,3,0.0,0.0,0.0,0.0
797,57,4,0.0,0.0,0.0,0.0
406,232,1,0.0,0.0,0.0,0.0
594,86,3,0.0,0.0,0.0,0.0
91,150,3,0.0,0.0,0.0,0.0
355,449,4,0.0,0.0,0.0,0.0
587,179,4,0.0,0.0,0.0,0.0
363,299,3,0.0,0.0,0.0,0.0
840,309,3,0.0,0.0,0.0,0.0
511,199,5,0.0,0.0,0.0,0.0
925,481,5,0.0,0.0,0.0,0.0
882,490,2,0.0,0.0,0.0,0.0
418,224,2,0.0,0.0,0.0,0.0
236,297,3,0.0,0.0,0.0,0.0
989,43,1,0.0,0.0,0.0,0.0
599,25,1,0.0,0.0,0.0,0.0
462,14,1,0.0,0.0,0.0,0.0
363,198,4,0.0,0.0,0.0,0.0
166,153,2,0.0,0.0,0.0,0.0
546,159,4,0.0,0.0,0.0,0.0
998,39,4,0.0,0.0,0.0,0.0
638,48,2,0.0,0.0,0.0,0.0
653,366,4,0.0,0.0,0.0,0.0
768,163,1,1.0,0.0,0.0,0.0
996,82,1,0.0,0.0,0.0,0.0
381,82,5,0.0,0.0,0.0,0.0
380,113,1,1.0,1.0,0.0,0.0
550,367,1,0.0,0.0,0.0,0.0
102,60,2,0.0,0.0,0.0,1.0
21,349,3,0.0,0.0,0.0,0.0
269,381,2,0.0,0.0,0.0,0.0
505,232,5,0.0,0.0,0.0,0.0
185,95,1,0.0,0.0,0.0,0.0
7,28,3,0.0,0.0,0.0,0.0
1000,40,3,0.0,0.0,0.0,0.0
597,259,5,0.0,0.0,0.0,0.0
227,231,2,0.0,0.0,0.0,0.0
561,148,3,1.0,1.0,0.0,0.0
867,392,4,0.0,0.0,0.0,0.0
24,498,2,0.0,0.0,0.0,0.0
686,132,2,0.0,0.0,0.0,0.0
598,64,5,0.0,0.0,0.0,0.0
679,466,2,0.0,0.0,0.0,0.0
428,168,5,0.0,0.0,0.0,0.0
67,226,2,0.0,0.0,0.0,0.0
490,42,2,0.0,0.0,0.0,0.0
247,482,5,0.0,0.0,0.0,0.0
514,290,4,0.0,0.0,0.0,0.0
433,30,2,0.0,0.0,0.0,0.0
180,174,5,0.0,0.0,0.0,0.0
379,349,4,0.0,0.0,0.0,0.0
58,341,3,0.0,0.0,0.0,0.0
182,373,4,0.0,0.0,0.0,0.0
197,262,4,0.0,0.0,0.0,0.0
908,277,4,0.0,0.0,0.0,0.0
718,309,5,1.0,0.0,0.0,0.0
837,59,4,0.0,0.0,0.0,0.0
909,281,5,0.0,0.0,0.0,0.0
630,310,3,0.0,0.0,0.0,0.0
247,177,4,0.0,0.0,0.0,0.0
840,259,5,0.0,0.0,0.0,0.0
923,66,2,0.0,0.0,0.0,0.0
777,278,3,0.0,0.0,0.0,0.0
935,282,4,1.0,0.0,1.0,0.0
20,424,3,0.0,0.0,0.0,0.0
398,123,3,1.0,0.0,0.0,0.0
647,55,5,0.0,0.0,0.0,0.0
562,1,2,0.0,0.0,0.0,0.0
999,98,4,0.0,0.0,0.0,0.0
340,236,5,0.0,0.0,0.0,0.0
359,215,3,0.0,0.0,0.0,0.0
805,267,3,0.0,0.0,0.0,0.0
48,238,1,0.0,0.0,0.0,0.0
658,147,1,0.0,0.0,0.0,0.0
456,319,1,0.0,0.0,0.0,0.0
568,283,5,0.0,0.0,0.0,0.0
918,124,4,0.0,0.0,0.0,0.0
636,48,1,0.0,0.0,0.0,0.0
848,260,2,0.0,0.0,0.0,0.0
205,400,4,0.0,0.0,0.0,0.0
143,244,3,0.0,0.0,0.0,0.0
295,46,1,0.0,0.0,0.0,0.0
101,443,2,0.0,0.0,0.0,0.0
382,45,4,1.0,0.0,1.0,0.0
135,211,2,0.0,0.0,0.0,0.0
225,52,3,0.0,0.0,0.0,0.0
808,189,2,1.0,1.0,0.0,0.0
569,494,3,0.0,0.0,0.0,0.0
808,254,1,0.0,0.0,0.0,0.0
163,403,2,0.0,0.0,0.0,0.0
707,157,2,0.0,0.0,0.0,0.0
84,233,2,0.0,0.0,0.0,0.0
152,381,4,0.0,0.0,0.0,0.0
814,461,4,0.0,0.0,0.0,0.0
79,367,5,0.0,0.0,0.0,0.0
410,378,3,0.0,0.0,0.0,0.0
787,226,3,0.0,0.0,0.0,0.0
679,100,2,0.0,0.0,0.0,0.0
297,267,5,0.0,0.0,0.0,0.0
138,484,5,0.0,0.0,0.0,0.0
186,329,3,0.0,0.0,0.0,0.0
293,479,4,0.0,0.0,0.0,0.0
16,256,5,0.0,0.0,0.0,0.0
269,182,3,0.0,0.0,0.0,0.0
762,405,3,0.0,0.0,0.0,0.0
882,365,5,0.0,0.0,0.0,0.0
142,10,2,0.0,0.0,0.0,0.0
454,450,4,1.0,0.0,0.0,0.0
348,265,3,0.0,0.0,0.0,0.0
86,293,1,0.0,0.0,0.0,0.0
542,350,5,0.0,0.0,0.0,0.0
887,252,1,0.0,0.0,0.0,0.0
879,269,1,0.0,0.0,0.0,0.0
276,434,1,0.0,0.0,0.0,0.0
27,233,5,1.0,0.0,0.0,0.0
532,113,4,0.0,0.0,0.0,0.0
963,224,1,0.0,0.0,0.0,1.0
375,395,2,0.0,0.0,0.0,0.0
502,73,2,0.0,0.0,0.0,0.0
77,469,1,0.0,0.0,0.0,0.0
238,183,5,0.0,0.0,0.0,0.0
561,390,4,0.0,0.0,0.0,0.0
77,210,1,0.0,0.0,0.0,0.0
975,467,4,0.0,0.0,0.0,0.0
340,185,5,1.0,0.0,1.0,0.0
202,401,3,0.0,0.0,0.0,0.0
271,232,3,0.0,0.0,0.0,0.0
522,377,4,0.0,0.0,0.0,0.0
247,142,5,0.0,0.0,0.0,0.0
738,70,5,1.0,1.0,0.0,0.0
196,135,2,0.0,0.0,0.0,0.0
142,381,5,0.0,0.0,0.0,0.0
710,381,2,0.0,0.0,0.0,0.0
314,310,1,0.0,0.0,0.0,0.0
350,246,1,0.0,0.0,0.0,0.0
376,313,2,0.0,0.0,0.0,0.0
722,482,1,0.0,0.0,0.0,0.0
167,27,4,0.0,0.0,0.0,0.0
520,21,4,0.0,0.0,0.0,0.0
40,465,4,0.0,0.0,0.0,0.0
806,396,1,0.0,0.0,0.0,0.0
889,307,3,0.0,0.0,0.0,0.0
549,429,3,0.0,0.0,0.0,0.0
976,57,3,1.0,1.0,0.0,0.0
182,19,4,0.0,0.0,0.0,0.0
378,87,3,1.0,0.0,0.0,0.0
427,288,5,0.0,0.0,0.0,0.0
65,169,4,0.0,0.0,0.0,1.0
640,455,4,1.0,1.0,0.0,0.0
68,387,2,0.0,0.0,0.0,0.0
174,398,4,0.0,0.0,0.0,0.0
894,177,4,0.0,0.0,0.0,0.0
403,392,3,0.0,0.0,0.0,0.0
878,401,5,1.0,1.0,0.0,0.0
308,322,1,0.0,0.0,0.0,0.0
682,267,5,0.0,0.0,0.0,1.0
44,77,3,0.0,0.0,0.0,0.0
432,230,3,0.0,0.0,0.0,0.0
814,161,5,0.0,0.0,0.0,0.0
402,444,5,0.0,0.0,0.0,0.0
421,220,5,0.0,0.0,0.0,0.0
431,383,3,0.0,0.0,0.0,0.0
920,197,1,0.0,0.0,0.0,0.0
357,141,2,0.0,0.0,0.0,0.0
361,498,2,0.0,0.0,0.0,0.0
896,199,1,0.0,0.0,0.0,0.0
420,211,4,0.0,0.0,0.0,0.0
723,22,5,0.0,0.0,0.0,0.0
200,145,2,0.0,0.0,0.0,0.0
493,30,3,0.0,0.0,0.0,0.0
476,275,5,0.0,0.0,0.0,0.0
156,452,2,0.0,0.0,0.0,0.0
98,31,3,0.0,0.0,0.0,0.0
291,240,3,0.0,0.0,0.0,0.0
71,185,3,0.0,0.0,0.0,0.0
551,326,1,0.0,0.0,0.0,0.0
985,260,4,0.0,0.0,0.0,0.0
834,329,1,0.0,0.0,0.0,0.0
753,19,4,0.0,0.0,0.0,0.0
766,374,4,0.0,0.0,0.0,0.0
90,423,1,0.0,0.0,0.0,0.0
890,288,5,0.0,0.0,0.0,0.0
870,130,5,0.0,0.0,0.0,0.0
843,386,1,0.0,0.0,0.0,1.0
838,465,5,0.0,0.0,0.0,0.0
762,133,2,0.0,0.0,0.0,0.0
5,105,5,1.0,0.0,0.0,0.0
705,95,3,0.0,0.0,0.0,0.0
823,186,2,0.0,0.0,0.0,0.0
883,284,4,0.0,0.0,0.0,0.0
8,305,5,0.0,0.0,0.0,0.0
131,37,5,0.0,0.0,0.0,0.0
792,210,4,0.0,0.0,0.0,0.0
77,172,5,0.0,0.0,0.0,0.0
534,136,3,0.0,0.0,0.0,0.0
308,107,5,0.0,0.0,0.0,0.0
121,147,5,0.0,0.0,0.0,0.0
361,203,3,0.0,0.0,0.0,0.0
483,430,1,0.0,0.0,0.0,0.0
326,203,5,0.0,0.0,0.0,0.0
254,376,5,0.0,0.0,0.0,0.0
369,408,2,0.0,0.0,0.0,0.0
37,360,1,1.0,0.0,0.0,0.0
456,131,3,0.0,0.0,0.0,0.0
401,397,2,0.0,0.0,0.0,0.0
709,466,1,0.0,0.0,0.0,0.0
390,302,3,0.0,0.0,0.0,0.0
906,200,2,0.0,0.0,0.0,0.0
240,292,3,0.0,0.0,0.0,0.0
94,58,3,1.0,1.0,0.0,0.0
494,156,4,0.0,0.0,0.0,0.0
113,163,3,0.0,0.0,0.0,0.0
623,165,2,0.0,0.0,0.0,0.0
275,94,1,0.0,0.0,0.0,0.0
330,417,3,0.0,0.0,0.0,0.0
743,175,1,0.0,0.0,0.0,0.0
523,295,5,0.0,0.0,0.0,0.0
64,243,2,0.0,0.0,0.0,0.0
116,386,3,0.0,0.0,0.0,0.0
795,378,5,0.0,0.0,0.0,0.0
904,494,3,0.0,0.0,0.0,0.0
697,195,3,0.0,0.0,0.0,0.0
888,204,5,0.0,0.0,0.0,0.0
94,100,3,0.0,0.0,0.0,0.0
194,139,4,0.0,0.0,0.0,0.0
187,427,1,0.0,0.0,0.0,0.0
58,249,3,0.0,0.0,0.0,0.0
132,34,3,1.0,1.0,0.0,0.0
621,395,4,0.0,0.0,0.0,0.0
903,124,4,0.0,0.0,0.0,0.0
664,379,2,0.0,0.0,0.0,0.0
538,405,2,0.0,0.0,0.0,0.0
473,307,1,0.0,0.0,0.0,0.0
118,47,1,0.0,0.0,0.0,0.0
374,238,2,0.0,0.0,0.0,0.0
270,380,4,0.0,0.0,0.0,0.0
849,343,1,0.0,0.0,0.0,0.0
9,246,2,1.0,0.0,0.0,0.0
906,135,1,0.0,0.0,0.0,0.0
227,308,4,0.0,0.0,0.0,0.0
27,66,5,1.0,1.0,0.0,0.0
614,204,2,0.0,0.0,0.0,0.0
959,24,4,0.0,0.0,0.0,0.0
240,120,2,0.0,0.0,0.0,0.0
516,265,1,0.0,0.0,0.0,0.0
477,35,4,0.0,0.0,0.0,0.0
763,61,5,0.0,0.0,0.0,0.0
223,131,2,0.0,0.0,0.0,0.0
865,122,5,0.0,0.0,0.0,0.0
750,282,3,0.0,0.0,0.0,0.0
321,165,5,0.0,0.0,0.0,0.0
438,160,5,0.0,0.0,0.0,0.0
425,79,5,0.0,0.0,0.0,0.0
110,286,4,0.0,0.0,0.0,0.0
825,128,2,0.0,0.0,0.0,0.0
345,456,4,0.0,0.0,0.0,0.0
744,225,4,0.0,0.0,0.0,0.0
482,12,2,0.0,0.0,0.0,0.0
331,232,2,0.0,0.0,0.0,0.0
451,61,4,0.0,0.0,0.0,0.0
848,352,5,0.0,0.0,0.0,0.0
814,63,2,0.0,0.0,0.0,0.0
719,31,2,0.0,0.0,0.0,0.0
409,462,2,0.0,0.0,0.0,0.0
966,1,5,0.0,0.0,0.0,0.0
72,47,3,0.0,0.0,0.0,0.0
556,19,4,0.0,0.0,0.0,0.0
169,92,5,0.0,0.0,0.0,0.0
443,319,3,0.0,0.0,0.0,0.0
604,130,4,0.0,0.0,0.0,0.0
629,72,2,0.0,0.0,0.0,0.0
427,410,4,0.0,0.0,0.0,0.0
21,370,4,0.0,0.0,0.0,0.0
126,325,1,0.0,0.0,0.0,0.0
184,30,3,0.0,0.0,0.0,0.0
815,138,4,0.0,0.0,0.0,0.0
360,348,1,0.0,0.0,0.0,0.0
86,494,3,0.0,0.0,0.0,0.0
152,142,5,1.0,0.0,1.0,0.0
809,433,3,0.0,0.0,0.0,0.0
22,28,1,0.0,0.0,0.0,0.0
420,119,3,0.0,0.0,0.0,0.0
260,37,5,0.0,0.0,0.0,0.0
777,295,1,0.0,0.0,0.0,0.0
130,155,4,0.0,0.0,0.0,0.0
870,133,1,0.0,0.0,0.0,0.0
625,49,3,0.0,0.0,0.0,0.0
685,4,2,0.0,0.0,0.0,0.0
288,437,3,0.0,0.0,0.0,0.0
781,83,2,0.0,0.0,0.0,0.0
682,122,2,0.0,0.0,0.0,0.0
881,252,5,1.0,0.0,1.0,0.0
838,90,5,0.0,0.0,0.0,0.0
107,472,5,0.0,0.0,0.0,0.0
204,266,3,0.0,0.0,0.0,0.0
423,237,3,0.0,0.0,0.0,0.0
994,10,4,0.0,0.0,0.0,0.0
310,276,3,0.0,0.0,0.0,0.0
413,337,2,0.0,0.0,0.0,0.0
861,475,1,0.0,0.0,0.0,0.0
760,223,5,0.0,0.0,0.0,0.0
434,109,5,0.0,0.0,0.0,0.0
497,104,5,0.0,0.0,0.0,0.0
333,52,2,0.0,0.0,0.0,0.0
59,57,3,0.0,0.0,0.0,0.0
146,393,4,1.0,0.0,0.0,0.0
694,261,1,1.0,0.0,0.0,0.0
636,276,2,0.0,0.0,0.0,0.0
137,45,3,0.0,0.0,0.0,0.0
173,45,1,0.0,0.0,0.0,0.0
31,488,2,1.0,1.0,0.0,0.0
800,271,1,0.0,0.0,0.0,0.0
569,59,1,0.0,0.0,0.0,0.0
777,181,4,0.0,0.0,0.0,0.0
277,123,2,0.0,0.0,0.0,0.0
744,397,2,0.0,0.0,0.0,0.0
977,42,4,0.0,0.0,0.0,0.0
514,429,4,1.0,0.0,0.0,0.0
926,20,2,0.0,0.0,0.0,0.0
873,310,2,0.0,0.0,0.0,0.0
291,381,3,0.0,0.0,0.0,0.0
235,193,1,0.0,0.0,0.0,0.0
632,131,2,0.0,0.0,0.0,0.0
936,292,5,0.0,0.0,0.0,0.0
489,63,3,0.0,0.0,0.0,0.0
886,271,3,0.0,0.0,0.0,0.0
600,371,1,0.0,0.0,0.0,0.0
759,240,2,0.0,0.0,0.0,0.0
355,46,2,0.0,0.0,0.0,0.0
719,288,1,0.0,0.0,0.0,0.0
986,283,3,0.0,0.0,0.0,0.0
230,7,3,0.0,0.0,0.0,0.0
958,38,5,0.0,0.0,0.0,0.0
814,164,1,0.0,0.0,0.0,0.0
4,300,1,0.0,0.0,0.0,0.0
695,3,4,0.0,0.0,0.0,0.0
258,270,4,0.0,0.0,0.0,0.0
300,309,4,0.0,0.0,0.0,0.0
69,47,5,0.0,0.0,0.0,0.0
97,486,2,0.0,0.0,0.0,0.0
685,28,2,0.0,0.0,0.0,0.0
651,61,5,0.0,0.0,0.0,0.0
328,157,1,1.0,1.0,0.0,0.0
165,3,3,0.0,0.0,0.0,0.0
462,182,1,0.0,0.0,0.0,0.0
242,437,5,0.0,0.0,0.0,0.0
758,74,1,0.0,0.0,0.0,0.0
568,222,1,0.0,0.0,0.0,0.0
635,36,1,0.0,0.0,0.0,0.0
579,418,1,0.0,0.0,0.0,0.0
733,187,5,0.0,0.0,0.0,0.0
505,447,4,0.0,0.0,0.0,0.0
44,12,4,0.0,0.0,0.0,0.0
198,444,5,0.0,0.0,0.0,0.0
64,453,4,0.0,0.0,0.0,0.0
115,464,3,0.0,0.0,0.0,0.0
661,285,2,1.0,1.0,0.0,0.0
813,262,2,0.0,0.0,0.0,0.0
613,292,5,0.0,0.0,0.0,0.0
799,277,4,0.0,0.0,0.0,0.0
461,392,1,0.0,0.0,0.0,0.0
624,359,4,0.0,0.0,0.0,0.0
507,402,2,0.0,0.0,0.0,0.0
13,411,1,0.0,0.0,0.0,0.0
545,477,1,0.0,0.0,0.0,0.0
929,471,5,0.0,0.0,0.0,0.0
223,340,5,0.0,0.0,0.0,0.0
307,252,4,0.0,0.0,0.0,0.0
498,285,3,0.0,0.0,0.0,0.0
417,162,1,0.0,0.0,0.0,0.0
297,465,2,0.0,0.0,0.0,0.0
700,234,2,0.0,0.0,0.0,0.0
553,310,1,1.0,0.0,0.0,0.0
635,208,4,0.0,0.0,0.0,0.0
228,335,4,1.0,1.0,0.0,0.0
494,328,1,0.0,0.0,0.0,0.0
904,138,1,0.0,0.0,0.0,0.0
659,468,3,0.0,0.0,0.0,0.0
258,20,2,0.0,0.0,0.0,0.0
542,398,4,0.0,0.0,0.0,0.0
758,374,5,0.0,0.0,0.0,0.0
816,119,5,0.0,0.0,0.0,0.0
341,390,3,0.0,0.0,0.0,0.0
414,203,3,0.0,0.0,0.0,0.0
341,318,2,1.0,0.0,0.0,0.0
274,347,2,1.0,1.0,0.0,0.0
964,51,1,0.0,0.0,0.0,0.0
447,415,1,0.0,0.0,0.0,0.0
102,434,2,0.0,0.0,0.0,0.0
971,369,1,1.0,0.0,0.0,0.0
518,60,1,0.0,0.0,0.0,0.0
682,489,2,1.0,0.0,1.0,0.0
600,348,5,0.0,0.0,0.0,0.0
437,420,5,0.0,0.0,0.0,0.0
415,105,4,0.0,0.0,0.0,0.0
421,110,5,1.0,0.0,1.0,0.0
418,225,2,0.0,0.0,0.0,0.0
768,113,4,0.0,0.0,0.0,0.0
637,366,2,0.0,0.0,0.0,0.0
288,160,4,0.0,0.0,0.0,0.0
714,196,3,0.0,0.0,0.0,0.0
249,452,2,0.0,0.0,0.0,0.0
685,159,2,0.0,0.0,0.0,0.0
13,413,4,0.0,0.0,0.0,0.0
267,389,5,0.0,0.0,0.0,0.0
291,162,5,0.0,0.0,0.0,0.0
482,404,4,0.0,0.0,0.0,0.0
181,31,3,0.0,0.0,0.0,0.0
803,296,4,0.0,0.0,0.0,0.0
684,366,3,1.0,0.0,0.0,0.0
172,104,4,0.0,0.0,0.0,0.0
64,454,1,0.0,0.0,0.0,0.0
743,91,4,0.0,0.0,0.0,0.0
510,57,2,0.0,0.0,0.0,0.0
66,427,3,0.0,0.0,0.0,0.0
820,81,1,0.0,0.0,0.0,0.0
439,446,3,0.0,0.0,0.0,0.0
255,106,4,0.0,0.0,0.0,0.0
449,453,3,0.0,0.0,0.0,0.0
750,2,3,0.0,0.0,0.0,0.0
721,90,4,0.0,0.0,0.0,0.0
227,93,5,1.0,0.0,0.0,0.0
139,368,3,0.0,0.0,0.0,0.0
315,241,4,0.0,0.0,0.0,0.0
646,496,4,0.0,0.0,0.0,0.0
764,428,1,0.0,0.0,0.0,0.0
287,421,4,0.0,0.0,0.0,0.0
698,193,1,1.0,1.0,0.0,0.0
847,191,1,0.0,0.0,0.0,0.0
509,219,5,0.0,0.0,0.0,0.0
558,242,5,1.0,1.0,0.0,0.0
906,316,1,0.0,0.0,0.0,0.0
814,496,1,0.0,0.0,0.0,0.0
27,469,3,0.0,0.0,0.0,0.0
892,262,5,1.0,0.0,1.0,0.0
129,382,3,0.0,0.0,0.0,0.0
728,340,3,0.0,0.0,0.0,0.0
485,411,3,0.0,0.0,0.0,0.0
808,415,3,1.0,0.0,0.0,1.0
58,280,4,0.0,0.0,0.0,0.0
680,267,2,0.0,0.0,0.0,0.0
996,312,1,0.0,0.0,0.0,0.0
707,369,2,0.0,0.0,0.0,0.0
55,422,4,0.0,0.0,0.0,0.0
346,338,4,0.0,0.0,0.0,0.0
879,360,2,0.0,0.0,0.0,0.0
402,60,1,0.0,0.0,0.0,0.0
284,395,4,0.0,0.0,0.0,0.0
970,400,4,0.0,0.0,0.0,0.0
625,285,5,0.0,0.0,0.0,0.0
165,388,5,0.0,0.0,0.0,0.0
645,454,5,1.0,0.0,0.0,0.0
637,261,2,0.0,0.0,0.0,0.0
454,202,5,1.0,0.0,0.0,0.0
60,266,4,0.0,0.0,0.0,0.0
561,314,5,0.0,0.0,0.0,0.0
537,463,1,0.0,0.0,0.0,1.0
686,278,2,0.0,0.0,0.0,1.0
204,336,3,0.0,0.0,0.0,0.0
430,239,4,0.0,0.0,0.0,0.0
791,265,2,0.0,0.0,0.0,0.0
404,415,2,0.0,0.0,0.0,0.0
378,381,3,0.0,0.0,0.0,0.0
29,78,2,0.0,0.0,0.0,0.0
123,424,2,0.0,0.0,0.0,0.0
21,378,1,0.0,0.0,0.0,0.0
939,388,1,0.0,0.0,0.0,0.0
351,134,2,0.0,0.0,0.0,0.0
974,318,1,0.0,0.0,0.0,0.0
490,228,1,0.0,0.0,0.0,0.0
293,133,1,0.0,0.0,0.0,0.0
411,459,5,0.0,0.0,0.0,0.0
198,194,3,0.0,0.0,0.0,0.0
289,360,1,0.0,0.0,0.0,0.0
826,105,1,0.0,0.0,0.0,0.0
793,422,4,0.0,0.0,0.0,0.0
393,348,5,0.0,0.0,0.0,0.0
50,148,5,0.0,0.0,0.0,0.0
673,447,2,0.0,0.0,0.0,0.0
570,119,4,0.0,0.0,0.0,0.0
707,408,3,0.0,0.0,0.0,0.0
410,345,3,0.0,0.0,0.0,0.0
256,26,3,0.0,0.0,0.0,0.0
253,466,1,0.0,0.0,0.0,0.0
34,66,4,0.0,0.0,0.0,0.0
440,354,3,0.0,0.0,0.0,0.0
150,478,4,0.0,0.0,0.0,0.0
681,242,3,1.0,1.0,0.0,0.0
458,453,4,0.0,0.0,0.0,0.0
516,306,3,0.0,0.0,0.0,0.0
315,422,4,0.0,0.0,0.0,0.0
525,209,5,0.0,0.0,0.0,0.0
811,341,5,2.0,1.0,0.0,0.0
219,85,4,0.0,0.0,0.0,0.0
251,181,2,0.0,0.0,0.0,0.0
795,176,5,0.0,0.0,0.0,0.0
362,282,2,0.0,0.0,0.0,0.0
49,69,4,0.0,0.0,0.0,0.0
666,88,5,0.0,0.0,0.0,0.0
498,393,5,0.0,0.0,0.0,0.0
366,60,1,0.0,0.0,0.0,0.0
810,328,2,0.0,0.0,0.0,0.0
688,90,5,0.0,0.0,0.0,0.0
401,379,1,0.0,0.0,0.0,0.0
367,302,3,1.0,1.0,0.0,0.0
991,117,1,1.0,0.0,0.0,0.0
676,115,1,0.0,0.0,0.0,0.0
627,189,5,0.0,0.0,0.0,0.0
941,475,5,0.0,0.0,0.0,0.0
407,491,5,0.0,0.0,0.0,0.0
98,193,1,1.0,0.0,0.0,0.0
462,296,1,0.0,0.0,0.0,0.0
692,321,4,0.0,0.0,0.0,0.0
745,246,1,0.0,0.0,0.0,0.0
508,407,4,0.0,0.0,0.0,0.0
867,200,4,0.0,0.0,0.0,0.0
836,134,3,0.0,0.0,0.0,0.0
904,315,5,0.0,0.0,0.0,0.0
940,380,1,0.0,0.0,0.0,0.0
609,373,4,0.0,0.0,0.0,0.0
924,450,1,0.0,0.0,0.0,0.0
943,6,1,0.0,0.0,0.0,0.0
935,45,4,0.0,0.0,0.0,0.0
506,123,4,0.0,0.0,0.0,0.0
362,209,3,0.0,0.0,0.0,0.0
527,249,1,0.0,0.0,0.0,0.0
338,454,2,1.0,0.0,0.0,0.0
307,86,2,0.0,0.0,0.0,0.0
184,79,5,0.0,0.0,0.0,0.0
669,41,2,0.0,0.0,0.0,0.0
51,289,5,0.0,0.0,0.0,0.0
176,205,5,0.0,0.0,0.0,0.0
31,233,5,0.0,0.0,0.0,0.0
836,13,2,0.0,0.0,0.0,1.0
943,342,2,0.0,0.0,0.0,0.0
899,497,1,0.0,0.0,0.0,0.0
884,397,1,0.0,0.0,0.0,0.0
596,202,4,0.0,0.0,0.0,0.0
125,288,2,1.0,0.0,0.0,0.0
641,281,5,1.0,0.0,0.0,0.0
426,300,2,0.0,0.0,0.0,0.0
734,487,3,0.0,0.0,0.0,0.0
808,99,2,0.0,0.0,0.0,0.0
853,424,2,0.0,0.0,0.0,0.0
539,386,4,0.0,0.0,0.0,0.0
794,26,3,0.0,0.0,0.0,0.0
628,261,2,0.0,0.0,0.0,0.0
839,182,3,1.0,1.0,0.0,0.0
490,399,3,0.0,0.0,0.0,0.0
409,112,3,0.0,0.0,0.0,0.0
214,107,3,0.0,0.0,0.0,0.0
206,334,2,0.0,0.0,0.0,0.0
183,270,3,0.0,0.0,0.0,0.0
711,327,1,0.0,0.0,0.0,0.0
293,123,4,0.0,0.0,0.0,0.0
47,447,3,1.0,0.0,0.0,0.0
777,184,5,0.0,0.0,0.0,0.0
700,199,1,0.0,0.0,0.0,0.0
398,47,3,0.0,0.0,0.0,0.0
367,13,3,0.0,0.0,0.0,0.0
279,115,3,0.0,0.0,0.0,0.0
73,184,1,0.0,0.0,0.0,0.0
439,40,2,1.0,1.0,0.0,0.0
911,499,5,0.0,0.0,0.0,0.0
367,486,5,0.0,0.0,0.0,0.0
281,335,1,0.0,0.0,0.0,0.0
40,245,1,0.0,0.0,0.0,0.0
400,462,1,0.0,0.0,0.0,0.0
147,273,4,0.0,0.0,0.0,0.0
634,226,1,0.0,0.0,0.0,0.0
467,176,5,0.0,0.0,0.0,0.0
848,203,2,0.0,0.0,0.0,0.0
715,4,1,1.0,0.0,1.0,0.0
46,5,5,0.0,0.0,0.0,0.0
210,283,3,0.0,0.0,0.0,0.0
250,1,2,0.0,0.0,0.0,0.0
254,352,4,0.0,0.0,0.0,0.0
14,321,1,0.0,0.0,0.0,0.0
920,131,3,0.0,0.0,0.0,0.0
139,394,3,0.0,0.0,0.0,0.0
319,31,1,0.0,0.0,0.0,0.0
79,8,1,0.0,0.0,0.0,0.0
335,375,4,0.0,0.0,0.0,0.0
111,11,4,0.0,0.0,0.0,0.0
836,471,3,0.0,0.0,0.0,0.0
857,303,1,0.0,0.0,0.0,0.0
907,221,3,0.0,0.0,0.0,0.0
554,311,3,0.0,0.0,0.0,0.0
453,154,5,0.0,0.0,0.0,0.0
773,40,3,0.0,0.0,0.0,0.0
945,134,3,0.0,0.0,0.0,0.0
712,328,3,0.0,0.0,0.0,0.0
16,155,5,0.0,0.0,0.0,0.0
202,489,2,0.0,0.0,0.0,0.0
961,182,5,0.0,0.0,0.0,0.0
566,42,2,0.0,0.0,0.0,0.0
290,115,5,0.0,0.0,0.0,0.0
255,94,4,0.0,0.0,0.0,0.0
903,329,2,0.0,0.0,0.0,0.0
465,141,3,0.0,0.0,0.0,0.0
85,376,2,0.0,0.0,0.0,0.0
567,349,2,0.0,0.0,0.0,0.0
904,113,2,0.0,0.0,0.0,0.0
808,405,4,0.0,0.0,0.0,0.0
697,277,3,0.0,0.0,0.0,0.0
763,497,5,0.0,0.0,0.0,0.0
395,426,1,0.0,0.0,0.0,0.0
953,271,1,0.0,0.0,0.0,0.0
762,72,5,0.0,0.0,0.0,0.0
669,51,4,0.0,0.0,0.0,0.0
910,370,2,0.0,0.0,0.0,0.0
280,172,2,0.0,0.0,0.0,0.0
328,303,5,0.0,0.0,0.0,0.0
102,430,1,0.0,0.0,0.0,0.0
591,126,1,0.0,0.0,0.0,0.0
108,174,1,0.0,0.0,0.0,0.0
838,397,3,0.0,0.0,0.0,0.0
206,452,1,0.0,0.0,0.0,0.0
49,140,3,0.0,0.0,0.0,0.0
934,420,3,0.0,0.0,0.0,0.0
947,488,5,0.0,0.0,0.0,0.0
115,232,4,0.0,0.0,0.0,0.0
731,303,4,0.0,0.0,0.0,0.0
113,192,5,0.0,0.0,0.0,0.0
834,291,1,0.0,0.0,0.0,0.0
106,141,4,0.0,0.0,0.0,0.0
511,27,3,0.0,0.0,0.0,0.0
510,358,3,0.0,0.0,0.0,0.0
219,434,1,0.0,0.0,0.0,0.0
679,281,5,0.0,0.0,0.0,0.0
632,343,5,2.0,0.0,0.0,0.0
641,442,4,0.0,0.0,0.0,0.0
594,457,3,0.0,0.0,0.0,0.0
989,440,2,0.0,0.0,0.0,0.0
176,11,5,0.0,0.0,0.0,0.0
851,128,3,0.0,0.0,0.0,0.0
141,324,3,0.0,0.0,0.0,0.0
112,101,2,0.0,0.0,0.0,0.0
90,290,3,0.0,0.0,0.0,0.0
348,317,1,0.0,0.0,0.0,0.0
685,314,3,0.0,0.0,0.0,0.0
193,315,2,0.0,0.0,0.0,0.0
468,361,5,0.0,0.0,0.0,0.0
767,362,3,1.0,0.0,0.0,0.0
431,119,1,0.0,0.0,0.0,0.0
575,64,3,0.0,0.0,0.0,0.0
563,306,2,0.0,0.0,0.0,0.0
761,216,5,0.0,0.0,0.0,0.0
428,85,4,1.0,1.0,0.0,0.0
422,90,3,0.0,0.0,0.0,0.0
704,83,5,0.0,0.0,0.0,0.0
488,50,3,0.0,0.0,0.0,0.0
901,469,1,0.0,0.0,0.0,0.0
712,363,2,0.0,0.0,0.0,0.0
836,369,3,0.0,0.0,0.0,0.0
278,229,2,0.0,0.0,0.0,0.0
762,439,3,0.0,0.0,0.0,0.0
64,369,1,0.0,0.0,0.0,0.0
556,98,1,0.0,0.0,0.0,0.0
54,277,1,0.0,0.0,0.0,0.0
886,191,5,0.0,0.0,0.0,0.0
172,419,3,0.0,0.0,0.0,0.0
231,430,4,0.0,0.0,0.0,0.0
267,103,4,0.0,0.0,0.0,0.0
127,280,1,0.0,0.0,0.0,0.0
122,68,3,0.0,0.0,0.0,0.0
636,76,3,0.0,0.0,0.0,0.0
946,450,2,0.0,0.0,0.0,0.0
462,332,1,0.0,0.0,0.0,0.0
659,323,3,0.0,0.0,0.0,0.0
776,416,2,0.0,0.0,0.0,0.0
779,140,2,0.0,0.0,0.0,0.0
352,217,5,0.0,0.0,0.0,0.0
480,263,4,1.0,0.0,0.0,0.0
558,414,5,0.0,0.0,0.0,0.0
727,459,5,0.0,0.0,0.0,0.0
379,61,5,0.0,0.0,0.0,0.0
887,271,1,0.0,0.0,0.0,0.0
42,349,4,0.0,0.0,0.0,0.0
791,370,2,0.0,0.0,0.0,0.0
664,60,2,1.0,1.0,0.0,0.0
816,433,1,0.0,0.0,0.0,0.0
433,353,1,0.0,0.0,0.0,0.0
302,51,2,0.0,0.0,0.0,0.0
554,352,3,1.0,0.0,0.0,0.0
766,255,3,0.0,0.0,0.0,0.0
441,476,4,0.0,0.0,0.0,0.0
683,158,1,0.0,0.0,0.0,0.0
102,494,4,0.0,0.0,0.0,0.0
375,430,1,0.0,0.0,0.0,0.0
925,488,4,0.0,0.0,0.0,0.0
697,316,1,1.0,0.0,1.0,0.0
366,304,5,0.0,0.0,0.0,0.0
351,345,3,0.0,0.0,0.0,0.0
162,323,4,0.0,0.0,0.0,0.0
586,11,5,0.0,0.0,0.0,0.0
867,197,2,0.0,0.0,0.0,0.0
863,90,1,0.0,0.0,0.0,0.0
363,445,2,0.0,0.0,0.0,0.0
871,164,1,0.0,0.0,0.0,0.0
709,291,3,0.0,0.0,0.0,0.0
637,283,3,0.0,0.0,0.0,0.0
417,236,4,0.0,0.0,0.0,0.0
224,262,3,0.0,0.0,0.0,0.0
977,464,5,0.0,0.0,0.0,0.0
98,202,3,0.0,0.0,0.0,0.0
57,457,5,0.0,0.0,0.0,0.0
90,443,3,1.0,1.0,0.0,0.0
648,308,1,0.0,0.0,0.0,0.0
38,497,2,0.0,0.0,0.0,0.0
778,52,4,1.0,1.0,0.0,0.0
83,68,1,0.0,0.0,0.0,0.0
310,470,4,0.0,0.0,0.0,0.0
171,236,5,0.0,0.0,0.0,0.0
283,227,5,0.0,0.0,0.0,0.0
721,374,1,0.0,0.0,0.0,0.0
612,21,3,0.0,0.0,0.0,0.0
811,81,2,0.0,0.0,0.0,0.0
744,235,3,0.0,0.0,0.0,0.0
207,106,1,0.0,0.0,0.0,0.0
669,25,1,0.0,0.0,0.0,0.0
967,218,2,0.0,0.0,0.0,0.0
489,240,2,0.0,0.0,0.0,0.0
50,238,5,0.0,0.0,0.0,0.0
367,397,3,1.0,1.0,0.0,0.0
892,415,5,0.0,0.0,0.0,0.0
775,308,5,0.0,0.0,0.0,0.0
193,485,1,1.0,0.0,0.0,0.0
789,96,3,0.0,0.0,0.0,0.0
366,252,3,0.0,0.0,0.0,0.0
25,365,1,0.0,0.0,0.0,0.0
41,285,5,0.0,0.0,0.0,0.0
300,387,4,0.0,0.0,0.0,0.0
680,84,4,1.0,1.0,0.0,0.0
571,22,2,0.0,0.0,0.0,0.0
961,419,5,1.0,0.0,1.0,0.0
219,105,5,0.0,0.0,0.0,0.0
26,469,5,0.0,0.0,0.0,0.0
527,276,5,0.0,0.0,0.0,0.0
532,389,4,0.0,0.0,0.0,0.0
992,216,4,0.0,0.0,0.0,0.0
140,2,4,1.0,0.0,0.0,0.0
761,401,4,0.0,0.0,0.0,0.0
214,306,4,0.0,0.0,0.0,0.0
572,135,2,0.0,0.0,0.0,0.0
345,147,4,0.0,0.0,0.0,0.0
516,463,3,1.0,0.0,1.0,0.0
123,38,5,0.0,0.0,0.0,0.0
794,245,4,0.0,0.0,0.0,0.0
370,271,2,0.0,0.0,0.0,0.0
569,415,2,0.0,0.0,0.0,0.0
289,286,2,0.0,0.0,0.0,0.0
612,261,4,0.0,0.0,0.0,0.0
830,469,4,0.0,0.0,0.0,0.0
393,1,2,0.0,0.0,0.0,0.0
231,30,2,0.0,0.0,0.0,0.0
67,139,5,0.0,0.0,0.0,0.0
28,254,4,0.0,0.0,0.0,0.0
88,332,5,0.0,0.0,0.0,0.0
323,111,2,0.0,0.0,0.0,0.0
228,296,1,1.0,1.0,0.0,0.0
411,167,5,0.0,0.0,0.0,0.0
12,84,4,0.0,0.0,0.0,0.0
14,435,3,0.0,0.0,0.0,0.0
54,281,1,0.0,0.0,0.0,0.0
547,427,1,0.0,0.0,0.0,0.0
298,260,3,0.0,0.0,0.0,0.0
49,329,5,0.0,0.0,0.0,0.0
112,367,3,0.0,0.0,0.0,0.0
503,250,3,0.0,0.0,0.0,0.0
453,107,5,1.0,0.0,0.0,0.0
618,112,5,0.0,0.0,0.0,0.0
887,130,4,1.0,0.0,0.0,0.0
680,5,1,0.0,0.0,0.0,0.0
128,244,2,0.0,0.0,0.0,0.0
172,265,3,0.0,0.0,0.0,0.0
992,327,3,0.0,0.0,0.0,0.0
725,300,4,0.0,0.0,0.0,0.0
763,467,5,0.0,0.0,0.0,0.0
345,415,5,0.0,0.0,0.0,0.0
314,263,2,0.0,0.0,0.0,0.0
828,35,4,0.0,0.0,0.0,0.0
821,208,2,0.0,0.0,0.0,0.0
117,163,5,0.0,0.0,0.0,0.0
126,200,1,0.0,0.0,0.0,0.0
834,375,1,0.0,0.0,0.0,0.0
380,419,3,0.0,0.0,0.0,0.0
818,318,3,0.0,0.0,0.0,0.0
238,202,3,0.0,0.0,0.0,0.0
504,380,3,0.0,0.0,0.0,0.0
827,72,2,1.0,0.0,0.0,0.0
863,131,4,0.0,0.0,0.0,0.0
434,446,2,0.0,0.0,0.0,0.0
881,277,5,1.0,1.0,0.0,0.0
182,355,5,0.0,0.0,0.0,0.0
267,226,4,0.0,0.0,0.0,0.0
896,441,2,0.0,0.0,0.0,0.0
502,166,3,0.0,0.0,0.0,0.0
433,411,4,0.0,0.0,0.0,0.0
418,140,5,0.0,0.0,0.0,0.0
121,451,2,0.0,0.0,0.0,0.0
247,109,1,0.0,0.0,0.0,0.0
235,256,5,0.0,0.0,0.0,0.0
337,192,3,1.0,1.0,0.0,0.0
832,283,2,0.0,0.0,0.0,0.0
24,158,5,0.0,0.0,0.0,0.0
561,67,5,0.0,0.0,0.0,0.0
775,131,1,0.0,0.0,0.0,0.0
596,323,1,0.0,0.0,0.0,0.0
567,2,1,0.0,0.0,0.0,0.0
307,486,2,0.0,0.0,0.0,0.0
582,434,3,1.0,0.0,0.0,0.0
411,363,4,0.0,0.0,0.0,0.0
773,97,3,0.0,0.0,0.0,0.0
389,59,1,0.0,0.0,0.0,0.0
768,209,4,2.0,0.0,1.0,0.0
876,114,4,0.0,0.0,0.0,0.0
822,424,2,0.0,0.0,0.0,0.0
536,206,5,0.0,0.0,0.0,0.0
80,160,3,0.0,0.0,0.0,0.0
578,87,2,1.0,1.0,0.0,0.0
959,272,4,0.0,0.0,0.0,0.0
159,5,4,0.0,0.0,0.0,0.0
497,252,5,0.0,0.0,0.0,0.0
565,103,3,0.0,0.0,0.0,0.0
475,87,1,0.0,0.0,0.0,0.0
620,323,5,1.0,0.0,0.0,0.0
59,52,1,0.0,0.0,0.0,0.0
188,336,1,0.0,0.0,0.0,0.0
819,127,4,0.0,0.0,0.0,0.0
811,464,2,0.0,0.0,0.0,0.0
228,485,4,1.0,1.0,0.0,0.0
370,146,3,0.0,0.0,0.0,0.0
628,436,1,0.0,0.0,0.0,0.0
123,470,3,0.0,0.0,0.0,0.0
15,34,2,0.0,0.0,0.0,0.0
122,35,5,1.0,1.0,0.0,0.0
761,72,4,1.0,0.0,1.0,0.0
60,404,5,0.0,0.0,0.0,0.0
953,318,1,0.0,0.0,0.0,0.0
259,235,3,0.0,0.0,0.0,0.0
534,457,2,0.0,0.0,0.0,0.0
414,273,1,0.0,0.0,0.0,0.0
460,84,3,0.0,0.0,0.0,0.0
507,247,5,0.0,0.0,0.0,0.0
895,154,2,0.0,0.0,0.0,0.0
865,307,1,0.0,0.0,0.0,0.0
212,332,3,0.0,0.0,0.0,0.0
885,121,3,0.0,0.0,0.0,0.0
997,3,5,0.0,0.0,0.0,0.0
440,472,2,0.0,0.0,0.0,0.0
581,177,2,0.0,0.0,0.0,0.0
203,405,1,0.0,0.0,0.0,0.0
566,189,1,0.0,0.0,0.0,0.0
190,297,5,0.0,0.0,0.0,0.0
628,254,1,0.0,0.0,0.0,0.0
469,222,3,0.0,0.0,0.0,0.0
803,490,3,0.0,0.0,0.0,0.0
765,418,1,0.0,0.0,0.0,0.0
682,374,1,0.0,0.0,0.0,0.0
532,45,4,0.0,0.0,0.0,0.0
547,333,1,0.0,0.0,0.0,0.0
306,177,5,0.0,0.0,0.0,0.0
732,494,5,0.0,0.0,0.0,0.0
314,163,3,0.0,0.0,0.0,0.0
875,313,2,0.0,0.0,0.0,0.0
474,160,1,0.0,0.0,0.0,0.0
171,207,5,0.0,0.0,0.0,1.0
734,46,2,0.0,0.0,0.0,0.0
60,300,2,0.0,0.0,0.0,0.0
781,24,3,0.0,0.0,0.0,0.0
556,269,2,1.0,0.0,0.0,0.0
699,385,3,0.0,0.0,0.0,0.0
512,86,4,0.0,0.0,0.0,0.0
27,198,3,0.0,0.0,0.0,0.0
814,459,2,0.0,0.0,0.0,0.0
303,352,4,0.0,0.0,0.0,0.0
482,283,3,0.0,0.0,0.0,0.0
276,379,3,1.0,0.0,0.0,0.0
227,19,5,0.0,0.0,0.0,0.0
995,365,1,1.0,0.0,1.0,0.0
197,75,3,1.0,1.0,0.0,0.0
638,264,2,0.0,0.0,0.0,0.0
617,421,2,0.0,0.0,0.0,0.0
389,55,5,0.0,0.0,0.0,0.0
852,314,5,0.0,0.0,0.0,0.0
32,76,4,0.0,0.0,0.0,0.0
695,456,1,0.0,0.0,0.0,0.0
304,397,5,0.0,0.0,0.0,0.0
16,426,3,0.0,0.0,0.0,0.0
128,266,3,0.0,0.0,0.0,0.0
592,202,4,0.0,0.0,0.0,0.0
569,154,2,0.0,0.0,0.0,0.0
470,102,5,0.0,0.0,0.0,0.0
263,200,1,0.0,0.0,0.0,0.0
374,14,4,0.0,0.0,0.0,0.0
719,85,2,0.0,0.0,0.0,0.0
828,381,1,0.0,0.0,0.0,0.0
154,280,4,0.0,0.0,0.0,0.0
824,257,4,0.0,0.0,0.0,0.0
129,117,4,0.0,0.0,0.0,0.0
906,263,4,0.0,0.0,0.0,0.0
328,122,5,0.0,0.0,0.0,0.0
203,294,1,0.0,0.0,0.0,0.0
165,286,2,0.0,0.0,0.0,0.0
333,274,4,0.0,0.0,0.0,0.0
131,475,3,0.0,0.0,0.0,0.0
335,433,5,0.0,0.0,0.0,0.0
323,59,5,0.0,0.0,0.0,0.0
389,230,1,0.0,0.0,0.0,0.0
564,10,2,0.0,0.0,0.0,1.0
197,395,3,0.0,0.0,0.0,0.0
379,151,1,0.0,0.0,0.0,0.0
955,187,1,0.0,0.0,0.0,0.0
905,258,1,0.0,0.0,0.0,0.0
908,480,1,0.0,0.0,0.0,0.0
858,79,1,0.0,0.0,0.0,0.0
457,79,5,0.0,0.0,0.0,0.0
639,194,2,0.0,0.0,0.0,0.0
481,177,4,0.0,0.0,0.0,0.0
382,255,3,0.0,0.0,0.0,0.0
2,373,2,1.0,0.0,0.0,0.0
549,237,2,0.0,0.0,0.0,0.0
859,391,3,0.0,0.0,0.0,0.0
70,431,4,0.0,0.0,0.0,0.0
385,126,2,0.0,0.0,0.0,0.0
732,428,3,0.0,0.0,0.0,0.0
991,88,2,0.0,0.0,0.0,0.0
599,428,4,0.0,0.0,0.0,0.0
229,355,4,1.0,0.0,0.0,0.0
822,455,1,0.0,0.0,0.0,0.0
943,494,1,0.0,0.0,0.0,0.0
30,143,1,0.0,0.0,0.0,0.0
920,90,5,0.0,0.0,0.0,0.0
422,445,2,0.0,0.0,0.0,0.0
602,60,4,0.0,0.0,0.0,0.0
271,231,4,0.0,0.0,0.0,0.0
690,271,1,0.0,0.0,0.0,0.0
864,77,2,0.0,0.0,0.0,0.0
966,432,3,0.0,0.0,0.0,0.0
610,44,3,0.0,0.0,0.0,0.0
691,311,4,0.0,0.0,0.0,0.0
1000,395,2,0.0,0.0,0.0,0.0
720,225,1,0.0,0.0,0.0,0.0
899,197,5,1.0,0.0,1.0,0.0
357,373,4,0.0,0.0,0.0,0.0
500,25,3,1.0,1.0,0.0,0.0
742,391,4,1.0,0.0,1.0,0.0
706,231,3,0.0,0.0,0.0,0.0
838,57,3,0.0,0.0,0.0,0.0
963,84,3,0.0,0.0,0.0,0.0
156,220,2,0.0,0.0,0.0,0.0
828,482,5,0.0,0.0,0.0,0.0
119,436,5,0.0,0.0,0.0,0.0
152,252,1,0.0,0.0,0.0,0.0
16,235,5,0.0,0.0,0.0,0.0
118,98,1,0.0,0.0,0.0,0.0
594,3,5,0.0,0.0,0.0,0.0
428,377,5,0.0,0.0,0.0,0.0
559,140,1,0.0,0.0,0.0,0.0
813,461,3,0.0,0.0,0.0,0.0
325,347,1,0.0,0.0,0.0,0.0
967,129,1,0.0,0.0,0.0,0.0
95,333,1,0.0,0.0,0.0,0.0
522,423,2,0.0,0.0,0.0,0.0
701,407,5,0.0,0.0,0.0,0.0
178,481,1,0.0,0.0,0.0,0.0
643,228,1,0.0,0.0,0.0,0.0
22,428,3,0.0,0.0,0.0,0.0
472,313,4,0.0,0.0,0.0,0.0
320,362,1,0.0,0.0,0.0,0.0
870,497,4,0.0,0.0,0.0,0.0
534,115,2,0.0,0.0,0.0,0.0
546,227,1,0.0,0.0,0.0,0.0
551,321,5,0.0,0.0,0.0,0.0
583,96,4,0.0,0.0,0.0,0.0
67,114,5,0.0,0.0,0.0,0.0
374,16,5,0.0,0.0,0.0,0.0
731,318,4,0.0,0.0,0.0,0.0
244,157,1,0.0,0.0,0.0,0.0
691,57,1,1.0,0.0,0.0,0.0
591,488,4,0.0,0.0,0.0,0.0
805,420,2,1.0,1.0,0.0,0.0
280,88,3,0.0,0.0,0.0,0.0
97,13,4,1.0,1.0,0.0,0.0
338,289,2,0.0,0.0,0.0,0.0
563,222,3,0.0,0.0,0.0,0.0
367,292,2,0.0,0.0,0.0,0.0
332,289,5,0.0,0.0,0.0,0.0
169,349,2,0.0,0.0,0.0,0.0
776,408,3,0.0,0.0,0.0,0.0
626,244,3,0.0,0.0,0.0,0.0
645,75,2,0.0,0.0,0.0,0.0
630,433,4,0.0,0.0,0.0,0.0
401,31,4,0.0,0.0,0.0,0.0
740,410,4,0.0,0.0,0.0,0.0
362,226,5,0.0,0.0,0.0,0.0
589,243,3,0.0,0.0,0.0,0.0
85,196,4,0.0,0.0,0.0,0.0
506,455,5,0.0,0.0,0.0,0.0
804,407,5,0.0,0.0,0.0,0.0
816,44,5,0.0,0.0,0.0,0.0
866,87,2,0.0,0.0,0.0,0.0
423,46,2,0.0,0.0,0.0,0.0
785,490,3,1.0,1.0,0.0,0.0
818,6,4,0.0,0.0,0.0,0.0
926,116,2,1.0,1.0,0.0,0.0
787,112,5,0.0,0.0,0.0,0.0
687,414,3,0.0,0.0,0.0,0.0
805,163,4,0.0,0.0,0.0,0.0
599,5,2,0.0,0.0,0.0,1.0
227,51,4,0.0,0.0,0.0,0.0
888,478,4,1.0,0.0,1.0,0.0
309,490,1,0.0,0.0,0.0,0.0
658,312,4,0.0,0.0,0.0,0.0
471,498,3,0.0,0.0,0.0,0.0
607,121,4,0.0,0.0,0.0,0.0
972,430,5,0.0,0.0,0.0,0.0
217,239,3,0.0,0.0,0.0,0.0
819,104,4,1.0,1.0,0.0,1.0
809,498,3,0.0,0.0,0.0,0.0
492,350,4,0.0,0.0,0.0,0.0
500,199,2,0.0,0.0,0.0,0.0
283,206,1,0.0,0.0,0.0,0.0
970,110,5,0.0,0.0,0.0,0.0
678,242,2,0.0,0.0,0.0,0.0
739,329,2,0.0,0.0,0.0,0.0
700,241,3,0.0,0.0,0.0,0.0
750,197,2,0.0,0.0,0.0,0.0
895,200,3,0.0,0.0,0.0,0.0
499,271,4,0.0,0.0,0.0,0.0
637,75,1,0.0,0.0,0.0,0.0
555,256,2,0.0,0.0,0.0,0.0
777,277,5,0.0,0.0,0.0,0.0
547,55,1,0.0,0.0,0.0,0.0
965,7,4,0.0,0.0,0.0,0.0
601,203,3,0.0,0.0,0.0,0.0
827,314,5,0.0,0.0,0.0,0.0
92,161,5,0.0,0.0,0.0,0.0
576,157,4,0.0,0.0,0.0,0.0
201,260,3,0.0,0.0,0.0,0.0
808,116,4,0.0,0.0,0.0,0.0
61,127,1,0.0,0.0,0.0,0.0
806,274,2,0.0,0.0,0.0,0.0
719,249,1,0.0,0.0,0.0,0.0
355,302,5,0.0,0.0,0.0,0.0
852,357,1,0.0,0.0,0.0,0.0
586,384,4,0.0,0.0,0.0,0.0
22,217,2,0.0,0.0,0.0,0.0
383,108,2,0.0,0.0,0.0,0.0
908,375,5,0.0,0.0,0.0,0.0
674,82,3,0.0,0.0,0.0,0.0
398,5,2,1.0,0.0,0.0,0.0
998,292,5,0.0,0.0,0.0,0.0
103,346,4,0.0,0.0,0.0,0.0
51,267,4,0.0,0.0,0.0,0.0
66,309,3,0.0,0.0,0.0,0.0
823,140,4,0.0,0.0,0.0,0.0
538,37,1,0.0,0.0,0.0,0.0
857,430,5,0.0,0.0,0.0,0.0
41,188,4,0.0,0.0,0.0,0.0
374,489,4,0.0,0.0,0.0,0.0
215,339,5,0.0,0.0,0.0,0.0
823,344,1,0.0,0.0,0.0,0.0
180,483,3,0.0,0.0,0.0,0.0
309,337,5,0.0,0.0,0.0,0.0
914,454,5,0.0,0.0,0.0,0.0
685,345,4,0.0,0.0,0.0,0.0
575,285,4,0.0,0.0,0.0,0.0
952,390,2,0.0,0.0,0.0,0.0
943,391,1,1.0,0.0,0.0,0.0
94,452,3,0.0,0.0,0.0,0.0
423,475,5,0.0,0.0,0.0,0.0
143,275,2,0.0,0.0,0.0,0.0
273,313,2,0.0,0.0,0.0,0.0
173,352,3,0.0,0.0,0.0,0.0
44,97,1,0.0,0.0,0.0,0.0
172,185,4,0.0,0.0,0.0,0.0
556,285,3,0.0,0.0,0.0,0.0
273,378,3,0.0,0.0,0.0,0.0
244,249,2,1.0,0.0,1.0,0.0
293,409,2,0.0,0.0,0.0,0.0
511,469,2,1.0,0.0,0.0,0.0
797,113,3,0.0,0.0,0.0,0.0
494,339,5,0.0,0.0,0.0,0.0
402,185,4,0.0,0.0,0.0,0.0
64,182,4,0.0,0.0,0.0,0.0
694,179,3,0.0,0.0,0.0,0.0
624,304,1,0.0,0.0,0.0,0.0
329,204,4,0.0,0.0,0.0,0.0
942,165,1,1.0,1.0,0.0,0.0
958,104,5,0.0,0.0,0.0,0.0
53,398,1,0.0,0.0,0.0,0.0
18,335,4,0.0,0.0,0.0,0.0
497,473,2,0.0,0.0,0.0,0.0
640,17,1,0.0,0.0,0.0,0.0
480,75,3,0.0,0.0,0.0,0.0
785,352,4,0.0,0.0,0.0,0.0
413,64,3,2.0,1.0,0.0,0.0
116,123,2,0.0,0.0,0.0,0.0
336,364,5,0.0,0.0,0.0,0.0
916,305,3,0.0,0.0,0.0,0.0
701,23,1,0.0,0.0,0.0,1.0
882,386,1,0.0,0.0,0.0,0.0
757,233,2,0.0,0.0,0.0,0.0
978,324,2,0.0,0.0,0.0,0.0
455,88,4,0.0,0.0,0.0,1.0
295,272,3,0.0,0.0,0.0,0.0
929,298,5,1.0,0.0,0.0,0.0
616,86,2,0.0,0.0,0.0,0.0
177,453,3,0.0,0.0,0.0,0.0
388,141,4,1.0,0.0,0.0,0.0
865,279,1,0.0,0.0,0.0,0.0
42,134,5,0.0,0.0,0.0,0.0
988,364,4,0.0,0.0,0.0,0.0
986,483,3,0.0,0.0,0.0,0.0
867,302,3,0.0,0.0,0.0,0.0
936,395,1,0.0,0.0,0.0,0.0
997,108,4,0.0,0.0,0.0,0.0
390,442,2,0.0,0.0,0.0,0.0
433,450,3,0.0,0.0,0.0,0.0
641,87,1,0.0,0.0,0.0,0.0
927,422,3,0.0,0.0,0.0,0.0
299,371,4,0.0,0.0,0.0,0.0
68,446,2,0.0,0.0,0.0,0.0
247,4,4,0.0,0.0,0.0,0.0
950,284,2,0.0,0.0,0.0,0.0
137,175,4,0.0,0.0,0.0,0.0
678,45,2,0.0,0.0,0.0,0.0
498,62,3,0.0,0.0,0.0,0.0
164,292,1,0.0,0.0,0.0,0.0
754,439,2,0.0,0.0,0.0,0.0
646,386,5,0.0,0.0,0.0,0.0
87,120,1,0.0,0.0,0.0,0.0
942,131,4,0.0,0.0,0.0,0.0
455,122,2,0.0,0.0,0.0,0.0
101,43,1,0.0,0.0,0.0,0.0
126,341,1,0.0,0.0,0.0,0.0
269,124,3,0.0,0.0,0.0,0.0
583,220,1,0.0,0.0,0.0,0.0
390,366,2,0.0,0.0,0.0,0.0
42,275,4,0.0,0.0,0.0,0.0
286,145,5,0.0,0.0,0.0,0.0
159,134,1,0.0,0.0,0.0,0.0
618,275,5,0.0,0.0,0.0,0.0
952,386,4,0.0,0.0,0.0,0.0
470,91,3,0.0,0.0,0.0,0.0
621,398,2,0.0,0.0,0.0,0.0
717,363,4,0.0,0.0,0.0,0.0
824,56,2,0.0,0.0,0.0,0.0
537,455,3,0.0,0.0,0.0,0.0
506,22,5,0.0,0.0,0.0,0.0
251,314,2,0.0,0.0,0.0,0.0
408,385,3,0.0,0.0,0.0,0.0
450,185,1,0.0,0.0,0.0,0.0
794,459,2,0.0,0.0,0.0,0.0
535,195,3,0.0,0.0,0.0,0.0
637,410,3,0.0,0.0,0.0,0.0
942,239,4,1.0,1.0,0.0,0.0
370,202,3,0.0,0.0,0.0,0.0
476,408,2,0.0,0.0,0.0,0.0
3,395,2,0.0,0.0,0.0,0.0
328,154,2,0.0,0.0,0.0,0.0
112,260,4,0.0,0.0,0.0,0.0
426,243,1,0.0,0.0,0.0,0.0
620,419,4,0.0,0.0,0.0,0.0
871,90,2,1.0,1.0,0.0,0.0
333,267,1,0.0,0.0,0.0,0.0
312,273,1,0.0,0.0,0.0,0.0
156,251,5,1.0,1.0,0.0,0.0
914,302,1,0.0,0.0,0.0,0.0
560,188,4,0.0,0.0,0.0,0.0
709,280,1,1.0,1.0,0.0,0.0
297,361,2,0.0,0.0,0.0,0.0
997,384,5,0.0,0.0,0.0,0.0
615,348,2,0.0,0.0,0.0,0.0
423,349,4,0.0,0.0,0.0,0.0
233,410,2,0.0,0.0,0.0,0.0
120,272,1,0.0,0.0,0.0,0.0
467,78,3,0.0,0.0,0.0,0.0
554,309,3,0.0,0.0,0.0,0.0
700,245,1,0.0,0.0,0.0,0.0
474,113,5,0.0,0.0,0.0,0.0
384,384,4,0.0,0.0,0.0,0.0
627,258,1,1.0,1.0,0.0,0.0
429,244,3,0.0,0.0,0.0,0.0
125,377,5,1.0,0.0,0.0,0.0
367,55,4,0.0,0.0,0.0,0.0
473,136,1,0.0,0.0,0.0,0.0
222,241,5,0.0,0.0,0.0,0.0
492,304,2,0.0,0.0,0.0,0.0
534,118,1,0.0,0.0,0.0,0.0
110,348,5,0.0,0.0,0.0,0.0
616,123,1,0.0,0.0,0.0,0.0
768,212,4,0.0,0.0,0.0,0.0
565,289,2,0.0,0.0,0.0,0.0
299,495,1,0.0,0.0,0.0,0.0
244,354,5,0.0,0.0,0.0,0.0
811,84,3,0.0,0.0,0.0,0.0
206,11,4,0.0,0.0,0.0,0.0
458,483,4,0.0,0.0,0.0,1.0
646,309,5,0.0,0.0,0.0,0.0
772,193,4,0.0,0.0,0.0,0.0
361,58,2,0.0,0.0,0.0,0.0
189,333,4,0.0,0.0,0.0,0.0
102,450,3,0.0,0.0,0.0,0.0
890,190,3,0.0,0.0,0.0,0.0
37,120,3,0.0,0.0,0.0,0.0
729,344,2,0.0,0.0,0.0,0.0
524,269,1,0.0,0.0,0.0,0.0
11,40,2,0.0,0.0,0.0,0.0
253,106,1,0.0,0.0,0.0,0.0
101,72,5,0.0,0.0,0.0,0.0
712,216,5,1.0,0.0,0.0,0.0
380,396,5,0.0,0.0,0.0,0.0
626,137,1,0.0,0.0,0.0,0.0
18,436,4,0.0,0.0,0.0,0.0
270,473,4,0.0,0.0,0.0,0.0
898,270,2,1.0,0.0,0.0,0.0
9,66,5,0.0,0.0,0.0,0.0
7,260,4,0.0,0.0,0.0,0.0
117,266,4,0.0,0.0,0.0,0.0
199,94,2,0.0,0.0,0.0,0.0
500,13,1,0.0,0.0,0.0,0.0
896,417,1,0.0,0.0,0.0,0.0
29,154,2,0.0,0.0,0.0,0.0
298,256,4,0.0,0.0,0.0,0.0
96,196,4,0.0,0.0,0.0,0.0
233,128,4,0.0,0.0,0.0,0.0
261,469,4,0.0,0.0,0.0,0.0
917,113,1,0.0,0.0,0.0,0.0
465,76,4,0.0,0.0,0.0,0.0
641,18,5,0.0,0.0,0.0,0.0
164,358,4,0.0,0.0,0.0,0.0
660,96,1,1.0,1.0,0.0,0.0
249,297,1,0.0,0.0,0.0,0.0
552,415,4,0.0,0.0,0.0,0.0
320,104,2,0.0,0.0,0.0,0.0
418,31,5,0.0,0.0,0.0,0.0
484,439,4,0.0,0.0,0.0,0.0
346,293,4,0.0,0.0,0.0,0.0
962,127,1,0.0,0.0,0.0,0.0
724,317,2,0.0,0.0,0.0,0.0
447,302,2,0.0,0.0,0.0,0.0
131,492,1,0.0,0.0,0.0,0.0
799,246,4,0.0,0.0,0.0,0.0
758,83,5,0.0,0.0,0.0,0.0
230,162,5,0.0,0.0,0.0,0.0
317,95,1,0.0,0.0,0.0,0.0
726,183,2,0.0,0.0,0.0,0.0
933,250,5,0.0,0.0,0.0,0.0
829,310,3,0.0,0.0,0.0,0.0
649,5,4,0.0,0.0,0.0,0.0
740,345,5,0.0,0.0,0.0,0.0
649,139,4,0.0,0.0,0.0,0.0
891,459,4,0.0,0.0,0.0,0.0
955,110,2,0.0,0.0,0.0,0.0
383,412,2,0.0,0.0,0.0,0.0
508,133,3,0.0,0.0,0.0,0.0
823,262,5,0.0,0.0,0.0,0.0
421,417,2,1.0,1.0,0.0,0.0
970,427,2,0.0,0.0,0.0,0.0
468,113,3,0.0,0.0,0.0,0.0
460,447,3,0.0,0.0,0.0,0.0
112,139,4,1.0,0.0,1.0,0.0
97,407,4,0.0,0.0,0.0,0.0
46,290,5,0.0,0.0,0.0,0.0
33,70,3,0.0,0.0,0.0,0.0
415,329,1,2.0,1.0,0.0,0.0
670,98,3,0.0,0.0,0.0,0.0
577,343,4,0.0,0.0,0.0,0.0
77,33,4,0.0,0.0,0.0,0.0
13,215,3,0.0,0.0,0.0,0.0
582,489,4,0.0,0.0,0.0,0.0
653,208,3,0.0,0.0,0.0,0.0
126,72,1,0.0,0.0,0.0,0.0
996,1,1,0.0,0.0,0.0,0.0
953,257,4,0.0,0.0,0.0,0.0
769,474,2,0.0,0.0,0.0,0.0
829,256,4,1.0,0.0,0.0,0.0
567,219,1,0.0,0.0,0.0,0.0
787,54,2,0.0,0.0,0.0,0.0
40,361,5,0.0,0.0,0.0,0.0
25,53,5,0.0,0.0,0.0,0.0
963,28,4,0.0,0.0,0.0,0.0
828,81,2,0.0,0.0,0.0,1.0
754,493,5,0.0,0.0,0.0,0.0
873,398,1,0.0,0.0,0.0,0.0
308,331,2,0.0,0.0,0.0,0.0
236,416,4,1.0,0.0,0.0,0.0
135,243,5,0.0,0.0,0.0,0.0
652,295,3,0.0,0.0,0.0,0.0
986,18,5,0.0,0.0,0.0,0.0
113,54,5,0.0,0.0,0.0,0.0
121,113,2,0.0,0.0,0.0,0.0
993,356,2,0.0,0.0,0.0,0.0
812,468,5,0.0,0.0,0.0,0.0
55,27,5,0.0,0.0,0.0,0.0
651,53,5,1.0,0.0,0.0,0.0
675,435,4,0.0,0.0,0.0,0.0
515,246,1,0.0,0.0,0.0,0.0
435,104,5,0.0,0.0,0.0,0.0
625,347,3,0.0,0.0,0.0,0.0
405,100,3,0.0,0.0,0.0,0.0
459,50,2,0.0,0.0,0.0,0.0
468,120,2,0.0,0.0,0.0,0.0
186,311,2,0.0,0.0,0.0,0.0
321,158,3,0.0,0.0,0.0,0.0
637,243,3,1.0,0.0,0.0,0.0
466,244,2,0.0,0.0,0.0,0.0
96,65,5,0.0,0.0,0.0,0.0
724,262,1,0.0,0.0,0.0,0.0
546,161,3,0.0,0.0,0.0,0.0
1000,125,5,0.0,0.0,0.0,0.0
235,187,5,0.0,0.0,0.0,0.0
202,409,2,0.0,0.0,0.0,0.0
8,247,5,0.0,0.0,0.0,0.0
861,163,3,0.0,0.0,0.0,0.0
656,323,5,1.0,1.0,0.0,0.0
493,224,5,0.0,0.0,0.0,0.0
370,175,4,0.0,0.0,0.0,0.0
904,193,3,0.0,0.0,0.0,0.0
60,186,3,0.0,0.0,0.0,0.0
306,341,3,0.0,0.0,0.0,0.0
793,343,2,0.0,0.0,0.0,0.0
171,291,3,0.0,0.0,0.0,0.0
714,56,1,1.0,1.0,0.0,0.0
139,205,5,0.0,0.0,0.0,0.0
28,217,3,0.0,0.0,0.0,0.0
369,201,5,0.0,0.0,0.0,0.0
322,26,3,0.0,0.0,0.0,0.0
706,221,1,0.0,0.0,0.0,0.0
297,481,5,0.0,0.0,0.0,0.0
508,350,5,0.0,0.0,0.0,0.0
755,84,1,0.0,0.0,0.0,0.0
801,9,1,0.0,0.0,0.0,0.0
282,286,1,0.0,0.0,0.0,0.0
922,280,3,0.0,0.0,0.0,0.0
690,217,5,0.0,0.0,0.0,0.0
806,495,1,0.0,0.0,0.0,0.0
883,236,1,0.0,0.0,0.0,0.0
303,310,5,0.0,0.0,0.0,0.0
427,307,2,0.0,0.0,0.0,0.0
282,447,2,0.0,0.0,0.0,0.0
87,234,3,0.0,0.0,0.0,0.0
795,120,3,0.0,0.0,0.0,0.0
533,274,2,0.0,0.0,0.0,0.0
150,413,5,0.0,0.0,0.0,0.0
675,363,5,0.0,0.0,0.0,0.0
433,189,5,0.0,0.0,0.0,0.0
725,101,2,0.0,0.0,0.0,0.0
189,261,4,0.0,0.0,0.0,0.0
116,267,2,0.0,0.0,0.0,0.0
37,368,4,1.0,0.0,0.0,0.0
302,307,1,0.0,0.0,0.0,0.0
126,269,2,0.0,0.0,0.0,0.0
752,75,1,0.0,0.0,0.0,0.0
636,34,5,0.0,0.0,0.0,0.0
29,100,2,1.0,1.0,0.0,0.0
74,177,1,1.0,1.0,0.0,0.0
576,440,2,0.0,0.0,0.0,0.0
413,325,4,0.0,0.0,0.0,0.0
294,141,3,0.0,0.0,0.0,0.0
568,211,3,0.0,0.0,0.0,0.0
442,329,5,0.0,0.0,0.0,0.0
986,11,1,0.0,0.0,0.0,0.0
268,306,5,0.0,0.0,0.0,0.0
530,47,4,0.0,0.0,0.0,0.0
50,264,3,0.0,0.0,0.0,0.0
909,256,4,0.0,0.0,0.0,0.0
480,471,4,0.0,0.0,0.0,0.0
246,288,3,0.0,0.0,0.0,1.0
890,326,3,0.0,0.0,0.0,0.0
21,3,3,0.0,0.0,0.0,0.0
118,13,3,0.0,0.0,0.0,0.0
452,476,5,0.0,0.0,0.0,0.0
161,385,4,0.0,0.0,0.0,1.0
549,56,1,1.0,0.0,0.0,0.0
829,246,4,0.0,0.0,0.0,0.0
212,352,1,0.0,0.0,0.0,0.0
752,190,5,0.0,0.0,0.0,0.0
792,5,1,0.0,0.0,0.0,0.0
514,175,5,0.0,0.0,0.0,0.0
389,346,3,0.0,0.0,0.0,0.0
334,166,2,0.0,0.0,0.0,0.0
751,478,2,0.0,0.0,0.0,0.0
691,257,2,0.0,0.0,0.0,0.0
675,59,5,1.0,0.0,1.0,0.0
724,405,5,1.0,1.0,0.0,0.0
749,242,1,0.0,0.0,0.0,0.0
111,287,1,0.0,0.0,0.0,0.0
355,403,5,0.0,0.0,0.0,0.0
720,388,2,0.0,0.0,0.0,0.0
169,150,2,0.0,0.0,0.0,0.0
562,146,1,0.0,0.0,0.0,0.0
60,171,4,0.0,0.0,0.0,0.0
64,402,3,0.0,0.0,0.0,0.0
249,126,4,0.0,0.0,0.0,0.0
112,487,3,0.0,0.0,0.0,0.0
493,50,2,0.0,0.0,0.0,0.0
554,103,5,0.0,0.0,0.0,0.0
907,103,2,0.0,0.0,0.0,0.0
925,166,5,0.0,0.0,0.0,0.0
567,274,4,0.0,0.0,0.0,0.0
530,487,5,0.0,0.0,0.0,0.0
258,161,1,0.0,0.0,0.0,0.0
725,58,4,1.0,0.0,0.0,0.0
531,375,2,0.0,0.0,0.0,0.0
632,466,4,0.0,0.0,0.0,0.0
151,455,2,0.0,0.0,0.0,0.0
623,393,1,0.0,0.0,0.0,0.0
111,420,1,0.0,0.0,0.0,0.0
260,484,1,0.0,0.0,0.0,0.0
980,374,4,0.0,0.0,0.0,0.0
430,453,4,0.0,0.0,0.0,0.0
533,76,2,0.0,0.0,0.0,0.0
43,152,5,0.0,0.0,0.0,0.0
550,406,2,0.0,0.0,0.0,0.0
270,412,4,0.0,0.0,0.0,0.0
778,455,4,0.0,0.0,0.0,0.0
905,497,5,0.0,0.0,0.0,0.0
856,1,5,0.0,0.0,0.0,0.0
721,450,2,0.0,0.0,0.0,0.0
113,455,5,0.0,0.0,0.0,0.0
529,319,5,0.0,0.0,0.0,0.0
45,137,1,0.0,0.0,0.0,0.0
750,458,4,0.0,0.0,0.0,0.0
730,88,5,0.0,0.0,0.0,0.0
588,310,2,0.0,0.0,0.0,0.0
637,181,2,0.0,0.0,0.0,0.0
592,31,2,0.0,0.0,0.0,0.0
933,409,5,0.0,0.0,0.0,1.0
953,458,3,0.0,0.0,0.0,0.0
168,172,4,0.0,0.0,0.0,0.0
192,440,1,0.0,0.0,0.0,0.0
508,273,4,0.0,0.0,0.0,0.0
121,399,3,0.0,0.0,0.0,0.0
805,331,2,0.0,0.0,0.0,0.0
64,492,2,0.0,0.0,0.0,0.0
429,450,5,0.0,0.0,0.0,0.0
937,336,3,0.0,0.0,0.0,0.0
66,284,3,0.0,0.0,0.0,0.0
336,226,3,0.0,0.0,0.0,0.0
948,238,5,1.0,0.0,0.0,0.0
38,353,2,1.0,0.0,1.0,0.0
2,116,1,0.0,0.0,0.0,0.0
881,131,3,0.0,0.0,0.0,0.0
158,162,3,0.0,0.0,0.0,0.0
396,215,5,0.0,0.0,0.0,0.0
223,204,4,1.0,1.0,0.0,0.0
369,309,1,0.0,0.0,0.0,0.0
704,488,2,0.0,0.0,0.0,0.0
350,418,3,0.0,0.0,0.0,0.0
3,198,4,0.0,0.0,0.0,0.0
653,58,2,0.0,0.0,0.0,0.0
221,152,4,0.0,0.0,0.0,0.0
929,445,5,0.0,0.0,0.0,0.0
860,249,4,0.0,0.0,0.0,0.0
321,378,4,0.0,0.0,0.0,0.0
466,267,1,0.0,0.0,0.0,0.0
821,242,3,0.0,0.0,0.0,0.0
434,194,2,0.0,0.0,0.0,0.0
5,132,1,0.0,0.0,0.0,0.0
980,147,4,0.0,0.0,0.0,0.0
661,415,5,0.0,0.0,0.0,0.0
657,270,2,0.0,0.0,0.0,1.0
796,489,1,0.0,0.0,0.0,0.0
31,12,4,0.0,0.0,0.0,0.0
561,81,3,0.0,0.0,0.0,0.0
776,334,2,1.0,1.0,0.0,0.0
663,73,4,1.0,1.0,0.0,0.0
231,119,3,0.0,0.0,0.0,1.0
804,187,1,0.0,0.0,0.0,0.0
994,411,5,0.0,0.0,0.0,0.0
109,234,5,0.0,0.0,0.0,0.0
547,311,2,0.0,0.0,0.0,0.0
353,288,2,1.0,0.0,0.0,0.0
37,1,4,0.0,0.0,0.0,0.0
291,446,1,0.0,0.0,0.0,0.0
201,396,4,0.0,0.0,0.0,0.0
970,128,2,0.0,0.0,0.0,0.0
100,219,5,1.0,1.0,0.0,0.0
328,50,3,0.0,0.0,0.0,0.0
734,159,2,0.0,0.0,0.0,0.0
860,363,3,0.0,0.0,0.0,0.0
561,231,2,0.0,0.0,0.0,0.0
414,403,4,0.0,0.0,0.0,0.0
969,48,3,0.0,0.0,0.0,0.0
41,441,5,0.0,0.0,0.0,0.0
747,394,2,0.0,0.0,0.0,0.0
974,477,4,0.0,0.0,0.0,0.0
675,334,4,0.0,0.0,0.0,0.0
461,340,3,0.0,0.0,0.0,0.0
266,250,1,0.0,0.0,0.0,0.0
436,358,1,0.0,0.0,0.0,0.0
258,174,3,0.0,0.0,0.0,0.0
343,336,3,0.0,0.0,0.0,0.0
645,147,5,0.0,0.0,0.0,0.0
169,205,2,0.0,0.0,0.0,0.0
991,225,1,0.0,0.0,0.0,0.0
132,324,4,0.0,0.0,0.0,0.0
544,196,5,0.0,0.0,0.0,0.0
932,253,4,0.0,0.0,0.0,0.0
275,309,2,0.0,0.0,0.0,0.0
714,386,5,0.0,0.0,0.0,0.0
265,46,3,0.0,0.0,0.0,0.0
566,375,1,0.0,0.0,0.0,0.0
683,406,4,0.0,0.0,0.0,0.0
574,324,4,1.0,0.0,0.0,0.0
438,49,2,0.0,0.0,0.0,0.0
85,102,3,0.0,0.0,0.0,0.0
897,215,3,0.0,0.0,0.0,0.0
971,492,1,1.0,0.0,0.0,0.0
494,359,2,0.0,0.0,0.0,0.0
675,187,5,1.0,1.0,0.0,0.0
397,199,1,0.0,0.0,0.0,0.0
239,65,1,0.0,0.0,0.0,0.0
624,352,2,0.0,0.0,0.0,0.0
250,82,2,0.0,0.0,0.0,0.0
825,72,1,0.0,0.0,0.0,0.0
482,90,5,0.0,0.0,0.0,0.0
475,440,5,0.0,0.0,0.0,0.0
888,111,2,0.0,0.0,0.0,0.0
786,135,1,0.0,0.0,0.0,0.0
576,98,5,0.0,0.0,0.0,0.0
42,386,2,0.0,0.0,0.0,0.0
598,107,4,0.0,0.0,0.0,0.0
601,293,2,0.0,0.0,0.0,0.0
978,379,3,0.0,0.0,0.0,0.0
465,282,2,1.0,1.0,0.0,0.0
62,136,3,0.0,0.0,0.0,0.0
367,47,3,0.0,0.0,0.0,0.0
646,446,1,0.0,0.0,0.0,0.0
762,194,3,0.0,0.0,0.0,0.0
493,81,2,0.0,0.0,0.0,0.0
742,246,2,0.0,0.0,0.0,0.0
425,137,5,0.0,0.0,0.0,0.0
438,435,2,0.0,0.0,0.0,0.0
914,136,4,0.0,0.0,0.0,0.0
699,43,1,0.0,0.0,0.0,0.0
863,367,5,0.0,0.0,0.0,0.0
440,487,4,0.0,0.0,0.0,0.0
661,150,1,1.0,0.0,0.0,0.0
106,498,3,0.0,0.0,0.0,0.0
345,349,4,0.0,0.0,0.0,0.0
649,154,3,0.0,0.0,0.0,0.0
850,347,4,0.0,0.0,0.0,0.0
732,460,2,0.0,0.0,0.0,0.0
867,469,4,0.0,0.0,0.0,0.0
755,241,1,0.0,0.0,0.0,0.0
279,201,3,0.0,0.0,0.0,0.0
298,393,5,0.0,0.0,0.0,0.0
486,402,2,1.0,1.0,0.0,0.0
782,377,4,1.0,1.0,0.0,0.0
654,391,3,0.0,0.0,0.0,0.0
989,171,5,2.0,0.0,0.0,0.0
197,68,3,0.0,0.0,0.0,0.0
794,41,2,0.0,0.0,0.0,0.0
302,251,2,0.0,0.0,0.0,0.0
484,232,5,0.0,0.0,0.0,0.0
747,297,2,1.0,0.0,0.0,0.0
357,397,5,0.0,0.0,0.0,0.0
116,474,1,0.0,0.0,0.0,0.0
293,438,4,0.0,0.0,0.0,0.0
114,138,1,0.0,0.0,0.0,0.0
855,56,3,0.0,0.0,0.0,0.0
339,474,1,0.0,0.0,0.0,0.0
955,2,1,0.0,0.0,0.0,0.0
846,78,2,0.0,0.0,0.0,0.0
966,231,1,0.0,0.0,0.0,0.0
7,87,1,0.0,0.0,0.0,0.0
267,258,4,0.0,0.0,0.0,0.0
65,293,2,0.0,0.0,0.0,0.0
305,5,3,0.0,0.0,0.0,0.0
420,308,2,0.0,0.0,0.0,0.0
356,249,4,0.0,0.0,0.0,0.0
359,420,1,0.0,0.0,0.0,0.0
637,453,1,0.0,0.0,0.0,0.0
519,496,4,0.0,0.0,0.0,0.0
446,141,4,0.0,0.0,0.0,0.0
45,90,5,0.0,0.0,0.0,0.0
663,176,5,0.0,0.0,0.0,0.0
988,50,4,0.0,0.0,0.0,0.0
654,61,3,0.0,0.0,0.0,0.0
105,318,4,0.0,0.0,0.0,0.0
92,48,5,0.0,0.0,0.0,0.0
76,133,1,0.0,0.0,0.0,0.0
949,46,2,0.0,0.0,0.0,0.0
233,147,5,0.0,0.0,0.0,0.0
503,254,5,0.0,0.0,0.0,0.0
463,115,2,0.0,0.0,0.0,0.0
161,343,5,0.0,0.0,0.0,0.0
891,225,5,0.0,0.0,0.0,0.0
965,248,3,0.0,0.0,0.0,0.0
483,460,5,0.0,0.0,0.0,0.0
638,480,3,0.0,0.0,0.0,0.0
944,434,4,0.0,0.0,0.0,0.0
632,333,3,0.0,0.0,0.0,0.0
483,385,2,1.0,1.0,0.0,0.0
177,140,2,0.0,0.0,0.0,0.0
749,263,3,0.0,0.0,0.0,0.0
634,18,3,0.0,0.0,0.0,0.0
947,343,1,0.0,0.0,0.0,0.0
623,472,4,0.0,0.0,0.0,0.0
864,490,5,0.0,0.0,0.0,0.0
249,354,1,0.0,0.0,0.0,0.0
192,232,4,1.0,0.0,0.0,0.0
76,107,4,0.0,0.0,0.0,0.0
664,47,2,0.0,0.0,0.0,0.0
775,29,2,0.0,0.0,0.0,0.0
135,350,1,0.0,0.0,0.0,0.0
1,46,2,0.0,0.0,0.0,0.0
307,144,1,0.0,0.0,0.0,0.0
462,233,3,0.0,0.0,0.0,0.0
139,477,1,0.0,0.0,0.0,0.0
151,140,1,0.0,0.0,0.0,0.0
833,197,4,0.0,0.0,0.0,0.0
117,165,5,1.0,1.0,0.0,0.0
878,295,2,0.0,0.0,0.0,0.0
744,17,3,0.0,0.0,0.0,0.0
431,185,2,0.0,0.0,0.0,0.0
606,474,2,0.0,0.0,0.0,0.0
434,210,3,0.0,0.0,0.0,0.0
972,91,3,0.0,0.0,0.0,0.0
887,194,5,0.0,0.0,0.0,0.0
535,374,4,0.0,0.0,0.0,0.0
284,401,2,0.0,0.0,0.0,0.0
728,42,4,0.0,0.0,0.0,0.0
585,132,2,1.0,1.0,0.0,0.0
732,380,5,0.0,0.0,0.0,0.0
680,251,1,0.0,0.0,0.0,0.0
805,297,1,0.0,0.0,0.0,0.0
152,93,4,2.0,1.0,0.0,0.0
686,488,4,0.0,0.0,0.0,0.0
247,358,1,0.0,0.0,0.0,0.0
292,208,1,1.0,1.0,0.0,0.0
483,158,3,0.0,0.0,0.0,0.0
785,467,5,0.0,0.0,0.0,0.0
971,16,3,0.0,0.0,0.0,0.0
937,358,5,0.0,0.0,0.0,0.0
786,148,5,1.0,0.0,1.0,0.0
793,356,5,1.0,0.0,0.0,0.0
728,251,2,1.0,1.0,0.0,0.0
700,500,3,0.0,0.0,0.0,0.0
694,407,5,0.0,0.0,0.0,0.0
197,202,4,0.0,0.0,0.0,0.0
940,54,1,0.0,0.0,0.0,0.0
1000,459,4,0.0,0.0,0.0,0.0
976,301,5,0.0,0.0,0.0,0.0
628,453,4,0.0,0.0,0.0,0.0
87,51,1,1.0,1.0,0.0,0.0
411,56,4,0.0,0.0,0.0,0.0
710,60,4,0.0,0.0,0.0,0.0
605,268,5,0.0,0.0,0.0,0.0
907,229,2,0.0,0.0,0.0,0.0
131,168,4,0.0,0.0,0.0,0.0
342,18,2,0.0,0.0,0.0,0.0
828,217,4,0.0,0.0,0.0,0.0
212,328,1,0.0,0.0,0.0,0.0
570,452,1,0.0,0.0,0.0,0.0
77,353,2,0.0,0.0,0.0,0.0
465,68,2,0.0,0.0,0.0,0.0
485,73,2,0.0,0.0,0.0,0.0
343,58,3,0.0,0.0,0.0,0.0
130,324,1,0.0,0.0,0.0,0.0
328,344,2,0.0,0.0,0.0,0.0
881,353,1,0.0,0.0,0.0,0.0
819,416,2,0.0,0.0,0.0,0.0
664,62,5,0.0,0.0,0.0,0.0
122,326,4,0.0,0.0,0.0,0.0
441,487,4,0.0,0.0,0.0,0.0
665,74,4,1.0,1.0,0.0,0.0
360,32,5,0.0,0.0,0.0,0.0
677,97,4,0.0,0.0,0.0,0.0
464,46,5,0.0,0.0,0.0,0.0
168,287,3,0.0,0.0,0.0,0.0
447,47,5,0.0,0.0,0.0,0.0
980,255,4,1.0,0.0,0.0,0.0
521,296,3,0.0,0.0,0.0,0.0
4,440,4,0.0,0.0,0.0,0.0
805,477,2,0.0,0.0,0.0,0.0
119,114,5,0.0,0.0,0.0,0.0
277,476,1,0.0,0.0,0.0,0.0
817,456,3,0.0,0.0,0.0,0.0
96,82,1,0.0,0.0,0.0,0.0
28,68,5,0.0,0.0,0.0,0.0
299,117,5,0.0,0.0,0.0,0.0
454,197,3,0.0,0.0,0.0,0.0
819,300,4,0.0,0.0,0.0,0.0
694,263,1,1.0,0.0,0.0,0.0
438,67,3,0.0,0.0,0.0,1.0
85,372,2,0.0,0.0,0.0,0.0
393,265,2,0.0,0.0,0.0,0.0
348,24,2,0.0,0.0,0.0,0.0
861,166,3,0.0,0.0,0.0,0.0
563,217,3,0.0,0.0,0.0,0.0
956,125,3,1.0,0.0,0.0,0.0
349,326,4,0.0,0.0,0.0,0.0
906,357,5,0.0,0.0,0.0,0.0
850,480,3,0.0,0.0,0.0,1.0
685,111,3,0.0,0.0,0.0,0.0
315,489,4,0.0,0.0,0.0,0.0
376,291,4,0.0,0.0,0.0,0.0
369,141,3,0.0,0.0,0.0,0.0
592,296,1,0.0,0.0,0.0,0.0
303,23,4,0.0,0.0,0.0,0.0
707,277,5,0.0,0.0,0.0,0.0
581,140,4,0.0,0.0,0.0,0.0
70,55,4,0.0,0.0,0.0,0.0
73,22,3,0.0,0.0,0.0,0.0
250,334,3,0.0,0.0,0.0,0.0
644,58,4,0.0,0.0,0.0,0.0
578,279,1,0.0,0.0,0.0,0.0
184,247,2,0.0,0.0,0.0,0.0
83,411,2,0.0,0.0,0.0,0.0
201,154,2,0.0,0.0,0.0,0.0
331,269,5,0.0,0.0,0.0,0.0
78,159,3,0.0,0.0,0.0,0.0
827,496,3,1.0,0.0,0.0,0.0
873,141,1,0.0,0.0,0.0,0.0
443,13,2,0.0,0.0,0.0,0.0
478,348,4,0.0,0.0,0.0,0.0
628,493,2,0.0,0.0,0.0,0.0
152,345,1,0.0,0.0,0.0,0.0
439,29,5,0.0,0.0,0.0,0.0
142,61,3,1.0,0.0,0.0,0.0
788,358,1,1.0,0.0,0.0,0.0
207,253,2,0.0,0.0,0.0,0.0
386,360,5,0.0,0.0,0.0,0.0
198,456,2,0.0,0.0,0.0,0.0
736,213,1,0.0,0.0,0.0,0.0
702,76,3,0.0,0.0,0.0,0.0
330,9,1,0.0,0.0,0.0,0.0
692,372,5,0.0,0.0,0.0,0.0
780,127,4,0.0,0.0,0.0,0.0
417,380,1,1.0,0.0,0.0,0.0
649,273,1,0.0,0.0,0.0,0.0
635,330,2,0.0,0.0,0.0,0.0
140,319,2,0.0,0.0,0.0,0.0
622,401,5,0.0,0.0,0.0,0.0
2,166,2,0.0,0.0,0.0,0.0
681,460,1,0.0,0.0,0.0,0.0
326,465,5,1.0,1.0,0.0,0.0
826,263,1,0.0,0.0,0.0,0.0
730,479,4,0.0,0.0,0.0,0.0
765,170,1,0.0,0.0,0.0,0.0
902,33,4,0.0,0.0,0.0,0.0
6,267,1,0.0,0.0,0.0,0.0
630,20,3,0.0,0.0,0.0,0.0
331,287,2,0.0,0.0,0.0,0.0
293,374,4,0.0,0.0,0.0,0.0
763,379,4,0.0,0.0,0.0,0.0
693,315,5,0.0,0.0,0.0,0.0
833,363,2,0.0,0.0,0.0,0.0
827,197,3,0.0,0.0,0.0,0.0
839,322,2,0.0,0.0,0.0,0.0
2,374,4,0.0,0.0,0.0,0.0
687,428,3,0.0,0.0,0.0,0.0
485,350,3,0.0,0.0,0.0,0.0
814,263,2,1.0,0.0,0.0,0.0
17,329,1,0.0,0.0,0.0,0.0
599,99,4,0.0,0.0,0.0,0.0
52,2,4,0.0,0.0,0.0,0.0
256,387,2,0.0,0.0,0.0,0.0
300,363,2,0.0,0.0,0.0,0.0
665,95,3,0.0,0.0,0.0,0.0
82,393,4,0.0,0.0,0.0,0.0
581,42,1,0.0,0.0,0.0,0.0
741,298,4,0.0,0.0,0.0,0.0
331,220,1,0.0,0.0,0.0,0.0
951,498,1,1.0,0.0,1.0,0.0
70,432,3,0.0,0.0,0.0,0.0
957,228,2,0.0,0.0,0.0,0.0
665,115,3,0.0,0.0,0.0,0.0
836,147,4,0.0,0.0,0.0,0.0
525,81,2,1.0,1.0,0.0,0.0
462,483,4,1.0,0.0,0.0,0.0
476,288,3,0.0,0.0,0.0,0.0
141,335,3,0.0,0.0,0.0,0.0
109,162,3,0.0,0.0,0.0,0.0
620,357,3,0.0,0.0,0.0,0.0
70,462,1,0.0,0.0,0.0,0.0
177,352,3,0.0,0.0,0.0,0.0
476,420,3,0.0,0.0,0.0,0.0
505,473,5,0.0,0.0,0.0,0.0
880,408,4,0.0,0.0,0.0,0.0
557,182,1,0.0,0.0,0.0,0.0
327,129,2,0.0,0.0,0.0,0.0
735,339,4,0.0,0.0,0.0,0.0
170,365,5,0.0,0.0,0.0,0.0
508,270,5,0.0,0.0,0.0,0.0
955,129,1,0.0,0.0,0.0,0.0
945,363,5,0.0,0.0,0.0,0.0
217,267,3,1.0,0.0,1.0,0.0
561,89,1,1.0,0.0,1.0,0.0
114,340,5,0.0,0.0,0.0,0.0
470,103,4,1.0,0.0,0.0,0.0
834,363,5,0.0,0.0,0.0,0.0
190,308,4,0.0,0.0,0.0,0.0
839,429,4,0.0,0.0,0.0,0.0
737,32,3,0.0,0.0,0.0,0.0
654,30,1,0.0,0.0,0.0,0.0
379,168,1,0.0,0.0,0.0,0.0
796,330,5,0.0,0.0,0.0,0.0
276,105,1,1.0,1.0,0.0,0.0
228,34,4,0.0,0.0,0.0,0.0
335,329,4,0.0,0.0,0.0,0.0
481,434,4,0.0,0.0,0.0,1.0
940,277,3,0.0,0.0,0.0,0.0
358,324,1,0.0,0.0,0.0,0.0
223,180,1,0.0,0.0,0.0,0.0
927,90,2,1.0,1.0,0.0,0.0
213,491,2,0.0,0.0,0.0,0.0
446,136,4,0.0,0.0,0.0,0.0
765,254,2,0.0,0.0,0.0,0.0
694,323,4,0.0,0.0,0.0,0.0
613,184,5,0.0,0.0,0.0,0.0
906,214,2,0.0,0.0,0.0,0.0
664,393,3,0.0,0.0,0.0,0.0
87,178,2,0.0,0.0,0.0,0.0
536,482,1,0.0,0.0,0.0,0.0
502,63,4,0.0,0.0,0.0,0.0
947,155,2,1.0,0.0,1.0,0.0
646,64,2,0.0,0.0,0.0,0.0
244,66,2,0.0,0.0,0.0,0.0
636,455,2,0.0,0.0,0.0,0.0
324,406,1,0.0,0.0,0.0,0.0
436,450,2,0.0,0.0,0.0,0.0
354,183,5,0.0,0.0,0.0,1.0
844,224,1,0.0,0.0,0.0,0.0
107,152,4,0.0,0.0,0.0,0.0
255,80,3,0.0,0.0,0.0,0.0
614,191,4,0.0,0.0,0.0,0.0
719,247,1,0.0,0.0,0.0,0.0
932,367,3,0.0,0.0,0.0,0.0
528,337,4,0.0,0.0,0.0,0.0
818,139,2,0.0,0.0,0.0,0.0
182,372,4,0.0,0.0,0.0,0.0
157,284,2,0.0,0.0,0.0,0.0
568,499,5,0.0,0.0,0.0,0.0
444,40,3,1.0,0.0,0.0,0.0
228,141,1,0.0,0.0,0.0,0.0
772,31,1,0.0,0.0,0.0,0.0
206,395,2,0.0,0.0,0.0,0.0
953,384,1,0.0,0.0,0.0,0.0
626,10,1,0.0,0.0,0.0,0.0
105,260,4,0.0,0.0,0.0,0.0
405,193,1,0.0,0.0,0.0,0.0
294,114,4,0.0,0.0,0.0,0.0
928,499,1,0.0,0.0,0.0,0.0
959,153,4,0.0,0.0,0.0,0.0
494,196,3,0.0,0.0,0.0,0.0
471,80,1,0.0,0.0,0.0,0.0
551,346,4,0.0,0.0,0.0,0.0
147,133,4,0.0,0.0,0.0,0.0
843,428,5,0.0,0.0,0.0,0.0
637,275,3,0.0,0.0,0.0,0.0
4,500,1,0.0,0.0,0.0,0.0
213,4,2,0.0,0.0,0.0,0.0
242,370,3,0.0,0.0,0.0,0.0
405,86,3,0.0,0.0,0.0,0.0
793,125,4,1.0,1.0,0.0,0.0
504,454,5,0.0,0.0,0.0,0.0
906,461,2,0.0,0.0,0.0,0.0
653,264,3,0.0,0.0,0.0,0.0
888,500,2,1.0,0.0,0.0,0.0
916,84,1,0.0,0.0,0.0,0.0
708,388,1,0.0,0.0,0.0,0.0
429,429,5,0.0,0.0,0.0,0.0
378,131,2,0.0,0.0,0.0,0.0
169,71,5,0.0,0.0,0.0,0.0
239,452,5,0.0,0.0,0.0,0.0
619,222,5,0.0,0.0,0.0,0.0
31,436,4,1.0,0.0,0.0,0.0
965,495,3,0.0,0.0,0.0,0.0
887,98,1,0.0,0.0,0.0,0.0
261,261,3,0.0,0.0,0.0,0.0
893,495,2,0.0,0.0,0.0,0.0
649,21,5,0.0,0.0,0.0,0.0
800,243,5,0.0,0.0,0.0,0.0
941,498,1,0.0,0.0,0.0,0.0
985,104,5,0.0,0.0,0.0,0.0
583,311,3,1.0,0.0,0.0,0.0
190,356,2,0.0,0.0,0.0,0.0
92,246,5,0.0,0.0,0.0,0.0
827,154,5,0.0,0.0,0.0,0.0
852,283,2,0.0,0.0,0.0,0.0
121,334,3,0.0,0.0,0.0,0.0
453,93,5,0.0,0.0,0.0,0.0
56,52,1,0.0,0.0,0.0,0.0
341,292,5,1.0,0.0,0.0,1.0
949,280,3,1.0,0.0,0.0,0.0
706,304,2,0.0,0.0,0.0,0.0
289,153,5,0.0,0.0,0.0,0.0
610,447,3,0.0,0.0,0.0,0.0
252,151,2,1.0,0.0,0.0,0.0
184,359,1,0.0,0.0,0.0,0.0
166,181,5,0.0,0.0,0.0,0.0
749,192,3,1.0,1.0,0.0,0.0
981,8,5,0.0,0.0,0.0,0.0
88,355,5,0.0,0.0,0.0,0.0
113,397,1,0.0,0.0,0.0,0.0
654,42,3,0.0,0.0,0.0,0.0
832,90,2,0.0,0.0,0.0,0.0
8,281,4,0.0,0.0,0.0,0.0
841,113,4,0.0,0.0,0.0,0.0
130,131,4,0.0,0.0,0.0,1.0
977,19,1,0.0,0.0,0.0,0.0
70,230,5,0.0,0.0,0.0,0.0
742,145,5,0.0,0.0,0.0,0.0
337,413,3,0.0,0.0,0.0,0.0
967,368,5,0.0,0.0,0.0,0.0
964,124,2,0.0,0.0,0.0,0.0
732,264,2,0.0,0.0,0.0,0.0
683,437,4,0.0,0.0,0.0,0.0
404,424,3,0.0,0.0,0.0,0.0
168,374,2,0.0,0.0,0.0,0.0
684,353,2,0.0,0.0,0.0,0.0
5,53,1,0.0,0.0,0.0,0.0
237,151,5,0.0,0.0,0.0,0.0
636,313,2,1.0,0.0,0.0,0.0
247,39,3,0.0,0.0,0.0,0.0
631,409,1,0.0,0.0,0.0,0.0
202,154,5,0.0,0.0,0.0,1.0
240,176,2,0.0,0.0,0.0,0.0
814,90,4,0.0,0.0,0.0,0.0
643,341,4,0.0,0.0,0.0,0.0
176,335,4,0.0,0.0,0.0,0.0
251,496,2,0.0,0.0,0.0,0.0
375,250,4,0.0,0.0,0.0,0.0
729,265,1,0.0,0.0,0.0,0.0
134,289,1,0.0,0.0,0.0,0.0
809,464,1,0.0,0.0,0.0,0.0
284,185,1,0.0,0.0,0.0,0.0
740,294,5,0.0,0.0,0.0,0.0
683,190,1,0.0,0.0,0.0,0.0
943,128,3,0.0,0.0,0.0,0.0
548,115,1,0.0,0.0,0.0,0.0
961,442,2,0.0,0.0,0.0,0.0
465,217,2,0.0,0.0,0.0,0.0
378,159,5,0.0,0.0,0.0,0.0
602,246,4,0.0,0.0,0.0,0.0
509,102,2,0.0,0.0,0.0,0.0
389,43,4,0.0,0.0,0.0,0.0
906,403,5,0.0,0.0,0.0,0.0
126,89,5,0.0,0.0,0.0,0.0
137,195,1,0.0,0.0,0.0,0.0
110,52,3,0.0,0.0,0.0,0.0
561,301,5,0.0,0.0,0.0,0.0
677,266,3,0.0,0.0,0.0,1.0
863,54,1,0.0,0.0,0.0,0.0
86,48,3,0.0,0.0,0.0,0.0
135,228,4,0.0,0.0,0.0,0.0
826,183,3,0.0,0.0,0.0,0.0
410,248,4,0.0,0.0,0.0,0.0
211,130,4,0.0,0.0,0.0,0.0
489,466,5,0.0,0.0,0.0,0.0
416,388,5,0.0,0.0,0.0,0.0
256,500,3,0.0,0.0,0.0,0.0
412,301,1,0.0,0.0,0.0,0.0
976,179,4,0.0,0.0,0.0,1.0
493,122,5,0.0,0.0,0.0,0.0
427,133,4,0.0,0.0,0.0,0.0
155,118,4,0.0,0.0,0.0,0.0
354,222,4,0.0,0.0,0.0,0.0
651,8,2,0.0,0.0,0.0,0.0
193,327,3,0.0,0.0,0.0,0.0
253,138,3,0.0,0.0,0.0,0.0
61,449,5,0.0,0.0,0.0,0.0
595,462,4,0.0,0.0,0.0,0.0
316,306,4,0.0,0.0,0.0,0.0
903,74,1,0.0,0.0,0.0,0.0
606,6,2,0.0,0.0,0.0,0.0
75,488,3,0.0,0.0,0.0,0.0
781,162,5,0.0,0.0,0.0,0.0
380,491,1,0.0,0.0,0.0,0.0
865,421,5,0.0,0.0,0.0,0.0
566,88,3,0.0,0.0,0.0,0.0
883,464,4,0.0,0.0,0.0,0.0
782,41,4,1.0,0.0,0.0,0.0
983,110,4,0.0,0.0,0.0,0.0
305,406,4,0.0,0.0,0.0,0.0
993,305,1,1.0,1.0,0.0,0.0
440,382,1,0.0,0.0,0.0,0.0
737,94,2,0.0,0.0,0.0,0.0
330,416,5,0.0,0.0,0.0,0.0
883,406,3,0.0,0.0,0.0,0.0
966,157,5,1.0,1.0,0.0,0.0
858,495,4,0.0,0.0,0.0,0.0
883,346,5,0.0,0.0,0.0,1.0
631,383,2,1.0,0.0,1.0,0.0
130,156,1,0.0,0.0,0.0,0.0
380,195,4,0.0,0.0,0.0,0.0
490,120,2,0.0,0.0,0.0,0.0
542,339,1,1.0,0.0,0.0,0.0
972,290,2,1.0,1.0,0.0,0.0
908,367,4,0.0,0.0,0.0,0.0
272,196,2,0.0,0.0,0.0,0.0
133,357,1,0.0,0.0,0.0,0.0
297,369,5,1.0,0.0,0.0,0.0
528,382,2,0.0,0.0,0.0,0.0
710,395,4,0.0,0.0,0.0,0.0
962,297,3,0.0,0.0,0.0,0.0
767,374,3,0.0,0.0,0.0,0.0
252,15,1,0.0,0.0,0.0,0.0
980,479,5,0.0,0.0,0.0,0.0
705,342,2,0.0,0.0,0.0,0.0
166,127,2,0.0,0.0,0.0,0.0
990,235,5,0.0,0.0,0.0,0.0
95,120,4,0.0,0.0,0.0,0.0
570,196,1,1.0,1.0,0.0,0.0
798,373,5,1.0,1.0,0.0,0.0
663,125,4,0.0,0.0,0.0,0.0
853,333,2,0.0,0.0,0.0,0.0
400,225,5,0.0,0.0,0.0,0.0
236,260,5,0.0,0.0,0.0,0.0
703,355,1,0.0,0.0,0.0,0.0
393,206,4,0.0,0.0,0.0,0.0
124,330,2,0.0,0.0,0.0,0.0
340,372,5,1.0,0.0,0.0,0.0
117,412,5,0.0,0.0,0.0,0.0
556,469,2,0.0,0.0,0.0,0.0
521,471,4,0.0,0.0,0.0,0.0
20,257,5,0.0,0.0,0.0,0.0
988,173,5,0.0,0.0,0.0,0.0
412,231,3,1.0,1.0,0.0,0.0
92,303,2,0.0,0.0,0.0,0.0
47,162,1,1.0,1.0,0.0,0.0
890,323,3,0.0,0.0,0.0,0.0
878,180,5,0.0,0.0,0.0,0.0
776,163,1,0.0,0.0,0.0,0.0
28,141,5,0.0,0.0,0.0,0.0
536,171,5,0.0,0.0,0.0,0.0
103,163,5,0.0,0.0,0.0,0.0
158,99,5,0.0,0.0,0.0,0.0
669,300,1,0.0,0.0,0.0,0.0
393,319,3,0.0,0.0,0.0,0.0
904,147,2,0.0,0.0,0.0,1.0
62,380,5,0.0,0.0,0.0,0.0
281,128,4,0.0,0.0,0.0,0.0
911,75,3,0.0,0.0,0.0,0.0
22,432,2,0.0,0.0,0.0,0.0
317,409,5,0.0,0.0,0.0,0.0
212,231,1,0.0,0.0,0.0,0.0
235,56,2,1.0,1.0,0.0,0.0
143,106,1,0.0,0.0,0.0,0.0
247,239,4,0.0,0.0,0.0,0.0
697,480,3,0.0,0.0,0.0,0.0
667,482,3,0.0,0.0,0.0,0.0
898,493,1,0.0,0.0,0.0,0.0
342,470,5,0.0,0.0,0.0,0.0
869,249,3,0.0,0.0,0.0,0.0
523,50,5,0.0,0.0,0.0,0.0
787,475,1,1.0,1.0,0.0,0.0
722,81,4,0.0,0.0,0.0,0.0
778,155,2,0.0,0.0,0.0,0.0
441,200,4,0.0,0.0,0.0,0.0
401,436,1,0.0,0.0,0.0,0.0
988,258,5,0.0,0.0,0.0,0.0
662,459,2,0.0,0.0,0.0,0.0
651,395,5,0.0,0.0,0.0,0.0
173,28,1,0.0,0.0,0.0,0.0
755,193,2,0.0,0.0,0.0,0.0
238,460,3,0.0,0.0,0.0,0.0
204,345,4,1.0,0.0,1.0,0.0
647,81,5,0.0,0.0,0.0,0.0
754,470,2,0.0,0.0,0.0,0.0
280,391,2,0.0,0.0,0.0,0.0
974,94,2,1.0,0.0,1.0,0.0
348,263,4,0.0,0.0,0.0,0.0
996,178,4,0.0,0.0,0.0,0.0
458,409,2,0.0,0.0,0.0,0.0
761,411,2,0.0,0.0,0.0,0.0
4,488,4,0.0,0.0,0.0,0.0
784,227,3,0.0,0.0,0.0,0.0
874,367,3,0.0,0.0,0.0,0.0
602,133,5,0.0,0.0,0.0,0.0
872,192,2,0.0,0.0,0.0,0.0
590,229,1,0.0,0.0,0.0,0.0
163,150,3,0.0,0.0,0.0,0.0
581,184,4,0.0,0.0,0.0,0.0
959,206,3,0.0,0.0,0.0,0.0
701,161,4,0.0,0.0,0.0,0.0
425,314,3,0.0,0.0,0.0,0.0
981,321,2,0.0,0.0,0.0,0.0
517,57,4,1.0,0.0,1.0,0.0
899,150,5,0.0,0.0,0.0,0.0
273,269,1,0.0,0.0,0.0,0.0
367,414,1,0.0,0.0,0.0,0.0
51,160,5,0.0,0.0,0.0,0.0
75,169,4,0.0,0.0,0.0,0.0
357,345,2,0.0,0.0,0.0,0.0
44,466,1,0.0,0.0,0.0,0.0
134,485,4,0.0,0.0,0.0,0.0
506,282,2,1.0,0.0,0.0,0.0
774,72,1,0.0,0.0,0.0,0.0
953,326,1,0.0,0.0,0.0,0.0
378,223,5,0.0,0.0,0.0,0.0
177,450,5,0.0,0.0,0.0,0.0
957,339,5,0.0,0.0,0.0,0.0
624,311,4,0.0,0.0,0.0,0.0
137,246,3,0.0,0.0,0.0,0.0
657,117,5,0.0,0.0,0.0,0.0
158,270,2,0.0,0.0,0.0,0.0
881,485,1,0.0,0.0,0.0,0.0
425,407,3,0.0,0.0,0.0,0.0
617,61,2,0.0,0.0,0.0,0.0
449,463,1,0.0,0.0,0.0,0.0
269,176,2,0.0,0.0,0.0,0.0
761,313,4,0.0,0.0,0.0,0.0
69,388,5,1.0,1.0,0.0,0.0
567,493,2,1.0,0.0,0.0,0.0
62,400,2,0.0,0.0,0.0,0.0
452,9,4,0.0,0.0,0.0,0.0
154,377,4,0.0,0.0,0.0,0.0
404,469,1,0.0,0.0,0.0,0.0
571,410,2,1.0,0.0,1.0,0.0
933,213,5,0.0,0.0,0.0,0.0
914,210,1,0.0,0.0,0.0,0.0
569,425,5,0.0,0.0,0.0,0.0
218,178,4,0.0,0.0,0.0,0.0
120,63,3,0.0,0.0,0.0,0.0
438,195,1,0.0,0.0,0.0,0.0
951,3,3,0.0,0.0,0.0,0.0
851,68,4,0.0,0.0,0.0,0.0
379,180,4,0.0,0.0,0.0,0.0
670,487,5,0.0,0.0,0.0,0.0
687,27,2,0.0,0.0,0.0,0.0
661,359,3,0.0,0.0,0.0,0.0
614,93,1,0.0,0.0,0.0,0.0
672,327,3,0.0,0.0,0.0,0.0
354,239,4,0.0,0.0,0.0,0.0
55,157,2,0.0,0.0,0.0,0.0
321,332,2,0.0,0.0,0.0,0.0
752,351,5,0.0,0.0,0.0,0.0
43,131,4,0.0,0.0,0.0,0.0
297,308,4,0.0,0.0,0.0,0.0
177,136,3,0.0,0.0,0.0,0.0
922,438,4,0.0,0.0,0.0,0.0
269,217,4,0.0,0.0,0.0,0.0
149,189,4,1.0,1.0,0.0,0.0
709,343,3,0.0,0.0,0.0,0.0
753,274,4,0.0,0.0,0.0,0.0
744,82,5,0.0,0.0,0.0,0.0
923,445,5,0.0,0.0,0.0,0.0
230,93,4,0.0,0.0,0.0,0.0
364,15,4,0.0,0.0,0.0,0.0
946,15,5,0.0,0.0,0.0,0.0
621,226,3,0.0,0.0,0.0,0.0
975,236,5,1.0,1.0,0.0,0.0
109,122,4,0.0,0.0,0.0,0.0
687,62,4,0.0,0.0,0.0,0.0
223,399,4,0.0,0.0,0.0,0.0
82,55,2,0.0,0.0,0.0,0.0
543,387,2,0.0,0.0,0.0,0.0
700,439,2,0.0,0.0,0.0,0.0
883,150,1,0.0,0.0,0.0,0.0
802,238,4,0.0,0.0,0.0,0.0
419,469,3,0.0,0.0,0.0,0.0
677,333,1,0.0,0.0,0.0,0.0
915,498,5,0.0,0.0,0.0,0.0
637,312,1,0.0,0.0,0.0,0.0
349,237,2,0.0,0.0,0.0,0.0
321,361,5,0.0,0.0,0.0,0.0
927,399,2,0.0,0.0,0.0,0.0
551,19,5,0.0,0.0,0.0,0.0
361,118,2,0.0,0.0,0.0,0.0
666,225,3,1.0,1.0,0.0,0.0
267,154,5,0.0,0.0,0.0,0.0
370,496,4,0.0,0.0,0.0,0.0
294,232,4,0.0,0.0,0.0,0.0
776,493,1,1.0,1.0,0.0,0.0
980,332,3,0.0,0.0,0.0,0.0
704,26,4,0.0,0.0,0.0,0.0
722,387,5,0.0,0.0,0.0,0.0
447,156,3,0.0,0.0,0.0,0.0
719,10,1,0.0,0.0,0.0,0.0
400,131,4,0.0,0.0,0.0,0.0
137,373,2,1.0,0.0,0.0,0.0
923,194,4,0.0,0.0,0.0,0.0
315,426,3,0.0,0.0,0.0,0.0
803,168,1,0.0,0.0,0.0,0.0
6,316,2,0.0,0.0,0.0,0.0
865,234,3,0.0,0.0,0.0,0.0
661,382,4,0.0,0.0,0.0,0.0
211,297,2,0.0,0.0,0.0,0.0
509,20,3,0.0,0.0,0.0,0.0
888,327,5,0.0,0.0,0.0,0.0
259,498,1,0.0,0.0,0.0,0.0
503,36,5,0.0,0.0,0.0,0.0
524,205,5,0.0,0.0,0.0,0.0
899,339,2,0.0,0.0,0.0,0.0
524,237,2,0.0,0.0,0.0,0.0
829,301,3,0.0,0.0,0.0,0.0
835,274,3,0.0,0.0,0.0,0.0
701,264,3,0.0,0.0,0.0,0.0
793,6,5,0.0,0.0,0.0,0.0
707,180,1,0.0,0.0,0.0,0.0
225,473,1,0.0,0.0,0.0,1.0
251,258,3,0.0,0.0,0.0,0.0
856,2,5,0.0,0.0,0.0,0.0
560,213,1,1.0,1.0,0.0,0.0
159,130,3,0.0,0.0,0.0,0.0
68,235,1,0.0,0.0,0.0,0.0
196,48,5,1.0,0.0,0.0,0.0
629,2,4,0.0,0.0,0.0,0.0
736,381,1,0.0,0.0,0.0,0.0
487,297,2,0.0,0.0,0.0,0.0
480,485,3,0.0,0.0,0.0,0.0
123,493,3,0.0,0.0,0.0,0.0
207,432,5,0.0,0.0,0.0,0.0
727,128,4,0.0,0.0,0.0,0.0
531,372,5,0.0,0.0,0.0,0.0
535,466,3,1.0,0.0,1.0,0.0
383,459,2,0.0,0.0,0.0,0.0
698,451,4,0.0,0.0,0.0,0.0
624,93,2,0.0,0.0,0.0,0.0
30,67,5,0.0,0.0,0.0,0.0
192,202,4,0.0,0.0,0.0,0.0
760,482,4,0.0,0.0,0.0,0.0
875,357,3,0.0,0.0,0.0,0.0
955,209,3,0.0,0.0,0.0,0.0
272,148,5,0.0,0.0,0.0,0.0
546,254,5,0.0,0.0,0.0,0.0
567,242,2,0.0,0.0,0.0,0.0
57,99,1,0.0,0.0,0.0,0.0
891,195,5,0.0,0.0,0.0,0.0
454,290,4,0.0,0.0,0.0,0.0
38,453,4,0.0,0.0,0.0,0.0
402,182,1,0.0,0.0,0.0,0.0
920,202,1,0.0,0.0,0.0,0.0
633,350,1,0.0,0.0,0.0,0.0
960,431,2,0.0,0.0,0.0,0.0
523,438,4,0.0,0.0,0.0,0.0
697,127,1,0.0,0.0,0.0,0.0
824,185,1,0.0,0.0,0.0,0.0
93,486,5,0.0,0.0,0.0,0.0
599,68,1,0.0,0.0,0.0,0.0
853,159,2,1.0,0.0,0.0,0.0
903,477,1,1.0,0.0,0.0,0.0
383,275,5,0.0,0.0,0.0,0.0
772,136,1,0.0,0.0,0.0,0.0
255,489,3,0.0,0.0,0.0,0.0
650,262,4,0.0,0.0,0.0,0.0
470,291,5,1.0,0.0,1.0,0.0
207,273,5,1.0,0.0,0.0,0.0
670,152,3,0.0,0.0,0.0,0.0
534,463,1,0.0,0.0,0.0,0.0
217,442,3,0.0,0.0,0.0,0.0
656,418,4,1.0,1.0,0.0,0.0
39,436,3,0.0,0.0,0.0,0.0
370,347,2,0.0,0.0,0.0,0.0
249,288,3,0.0,0.0,0.0,0.0
952,313,1,0.0,0.0,0.0,0.0
507,60,4,0.0,0.0,0.0,0.0
136,388,1,0.0,0.0,0.0,0.0
247,73,4,0.0,0.0,0.0,0.0
593,234,5,0.0,0.0,0.0,0.0
994,227,3,0.0,0.0,0.0,0.0
559,365,4,0.0,0.0,0.0,0.0
449,382,4,0.0,0.0,0.0,0.0
587,137,2,0.0,0.0,0.0,0.0
954,477,5,0.0,0.0,0.0,0.0
539,113,3,0.0,0.0,0.0,0.0
707,319,4,0.0,0.0,0.0,0.0
134,433,1,0.0,0.0,0.0,0.0
764,313,2,0.0,0.0,0.0,0.0
848,318,4,1.0,1.0,0.0,0.0
875,305,2,0.0,0.0,0.0,0.0
269,76,1,0.0,0.0,0.0,0.0
100,190,5,0.0,0.0,0.0,0.0
277,238,4,0.0,0.0,0.0,0.0
495,62,1,0.0,0.0,0.0,0.0
101,178,2,0.0,0.0,0.0,0.0
981,132,2,0.0,0.0,0.0,0.0
483,389,5,0.0,0.0,0.0,0.0
771,337,3,0.0,0.0,0.0,0.0
658,441,5,0.0,0.0,0.0,0.0
301,45,3,0.0,0.0,0.0,0.0
402,342,5,0.0,0.0,0.0,0.0
684,397,2,0.0,0.0,0.0,0.0
47,424,5,0.0,0.0,0.0,0.0
996,33,1,1.0,0.0,0.0,0.0
402,44,3,0.0,0.0,0.0,0.0
84,463,3,0.0,0.0,0.0,0.0
712,91,5,0.0,0.0,0.0,0.0
522,479,3,0.0,0.0,0.0,0.0
402,377,2,0.0,0.0,0.0,0.0
81,208,1,1.0,0.0,1.0,0.0
866,337,2,0.0,0.0,0.0,0.0
278,225,3,0.0,0.0,0.0,0.0
919,297,3,1.0,1.0,0.0,0.0
982,398,3,0.0,0.0,0.0,0.0
178,332,3,0.0,0.0,0.0,0.0
954,152,5,0.0,0.0,0.0,0.0
528,123,1,1.0,0.0,0.0,0.0
611,352,3,0.0,0.0,0.0,0.0
388,184,2,0.0,0.0,0.0,0.0
394,281,5,0.0,0.0,0.0,0.0
747,453,3,0.0,0.0,0.0,0.0
604,481,3,0.0,0.0,0.0,0.0
484,420,3,0.0,0.0,0.0,0.0
159,73,4,0.0,0.0,0.0,0.0
462,290,4,0.0,0.0,0.0,0.0
169,331,4,0.0,0.0,0.0,0.0
351,359,3,0.0,0.0,0.0,0.0
904,293,1,0.0,0.0,0.0,0.0
23,255,2,0.0,0.0,0.0,0.0
22,394,4,0.0,0.0,0.0,0.0
93,490,3,0.0,0.0,0.0,0.0
539,97,5,0.0,0.0,0.0,0.0
889,473,2,1.0,0.0,0.0,0.0
282,316,1,0.0,0.0,0.0,0.0
667,365,4,0.0,0.0,0.0,0.0
999,486,5,0.0,0.0,0.0,0.0
217,385,4,0.0,0.0,0.0,0.0
190,437,5,0.0,0.0,0.0,0.0
927,417,1,0.0,0.0,0.0,0.0
858,171,2,0.0,0.0,0.0,0.0
895,446,1,0.0,0.0,0.0,0.0
93,236,2,1.0,1.0,0.0,0.0
291,127,2,0.0,0.0,0.0,0.0
778,269,5,0.0,0.0,0.0,0.0
850,149,3,1.0,0.0,1.0,0.0
134,78,2,0.0,0.0,0.0,0.0
790,198,3,0.0,0.0,0.0,0.0
822,70,4,0.0,0.0,0.0,0.0
225,318,1,0.0,0.0,0.0,0.0
939,455,2,0.0,0.0,0.0,0.0
742,408,2,0.0,0.0,0.0,0.0
618,327,5,0.0,0.0,0.0,0.0
187,46,5,0.0,0.0,0.0,0.0
592,410,1,0.0,0.0,0.0,0.0
147,212,4,1.0,1.0,0.0,0.0
17,305,5,0.0,0.0,0.0,0.0
195,453,4,0.0,0.0,0.0,0.0
327,314,1,0.0,0.0,0.0,0.0
955,15,1,0.0,0.0,0.0,0.0
392,203,5,0.0,0.0,0.0,0.0
264,383,1,1.0,1.0,0.0,0.0
982,5,5,0.0,0.0,0.0,0.0
885,454,3,0.0,0.0,0.0,0.0
718,465,4,0.0,0.0,0.0,0.0
135,16,4,0.0,0.0,0.0,0.0
439,365,4,0.0,0.0,0.0,0.0
631,217,1,0.0,0.0,0.0,0.0
611,223,1,0.0,0.0,0.0,1.0
784,46,3,0.0,0.0,0.0,0.0
693,199,4,0.0,0.0,0.0,0.0
362,159,5,0.0,0.0,0.0,0.0
605,206,5,0.0,0.0,0.0,0.0
279,23,2,0.0,0.0,0.0,0.0
274,160,5,0.0,0.0,0.0,0.0
351,76,1,0.0,0.0,0.0,0.0
825,211,3,0.0,0.0,0.0,0.0
372,153,4,0.0,0.0,0.0,0.0
674,377,5,0.0,0.0,0.0,0.0
755,487,2,0.0,0.0,0.0,0.0
115,198,1,0.0,0.0,0.0,0.0
704,351,2,0.0,0.0,0.0,0.0
542,225,3,0.0,0.0,0.0,0.0
33,414,4,1.0,1.0,0.0,0.0
347,471,1,0.0,0.0,0.0,0.0
367,52,3,0.0,0.0,0.0,0.0
445,354,2,0.0,0.0,0.0,0.0
2,48,5,0.0,0.0,0.0,0.0
794,305,2,0.0,0.0,0.0,0.0
33,480,4,0.0,0.0,0.0,0.0
597,239,4,0.0,0.0,0.0,0.0
272,92,3,0.0,0.0,0.0,0.0
430,21,2,0.0,0.0,0.0,0.0
925,198,5,0.0,0.0,0.0,0.0
20,315,5,0.0,0.0,0.0,0.0
965,360,1,0.0,0.0,0.0,0.0
645,339,2,0.0,0.0,0.0,0.0
856,247,4,0.0,0.0,0.0,0.0
239,44,5,0.0,0.0,0.0,0.0
761,396,4,0.0,0.0,0.0,0.0
795,301,5,0.0,0.0,0.0,0.0
666,128,2,0.0,0.0,0.0,0.0
767,107,3,0.0,0.0,0.0,0.0
914,405,1,1.0,0.0,0.0,0.0
926,434,1,0.0,0.0,0.0,0.0
605,49,3,0.0,0.0,0.0,0.0
869,248,4,0.0,0.0,0.0,1.0
927,35,4,0.0,0.0,0.0,0.0
123,387,3,1.0,0.0,0.0,0.0
36,18,1,0.0,0.0,0.0,0.0
623,129,1,0.0,0.0,0.0,0.0
991,231,3,0.0,0.0,0.0,0.0
585,487,3,0.0,0.0,0.0,0.0
851,488,1,0.0,0.0,0.0,0.0
352,407,2,0.0,0.0,0.0,0.0
231,121,5,0.0,0.0,0.0,0.0
794,496,4,0.0,0.0,0.0,0.0
794,210,4,0.0,0.0,0.0,0.0
726,494,2,0.0,0.0,0.0,0.0
992,20,1,0.0,0.0,0.0,0.0
359,389,4,0.0,0.0,0.0,0.0
704,159,2,0.0,0.0,0.0,0.0
95,441,4,0.0,0.0,0.0,0.0
414,453,1,0.0,0.0,0.0,0.0
676,339,3,0.0,0.0,0.0,0.0
157,358,3,0.0,0.0,0.0,0.0
789,134,2,0.0,0.0,0.0,0.0
752,342,3,0.0,0.0,0.0,0.0
174,82,3,0.0,0.0,0.0,0.0
292,430,3,0.0,0.0,0.0,0.0
809,48,1,0.0,0.0,0.0,0.0
784,224,3,0.0,0.0,0.0,0.0
602,76,4,0.0,0.0,0.0,0.0
921,31,2,0.0,0.0,0.0,0.0
136,243,4,0.0,0.0,0.0,1.0
245,498,3,0.0,0.0,0.0,0.0
38,327,2,0.0,0.0,0.0,0.0
825,441,1,1.0,1.0,0.0,0.0
667,129,2,0.0,0.0,0.0,0.0
788,399,5,1.0,1.0,0.0,0.0
537,177,1,0.0,0.0,0.0,0.0
860,287,4,1.0,1.0,0.0,0.0
457,434,4,0.0,0.0,0.0,0.0
688,172,4,0.0,0.0,0.0,0.0
218,168,1,0.0,0.0,0.0,0.0
171,437,2,0.0,0.0,0.0,0.0
723,236,4,0.0,0.0,0.0,0.0
194,118,3,0.0,0.0,0.0,0.0
967,111,4,0.0,0.0,0.0,0.0
862,15,5,0.0,0.0,0.0,0.0
925,319,1,0.0,0.0,0.0,0.0
777,195,1,0.0,0.0,0.0,0.0
68,257,5,0.0,0.0,0.0,0.0
203,265,4,0.0,0.0,0.0,0.0
687,374,1,0.0,0.0,0.0,0.0
442,155,4,0.0,0.0,0.0,0.0
244,279,3,0.0,0.0,0.0,0.0
160,452,2,0.0,0.0,0.0,0.0
521,364,2,0.0,0.0,0.0,0.0
823,394,5,0.0,0.0,0.0,0.0
115,51,2,0.0,0.0,0.0,0.0
147,481,4,1.0,0.0,0.0,0.0
952,271,1,0.0,0.0,0.0,0.0
395,265,4,0.0,0.0,0.0,0.0
929,81,3,1.0,0.0,0.0,0.0
419,472,3,0.0,0.0,0.0,0.0
442,119,4,0.0,0.0,0.0,0.0
377,61,2,0.0,0.0,0.0,0.0
597,152,4,0.0,0.0,0.0,0.0
590,13,1,0.0,0.0,0.0,0.0
382,280,1,0.0,0.0,0.0,0.0
884,128,4,0.0,0.0,0.0,0.0
495,321,3,0.0,0.0,0.0,0.0
261,117,1,0.0,0.0,0.0,0.0
487,101,3,1.0,0.0,0.0,0.0
385,424,5,0.0,0.0,0.0,0.0
299,493,1,0.0,0.0,0.0,0.0
972,179,3,0.0,0.0,0.0,0.0
732,272,1,0.0,0.0,0.0,0.0
218,68,1,0.0,0.0,0.0,0.0
926,258,1,0.0,0.0,0.0,0.0
801,226,5,0.0,0.0,0.0,0.0
508,379,1,0.0,0.0,0.0,0.0
345,203,1,0.0,0.0,0.0,0.0
408,388,4,0.0,0.0,0.0,0.0
271,190,3,0.0,0.0,0.0,1.0
507,239,4,0.0,0.0,0.0,0.0
681,409,5,0.0,0.0,0.0,0.0
586,191,3,0.0,0.0,0.0,0.0
167,452,1,0.0,0.0,0.0,0.0
177,338,1,0.0,0.0,0.0,0.0
493,170,4,0.0,0.0,0.0,0.0
805,132,4,1.0,0.0,0.0,0.0
99,410,2,0.0,0.0,0.0,0.0
900,360,4,0.0,0.0,0.0,0.0
349,145,3,0.0,0.0,0.0,0.0
621,11,1,0.0,0.0,0.0,0.0
963,170,1,0.0,0.0,0.0,0.0
120,220,4,0.0,0.0,0.0,0.0
288,395,3,0.0,0.0,0.0,0.0
86,188,4,2.0,1.0,0.0,0.0
269,121,2,0.0,0.0,0.0,0.0
242,356,1,0.0,0.0,0.0,0.0
613,136,3,0.0,0.0,0.0,0.0
321,240,5,0.0,0.0,0.0,0.0
264,474,3,0.0,0.0,0.0,0.0
177,378,5,0.0,0.0,0.0,0.0
105,225,5,1.0,0.0,0.0,0.0
480,232,4,0.0,0.0,0.0,0.0
631,477,3,0.0,0.0,0.0,0.0
893,458,5,0.0,0.0,0.0,0.0
115,178,1,0.0,0.0,0.0,0.0
80,77,2,0.0,0.0,0.0,0.0
53,444,4,0.0,0.0,0.0,0.0
854,386,1,0.0,0.0,0.0,0.0
802,363,5,0.0,0.0,0.0,0.0
339,325,4,0.0,0.0,0.0,0.0
615,95,1,0.0,0.0,0.0,0.0
628,461,3,0.0,0.0,0.0,0.0
374,268,1,0.0,0.0,0.0,0.0
738,321,4,0.0,0.0,0.0,0.0
758,80,2,0.0,0.0,0.0,0.0
139,238,3,0.0,0.0,0.0,0.0
369,316,4,1.0,1.0,0.0,0.0
431,294,5,0.0,0.0,0.0,0.0
145,206,3,0.0,0.0,0.0,0.0
520,364,3,0.0,0.0,0.0,0.0
831,444,5,0.0,0.0,0.0,0.0
714,170,5,0.0,0.0,0.0,0.0
395,379,5,0.0,0.0,0.0,0.0
878,190,2,0.0,0.0,0.0,0.0
412,99,2,0.0,0.0,0.0,0.0
619,138,2,0.0,0.0,0.0,0.0
831,406,3,0.0,0.0,0.0,0.0
475,321,3,0.0,0.0,0.0,0.0
978,200,1,0.0,0.0,0.0,0.0
167,406,1,0.0,0.0,0.0,0.0
184,401,3,0.0,0.0,0.0,0.0
564,195,4,0.0,0.0,0.0,0.0
73,281,2,1.0,0.0,0.0,0.0
597,436,1,0.0,0.0,0.0,0.0
93,187,2,0.0,0.0,0.0,0.0
348,157,5,0.0,0.0,0.0,0.0
504,473,5,1.0,1.0,0.0,0.0
788,371,1,0.0,0.0,0.0,0.0
195,377,1,0.0,0.0,0.0,0.0
539,325,3,0.0,0.0,0.0,0.0
417,84,3,0.0,0.0,0.0,0.0
282,451,4,0.0,0.0,0.0,0.0
727,115,1,1.0,1.0,0.0,0.0
934,122,5,0.0,0.0,0.0,0.0
860,320,2,0.0,0.0,0.0,0.0
817,269,5,0.0,0.0,0.0,0.0
526,187,2,0.0,0.0,0.0,0.0
119,184,3,0.0,0.0,0.0,0.0
626,209,4,0.0,0.0,0.0,0.0
40,226,2,0.0,0.0,0.0,0.0
652,181,3,0.0,0.0,0.0,0.0
278,16,4,1.0,0.0,0.0,0.0
158,39,2,0.0,0.0,0.0,0.0
712,273,4,0.0,0.0,0.0,0.0
449,190,5,0.0,0.0,0.0,0.0
347,335,2,0.0,0.0,0.0,0.0
139,202,5,0.0,0.0,0.0,0.0
569,255,5,0.0,0.0,0.0,0.0
56,425,4,0.0,0.0,0.0,0.0
108,151,5,0.0,0.0,0.0,0.0
299,42,2,0.0,0.0,0.0,0.0
514,375,5,0.0,0.0,0.0,0.0
169,162,3,0.0,0.0,0.0,0.0
976,346,1,1.0,1.0,0.0,0.0
434,136,1,0.0,0.0,0.0,0.0
859,261,5,0.0,0.0,0.0,0.0
613,413,3,0.0,0.0,0.0,0.0
518,39,4,0.0,0.0,0.0,0.0
712,395,2,0.0,0.0,0.0,0.0
1000,213,2,0.0,0.0,0.0,0.0
329,394,5,0.0,0.0,0.0,0.0
860,18,1,0.0,0.0,0.0,0.0
9,37,2,0.0,0.0,0.0,0.0
484,421,3,0.0,0.0,0.0,0.0
725,208,1,0.0,0.0,0.0,0.0
741,363,5,0.0,0.0,0.0,0.0
934,312,3,0.0,0.0,0.0,0.0
158,405,2,0.0,0.0,0.0,0.0
594,366,4,0.0,0.0,0.0,0.0
242,159,3,0.0,0.0,0.0,0.0
624,457,3,0.0,0.0,0.0,0.0
255,210,5,1.0,1.0,0.0,0.0
35,123,2,0.0,0.0,0.0,0.0
208,360,2,0.0,0.0,0.0,0.0
347,21,2,0.0,0.0,0.0,0.0
915,261,2,0.0,0.0,0.0,0.0
938,253,2,0.0,0.0,0.0,0.0
155,239,3,0.0,0.0,0.0,0.0
352,128,3,0.0,0.0,0.0,0.0
793,312,4,0.0,0.0,0.0,0.0
950,322,4,0.0,0.0,0.0,0.0
463,426,4,0.0,0.0,0.0,0.0
635,163,2,0.0,0.0,0.0,0.0
862,478,1,0.0,0.0,0.0,0.0
466,398,2,0.0,0.0,0.0,0.0
744,26,2,0.0,0.0,0.0,0.0
836,110,1,0.0,0.0,0.0,0.0
780,33,4,0.0,0.0,0.0,0.0
913,442,5,0.0,0.0,0.0,0.0
167,370,4,0.0,0.0,0.0,0.0
362,277,3,0.0,0.0,0.0,0.0
888,468,3,0.0,0.0,0.0,0.0
608,468,3,1.0,0.0,0.0,0.0
74,306,3,0.0,0.0,0.0,0.0
394,243,3,0.0,0.0,0.0,0.0
634,136,1,0.0,0.0,0.0,1.0
612,18,5,0.0,0.0,0.0,0.0
619,160,3,1.0,1.0,0.0,0.0
84,84,1,0.0,0.0,0.0,0.0
751,38,2,0.0,0.0,0.0,0.0
173,229,4,0.0,0.0,0.0,0.0
218,237,3,0.0,0.0,0.0,0.0
604,427,5,0.0,0.0,0.0,0.0
130,404,2,0.0,0.0,0.0,0.0
171,455,3,0.0,0.0,0.0,0.0
480,403,5,0.0,0.0,0.0,0.0
954,189,1,0.0,0.0,0.0,0.0
117,198,1,0.0,0.0,0.0,0.0
279,381,3,0.0,0.0,0.0,0.0
850,470,1,1.0,0.0,1.0,0.0
214,148,2,0.0,0.0,0.0,0.0
321,107,4,0.0,0.0,0.0,0.0
398,325,4,0.0,0.0,0.0,0.0
595,309,2,0.0,0.0,0.0,0.0
151,110,1,0.0,0.0,0.0,0.0
97,423,1,0.0,0.0,0.0,1.0
290,370,1,0.0,0.0,0.0,0.0
274,254,3,1.0,1.0,0.0,0.0
629,285,3,0.0,0.0,0.0,0.0
478,28,5,0.0,0.0,0.0,0.0
632,245,2,0.0,0.0,0.0,0.0
94,345,5,0.0,0.0,0.0,0.0
798,213,4,1.0,1.0,0.0,0.0
724,423,4,0.0,0.0,0.0,0.0
680,478,1,0.0,0.0,0.0,0.0
482,398,3,0.0,0.0,0.0,0.0
480,401,2,0.0,0.0,0.0,0.0
214,305,4,0.0,0.0,0.0,0.0
980,231,4,0.0,0.0,0.0,0.0
338,463,4,0.0,0.0,0.0,0.0
186,26,4,0.0,0.0,0.0,0.0
668,215,2,0.0,0.0,0.0,0.0
230,192,2,0.0,0.0,0.0,0.0
72,243,5,0.0,0.0,0.0,0.0
913,493,3,0.0,0.0,0.0,0.0
739,20,5,0.0,0.0,0.0,0.0
238,440,2,0.0,0.0,0.0,0.0
968,37,4,0.0,0.0,0.0,0.0
926,133,4,0.0,0.0,0.0,0.0
29,457,4,0.0,0.0,0.0,0.0
321,70,1,0.0,0.0,0.0,0.0
876,312,5,0.0,0.0,0.0,0.0
451,462,2,0.0,0.0,0.0,0.0
112,42,5,1.0,0.0,0.0,0.0
950,409,3,0.0,0.0,0.0,0.0
61,171,5,0.0,0.0,0.0,0.0
561,433,3,0.0,0.0,0.0,0.0
757,131,2,0.0,0.0,0.0,0.0
530,260,4,0.0,0.0,0.0,0.0
882,1,3,1.0,0.0,0.0,0.0
47,252,5,0.0,0.0,0.0,0.0
236,450,4,0.0,0.0,0.0,0.0
641,419,3,1.0,0.0,1.0,0.0
255,308,1,0.0,0.0,0.0,0.0
539,56,1,0.0,0.0,0.0,0.0
994,150,5,0.0,0.0,0.0,0.0
428,102,4,0.0,0.0,0.0,0.0
313,345,4,0.0,0.0,0.0,0.0
138,215,5,0.0,0.0,0.0,0.0
703,64,4,0.0,0.0,0.0,0.0
242,102,1,0.0,0.0,0.0,0.0
956,113,4,0.0,0.0,0.0,0.0
223,305,1,0.0,0.0,0.0,0.0
877,375,3,0.0,0.0,0.0,0.0
298,111,1,0.0,0.0,0.0,0.0
269,25,2,0.0,0.0,0.0,0.0
326,75,3,0.0,0.0,0.0,0.0
297,370,3,0.0,0.0,0.0,0.0
98,10,1,0.0,0.0,0.0,0.0
888,53,4,1.0,1.0,0.0,0.0
820,64,2,0.0,0.0,0.0,0.0
196,410,5,0.0,0.0,0.0,0.0
609,175,3,0.0,0.0,0.0,0.0
931,497,4,0.0,0.0,0.0,0.0
153,211,4,0.0,0.0,0.0,0.0
76,326,5,0.0,0.0,0.0,0.0
233,389,1,0.0,0.0,0.0,0.0
232,182,4,0.0,0.0,0.0,0.0
318,330,2,0.0,0.0,0.0,0.0
798,1,5,0.0,0.0,0.0,0.0
703,53,5,0.0,0.0,0.0,0.0
990,397,2,0.0,0.0,0.0,0.0
640,383,5,0.0,0.0,0.0,0.0
11,220,1,0.0,0.0,0.0,0.0
220,194,1,0.0,0.0,0.0,0.0
573,82,1,0.0,0.0,0.0,0.0
855,58,3,0.0,0.0,0.0,0.0
929,342,1,0.0,0.0,0.0,0.0
733,146,4,0.0,0.0,0.0,0.0
191,381,3,1.0,0.0,1.0,0.0
230,205,1,0.0,0.0,0.0,0.0
139,231,1,0.0,0.0,0.0,0.0
711,47,4,0.0,0.0,0.0,0.0
135,316,5,0.0,0.0,0.0,0.0
955,59,5,0.0,0.0,0.0,0.0
497,59,5,0.0,0.0,0.0,0.0
997,74,5,0.0,0.0,0.0,0.0
368,115,5,0.0,0.0,0.0,0.0
386,209,2,0.0,0.0,0.0,0.0
727,248,3,0.0,0.0,0.0,0.0
611,496,2,0.0,0.0,0.0,0.0
235,113,1,0.0,0.0,0.0,0.0
305,153,3,0.0,0.0,0.0,0.0
610,368,2,0.0,0.0,0.0,0.0
362,320,1,0.0,0.0,0.0,0.0
247,236,4,0.0,0.0,0.0,0.0
898,60,1,0.0,0.0,0.0,0.0
433,242,5,1.0,0.0,0.0,0.0
836,69,1,0.0,0.0,0.0,0.0
391,449,3,0.0,0.0,0.0,0.0
108,340,1,0.0,0.0,0.0,0.0
325,68,1,0.0,0.0,0.0,0.0
94,96,5,0.0,0.0,0.0,0.0
926,259,1,0.0,0.0,0.0,0.0
872,429,3,0.0,0.0,0.0,0.0
303,58,1,0.0,0.0,0.0,0.0
634,85,2,0.0,0.0,0.0,0.0
887,59,1,0.0,0.0,0.0,0.0
793,27,5,0.0,0.0,0.0,0.0
521,131,1,0.0,0.0,0.0,0.0
798,498,3,0.0,0.0,0.0,0.0
554,295,5,0.0,0.0,0.0,0.0
867,264,4,1.0,0.0,0.0,0.0
41,323,4,0.0,0.0,0.0,0.0
566,115,4,0.0,0.0,0.0,0.0
570,220,1,0.0,0.0,0.0,0.0
591,197,2,0.0,0.0,0.0,0.0
793,466,2,0.0,0.0,0.0,0.0
837,73,4,0.0,0.0,0.0,0.0
936,153,3,0.0,0.0,0.0,0.0
201,424,1,1.0,1.0,0.0,0.0
870,124,4,0.0,0.0,0.0,0.0
238,113,4,1.0,0.0,1.0,0.0
566,154,2,0.0,0.0,0.0,0.0
474,199,2,0.0,0.0,0.0,0.0
952,172,4,0.0,0.0,0.0,0.0
25,277,4,0.0,0.0,0.0,0.0
226,37,2,0.0,0.0,0.0,0.0
91,53,3,0.0,0.0,0.0,0.0
213,181,1,0.0,0.0,0.0,0.0
312,487,2,1.0,1.0,0.0,0.0
85,230,1,0.0,0.0,0.0,0.0
445,20,2,0.0,0.0,0.0,0.0
592,99,4,0.0,0.0,0.0,0.0
623,144,4,0.0,0.0,0.0,0.0
613,175,2,0.0,0.0,0.0,0.0
479,276,5,0.0,0.0,0.0,0.0
801,423,1,0.0,0.0,0.0,0.0
808,109,5,0.0,0.0,0.0,0.0
997,320,2,0.0,0.0,0.0,0.0
443,141,2,0.0,0.0,0.0,0.0
943,409,1,0.0,0.0,0.0,0.0
273,70,1,1.0,0.0,1.0,0.0
72,103,5,0.0,0.0,0.0,0.0
425,184,3,0.0,0.0,0.0,0.0
68,234,4,0.0,0.0,0.0,0.0
6,226,3,0.0,0.0,0.0,0.0
357,471,1,0.0,0.0,0.0,0.0
255,38,1,0.0,0.0,0.0,0.0
630,435,4,0.0,0.0,0.0,0.0
12,409,1,0.0,0.0,0.0,0.0
320,99,1,0.0,0.0,0.0,0.0
853,316,4,0.0,0.0,0.0,0.0
544,370,2,1.0,1.0,0.0,0.0
717,254,2,0.0,0.0,0.0,0.0
157,359,4,0.0,0.0,0.0,0.0
591,464,5,0.0,0.0,0.0,0.0
463,389,5,0.0,0.0,0.0,0.0
460,353,3,0.0,0.0,0.0,0.0
361,380,3,0.0,0.0,0.0,0.0
265,215,3,0.0,0.0,0.0,0.0
136,275,4,0.0,0.0,0.0,0.0
135,402,4,0.0,0.0,0.0,0.0
690,232,2,0.0,0.0,0.0,0.0
724,459,3,0.0,0.0,0.0,0.0
971,346,2,0.0,0.0,0.0,0.0
3,201,4,0.0,0.0,0.0,0.0
893,186,1,0.0,0.0,0.0,0.0
74,404,1,0.0,0.0,0.0,0.0
377,193,4,0.0,0.0,0.0,0.0
665,399,4,0.0,0.0,0.0,0.0
433,77,5,0.0,0.0,0.0,0.0
101,91,3,1.0,0.0,0.0,0.0
529,177,2,0.0,0.0,0.0,0.0
961,78,5,0.0,0.0,0.0,0.0
759,90,2,0.0,0.0,0.0,0.0
108,267,1,0.0,0.0,0.0,0.0
205,295,2,0.0,0.0,0.0,0.0
561,160,1,0.0,0.0,0.0,0.0
92,205,3,0.0,0.0,0.0,0.0
199,62,2,0.0,0.0,0.0,0.0
742,90,5,0.0,0.0,0.0,0.0
705,492,5,0.0,0.0,0.0,0.0
141,477,2,1.0,0.0,0.0,0.0
211,67,3,0.0,0.0,0.0,0.0
958,295,4,1.0,0.0,0.0,0.0
801,277,3,0.0,0.0,0.0,0.0
832,70,4,0.0,0.0,0.0,0.0
329,260,2,0.0,0.0,0.0,0.0
106,127,2,0.0,0.0,0.0,0.0
763,491,4,0.0,0.0,0.0,0.0
599,431,3,0.0,0.0,0.0,0.0
24,294,4,0.0,0.0,0.0,0.0
232,169,2,1.0,0.0,1.0,0.0
312,83,2,0.0,0.0,0.0,0.0
296,19,5,0.0,0.0,0.0,0.0
143,475,2,0.0,0.0,0.0,0.0
821,372,4,0.0,0.0,0.0,0.0
863,180,1,0.0,0.0,0.0,0.0
977,153,1,2.0,1.0,0.0,0.0
39,408,4,0.0,0.0,0.0,0.0
4,219,2,0.0,0.0,0.0,0.0
808,359,3,0.0,0.0,0.0,0.0
83,324,1,1.0,0.0,0.0,0.0
614,469,5,1.0,0.0,0.0,0.0
642,289,3,0.0,0.0,0.0,0.0
812,194,3,0.0,0.0,0.0,0.0
520,147,1,0.0,0.0,0.0,0.0
12,117,2,0.0,0.0,0.0,0.0
733,88,1,0.0,0.0,0.0,0.0
130,315,1,0.0,0.0,0.0,0.0
225,316,5,0.0,0.0,0.0,0.0
506,38,1,0.0,0.0,0.0,0.0
432,387,5,0.0,0.0,0.0,0.0
263,422,4,0.0,0.0,0.0,0.0
774,421,1,0.0,0.0,0.0,0.0
399,396,3,0.0,0.0,0.0,0.0
168,71,3,0.0,0.0,0.0,0.0
599,127,1,0.0,0.0,0.0,0.0
692,359,5,0.0,0.0,0.0,0.0
395,106,3,0.0,0.0,0.0,0.0
660,293,2,0.0,0.0,0.0,0.0
232,407,3,0.0,0.0,0.0,0.0
792,350,2,0.0,0.0,0.0,0.0
280,232,4,0.0,0.0,0.0,0.0
500,11,5,0.0,0.0,0.0,0.0
862,435,5,2.0,1.0,0.0,0.0
852,413,3,0.0,0.0,0.0,0.0
385,455,4,0.0,0.0,0.0,0.0
421,193,2,0.0,0.0,0.0,0.0
305,467,5,0.0,0.0,0.0,0.0
533,245,3,0.0,0.0,0.0,0.0
653,217,5,0.0,0.0,0.0,0.0
293,191,3,0.0,0.0,0.0,0.0
419,489,5,0.0,0.0,0.0,0.0
622,106,5,0.0,0.0,0.0,0.0
647,281,5,0.0,0.0,0.0,0.0
390,482,3,0.0,0.0,0.0,0.0
198,279,4,1.0,0.0,0.0,0.0
855,1,5,0.0,0.0,0.0,0.0
376,65,2,0.0,0.0,0.0,0.0
625,139,5,0.0,0.0,0.0,0.0
494,206,5,0.0,0.0,0.0,0.0
52,92,3,0.0,0.0,0.0,0.0
138,464,1,0.0,0.0,0.0,0.0
153,239,2,0.0,0.0,0.0,0.0
775,193,5,2.0,1.0,0.0,0.0
556,153,5,0.0,0.0,0.0,0.0
862,384,4,0.0,0.0,0.0,0.0
318,291,2,0.0,0.0,0.0,0.0
369,4,5,0.0,0.0,0.0,0.0
80,297,1,0.0,0.0,0.0,0.0
412,404,3,1.0,1.0,0.0,0.0
41,106,4,0.0,0.0,0.0,0.0
365,254,4,0.0,0.0,0.0,0.0
233,177,5,0.0,0.0,0.0,0.0
472,294,3,2.0,0.0,1.0,0.0
452,169,5,1.0,1.0,0.0,0.0
215,36,3,0.0,0.0,0.0,0.0
359,222,3,0.0,0.0,0.0,0.0
354,275,1,0.0,0.0,0.0,0.0
341,455,4,0.0,0.0,0.0,0.0
233,48,5,0.0,0.0,0.0,1.0
395,127,2,0.0,0.0,0.0,0.0
325,77,5,0.0,0.0,0.0,0.0
704,388,4,0.0,0.0,0.0,0.0
334,236,5,0.0,0.0,0.0,0.0
908,116,2,0.0,0.0,0.0,0.0
849,124,2,0.0,0.0,0.0,0.0
606,219,4,0.0,0.0,0.0,0.0
308,416,4,0.0,0.0,0.0,0.0
973,496,5,0.0,0.0,0.0,1.0
145,382,3,0.0,0.0,0.0,0.0
896,12,2,0.0,0.0,0.0,0.0
181,204,2,0.0,0.0,0.0,0.0
936,27,3,0.0,0.0,0.0,0.0
600,193,4,0.0,0.0,0.0,0.0
636,466,1,0.0,0.0,0.0,0.0
586,153,4,0.0,0.0,0.0,0.0
926,272,1,0.0,0.0,0.0,0.0
847,59,4,0.0,0.0,0.0,0.0
292,170,3,0.0,0.0,0.0,0.0
590,459,4,0.0,0.0,0.0,0.0
615,230,5,0.0,0.0,0.0,0.0
905,317,3,0.0,0.0,0.0,0.0
398,214,3,0.0,0.0,0.0,0.0
515,494,1,0.0,0.0,0.0,0.0
387,485,4,0.0,0.0,0.0,0.0
830,390,5,0.0,0.0,0.0,0.0
398,367,2,1.0,0.0,1.0,0.0
509,395,3,0.0,0.0,0.0,1.0
68,304,3,0.0,0.0,0.0,0.0
92,487,3,0.0,0.0,0.0,0.0
155,306,1,0.0,0.0,0.0,0.0
769,459,5,0.0,0.0,0.0,0.0
95,402,2,0.0,0.0,0.0,0.0
909,257,2,0.0,0.0,0.0,0.0
156,314,5,0.0,0.0,0.0,0.0
46,48,5,0.0,0.0,0.0,0.0
359,21,1,0.0,0.0,0.0,0.0
249,231,5,0.0,0.0,0.0,0.0
589,23,3,0.0,0.0,0.0,0.0
976,442,3,0.0,0.0,0.0,0.0
485,298,4,0.0,0.0,0.0,0.0
720,155,5,0.0,0.0,0.0,0.0
274,141,2,0.0,0.0,0.0,0.0
666,447,2,0.0,0.0,0.0,0.0
176,452,4,2.0,1.0,1.0,0.0
421,267,5,0.0,0.0,0.0,0.0
221,21,2,0.0,0.0,0.0,0.0
48,409,5,0.0,0.0,0.0,0.0
221,175,5,0.0,0.0,0.0,0.0
67,441,4,0.0,0.0,0.0,0.0
130,226,1,0.0,0.0,0.0,0.0
816,2,5,0.0,0.0,0.0,0.0
452,255,2,0.0,0.0,0.0,0.0
592,440,4,0.0,0.0,0.0,0.0
223,219,1,0.0,0.0,0.0,0.0
252,166,5,0.0,0.0,0.0,0.0
248,194,3,0.0,0.0,0.0,0.0
822,392,5,0.0,0.0,0.0,0.0
940,53,3,1.0,0.0,1.0,0.0
628,73,4,0.0,0.0,0.0,0.0
955,372,1,0.0,0.0,0.0,0.0
714,59,2,0.0,0.0,0.0,0.0
61,47,3,0.0,0.0,0.0,0.0
391,489,5,0.0,0.0,0.0,0.0
880,413,5,0.0,0.0,0.0,0.0
584,28,5,0.0,0.0,0.0,0.0
274,48,3,0.0,0.0,0.0,0.0
987,426,1,0.0,0.0,0.0,0.0
396,403,4,0.0,0.0,0.0,0.0
387,7,1,0.0,0.0,0.0,0.0
348,401,5,0.0,0.0,0.0,0.0
594,408,3,0.0,0.0,0.0,0.0
519,234,3,0.0,0.0,0.0,0.0
483,228,3,0.0,0.0,0.0,0.0
389,476,3,0.0,0.0,0.0,0.0
754,213,4,0.0,0.0,0.0,0.0
931,144,5,0.0,0.0,0.0,0.0
608,198,2,0.0,0.0,0.0,0.0
136,204,1,0.0,0.0,0.0,0.0
259,177,4,0.0,0.0,0.0,0.0
635,430,2,0.0,0.0,0.0,0.0
827,185,4,0.0,0.0,0.0,0.0
882,42,5,0.0,0.0,0.0,0.0
5,406,5,0.0,0.0,0.0,0.0
544,144,4,0.0,0.0,0.0,0.0
272,469,5,0.0,0.0,0.0,0.0
122,463,4,0.0,0.0,0.0,0.0
706,88,2,0.0,0.0,0.0,0.0
428,421,5,0.0,0.0,0.0,0.0
196,274,3,1.0,1.0,0.0,0.0
885,282,1,0.0,0.0,0.0,0.0
844,356,5,0.0,0.0,0.0,0.0
911,67,1,0.0,0.0,0.0,0.0
347,151,2,0.0,0.0,0.0,0.0
486,371,1,0.0,0.0,0.0,0.0
835,312,2,0.0,0.0,0.0,0.0
279,403,1,0.0,0.0,0.0,0.0
215,397,1,0.0,0.0,0.0,0.0
143,463,3,1.0,1.0,0.0,0.0
331,372,4,0.0,0.0,0.0,0.0
973,260,3,0.0,0.0,0.0,0.0
528,496,5,0.0,0.0,0.0,0.0
153,177,4,0.0,0.0,0.0,0.0
34,92,1,0.0,0.0,0.0,0.0
541,51,1,0.0,0.0,0.0,0.0
531,239,5,0.0,0.0,0.0,0.0
191,348,1,0.0,0.0,0.0,0.0
406,292,2,0.0,0.0,0.0,0.0
879,246,2,0.0,0.0,0.0,0.0
930,448,2,0.0,0.0,0.0,0.0
313,458,2,0.0,0.0,0.0,0.0
801,368,3,0.0,0.0,0.0,0.0
253,117,4,0.0,0.0,0.0,0.0
580,268,4,0.0,0.0,0.0,0.0
385,252,5,0.0,0.0,0.0,0.0
581,120,5,0.0,0.0,0.0,0.0
888,34,4,0.0,0.0,0.0,0.0
887,26,1,0.0,0.0,0.0,0.0
629,224,4,0.0,0.0,0.0,0.0
853,189,4,1.0,0.0,0.0,0.0
53,292,1,0.0,0.0,0.0,0.0
42,242,3,1.0,0.0,0.0,0.0
611,331,1,0.0,0.0,0.0,0.0
682,239,2,0.0,0.0,0.0,0.0
955,160,1,0.0,0.0,0.0,0.0
568,277,4,0.0,0.0,0.0,0.0
470,311,5,0.0,0.0,0.0,0.0
51,435,1,0.0,0.0,0.0,0.0
583,48,1,0.0,0.0,0.0,0.0
141,346,3,0.0,0.0,0.0,0.0
326,246,3,0.0,0.0,0.0,0.0
271,371,4,0.0,0.0,0.0,0.0
825,293,1,0.0,0.0,0.0,0.0
73,275,2,0.0,0.0,0.0,0.0
599,463,4,0.0,0.0,0.0,0.0
353,204,2,0.0,0.0,0.0,0.0
166,129,1,0.0,0.0,0.0,0.0
535,39,2,0.0,0.0,0.0,0.0
231,381,4,0.0,0.0,0.0,0.0
19,4,3,0.0,0.0,0.0,1.0
15,258,2,0.0,0.0,0.0,0.0
828,411,2,0.0,0.0,0.0,0.0
650,459,5,0.0,0.0,0.0,0.0
433,312,4,0.0,0.0,0.0,0.0
519,212,3,0.0,0.0,0.0,1.0
610,294,4,0.0,0.0,0.0,0.0
337,61,3,0.0,0.0,0.0,0.0
773,136,3,0.0,0.0,0.0,0.0
259,450,4,2.0,1.0,0.0,0.0
413,320,1,1.0,1.0,0.0,0.0
196,333,4,0.0,0.0,0.0,0.0
47,16,5,0.0,0.0,0.0,0.0
738,339,5,0.0,0.0,0.0,0.0
363,169,1,0.0,0.0,0.0,0.0
255,400,2,1.0,0.0,0.0,0.0
894,415,2,0.0,0.0,0.0,0.0
844,1,1,1.0,0.0,1.0,0.0
28,122,4,0.0,0.0,0.0,0.0
293,126,4,0.0,0.0,0.0,0.0
306,253,3,0.0,0.0,0.0,0.0
256,394,2,0.0,0.0,0.0,0.0
440,446,3,0.0,0.0,0.0,0.0
1000,84,5,0.0,0.0,0.0,0.0
984,118,1,0.0,0.0,0.0,0.0
984,471,3,0.0,0.0,0.0,0.0
148,394,1,0.0,0.0,0.0,0.0
804,219,2,0.0,0.0,0.0,0.0
8,46,5,0.0,0.0,0.0,0.0
265,110,3,0.0,0.0,0.0,0.0
833,479,3,0.0,0.0,0.0,0.0
327,361,2,0.0,0.0,0.0,0.0
896,290,1,0.0,0.0,0.0,0.0
872,116,2,0.0,0.0,0.0,0.0
424,156,5,0.0,0.0,0.0,0.0
564,41,4,0.0,0.0,0.0,0.0
274,88,5,0.0,0.0,0.0,0.0
872,90,2,0.0,0.0,0.0,0.0
814,238,4,0.0,0.0,0.0,0.0
95,62,5,1.0,1.0,0.0,0.0
730,403,3,0.0,0.0,0.0,0.0
41,430,5,0.0,0.0,0.0,0.0
401,393,3,0.0,0.0,0.0,0.0
24,127,5,0.0,0.0,0.0,0.0
170,429,5,0.0,0.0,0.0,0.0
872,359,2,0.0,0.0,0.0,0.0
643,98,1,0.0,0.0,0.0,0.0
444,2,4,0.0,0.0,0.0,0.0
678,252,5,0.0,0.0,0.0,0.0
666,204,2,0.0,0.0,0.0,0.0
424,488,3,0.0,0.0,0.0,0.0
243,255,4,0.0,0.0,0.0,0.0
213,498,2,0.0,0.0,0.0,0.0
906,68,4,0.0,0.0,0.0,0.0
641,169,2,0.0,0.0,0.0,0.0
133,380,5,0.0,0.0,0.0,0.0
47,185,1,0.0,0.0,0.0,0.0
703,25,1,0.0,0.0,0.0,0.0
158,352,2,0.0,0.0,0.0,0.0
850,40,2,0.0,0.0,0.0,0.0
379,229,4,0.0,0.0,0.0,0.0
802,258,2,0.0,0.0,0.0,0.0
648,52,5,0.0,0.0,0.0,0.0
35,345,3,0.0,0.0,0.0,0.0
547,471,4,0.0,0.0,0.0,0.0
514,61,5,0.0,0.0,0.0,0.0
573,345,1,0.0,0.0,0.0,0.0
682,196,1,0.0,0.0,0.0,0.0
768,217,4,0.0,0.0,0.0,0.0
302,322,4,0.0,0.0,0.0,0.0
992,26,2,0.0,0.0,0.0,0.0
415,434,3,0.0,0.0,0.0,0.0
206,487,5,0.0,0.0,0.0,0.0
590,456,1,0.0,0.0,0.0,0.0
707,246,4,0.0,0.0,0.0,0.0
181,223,4,0.0,0.0,0.0,0.0
931,482,4,0.0,0.0,0.0,0.0
554,117,4,0.0,0.0,0.0,0.0
175,348,2,0.0,0.0,0.0,0.0
267,25,1,0.0,0.0,0.0,0.0
384,85,1,1.0,1.0,0.0,0.0
605,402,1,0.0,0.0,0.0,0.0
3,390,3,0.0,0.0,0.0,0.0
803,367,3,0.0,0.0,0.0,0.0
467,303,2,0.0,0.0,0.0,0.0
937,141,5,0.0,0.0,0.0,0.0
732,361,2,1.0,0.0,0.0,0.0
353,113,4,0.0,0.0,0.0,0.0
697,369,4,0.0,0.0,0.0,0.0
796,168,4,0.0,0.0,0.0,0.0
547,57,4,0.0,0.0,0.0,0.0
317,287,5,0.0,0.0,0.0,0.0
888,209,5,0.0,0.0,0.0,0.0
613,75,4,0.0,0.0,0.0,0.0
695,415,4,0.0,0.0,0.0,0.0
690,212,5,1.0,1.0,0.0,0.0
669,450,3,0.0,0.0,0.0,0.0
833,475,2,0.0,0.0,0.0,0.0
983,214,3,0.0,0.0,0.0,0.0
733,67,4,0.0,0.0,0.0,0.0
836,138,2,1.0,0.0,0.0,0.0
240,331,5,0.0,0.0,0.0,0.0
576,319,3,0.0,0.0,0.0,0.0
243,456,1,0.0,0.0,0.0,0.0
828,291,4,0.0,0.0,0.0,0.0
895,171,2,0.0,0.0,0.0,0.0
460,486,5,0.0,0.0,0.0,0.0
720,102,2,0.0,0.0,0.0,0.0
86,75,3,0.0,0.0,0.0,0.0
54,260,1,0.0,0.0,0.0,0.0
536,24,1,0.0,0.0,0.0,0.0
441,372,1,0.0,0.0,0.0,0.0
37,60,5,0.0,0.0,0.0,0.0
634,187,2,1.0,1.0,0.0,0.0
651,149,3,0.0,0.0,0.0,0.0
358,93,3,0.0,0.0,0.0,0.0
680,469,3,0.0,0.0,0.0,0.0
117,384,5,0.0,0.0,0.0,0.0
201,438,2,0.0,0.0,0.0,0.0
739,462,2,0.0,0.0,0.0,0.0
10,240,2,0.0,0.0,0.0,0.0
337,304,4,0.0,0.0,0.0,0.0
828,140,5,0.0,0.0,0.0,0.0
713,438,1,0.0,0.0,0.0,0.0
127,207,1,0.0,0.0,0.0,0.0
318,463,3,0.0,0.0,0.0,0.0
441,217,4,0.0,0.0,0.0,0.0
820,154,4,0.0,0.0,0.0,0.0
425,117,5,1.0,0.0,0.0,0.0
689,414,5,0.0,0.0,0.0,0.0
533,438,1,0.0,0.0,0.0,0.0
762,240,2,0.0,0.0,0.0,0.0
79,127,2,0.0,0.0,0.0,0.0
235,37,5,0.0,0.0,0.0,0.0
472,281,4,0.0,0.0,0.0,0.0
592,165,4,0.0,0.0,0.0,0.0
587,286,2,0.0,0.0,0.0,0.0
10,171,3,1.0,0.0,1.0,0.0
678,441,5,0.0,0.0,0.0,0.0
197,144,2,0.0,0.0,0.0,0.0
448,395,3,0.0,0.0,0.0,0.0
266,186,5,0.0,0.0,0.0,0.0
112,219,3,0.0,0.0,0.0,0.0
94,251,1,0.0,0.0,0.0,0.0
619,391,4,2.0,1.0,0.0,0.0
769,468,2,0.0,0.0,0.0,0.0
71,301,1,0.0,0.0,0.0,0.0
847,464,5,0.0,0.0,0.0,0.0
595,291,1,0.0,0.0,0.0,0.0
50,74,3,0.0,0.0,0.0,0.0
287,343,3,0.0,0.0,0.0,0.0
408,350,3,1.0,0.0,1.0,0.0
272,81,5,0.0,0.0,0.0,0.0
494,205,1,0.0,0.0,0.0,0.0
271,221,4,0.0,0.0,0.0,0.0
379,309,2,0.0,0.0,0.0,0.0
256,64,1,0.0,0.0,0.0,0.0
268,45,4,0.0,0.0,0.0,0.0
573,303,5,0.0,0.0,0.0,0.0
521,375,4,0.0,0.0,0.0,0.0
405,360,4,0.0,0.0,0.0,0.0
395,446,4,0.0,0.0,0.0,0.0
416,393,3,0.0,0.0,0.0,0.0
106,48,1,0.0,0.0,0.0,0.0
186,210,5,0.0,0.0,0.0,0.0
212,37,5,0.0,0.0,0.0,0.0
835,263,3,0.0,0.0,0.0,0.0
849,117,1,0.0,0.0,0.0,0.0
169,391,4,0.0,0.0,0.0,0.0
244,456,3,0.0,0.0,0.0,0.0
535,166,3,0.0,0.0,0.0,0.0
531,498,3,0.0,0.0,0.0,0.0
736,200,4,0.0,0.0,0.0,0.0
129,297,3,0.0,0.0,0.0,0.0
244,324,1,0.0,0.0,0.0,0.0
707,272,1,0.0,0.0,0.0,0.0
454,128,4,0.0,0.0,0.0,0.0
967,212,5,0.0,0.0,0.0,0.0
411,87,3,0.0,0.0,0.0,0.0
595,25,5,1.0,1.0,0.0,0.0
827,274,1,0.0,0.0,0.0,1.0
459,390,5,0.0,0.0,0.0,0.0
910,295,3,0.0,0.0,0.0,0.0
183,218,4,0.0,0.0,0.0,0.0
210,214,2,0.0,0.0,0.0,0.0
966,202,3,0.0,0.0,0.0,0.0
345,15,1,0.0,0.0,0.0,0.0
439,290,2,1.0,1.0,0.0,0.0
870,28,2,0.0,0.0,0.0,0.0
803,449,4,0.0,0.0,0.0,0.0
767,61,5,0.0,0.0,0.0,0.0
693,411,2,0.0,0.0,0.0,0.0
938,168,1,0.0,0.0,0.0,0.0
158,239,5,0.0,0.0,0.0,0.0
566,12,1,0.0,0.0,0.0,0.0
611,125,1,0.0,0.0,0.0,0.0
486,432,1,0.0,0.0,0.0,0.0
69,4,3,1.0,0.0,0.0,0.0
782,135,3,0.0,0.0,0.0,0.0
349,414,5,0.0,0.0,0.0,0.0
665,226,3,0.0,0.0,0.0,0.0
348,190,4,1.0,1.0,0.0,0.0
767,267,3,1.0,0.0,1.0,0.0
254,230,3,1.0,0.0,0.0,0.0
254,165,2,0.0,0.0,0.0,0.0
352,183,1,1.0,0.0,0.0,0.0
323,438,1,0.0,0.0,0.0,0.0
219,252,1,0.0,0.0,0.0,0.0
464,101,5,0.0,0.0,0.0,0.0
261,50,1,0.0,0.0,0.0,0.0
101,319,3,1.0,0.0,0.0,0.0
451,219,2,0.0,0.0,0.0,0.0
551,203,4,0.0,0.0,0.0,0.0
71,271,4,0.0,0.0,0.0,0.0
996,93,4,0.0,0.0,0.0,0.0
791,333,1,1.0,0.0,0.0,0.0
339,304,2,0.0,0.0,0.0,0.0
781,36,1,0.0,0.0,0.0,0.0
866,457,5,0.0,0.0,0.0,0.0
637,89,3,0.0,0.0,0.0,0.0
505,63,3,1.0,0.0,0.0,0.0
168,211,1,0.0,0.0,0.0,0.0
192,73,2,0.0,0.0,0.0,0.0
41,367,4,0.0,0.0,0.0,0.0
768,375,4,0.0,0.0,0.0,0.0
845,446,5,0.0,0.0,0.0,0.0
752,319,5,0.0,0.0,0.0,0.0
327,40,2,0.0,0.0,0.0,0.0
363,326,2,0.0,0.0,0.0,0.0
834,57,2,0.0,0.0,0.0,0.0
419,227,1,0.0,0.0,0.0,0.0
71,336,2,0.0,0.0,0.0,0.0
33,290,3,0.0,0.0,0.0,0.0
672,465,4,0.0,0.0,0.0,0.0
340,180,1,0.0,0.0,0.0,0.0
354,241,4,1.0,0.0,0.0,0.0
88,107,5,0.0,0.0,0.0,0.0
280,477,1,0.0,0.0,0.0,0.0
532,54,3,0.0,0.0,0.0,0.0
320,169,3,0.0,0.0,0.0,0.0
517,392,5,0.0,0.0,0.0,0.0
156,103,3,0.0,0.0,0.0,0.0
198,255,3,0.0,0.0,0.0,0.0
966,66,4,1.0,1.0,0.0,0.0
685,219,1,0.0,0.0,0.0,0.0
40,111,5,0.0,0.0,0.0,0.0
662,327,2,0.0,0.0,0.0,0.0
346,313,5,0.0,0.0,0.0,0.0
17,115,2,0.0,0.0,0.0,0.0
104,465,4,0.0,0.0,0.0,0.0
341,419,3,2.0,1.0,0.0,0.0
240,399,2,0.0,0.0,0.0,0.0
699,397,2,0.0,0.0,0.0,0.0
699,67,3,0.0,0.0,0.0,0.0
343,398,1,0.0,0.0,0.0,0.0
511,352,5,0.0,0.0,0.0,0.0
841,309,1,0.0,0.0,0.0,0.0
965,272,1,0.0,0.0,0.0,0.0
550,442,4,0.0,0.0,0.0,0.0
480,305,1,0.0,0.0,0.0,0.0
874,167,2,0.0,0.0,0.0,0.0
863,265,2,0.0,0.0,0.0,0.0
493,277,5,0.0,0.0,0.0,0.0
34,498,5,0.0,0.0,0.0,0.0
948,243,3,0.0,0.0,0.0,0.0
101,302,2,0.0,0.0,0.0,0.0
554,143,3,0.0,0.0,0.0,0.0
511,252,4,0.0,0.0,0.0,0.0
888,70,5,0.0,0.0,0.0,0.0
586,117,5,0.0,0.0,0.0,0.0
995,177,5,0.0,0.0,0.0,0.0
55,286,5,0.0,0.0,0.0,0.0
865,90,4,0.0,0.0,0.0,0.0
921,387,1,0.0,0.0,0.0,0.0
521,67,4,0.0,0.0,0.0,0.0
953,168,5,0.0,0.0,0.0,1.0
407,438,2,0.0,0.0,0.0,0.0
749,197,2,0.0,0.0,0.0,0.0
460,362,5,0.0,0.0,0.0,0.0
271,146,2,0.0,0.0,0.0,0.0
409,290,3,0.0,0.0,0.0,0.0
249,78,2,0.0,0.0,0.0,0.0
784,28,4,0.0,0.0,0.0,0.0
5,464,1,1.0,1.0,0.0,0.0
435,23,3,0.0,0.0,0.0,0.0
912,446,4,0.0,0.0,0.0,0.0
962,45,4,0.0,0.0,0.0,0.0
260,99,2,0.0,0.0,0.0,0.0
329,194,3,0.0,0.0,0.0,0.0
31,312,2,1.0,1.0,0.0,1.0
814,91,2,0.0,0.0,0.0,0.0
937,490,1,0.0,0.0,0.0,0.0
507,407,1,0.0,0.0,0.0,0.0
58,129,5,1.0,1.0,0.0,0.0
348,281,1,0.0,0.0,0.0,0.0
627,219,5,0.0,0.0,0.0,0.0
335,345,3,0.0,0.0,0.0,0.0
189,90,1,0.0,0.0,0.0,0.0
635,184,1,0.0,0.0,0.0,0.0
944,242,2,0.0,0.0,0.0,0.0
912,5,2,0.0,0.0,0.0,0.0
682,340,5,0.0,0.0,0.0,0.0
877,380,2,0.0,0.0,0.0,0.0
380,406,2,0.0,0.0,0.0,0.0
57,83,5,1.0,0.0,0.0,0.0
180,180,3,0.0,0.0,0.0,0.0
759,142,1,1.0,1.0,0.0,0.0
969,196,1,0.0,0.0,0.0,0.0
791,464,1,0.0,0.0,0.0,0.0
486,363,1,0.0,0.0,0.0,0.0
93,241,3,0.0,0.0,0.0,0.0
525,382,1,0.0,0.0,0.0,0.0
776,276,3,0.0,0.0,0.0,0.0
367,85,1,0.0,0.0,0.0,0.0
486,399,2,0.0,0.0,0.0,0.0
373,282,1,0.0,0.0,0.0,0.0
774,349,1,0.0,0.0,0.0,0.0
294,195,5,0.0,0.0,0.0,0.0
161,85,5,0.0,0.0,0.0,0.0
424,290,1,0.0,0.0,0.0,0.0
400,64,4,0.0,0.0,0.0,0.0
448,217,3,0.0,0.0,0.0,0.0
328,65,5,1.0,0.0,0.0,0.0
761,63,1,0.0,0.0,0.0,0.0
125,38,4,0.0,0.0,0.0,0.0
69,52,3,0.0,0.0,0.0,0.0
875,220,2,0.0,0.0,0.0,0.0
383,11,5,0.0,0.0,0.0,0.0
33,123,1,0.0,0.0,0.0,0.0
344,260,2,0.0,0.0,0.0,0.0
967,446,2,0.0,0.0,0.0,0.0
129,256,2,0.0,0.0,0.0,0.0
397,19,3,0.0,0.0,0.0,0.0
822,214,1,0.0,0.0,0.0,0.0
669,199,5,1.0,0.0,0.0,0.0
993,479,5,0.0,0.0,0.0,0.0
674,283,5,0.0,0.0,0.0,0.0
379,148,2,0.0,0.0,0.0,0.0
270,425,4,0.0,0.0,0.0,0.0
525,154,1,0.0,0.0,0.0,0.0
958,80,4,0.0,0.0,0.0,0.0
563,218,2,0.0,0.0,0.0,0.0
575,352,4,0.0,0.0,0.0,0.0
449,170,2,0.0,0.0,0.0,0.0
640,8,4,0.0,0.0,0.0,0.0
284,367,2,1.0,1.0,0.0,0.0
107,463,3,0.0,0.0,0.0,0.0
281,167,4,0.0,0.0,0.0,0.0
783,385,3,0.0,0.0,0.0,0.0
894,5,4,0.0,0.0,0.0,0.0
629,401,4,1.0,0.0,1.0,0.0
951,265,3,0.0,0.0,0.0,0.0
90,347,1,0.0,0.0,0.0,0.0
188,337,1,0.0,0.0,0.0,0.0
997,64,2,0.0,0.0,0.0,0.0
472,86,5,0.0,0.0,0.0,0.0
596,282,1,0.0,0.0,0.0,0.0
597,200,3,0.0,0.0,0.0,0.0
909,481,2,0.0,0.0,0.0,0.0
330,215,1,0.0,0.0,0.0,0.0
652,280,1,0.0,0.0,0.0,0.0
309,459,1,0.0,0.0,0.0,0.0
896,444,5,0.0,0.0,0.0,0.0
952,238,5,0.0,0.0,0.0,0.0
448,256,4,0.0,0.0,0.0,0.0
417,242,1,0.0,0.0,0.0,0.0
259,209,4,0.0,0.0,0.0,0.0
656,483,3,0.0,0.0,0.0,0.0
149,459,1,0.0,0.0,0.0,0.0
294,284,1,0.0,0.0,0.0,0.0
787,442,3,0.0,0.0,0.0,0.0
395,240,3,0.0,0.0,0.0,0.0
125,218,4,1.0,1.0,0.0,0.0
385,21,2,0.0,0.0,0.0,0.0
309,17,2,0.0,0.0,0.0,0.0
67,189,1,0.0,0.0,0.0,0.0
347,85,4,0.0,0.0,0.0,0.0
252,52,5,0.0,0.0,0.0,0.0
937,393,3,0.0,0.0,0.0,1.0
567,327,4,0.0,0.0,0.0,0.0
556,268,4,0.0,0.0,0.0,0.0
944,378,1,0.0,0.0,0.0,0.0
675,392,5,0.0,0.0,0.0,0.0
498,225,5,0.0,0.0,0.0,0.0
800,318,5,0.0,0.0,0.0,0.0
430,326,3,0.0,0.0,0.0,0.0
168,410,1,0.0,0.0,0.0,0.0
542,247,2,0.0,0.0,0.0,1.0
268,254,1,0.0,0.0,0.0,0.0
746,335,5,0.0,0.0,0.0,0.0
994,477,4,0.0,0.0,0.0,0.0
257,354,4,0.0,0.0,0.0,0.0
813,126,3,1.0,0.0,0.0,0.0
984,435,3,0.0,0.0,0.0,0.0
739,301,4,0.0,0.0,0.0,0.0
175,398,2,0.0,0.0,0.0,0.0
6,387,5,0.0,0.0,0.0,0.0
647,259,3,0.0,0.0,0.0,0.0
663,15,1,0.0,0.0,0.0,0.0
188,216,3,1.0,0.0,0.0,0.0
680,188,3,0.0,0.0,0.0,0.0
810,175,2,0.0,0.0,0.0,0.0
763,265,2,0.0,0.0,0.0,0.0
821,196,1,0.0,0.0,0.0,0.0
697,27,3,1.0,0.0,0.0,0.0
77,413,4,0.0,0.0,0.0,0.0
947,297,3,0.0,0.0,0.0,0.0
299,310,1,0.0,0.0,0.0,0.0
924,244,1,1.0,0.0,0.0,0.0
438,346,3,0.0,0.0,0.0,0.0
698,438,3,0.0,0.0,0.0,1.0
119,305,5,0.0,0.0,0.0,0.0
986,392,5,0.0,0.0,0.0,0.0
175,183,3,0.0,0.0,0.0,0.0
996,488,4,0.0,0.0,0.0,0.0
807,33,2,0.0,0.0,0.0,0.0
608,292,4,1.0,0.0,0.0,0.0
974,113,3,0.0,0.0,0.0,0.0
341,36,4,0.0,0.0,0.0,0.0
252,16,2,0.0,0.0,0.0,0.0
369,233,3,0.0,0.0,0.0,0.0
390,160,2,0.0,0.0,0.0,0.0
773,157,5,0.0,0.0,0.0,0.0
969,260,1,0.0,0.0,0.0,0.0
840,306,5,0.0,0.0,0.0,0.0
714,301,1,0.0,0.0,0.0,0.0
263,397,4,0.0,0.0,0.0,0.0
720,392,5,1.0,0.0,0.0,0.0
382,168,3,0.0,0.0,0.0,0.0
721,77,2,0.0,0.0,0.0,0.0
311,474,4,0.0,0.0,0.0,0.0
138,163,5,0.0,0.0,0.0,0.0
363,26,3,0.0,0.0,0.0,0.0
879,397,5,0.0,0.0,0.0,0.0
991,336,3,0.0,0.0,0.0,0.0
655,160,3,0.0,0.0,0.0,0.0
124,283,4,0.0,0.0,0.0,0.0
528,160,1,0.0,0.0,0.0,0.0
462,62,1,0.0,0.0,0.0,0.0
454,454,3,0.0,0.0,0.0,0.0
367,244,3,0.0,0.0,0.0,0.0
821,439,3,0.0,0.0,0.0,0.0
992,217,5,0.0,0.0,0.0,0.0
449,296,2,0.0,0.0,0.0,0.0
487,17,5,0.0,0.0,0.0,0.0
178,21,4,0.0,0.0,0.0,0.0
619,339,3,1.0,0.0,0.0,0.0
223,395,4,0.0,0.0,0.0,0.0
142,439,3,0.0,0.0,0.0,0.0
406,396,4,0.0,0.0,0.0,0.0
882,14,1,0.0,0.0,0.0,0.0
582,361,5,0.0,0.0,0.0,0.0
306,243,2,0.0,0.0,0.0,0.0
423,439,5,0.0,0.0,0.0,0.0
698,382,3,0.0,0.0,0.0,0.0
60,94,4,0.0,0.0,0.0,0.0
609,49,1,0.0,0.0,0.0,0.0
74,258,4,0.0,0.0,0.0,0.0
6,96,3,0.0,0.0,0.0,0.0
726,38,1,0.0,0.0,0.0,0.0
556,128,2,1.0,0.0,0.0,0.0
947,183,2,1.0,1.0,0.0,0.0
847,88,1,0.0,0.0,0.0,0.0
274,121,4,0.0,0.0,0.0,0.0
823,119,4,0.0,0.0,0.0,0.0
839,47,2,0.0,0.0,0.0,0.0
297,176,2,0.0,0.0,0.0,0.0
570,165,2,0.0,0.0,0.0,0.0
965,144,4,0.0,0.0,0.0,0.0
867,113,2,0.0,0.0,0.0,0.0
535,252,4,0.0,0.0,0.0,0.0
455,355,2,0.0,0.0,0.0,0.0
538,134,2,1.0,1.0,0.0,0.0
563,364,5,0.0,0.0,0.0,0.0
190,377,4,0.0,0.0,0.0,0.0
512,164,1,0.0,0.0,0.0,0.0
693,485,3,0.0,0.0,0.0,0.0
593,93,5,0.0,0.0,0.0,0.0
912,168,5,0.0,0.0,0.0,0.0
189,330,5,0.0,0.0,0.0,0.0
285,483,1,1.0,0.0,0.0,0.0
515,423,2,0.0,0.0,0.0,0.0
409,189,5,0.0,0.0,0.0,0.0
158,285,2,0.0,0.0,0.0,0.0
612,482,5,0.0,0.0,0.0,0.0
501,306,1,0.0,0.0,0.0,0.0
404,163,4,0.0,0.0,0.0,0.0
113,340,3,0.0,0.0,0.0,0.0
654,261,5,0.0,0.0,0.0,0.0
344,230,4,1.0,0.0,0.0,0.0
260,477,2,1.0,0.0,0.0,0.0
159,275,2,0.0,0.0,0.0,0.0
588,12,5,0.0,0.0,0.0,1.0
680,389,2,0.0,0.0,0.0,0.0
892,56,5,1.0,0.0,0.0,0.0
320,205,5,0.0,0.0,0.0,0.0
707,385,1,0.0,0.0,0.0,0.0
667,498,2,0.0,0.0,0.0,0.0
511,376,4,0.0,0.0,0.0,0.0
773,161,1,0.0,0.0,0.0,0.0
510,478,2,0.0,0.0,0.0,0.0
996,96,3,0.0,0.0,0.0,0.0
78,58,5,0.0,0.0,0.0,0.0
687,64,2,0.0,0.0,0.0,0.0
600,329,4,0.0,0.0,0.0,0.0
416,142,5,0.0,0.0,0.0,0.0
460,251,5,0.0,0.0,0.0,0.0
566,307,5,0.0,0.0,0.0,0.0
777,53,5,0.0,0.0,0.0,0.0
179,43,3,0.0,0.0,0.0,0.0
512,131,2,0.0,0.0,0.0,0.0
833,43,4,1.0,0.0,0.0,0.0
310,138,5,0.0,0.0,0.0,0.0
962,47,3,0.0,0.0,0.0,0.0
915,53,5,0.0,0.0,0.0,0.0
345,294,4,1.0,0.0,0.0,0.0
178,453,5,0.0,0.0,0.0,0.0
222,187,1,0.0,0.0,0.0,0.0
837,416,5,0.0,0.0,0.0,0.0
942,352,1,0.0,0.0,0.0,0.0
419,435,2,0.0,0.0,0.0,0.0
176,9,3,0.0,0.0,0.0,0.0
826,444,5,0.0,0.0,0.0,0.0
276,194,3,0.0,0.0,0.0,0.0
922,440,3,0.0,0.0,0.0,0.0
339,62,3,1.0,1.0,0.0,0.0
331,112,1,0.0,0.0,0.0,0.0
469,364,1,0.0,0.0,0.0,0.0
750,117,1,0.0,0.0,0.0,0.0
521,219,1,1.0,0.0,0.0,0.0
653,83,1,0.0,0.0,0.0,0.0
383,495,3,0.0,0.0,0.0,0.0
136,465,2,1.0,1.0,0.0,0.0
734,236,5,0.0,0.0,0.0,0.0
182,403,5,0.0,0.0,0.0,0.0
636,151,1,0.0,0.0,0.0,1.0
580,253,5,0.0,0.0,0.0,0.0
504,283,5,0.0,0.0,0.0,0.0
465,500,5,0.0,0.0,0.0,0.0
503,309,4,0.0,0.0,0.0,0.0
395,291,5,0.0,0.0,0.0,0.0
228,302,2,0.0,0.0,0.0,0.0
857,28,5,1.0,0.0,0.0,0.0
567,337,3,1.0,0.0,1.0,0.0
651,142,2,0.0,0.0,0.0,0.0
860,316,4,0.0,0.0,0.0,0.0
618,166,4,0.0,0.0,0.0,0.0
814,173,1,0.0,0.0,0.0,0.0
467,363,2,0.0,0.0,0.0,0.0
356,253,4,0.0,0.0,0.0,0.0
155,303,2,0.0,0.0,0.0,0.0
869,448,2,0.0,0.0,0.0,0.0
418,318,3,0.0,0.0,0.0,0.0
263,331,1,0.0,0.0,0.0,0.0
508,313,4,0.0,0.0,0.0,0.0
317,230,1,0.0,0.0,0.0,0.0
575,134,3,0.0,0.0,0.0,0.0
591,373,4,1.0,0.0,1.0,0.0
185,492,5,0.0,0.0,0.0,0.0
57,139,2,0.0,0.0,0.0,0.0
341,342,1,0.0,0.0,0.0,0.0
428,143,5,0.0,0.0,0.0,0.0
203,329,2,0.0,0.0,0.0,0.0
287,350,2,0.0,0.0,0.0,0.0
751,43,1,0.0,0.0,0.0,0.0
430,155,5,0.0,0.0,0.0,0.0
756,430,3,1.0,0.0,0.0,0.0
451,261,2,0.0,0.0,0.0,0.0
613,237,1,0.0,0.0,0.0,0.0
753,403,3,0.0,0.0,0.0,0.0
309,274,3,0.0,0.0,0.0,0.0
893,110,2,0.0,0.0,0.0,0.0
336,353,2,0.0,0.0,0.0,0.0
478,320,2,0.0,0.0,0.0,0.0
621,132,2,0.0,0.0,0.0,0.0
128,463,3,0.0,0.0,0.0,0.0
571,495,3,0.0,0.0,0.0,0.0
44,43,4,0.0,0.0,0.0,0.0
550,466,1,0.0,0.0,0.0,0.0
895,72,3,0.0,0.0,0.0,0.0
745,395,5,0.0,0.0,0.0,0.0
40,339,2,0.0,0.0,0.0,0.0
280,100,3,0.0,0.0,0.0,0.0
454,364,2,0.0,0.0,0.0,0.0
736,320,5,0.0,0.0,0.0,0.0
75,213,3,1.0,0.0,0.0,0.0
441,416,3,0.0,0.0,0.0,0.0
709,98,3,0.0,0.0,0.0,0.0
727,435,4,0.0,0.0,0.0,0.0
711,314,1,0.0,0.0,0.0,0.0
710,297,2,0.0,0.0,0.0,0.0
741,214,2,0.0,0.0,0.0,0.0
220,148,2,0.0,0.0,0.0,0.0
512,77,1,0.0,0.0,0.0,1.0
169,173,3,0.0,0.0,0.0,0.0
12,88,3,0.0,0.0,0.0,0.0
681,333,1,0.0,0.0,0.0,0.0
768,359,4,0.0,0.0,0.0,0.0
158,351,5,0.0,0.0,0.0,0.0
883,415,3,0.0,0.0,0.0,0.0
659,11,1,0.0,0.0,0.0,0.0
551,323,1,0.0,0.0,0.0,0.0
320,454,1,0.0,0.0,0.0,0.0
470,264,4,0.0,0.0,0.0,0.0
476,206,4,0.0,0.0,0.0,0.0
516,210,1,0.0,0.0,0.0,0.0
707,311,1,0.0,0.0,0.0,0.0
329,130,2,0.0,0.0,0.0,1.0
327,5,4,0.0,0.0,0.0,0.0
983,486,4,0.0,0.0,0.0,0.0
774,34,3,0.0,0.0,0.0,0.0
504,237,4,0.0,0.0,0.0,0.0
777,344,5,0.0,0.0,0.0,0.0
26,408,3,0.0,0.0,0.0,0.0
768,346,2,0.0,0.0,0.0,0.0
788,202,4,0.0,0.0,0.0,0.0
780,366,5,0.0,0.0,0.0,0.0
245,146,2,0.0,0.0,0.0,0.0
833,82,5,0.0,0.0,0.0,0.0
493,453,4,0.0,0.0,0.0,0.0
317,319,4,0.0,0.0,0.0,0.0
840,332,5,0.0,0.0,0.0,0.0
125,497,2,0.0,0.0,0.0,0.0
790,487,2,0.0,0.0,0.0,0.0
628,287,1,0.0,0.0,0.0,0.0
365,351,5,0.0,0.0,0.0,0.0
208,233,5,0.0,0.0,0.0,0.0
83,72,2,0.0,0.0,0.0,0.0
527,425,5,0.0,0.0,0.0,0.0
768,133,2,0.0,0.0,0.0,0.0
154,457,5,0.0,0.0,0.0,0.0
76,399,5,0.0,0.0,0.0,0.0
443,460,3,0.0,0.0,0.0,0.0
70,468,1,0.0,0.0,0.0,0.0
824,240,3,0.0,0.0,0.0,0.0
52,97,5,0.0,0.0,0.0,0.0
760,145,4,0.0,0.0,0.0,0.0
976,469,4,0.0,0.0,0.0,0.0
374,145,3,0.0,0.0,0.0,0.0
19,312,1,0.0,0.0,0.0,0.0
956,27,2,0.0,0.0,0.0,0.0
290,291,4,0.0,0.0,0.0,0.0
545,322,1,0.0,0.0,0.0,0.0
612,358,4,0.0,0.0,0.0,0.0
100,102,5,0.0,0.0,0.0,0.0
244,263,5,0.0,0.0,0.0,0.0
946,38,3,0.0,0.0,0.0,0.0
57,497,5,0.0,0.0,0.0,0.0
215,474,3,0.0,0.0,0.0,0.0
325,150,4,0.0,0.0,0.0,0.0
638,143,1,0.0,0.0,0.0,1.0
562,296,1,0.0,0.0,0.0,0.0
776,399,2,0.0,0.0,0.0,0.0
886,307,5,1.0,0.0,1.0,0.0
407,264,3,0.0,0.0,0.0,0.0
759,278,2,0.0,0.0,0.0,0.0
160,205,3,0.0,0.0,0.0,0.0
634,246,5,0.0,0.0,0.0,0.0
459,112,2,0.0,0.0,0.0,0.0
182,94,2,0.0,0.0,0.0,0.0
330,429,2,0.0,0.0,0.0,0.0
642,447,3,0.0,0.0,0.0,0.0
130,72,5,0.0,0.0,0.0,0.0
61,346,2,0.0,0.0,0.0,0.0
742,370,3,1.0,1.0,0.0,0.0
648,449,3,0.0,0.0,0.0,0.0
312,284,5,0.0,0.0,0.0,1.0
281,353,5,0.0,0.0,0.0,0.0
451,250,3,0.0,0.0,0.0,0.0
909,268,5,0.0,0.0,0.0,0.0
745,398,1,0.0,0.0,0.0,0.0
510,88,3,0.0,0.0,0.0,0.0
906,404,2,0.0,0.0,0.0,0.0
728,401,5,0.0,0.0,0.0,0.0
200,53,1,0.0,0.0,0.0,0.0
385,256,3,0.0,0.0,0.0,0.0
677,251,3,0.0,0.0,0.0,0.0
567,401,2,1.0,0.0,0.0,0.0
262,176,2,0.0,0.0,0.0,0.0
131,330,4,0.0,0.0,0.0,0.0
296,12,1,0.0,0.0,0.0,0.0
667,368,3,0.0,0.0,0.0,0.0
246,397,5,0.0,0.0,0.0,0.0
952,331,1,0.0,0.0,0.0,0.0
263,462,3,0.0,0.0,0.0,0.0
489,116,5,0.0,0.0,0.0,0.0
252,221,5,0.0,0.0,0.0,0.0
269,484,3,0.0,0.0,0.0,0.0
512,371,3,0.0,0.0,0.0,0.0
149,454,5,0.0,0.0,0.0,0.0
989,5,1,0.0,0.0,0.0,0.0
579,136,4,0.0,0.0,0.0,0.0
889,28,3,0.0,0.0,0.0,1.0
44,344,1,0.0,0.0,0.0,0.0
434,293,5,0.0,0.0,0.0,0.0
832,138,2,0.0,0.0,0.0,0.0
906,397,2,0.0,0.0,0.0,0.0
114,49,5,0.0,0.0,0.0,0.0
124,448,2,1.0,1.0,0.0,0.0
732,24,4,0.0,0.0,0.0,0.0
342,243,2,0.0,0.0,0.0,1.0
622,443,2,0.0,0.0,0.0,0.0
471,413,1,0.0,0.0,0.0,0.0
146,458,3,0.0,0.0,0.0,0.0
742,228,5,1.0,0.0,0.0,0.0
680,44,4,0.0,0.0,0.0,0.0
784,440,4,0.0,0.0,0.0,0.0
447,392,3,1.0,0.0,0.0,0.0
257,103,2,0.0,0.0,0.0,0.0
849,146,4,0.0,0.0,0.0,0.0
714,202,4,0.0,0.0,0.0,0.0
424,176,5,1.0,0.0,1.0,0.0
754,378,3,0.0,0.0,0.0,0.0
595,65,2,0.0,0.0,0.0,0.0
216,408,4,0.0,0.0,0.0,0.0
606,224,1,0.0,0.0,0.0,0.0
825,12,4,0.0,0.0,0.0,0.0
283,25,1,0.0,0.0,0.0,0.0
313,189,1,0.0,0.0,0.0,0.0
674,449,5,1.0,0.0,1.0,0.0
542,444,3,0.0,0.0,0.0,0.0
748,261,3,0.0,0.0,0.0,0.0
733,439,5,0.0,0.0,0.0,0.0
259,85,4,0.0,0.0,0.0,0.0
512,410,1,0.0,0.0,0.0,0.0
876,29,5,0.0,0.0,0.0,0.0
359,206,2,0.0,0.0,0.0,0.0
500,45,2,0.0,0.0,0.0,0.0
859,363,5,0.0,0.0,0.0,0.0
272,76,2,0.0,0.0,0.0,0.0
543,482,1,0.0,0.0,0.0,0.0
272,3,5,0.0,0.0,0.0,0.0
749,232,1,0.0,0.0,0.0,0.0
416,73,5,0.0,0.0,0.0,0.0
533,85,4,0.0,0.0,0.0,0.0
906,81,5,0.0,0.0,0.0,0.0
208,355,4,0.0,0.0,0.0,0.0
843,149,4,0.0,0.0,0.0,0.0
779,289,4,0.0,0.0,0.0,0.0
263,264,3,0.0,0.0,0.0,0.0
306,413,5,0.0,0.0,0.0,0.0
643,33,3,0.0,0.0,0.0,0.0
35,249,2,0.0,0.0,0.0,0.0
319,13,1,0.0,0.0,0.0,0.0
867,374,1,0.0,0.0,0.0,1.0
303,72,2,0.0,0.0,0.0,0.0
819,318,2,0.0,0.0,0.0,0.0
588,334,3,0.0,0.0,0.0,0.0
261,44,4,0.0,0.0,0.0,0.0
667,252,3,0.0,0.0,0.0,0.0
391,382,5,0.0,0.0,0.0,0.0
268,7,2,0.0,0.0,0.0,0.0
256,288,1,0.0,0.0,0.0,0.0
77,156,2,0.0,0.0,0.0,0.0
5,15,3,0.0,0.0,0.0,0.0
562,227,1,0.0,0.0,0.0,0.0
920,461,4,0.0,0.0,0.0,0.0
1,183,2,0.0,0.0,0.0,0.0
476,135,5,1.0,0.0,0.0,0.0
31,419,3,0.0,0.0,0.0,0.0
522,268,2,0.0,0.0,0.0,0.0
3,394,3,0.0,0.0,0.0,0.0
248,437,1,2.0,1.0,0.0,0.0
270,233,4,0.0,0.0,0.0,0.0
728,458,1,1.0,1.0,0.0,0.0
696,338,2,0.0,0.0,0.0,0.0
788,460,4,0.0,0.0,0.0,0.0
230,60,1,0.0,0.0,0.0,0.0
909,484,1,0.0,0.0,0.0,0.0
444,163,5,0.0,0.0,0.0,0.0
179,321,3,0.0,0.0,0.0,0.0
727,377,2,0.0,0.0,0.0,0.0
952,286,1,0.0,0.0,0.0,0.0
1000,483,4,0.0,0.0,0.0,0.0
172,304,3,0.0,0.0,0.0,0.0
952,328,2,0.0,0.0,0.0,0.0
759,32,4,0.0,0.0,0.0,0.0
974,416,3,0.0,0.0,0.0,0.0
701,170,1,0.0,0.0,0.0,0.0
235,170,5,0.0,0.0,0.0,0.0
123,421,3,0.0,0.0,0.0,0.0
324,299,4,0.0,0.0,0.0,0.0
541,412,5,1.0,0.0,0.0,0.0
403,159,4,1.0,0.0,0.0,0.0
481,429,2,0.0,0.0,0.0,0.0
455,258,1,0.0,0.0,0.0,0.0
885,361,2,0.0,0.0,0.0,0.0
386,144,3,0.0,0.0,0.0,0.0
238,253,2,0.0,0.0,0.0,0.0
851,49,4,0.0,0.0,0.0,0.0
619,416,2,0.0,0.0,0.0,0.0
58,18,5,0.0,0.0,0.0,0.0
3,206,5,0.0,0.0,0.0,0.0
342,295,5,0.0,0.0,0.0,0.0
403,93,5,0.0,0.0,0.0,0.0
297,338,4,0.0,0.0,0.0,0.0
753,268,1,0.0,0.0,0.0,0.0
237,288,5,0.0,0.0,0.0,0.0
821,94,1,0.0,0.0,0.0,0.0
529,238,1,0.0,0.0,0.0,0.0
516,416,4,0.0,0.0,0.0,0.0
757,281,3,0.0,0.0,0.0,0.0
68,318,5,0.0,0.0,0.0,0.0
132,422,1,0.0,0.0,0.0,0.0
714,264,4,1.0,0.0,1.0,0.0
861,474,1,0.0,0.0,0.0,0.0
915,303,3,0.0,0.0,0.0,0.0
815,317,1,1.0,0.0,1.0,0.0
239,170,4,1.0,1.0,0.0,0.0
241,416,2,0.0,0.0,0.0,0.0
202,294,1,0.0,0.0,0.0,0.0
787,256,3,1.0,0.0,1.0,0.0
818,189,5,0.0,0.0,0.0,0.0
643,323,4,0.0,0.0,0.0,0.0
635,164,1,0.0,0.0,0.0,0.0
932,118,5,0.0,0.0,0.0,0.0
486,316,4,0.0,0.0,0.0,0.0
891,25,4,0.0,0.0,0.0,0.0
617,259,3,0.0,0.0,0.0,0.0
111,384,5,0.0,0.0,0.0,0.0
951,453,1,0.0,0.0,0.0,0.0
485,478,4,1.0,1.0,0.0,0.0
90,105,5,0.0,0.0,0.0,0.0
472,362,2,1.0,1.0,0.0,0.0
752,159,5,0.0,0.0,0.0,0.0
815,282,3,0.0,0.0,0.0,0.0
729,290,3,0.0,0.0,0.0,0.0
244,265,2,0.0,0.0,0.0,0.0
427,430,3,0.0,0.0,0.0,0.0
199,21,3,0.0,0.0,0.0,0.0
354,14,4,0.0,0.0,0.0,0.0
715,139,1,0.0,0.0,0.0,0.0
462,384,3,0.0,0.0,0.0,0.0
91,168,3,0.0,0.0,0.0,0.0
767,58,5,0.0,0.0,0.0,0.0
633,482,1,0.0,0.0,0.0,0.0
379,356,3,0.0,0.0,0.0,0.0
519,373,1,0.0,0.0,0.0,0.0
170,316,4,0.0,0.0,0.0,0.0
666,56,2,0.0,0.0,0.0,0.0
918,238,1,0.0,0.0,0.0,0.0
676,464,1,1.0,1.0,0.0,0.0
644,104,3,0.0,0.0,0.0,0.0
43,312,3,0.0,0.0,0.0,0.0
22,333,5,0.0,0.0,0.0,0.0
823,255,1,0.0,0.0,0.0,0.0
406,141,3,0.0,0.0,0.0,0.0
94,60,5,1.0,0.0,0.0,0.0
581,191,1,0.0,0.0,0.0,0.0
475,403,4,0.0,0.0,0.0,0.0
934,49,5,0.0,0.0,0.0,0.0
376,428,5,0.0,0.0,0.0,0.0
335,412,4,0.0,0.0,0.0,0.0
706,77,5,0.0,0.0,0.0,0.0
986,130,5,0.0,0.0,0.0,0.0
81,88,3,0.0,0.0,0.0,0.0
737,391,2,0.0,0.0,0.0,0.0
682,290,3,0.0,0.0,0.0,0.0
707,72,2,0.0,0.0,0.0,0.0
412,445,5,1.0,0.0,0.0,0.0
665,312,2,0.0,0.0,0.0,0.0
825,248,2,1.0,0.0,1.0,0.0
682,37,3,0.0,0.0,0.0,0.0
165,292,1,0.0,0.0,0.0,0.0
102,318,4,0.0,0.0,0.0,0.0
964,2,2,0.0,0.0,0.0,1.0
480,370,4,1.0,1.0,0.0,0.0
577,100,1,0.0,0.0,0.0,0.0
940,466,1,0.0,0.0,0.0,0.0
588,415,2,1.0,0.0,0.0,0.0
37,259,5,0.0,0.0,0.0,0.0
831,388,3,0.0,0.0,0.0,0.0
850,261,2,1.0,0.0,0.0,0.0
164,310,1,0.0,0.0,0.0,0.0
464,22,2,0.0,0.0,0.0,0.0
702,18,1,0.0,0.0,0.0,0.0
746,170,1,0.0,0.0,0.0,0.0
812,107,5,0.0,0.0,0.0,0.0
676,209,1,0.0,0.0,0.0,0.0
694,87,2,0.0,0.0,0.0,0.0
451,60,1,0.0,0.0,0.0,0.0
778,128,4,0.0,0.0,0.0,0.0
22,423,5,0.0,0.0,0.0,0.0
796,319,4,0.0,0.0,0.0,0.0
898,357,5,0.0,0.0,0.0,0.0
373,276,5,0.0,0.0,0.0,0.0
501,38,3,0.0,0.0,0.0,0.0
866,130,5,0.0,0.0,0.0,0.0
792,137,5,0.0,0.0,0.0,0.0
886,130,4,0.0,0.0,0.0,0.0
731,297,1,0.0,0.0,0.0,0.0
458,251,4,0.0,0.0,0.0,0.0
739,270,2,1.0,0.0,0.0,0.0
381,495,2,1.0,0.0,0.0,0.0
727,375,1,0.0,0.0,0.0,0.0
349,460,3,0.0,0.0,0.0,0.0
111,18,5,0.0,0.0,0.0,0.0
872,65,2,0.0,0.0,0.0,0.0
979,4,2,0.0,0.0,0.0,0.0
506,173,4,1.0,1.0,0.0,0.0
281,343,4,0.0,0.0,0.0,0.0
765,413,2,0.0,0.0,0.0,0.0
180,421,1,0.0,0.0,0.0,0.0
428,191,4,0.0,0.0,0.0,0.0
935,132,5,0.0,0.0,0.0,0.0
584,483,1,0.0,0.0,0.0,0.0
218,305,2,0.0,0.0,0.0,0.0
89,28,5,0.0,0.0,0.0,0.0
239,427,2,0.0,0.0,0.0,0.0
924,60,4,0.0,0.0,0.0,0.0
625,239,4,0.0,0.0,0.0,0.0
613,77,4,0.0,0.0,0.0,0.0
361,72,5,0.0,0.0,0.0,0.0
440,449,2,0.0,0.0,0.0,0.0
109,189,4,0.0,0.0,0.0,0.0
437,346,2,0.0,0.0,0.0,0.0
372,217,5,0.0,0.0,0.0,0.0
579,121,2,0.0,0.0,0.0,0.0
912,213,3,0.0,0.0,0.0,0.0
533,294,3,0.0,0.0,0.0,0.0
674,448,2,0.0,0.0,0.0,0.0
502,83,1,0.0,0.0,0.0,0.0
497,35,4,0.0,0.0,0.0,0.0
906,441,5,1.0,0.0,0.0,0.0
881,73,4,0.0,0.0,0.0,0.0
115,368,2,0.0,0.0,0.0,0.0
529,320,2,0.0,0.0,0.0,0.0
396,399,3,0.0,0.0,0.0,0.0
814,146,4,0.0,0.0,0.0,0.0
215,200,5,0.0,0.0,0.0,0.0
891,94,4,0.0,0.0,0.0,0.0
314,57,1,0.0,0.0,0.0,0.0
945,193,5,0.0,0.0,0.0,0.0
720,48,3,0.0,0.0,0.0,0.0
112,316,3,0.0,0.0,0.0,0.0
243,264,3,0.0,0.0,0.0,0.0
796,3,4,0.0,0.0,0.0,0.0
712,309,1,0.0,0.0,0.0,0.0
420,349,3,0.0,0.0,0.0,0.0
343,294,3,0.0,0.0,0.0,0.0
702,330,3,0.0,0.0,0.0,0.0
298,469,1,0.0,0.0,0.0,0.0
283,298,4,0.0,0.0,0.0,0.0
855,65,2,0.0,0.0,0.0,0.0
289,363,1,0.0,0.0,0.0,0.0
261,63,2,0.0,0.0,0.0,1.0
214,298,4,1.0,1.0,0.0,0.0
49,350,4,0.0,0.0,0.0,0.0
888,496,5,0.0,0.0,0.0,0.0
712,117,2,0.0,0.0,0.0,0.0
867,250,4,0.0,0.0,0.0,0.0
941,388,3,0.0,0.0,0.0,0.0
179,15,4,0.0,0.0,0.0,0.0
398,351,2,1.0,0.0,0.0,0.0
800,39,2,0.0,0.0,0.0,0.0
763,170,3,0.0,0.0,0.0,0.0
439,391,1,0.0,0.0,0.0,0.0
583,152,5,0.0,0.0,0.0,1.0
677,382,3,0.0,0.0,0.0,0.0
305,314,2,0.0,0.0,0.0,0.0
882,451,4,0.0,0.0,0.0,0.0
55,500,4,1.0,0.0,0.0,0.0
772,371,4,0.0,0.0,0.0,0.0
659,204,3,0.0,0.0,0.0,0.0
743,274,3,0.0,0.0,0.0,0.0
842,422,2,0.0,0.0,0.0,0.0
539,96,3,0.0,0.0,0.0,0.0
744,252,3,0.0,0.0,0.0,0.0
215,245,5,0.0,0.0,0.0,0.0
762,190,3,0.0,0.0,0.0,0.0
255,112,2,0.0,0.0,0.0,0.0
547,419,3,1.0,0.0,1.0,0.0
42,409,5,0.0,0.0,0.0,0.0
248,454,4,0.0,0.0,0.0,0.0
273,7,3,0.0,0.0,0.0,0.0
196,388,1,0.0,0.0,0.0,0.0
377,454,1,0.0,0.0,0.0,0.0
354,285,5,0.0,0.0,0.0,0.0
106,467,5,0.0,0.0,0.0,0.0
803,60,3,1.0,1.0,0.0,0.0
769,480,3,0.0,0.0,0.0,0.0
849,181,5,0.0,0.0,0.0,0.0
55,396,2,0.0,0.0,0.0,0.0
548,479,1,0.0,0.0,0.0,0.0
139,369,5,0.0,0.0,0.0,0.0
588,473,3,1.0,0.0,0.0,1.0
500,206,5,0.0,0.0,0.0,0.0
231,173,4,1.0,0.0,1.0,0.0
88,62,3,0.0,0.0,0.0,0.0
508,111,5,0.0,0.0,0.0,0.0
516,334,5,0.0,0.0,0.0,0.0
403,384,5,0.0,0.0,0.0,0.0
844,430,2,0.0,0.0,0.0,0.0
902,59,2,0.0,0.0,0.0,1.0
291,304,5,0.0,0.0,0.0,0.0
806,13,5,0.0,0.0,0.0,0.0
204,128,5,0.0,0.0,0.0,0.0
22,226,3,0.0,0.0,0.0,0.0
5,118,3,0.0,0.0,0.0,0.0
57,340,4,0.0,0.0,0.0,0.0
548,321,3,0.0,0.0,0.0,0.0
52,340,3,0.0,0.0,0.0,0.0
456,469,1,0.0,0.0,0.0,0.0
661,388,4,0.0,0.0,0.0,0.0
784,326,4,0.0,0.0,0.0,0.0
814,490,5,0.0,0.0,0.0,0.0
7,351,2,0.0,0.0,0.0,0.0
698,211,4,0.0,0.0,0.0,0.0
206,445,2,0.0,0.0,0.0,0.0
278,252,4,0.0,0.0,0.0,0.0
804,294,5,0.0,0.0,0.0,0.0
182,307,3,0.0,0.0,0.0,0.0
488,487,1,0.0,0.0,0.0,0.0
81,355,2,0.0,0.0,0.0,0.0
763,37,1,0.0,0.0,0.0,0.0
490,404,2,0.0,0.0,0.0,1.0
968,252,3,0.0,0.0,0.0,0.0
999,120,3,0.0,0.0,0.0,0.0
677,336,4,1.0,0.0,1.0,0.0
486,201,4,0.0,0.0,0.0,0.0
626,92,2,1.0,0.0,0.0,0.0
101,224,5,0.0,0.0,0.0,0.0
355,68,5,0.0,0.0,0.0,0.0
999,255,3,0.0,0.0,0.0,0.0
527,241,2,1.0,1.0,0.0,0.0
388,415,4,0.0,0.0,0.0,0.0
189,355,5,0.0,0.0,0.0,0.0
512,266,2,0.0,0.0,0.0,0.0
137,480,5,0.0,0.0,0.0,0.0
367,203,3,0.0,0.0,0.0,0.0
14,303,4,0.0,0.0,0.0,0.0
923,376,3,0.0,0.0,0.0,0.0
516,124,3,0.0,0.0,0.0,0.0
383,350,2,0.0,0.0,0.0,0.0
561,7,5,0.0,0.0,0.0,0.0
333,221,1,0.0,0.0,0.0,0.0
714,72,2,0.0,0.0,0.0,0.0
224,458,5,0.0,0.0,0.0,0.0
461,233,3,0.0,0.0,0.0,0.0
606,500,4,0.0,0.0,0.0,0.0
834,145,2,0.0,0.0,0.0,0.0
207,211,3,1.0,0.0,0.0,0.0
664,490,2,0.0,0.0,0.0,0.0
405,17,1,0.0,0.0,0.0,0.0
144,261,4,0.0,0.0,0.0,0.0
57,86,1,0.0,0.0,0.0,0.0
53,73,5,0.0,0.0,0.0,0.0
88,17,3,0.0,0.0,0.0,0.0
688,288,5,0.0,0.0,0.0,0.0
163,43,5,0.0,0.0,0.0,0.0
271,304,1,0.0,0.0,0.0,0.0
349,230,2,0.0,0.0,0.0,0.0
398,9,1,0.0,0.0,0.0,0.0
665,322,3,0.0,0.0,0.0,0.0
437,362,2,0.0,0.0,0.0,0.0
451,35,1,0.0,0.0,0.0,0.0
788,67,2,0.0,0.0,0.0,0.0
371,490,3,2.0,1.0,0.0,0.0
115,492,5,0.0,0.0,0.0,0.0
646,20,3,0.0,0.0,0.0,0.0
137,413,3,0.0,0.0,0.0,0.0
517,167,5,0.0,0.0,0.0,0.0
548,195,1,0.0,0.0,0.0,0.0
992,436,4,0.0,0.0,0.0,0.0
52,174,5,0.0,0.0,0.0,0.0
58,392,3,0.0,0.0,0.0,0.0
28,4,5,0.0,0.0,0.0,0.0
781,328,2,0.0,0.0,0.0,1.0
57,375,3,0.0,0.0,0.0,0.0
842,460,1,0.0,0.0,0.0,0.0
487,419,5,0.0,0.0,0.0,0.0
509,19,5,0.0,0.0,0.0,0.0
467,63,1,0.0,0.0,0.0,0.0
354,224,3,0.0,0.0,0.0,0.0
324,126,5,0.0,0.0,0.0,0.0
196,357,2,0.0,0.0,0.0,0.0
333,24,1,0.0,0.0,0.0,0.0
631,38,4,0.0,0.0,0.0,0.0
492,483,3,0.0,0.0,0.0,0.0
285,247,2,0.0,0.0,0.0,0.0
874,24,4,0.0,0.0,0.0,0.0
988,281,3,0.0,0.0,0.0,0.0
4,58,2,0.0,0.0,0.0,0.0
432,280,3,0.0,0.0,0.0,0.0
660,22,1,0.0,0.0,0.0,1.0
53,249,5,0.0,0.0,0.0,0.0
949,320,4,0.0,0.0,0.0,0.0
80,364,5,0.0,0.0,0.0,0.0
718,322,3,0.0,0.0,0.0,0.0
475,204,5,0.0,0.0,0.0,0.0
546,497,2,0.0,0.0,0.0,0.0
814,195,5,1.0,1.0,0.0,0.0
906,475,4,0.0,0.0,0.0,0.0
54,486,4,0.0,0.0,0.0,0.0
633,455,5,0.0,0.0,0.0,0.0
550,28,2,0.0,0.0,0.0,0.0
977,295,3,0.0,0.0,0.0,0.0
948,188,1,0.0,0.0,0.0,0.0
104,218,1,0.0,0.0,0.0,0.0
125,351,2,0.0,0.0,0.0,0.0
453,234,3,0.0,0.0,0.0,0.0
736,135,1,0.0,0.0,0.0,0.0
637,325,3,0.0,0.0,0.0,0.0
740,398,2,0.0,0.0,0.0,0.0
808,50,3,0.0,0.0,0.0,0.0
803,357,2,0.0,0.0,0.0,0.0
93,23,1,0.0,0.0,0.0,0.0
231,337,5,0.0,0.0,0.0,0.0
458,263,3,0.0,0.0,0.0,0.0
4,362,3,0.0,0.0,0.0,0.0
49,198,4,0.0,0.0,0.0,0.0
565,139,4,1.0,0.0,0.0,0.0
725,424,4,0.0,0.0,0.0,0.0
765,393,4,0.0,0.0,0.0,0.0
978,112,4,0.0,0.0,0.0,0.0
657,191,3,0.0,0.0,0.0,0.0
435,246,3,0.0,0.0,0.0,0.0
885,285,4,1.0,1.0,0.0,0.0
635,244,4,0.0,0.0,0.0,0.0
445,191,5,0.0,0.0,0.0,0.0
949,445,2,0.0,0.0,0.0,0.0
437,415,2,0.0,0.0,0.0,0.0
799,337,5,0.0,0.0,0.0,0.0
372,214,3,0.0,0.0,0.0,0.0
948,346,4,0.0,0.0,0.0,0.0
247,20,3,0.0,0.0,0.0,0.0
970,459,2,0.0,0.0,0.0,0.0
769,495,1,0.0,0.0,0.0,0.0
606,489,3,0.0,0.0,0.0,0.0
275,20,1,0.0,0.0,0.0,0.0
797,199,3,1.0,0.0,0.0,0.0
591,374,2,0.0,0.0,0.0,0.0
343,481,3,0.0,0.0,0.0,0.0
726,232,3,0.0,0.0,0.0,0.0
364,328,4,0.0,0.0,0.0,0.0
70,45,4,0.0,0.0,0.0,0.0
856,417,3,0.0,0.0,0.0,0.0
978,275,2,0.0,0.0,0.0,0.0
650,132,2,1.0,1.0,0.0,0.0
38,463,1,0.0,0.0,0.0,0.0
403,378,3,0.0,0.0,0.0,0.0
631,322,1,0.0,0.0,0.0,0.0
454,485,2,0.0,0.0,0.0,0.0
126,261,3,0.0,0.0,0.0,0.0
844,373,1,1.0,1.0,0.0,0.0
484,88,4,0.0,0.0,0.0,0.0
578,124,5,0.0,0.0,0.0,0.0
446,41,3,0.0,0.0,0.0,0.0
958,343,3,0.0,0.0,0.0,0.0
556,4,3,0.0,0.0,0.0,0.0
704,303,2,0.0,0.0,0.0,0.0
523,210,4,0.0,0.0,0.0,0.0
748,402,1,0.0,0.0,0.0,0.0
612,199,4,0.0,0.0,0.0,0.0
17,202,1,0.0,0.0,0.0,0.0
82,31,3,0.0,0.0,0.0,0.0
878,309,3,0.0,0.0,0.0,0.0
866,397,3,0.0,0.0,0.0,0.0
595,122,1,1.0,1.0,0.0,0.0
37,479,2,0.0,0.0,0.0,0.0
66,305,3,0.0,0.0,0.0,0.0
348,196,3,0.0,0.0,0.0,0.0
282,204,4,0.0,0.0,0.0,0.0
640,60,3,0.0,0.0,0.0,0.0
98,396,1,0.0,0.0,0.0,0.0
991,437,2,0.0,0.0,0.0,0.0
639,378,1,0.0,0.0,0.0,0.0
389,329,1,0.0,0.0,0.0,0.0
370,172,5,0.0,0.0,0.0,0.0
315,156,3,0.0,0.0,0.0,0.0
401,358,1,0.0,0.0,0.0,0.0
985,386,5,0.0,0.0,0.0,0.0
797,395,5,0.0,0.0,0.0,0.0
194,172,3,0.0,0.0,0.0,0.0
444,335,3,0.0,0.0,0.0,0.0
289,357,3,1.0,1.0,0.0,0.0
755,25,2,0.0,0.0,0.0,0.0
747,276,5,1.0,1.0,0.0,0.0
899,238,3,0.0,0.0,0.0,0.0
153,389,4,1.0,0.0,1.0,0.0
333,38,5,0.0,0.0,0.0,0.0
568,37,2,0.0,0.0,0.0,0.0
524,250,2,2.0,1.0,1.0,0.0
735,405,5,0.0,0.0,0.0,0.0
567,171,3,0.0,0.0,0.0,0.0
994,127,5,0.0,0.0,0.0,0.0
95,265,1,0.0,0.0,0.0,0.0
650,442,3,0.0,0.0,0.0,0.0
320,312,1,0.0,0.0,0.0,0.0
381,413,1,0.0,0.0,0.0,0.0
735,91,5,0.0,0.0,0.0,0.0
181,295,4,0.0,0.0,0.0,0.0
95,216,1,1.0,1.0,0.0,0.0
723,208,3,0.0,0.0,0.0,0.0
37,44,3,0.0,0.0,0.0,0.0
117,419,2,1.0,1.0,0.0,0.0
350,307,2,0.0,0.0,0.0,0.0
644,157,1,0.0,0.0,0.0,0.0
130,368,1,0.0,0.0,0.0,0.0
60,145,2,0.0,0.0,0.0,0.0
812,78,4,0.0,0.0,0.0,0.0
476,36,2,0.0,0.0,0.0,0.0
773,129,3,0.0,0.0,0.0,0.0
259,125,1,0.0,0.0,0.0,0.0
14,405,2,0.0,0.0,0.0,0.0
523,381,4,0.0,0.0,0.0,0.0
742,151,2,0.0,0.0,0.0,0.0
797,159,4,0.0,0.0,0.0,0.0
515,253,4,0.0,0.0,0.0,0.0
710,87,3,0.0,0.0,0.0,0.0
651,361,1,0.0,0.0,0.0,0.0
600,60,1,0.0,0.0,0.0,0.0
446,464,2,0.0,0.0,0.0,0.0
936,473,2,0.0,0.0,0.0,0.0
536,333,3,0.0,0.0,0.0,0.0
265,37,4,0.0,0.0,0.0,0.0
450,368,4,0.0,0.0,0.0,0.0
110,259,5,0.0,0.0,0.0,0.0
597,492,5,0.0,0.0,0.0,0.0
842,274,1,0.0,0.0,0.0,0.0
805,255,1,0.0,0.0,0.0,1.0
403,256,5,0.0,0.0,0.0,0.0
193,398,5,0.0,0.0,0.0,0.0
43,366,1,0.0,0.0,0.0,0.0
491,409,3,0.0,0.0,0.0,0.0
934,109,4,1.0,0.0,0.0,0.0
600,36,3,0.0,0.0,0.0,0.0
144,15,5,0.0,0.0,0.0,0.0
454,214,1,0.0,0.0,0.0,0.0
862,256,4,0.0,0.0,0.0,0.0
761,493,1,0.0,0.0,0.0,0.0
988,77,1,0.0,0.0,0.0,0.0
59,437,4,0.0,0.0,0.0,0.0
855,375,1,0.0,0.0,0.0,0.0
998,190,2,0.0,0.0,0.0,0.0
63,308,5,0.0,0.0,0.0,0.0
491,46,2,0.0,0.0,0.0,0.0
112,398,3,0.0,0.0,0.0,0.0
386,449,4,0.0,0.0,0.0,0.0
788,185,4,0.0,0.0,0.0,0.0
411,94,1,0.0,0.0,0.0,0.0
820,131,2,0.0,0.0,0.0,0.0
413,243,2,0.0,0.0,0.0,0.0
487,347,4,0.0,0.0,0.0,0.0
464,94,5,1.0,0.0,1.0,0.0
181,17,5,1.0,1.0,0.0,0.0
874,429,1,0.0,0.0,0.0,0.0
988,65,2,0.0,0.0,0.0,0.0
709,44,1,0.0,0.0,0.0,0.0
85,32,4,0.0,0.0,0.0,0.0
407,129,2,0.0,0.0,0.0,0.0
536,350,3,0.0,0.0,0.0,0.0
977,89,2,0.0,0.0,0.0,0.0
288,430,3,0.0,0.0,0.0,0.0
31,16,5,0.0,0.0,0.0,0.0
127,250,4,0.0,0.0,0.0,0.0
804,4,5,1.0,1.0,0.0,0.0
247,188,1,0.0,0.0,0.0,0.0
249,352,3,0.0,0.0,0.0,0.0
27,442,2,0.0,0.0,0.0,0.0
504,405,3,0.0,0.0,0.0,0.0
300,68,1,0.0,0.0,0.0,0.0
519,400,1,0.0,0.0,0.0,0.0
927,193,4,0.0,0.0,0.0,0.0
546,59,3,0.0,0.0,0.0,0.0
49,291,1,0.0,0.0,0.0,0.0
783,243,4,0.0,0.0,0.0,0.0
810,161,2,0.0,0.0,0.0,0.0
767,310,3,0.0,0.0,0.0,0.0
787,224,5,0.0,0.0,0.0,0.0
594,171,5,0.0,0.0,0.0,0.0
408,434,5,0.0,0.0,0.0,0.0
479,5,4,0.0,0.0,0.0,0.0
769,257,1,0.0,0.0,0.0,0.0
427,310,1,0.0,0.0,0.0,0.0
312,170,5,0.0,0.0,0.0,0.0
834,440,2,0.0,0.0,0.0,0.0
792,314,5,0.0,0.0,0.0,0.0
663,486,3,0.0,0.0,0.0,0.0
369,175,1,0.0,0.0,0.0,0.0
147,54,5,0.0,0.0,0.0,0.0
571,470,3,0.0,0.0,0.0,0.0
182,463,4,0.0,0.0,0.0,0.0
224,337,4,0.0,0.0,0.0,0.0
275,132,1,0.0,0.0,0.0,0.0
524,283,5,1.0,1.0,0.0,0.0
649,400,4,0.0,0.0,0.0,0.0
537,99,1,0.0,0.0,0.0,1.0
6,10,3,1.0,1.0,0.0,0.0
150,132,4,0.0,0.0,0.0,0.0
223,90,1,0.0,0.0,0.0,0.0
680,236,4,0.0,0.0,0.0,0.0
718,223,3,0.0,0.0,0.0,0.0
66,372,1,0.0,0.0,0.0,0.0
52,184,3,1.0,0.0,1.0,0.0
122,399,5,0.0,0.0,0.0,0.0
737,1,4,0.0,0.0,0.0,0.0
58,58,1,0.0,0.0,0.0,0.0
891,30,2,0.0,0.0,0.0,0.0
789,28,1,0.0,0.0,0.0,0.0
270,131,5,0.0,0.0,0.0,0.0
511,427,1,0.0,0.0,0.0,0.0
210,139,5,0.0,0.0,0.0,1.0
169,363,5,0.0,0.0,0.0,0.0
83,81,4,1.0,0.0,0.0,0.0
42,467,2,0.0,0.0,0.0,0.0
445,308,1,1.0,1.0,0.0,0.0
854,73,4,0.0,0.0,0.0,0.0
772,304,1,0.0,0.0,0.0,0.0
254,451,1,0.0,0.0,0.0,0.0
584,221,1,0.0,0.0,0.0,1.0
928,70,5,0.0,0.0,0.0,0.0
410,452,3,0.0,0.0,0.0,0.0
604,307,2,0.0,0.0,0.0,0.0
758,226,5,0.0,0.0,0.0,0.0
39,248,4,0.0,0.0,0.0,0.0
602,156,1,1.0,1.0,0.0,0.0
671,426,4,0.0,0.0,0.0,0.0
142,96,1,0.0,0.0,0.0,1.0
99,102,5,0.0,0.0,0.0,0.0
79,429,2,0.0,0.0,0.0,0.0
47,201,3,0.0,0.0,0.0,0.0
716,7,1,0.0,0.0,0.0,0.0
552,112,5,0.0,0.0,0.0,0.0
253,21,1,0.0,0.0,0.0,0.0
925,308,5,0.0,0.0,0.0,0.0
146,266,4,0.0,0.0,0.0,0.0
573,351,3,0.0,0.0,0.0,0.0
661,369,5,0.0,0.0,0.0,0.0
88,365,5,0.0,0.0,0.0,0.0
203,110,2,0.0,0.0,0.0,0.0
811,352,2,0.0,0.0,0.0,0.0
693,4,3,0.0,0.0,0.0,0.0
100,264,5,0.0,0.0,0.0,0.0
292,9,3,1.0,0.0,1.0,0.0
970,434,5,0.0,0.0,0.0,0.0
653,289,2,0.0,0.0,0.0,0.0
257,98,2,0.0,0.0,0.0,0.0
912,54,2,0.0,0.0,0.0,0.0
946,477,4,0.0,0.0,0.0,0.0
340,90,4,0.0,0.0,0.0,0.0
80,3,2,0.0,0.0,0.0,0.0
898,305,3,1.0,0.0,1.0,0.0
543,71,1,0.0,0.0,0.0,0.0
915,241,1,0.0,0.0,0.0,0.0
117,190,4,0.0,0.0,0.0,0.0
380,16,5,0.0,0.0,0.0,0.0
996,272,1,1.0,0.0,1.0,0.0
21,16,5,0.0,0.0,0.0,0.0
436,136,4,0.0,0.0,0.0,0.0
933,181,3,0.0,0.0,0.0,0.0
34,148,5,0.0,0.0,0.0,0.0
479,324,1,0.0,0.0,0.0,0.0
217,45,3,0.0,0.0,0.0,0.0
554,146,5,0.0,0.0,0.0,0.0
880,333,5,0.0,0.0,0.0,0.0
544,319,5,0.0,0.0,0.0,0.0
736,187,3,1.0,1.0,0.0,0.0
277,283,3,0.0,0.0,0.0,0.0
263,241,1,0.0,0.0,0.0,0.0
473,149,2,0.0,0.0,0.0,0.0
890,261,3,0.0,0.0,0.0,0.0
231,124,5,0.0,0.0,0.0,0.0
379,457,4,0.0,0.0,0.0,0.0
923,224,3,0.0,0.0,0.0,0.0
387,275,2,0.0,0.0,0.0,0.0
665,123,1,1.0,0.0,1.0,0.0
159,193,1,1.0,0.0,0.0,0.0
111,122,1,0.0,0.0,0.0,0.0
502,146,1,0.0,0.0,0.0,0.0
389,487,3,0.0,0.0,0.0,0.0
162,275,1,0.0,0.0,0.0,0.0
832,300,1,0.0,0.0,0.0,0.0
787,424,2,0.0,0.0,0.0,0.0
622,311,3,0.0,0.0,0.0,0.0
463,211,3,0.0,0.0,0.0,0.0
72,63,2,0.0,0.0,0.0,0.0
860,477,1,0.0,0.0,0.0,0.0
62,248,4,0.0,0.0,0.0,0.0
302,291,2,0.0,0.0,0.0,0.0
481,115,4,0.0,0.0,0.0,0.0
310,308,1,0.0,0.0,0.0,0.0
951,273,5,0.0,0.0,0.0,0.0
53,155,1,0.0,0.0,0.0,0.0
299,359,1,0.0,0.0,0.0,0.0
368,82,1,1.0,0.0,1.0,0.0
504,220,4,0.0,0.0,0.0,0.0
806,88,2,0.0,0.0,0.0,0.0
453,306,3,0.0,0.0,0.0,0.0
71,151,3,0.0,0.0,0.0,0.0
373,258,2,0.0,0.0,0.0,0.0
176,498,3,0.0,0.0,0.0,0.0
529,490,1,0.0,0.0,0.0,0.0
935,3,1,0.0,0.0,0.0,0.0
45,224,2,0.0,0.0,0.0,1.0
424,438,5,0.0,0.0,0.0,0.0
652,356,5,0.0,0.0,0.0,0.0
317,164,2,0.0,0.0,0.0,0.0
389,451,3,0.0,0.0,0.0,0.0
226,94,3,0.0,0.0,0.0,0.0
328,305,5,0.0,0.0,0.0,0.0
430,181,1,0.0,0.0,0.0,0.0
816,388,1,0.0,0.0,0.0,0.0
427,496,4,0.0,0.0,0.0,0.0
305,74,5,0.0,0.0,0.0,0.0
886,273,5,0.0,0.0,0.0,0.0
692,38,2,0.0,0.0,0.0,0.0
251,94,4,0.0,0.0,0.0,0.0
362,381,3,0.0,0.0,0.0,0.0
753,256,3,1.0,0.0,1.0,0.0
380,129,5,0.0,0.0,0.0,0.0
827,404,5,0.0,0.0,0.0,0.0
871,202,4,0.0,0.0,0.0,0.0
972,44,2,0.0,0.0,0.0,0.0
312,371,1,0.0,0.0,0.0,0.0
246,156,3,0.0,0.0,0.0,0.0
526,268,3,0.0,0.0,0.0,0.0
950,145,3,0.0,0.0,0.0,0.0
42,252,5,0.0,0.0,0.0,0.0
239,210,5,0.0,0.0,0.0,0.0
730,79,1,0.0,0.0,0.0,0.0
306,200,2,0.0,0.0,0.0,0.0
708,119,4,1.0,0.0,0.0,0.0
790,52,3,0.0,0.0,0.0,0.0
546,213,3,0.0,0.0,0.0,0.0
411,278,2,0.0,0.0,0.0,0.0
91,417,1,0.0,0.0,0.0,0.0
110,196,4,0.0,0.0,0.0,0.0
983,438,2,0.0,0.0,0.0,0.0
957,86,2,0.0,0.0,0.0,0.0
332,379,2,0.0,0.0,0.0,0.0
939,113,5,0.0,0.0,0.0,0.0
470,114,5,0.0,0.0,0.0,0.0
753,436,5,0.0,0.0,0.0,0.0
387,217,2,0.0,0.0,0.0,0.0
315,61,5,0.0,0.0,0.0,0.0
921,280,3,0.0,0.0,0.0,0.0
299,107,3,0.0,0.0,0.0,0.0
571,26,5,0.0,0.0,0.0,0.0
505,463,1,0.0,0.0,0.0,0.0
510,391,2,0.0,0.0,0.0,0.0
234,491,3,1.0,0.0,0.0,0.0
839,79,3,0.0,0.0,0.0,0.0
208,328,2,0.0,0.0,0.0,0.0
512,272,1,0.0,0.0,0.0,0.0
753,68,4,0.0,0.0,0.0,0.0
39,9,1,0.0,0.0,0.0,0.0
841,163,5,0.0,0.0,0.0,0.0
589,407,1,0.0,0.0,0.0,0.0
384,315,5,0.0,0.0,0.0,0.0
554,409,2,0.0,0.0,0.0,0.0
248,355,1,0.0,0.0,0.0,0.0
674,186,4,0.0,0.0,0.0,0.0
438,201,5,0.0,0.0,0.0,0.0
786,58,3,0.0,0.0,0.0,0.0
606,99,5,0.0,0.0,0.0,0.0
954,206,1,0.0,0.0,0.0,0.0
466,149,3,0.0,0.0,0.0,0.0
150,71,1,0.0,0.0,0.0,0.0
662,229,4,0.0,0.0,0.0,0.0
281,299,4,0.0,0.0,0.0,0.0
97,227,1,0.0,0.0,0.0,0.0
168,170,1,0.0,0.0,0.0,0.0
441,188,2,0.0,0.0,0.0,0.0
83,448,5,0.0,0.0,0.0,0.0
256,109,4,0.0,0.0,0.0,0.0
997,371,5,0.0,0.0,0.0,0.0
151,383,3,0.0,0.0,0.0,0.0
466,440,2,0.0,0.0,0.0,1.0
436,393,1,0.0,0.0,0.0,0.0
503,112,5,0.0,0.0,0.0,0.0
451,467,5,0.0,0.0,0.0,0.0
184,436,5,1.0,0.0,1.0,0.0
910,26,3,0.0,0.0,0.0,0.0
690,396,5,0.0,0.0,0.0,0.0
367,28,3,0.0,0.0,0.0,0.0
648,310,4,1.0,0.0,0.0,0.0
249,227,5,0.0,0.0,0.0,0.0
612,125,1,0.0,0.0,0.0,0.0
341,194,4,1.0,1.0,0.0,0.0
183,337,5,0.0,0.0,0.0,0.0
545,368,1,0.0,0.0,0.0,0.0
442,289,2,0.0,0.0,0.0,0.0
548,431,4,0.0,0.0,0.0,0.0
704,424,4,0.0,0.0,0.0,0.0
305,424,1,0.0,0.0,0.0,0.0
623,330,2,0.0,0.0,0.0,0.0
967,304,1,0.0,0.0,0.0,0.0
857,244,4,0.0,0.0,0.0,0.0
900,267,3,0.0,0.0,0.0,0.0
366,185,3,0.0,0.0,0.0,0.0
2,140,2,0.0,0.0,0.0,0.0
568,179,2,0.0,0.0,0.0,0.0
827,98,3,1.0,0.0,1.0,0.0
996,99,3,0.0,0.0,0.0,0.0
749,127,4,1.0,0.0,0.0,0.0
595,371,3,0.0,0.0,0.0,0.0
436,223,5,0.0,0.0,0.0,0.0
869,295,3,0.0,0.0,0.0,0.0
328,233,4,0.0,0.0,0.0,0.0
779,246,4,0.0,0.0,0.0,0.0
409,372,4,0.0,0.0,0.0,0.0
600,395,2,0.0,0.0,0.0,0.0
307,415,4,0.0,0.0,0.0,0.0
795,252,5,0.0,0.0,0.0,0.0
860,6,1,0.0,0.0,0.0,0.0
163,40,5,0.0,0.0,0.0,0.0
77,155,4,1.0,1.0,0.0,0.0
140,285,3,0.0,0.0,0.0,0.0
482,352,4,0.0,0.0,0.0,0.0
179,485,3,0.0,0.0,0.0,0.0
376,261,2,0.0,0.0,0.0,0.0
74,245,3,0.0,0.0,0.0,0.0
914,487,4,1.0,1.0,0.0,0.0
604,182,1,0.0,0.0,0.0,0.0
13,300,2,0.0,0.0,0.0,0.0
650,433,4,0.0,0.0,0.0,0.0
475,418,1,0.0,0.0,0.0,0.0
213,488,4,0.0,0.0,0.0,0.0
938,108,4,0.0,0.0,0.0,0.0
28,75,3,0.0,0.0,0.0,0.0
410,129,5,0.0,0.0,0.0,0.0
964,18,4,0.0,0.0,0.0,0.0
541,195,1,0.0,0.0,0.0,0.0
379,204,2,0.0,0.0,0.0,0.0
469,174,5,0.0,0.0,0.0,0.0
306,29,5,0.0,0.0,0.0,0.0
642,496,4,0.0,0.0,0.0,0.0
704,142,3,0.0,0.0,0.0,0.0
881,421,4,0.0,0.0,0.0,1.0
835,271,1,0.0,0.0,0.0,0.0
608,338,4,0.0,0.0,0.0,0.0
146,414,2,1.0,1.0,0.0,0.0
905,83,2,0.0,0.0,0.0,0.0
396,336,3,0.0,0.0,0.0,0.0
212,412,5,0.0,0.0,0.0,0.0
917,128,4,0.0,0.0,0.0,0.0
89,312,1,0.0,0.0,0.0,0.0
492,80,1,0.0,0.0,0.0,0.0
723,387,2,0.0,0.0,0.0,0.0
153,355,5,0.0,0.0,0.0,0.0
355,494,1,0.0,0.0,0.0,0.0
650,441,3,0.0,0.0,0.0,0.0
547,202,3,0.0,0.0,0.0,0.0
836,70,3,0.0,0.0,0.0,0.0
657,71,4,1.0,1.0,0.0,0.0
926,439,1,0.0,0.0,0.0,0.0
16,428,1,0.0,0.0,0.0,0.0
877,376,2,0.0,0.0,0.0,0.0
263,478,3,0.0,0.0,0.0,0.0
974,137,2,0.0,0.0,0.0,0.0
195,424,1,0.0,0.0,0.0,0.0
340,57,1,0.0,0.0,0.0,0.0
188,387,1,0.0,0.0,0.0,0.0
376,304,1,0.0,0.0,0.0,0.0
634,308,4,0.0,0.0,0.0,0.0
68,424,1,0.0,0.0,0.0,0.0
334,121,2,0.0,0.0,0.0,0.0
318,48,4,0.0,0.0,0.0,0.0
379,60,2,0.0,0.0,0.0,0.0
691,248,2,0.0,0.0,0.0,0.0
746,314,1,0.0,0.0,0.0,0.0
450,409,1,0.0,0.0,0.0,0.0
858,443,3,0.0,0.0,0.0,0.0
367,150,1,1.0,0.0,0.0,0.0
974,320,1,0.0,0.0,0.0,0.0
31,51,1,0.0,0.0,0.0,0.0
750,414,2,0.0,0.0,0.0,0.0
891,170,1,0.0,0.0,0.0,0.0
530,13,5,0.0,0.0,0.0,0.0
404,282,4,0.0,0.0,0.0,0.0
812,266,5,0.0,0.0,0.0,0.0
127,211,2,0.0,0.0,0.0,0.0
169,403,4,0.0,0.0,0.0,0.0
278,494,3,0.0,0.0,0.0,0.0
614,156,5,0.0,0.0,0.0,0.0
382,216,5,0.0,0.0,0.0,0.0
534,325,2,1.0,0.0,0.0,0.0
656,44,1,0.0,0.0,0.0,0.0
370,149,1,0.0,0.0,0.0,0.0
846,268,1,0.0,0.0,0.0,0.0
231,146,1,0.0,0.0,0.0,0.0
211,407,2,0.0,0.0,0.0,0.0
120,167,1,1.0,0.0,1.0,0.0
189,227,1,1.0,1.0,0.0,0.0
909,136,5,0.0,0.0,0.0,0.0
207,395,3,0.0,0.0,0.0,0.0
902,241,1,0.0,0.0,0.0,0.0
46,25,4,0.0,0.0,0.0,0.0
852,149,5,0.0,0.0,0.0,0.0
651,311,5,0.0,0.0,0.0,0.0
379,183,2,0.0,0.0,0.0,0.0
170,224,2,0.0,0.0,0.0,0.0
538,314,4,0.0,0.0,0.0,0.0
401,261,5,0.0,0.0,0.0,0.0
114,158,4,0.0,0.0,0.0,0.0
468,414,2,0.0,0.0,0.0,0.0
964,426,1,0.0,0.0,0.0,0.0
703,381,2,0.0,0.0,0.0,0.0
282,32,4,0.0,0.0,0.0,0.0
926,231,5,0.0,0.0,0.0,0.0
148,38,5,0.0,0.0,0.0,0.0
343,488,2,0.0,0.0,0.0,0.0
624,310,3,0.0,0.0,0.0,0.0
136,361,2,0.0,0.0,0.0,0.0
765,140,1,0.0,0.0,0.0,0.0
229,496,2,0.0,0.0,0.0,0.0
924,196,5,0.0,0.0,0.0,0.0
295,287,3,0.0,0.0,0.0,0.0
675,362,3,0.0,0.0,0.0,0.0
143,471,2,0.0,0.0,0.0,0.0
934,402,1,0.0,0.0,0.0,0.0
492,295,4,0.0,0.0,0.0,1.0
485,25,5,0.0,0.0,0.0,0.0
87,159,3,0.0,0.0,0.0,0.0
469,114,4,0.0,0.0,0.0,0.0
775,498,3,0.0,0.0,0.0,0.0
48,277,4,1.0,1.0,0.0,0.0
328,262,3,0.0,0.0,0.0,0.0
83,17,1,0.0,0.0,0.0,0.0
22,324,3,0.0,0.0,0.0,0.0
276,29,3,0.0,0.0,0.0,0.0
258,309,3,0.0,0.0,0.0,0.0
765,412,2,0.0,0.0,0.0,0.0
222,177,4,0.0,0.0,0.0,0.0
514,157,2,1.0,0.0,1.0,0.0
692,282,3,1.0,0.0,0.0,0.0
815,124,4,0.0,0.0,0.0,0.0
853,13,5,0.0,0.0,0.0,0.0
101,83,5,0.0,0.0,0.0,0.0
717,241,5,0.0,0.0,0.0,0.0
719,234,4,0.0,0.0,0.0,0.0
57,443,1,1.0,0.0,0.0,0.0
130,89,2,0.0,0.0,0.0,0.0
389,175,3,0.0,0.0,0.0,0.0
243,462,4,0.0,0.0,0.0,0.0
508,412,2,0.0,0.0,0.0,0.0
356,324,5,1.0,0.0,1.0,0.0
498,257,1,0.0,0.0,0.0,0.0
809,26,5,0.0,0.0,0.0,0.0
814,62,3,0.0,0.0,0.0,1.0
76,80,2,1.0,0.0,0.0,0.0
958,32,2,0.0,0.0,0.0,0.0
77,445,1,0.0,0.0,0.0,0.0
147,35,3,0.0,0.0,0.0,0.0
222,402,5,0.0,0.0,0.0,0.0
172,367,1,0.0,0.0,0.0,0.0
135,434,1,0.0,0.0,0.0,0.0
431,108,5,0.0,0.0,0.0,0.0
418,403,3,0.0,0.0,0.0,0.0
169,248,3,1.0,1.0,0.0,0.0
914,427,1,0.0,0.0,0.0,0.0
364,210,3,0.0,0.0,0.0,0.0
530,320,2,0.0,0.0,0.0,0.0
737,373,3,0.0,0.0,0.0,0.0
14,32,2,0.0,0.0,0.0,0.0
584,63,5,0.0,0.0,0.0,0.0
903,144,3,0.0,0.0,0.0,0.0
992,193,5,0.0,0.0,0.0,0.0
610,384,1,1.0,0.0,0.0,0.0
626,460,1,1.0,0.0,0.0,0.0
127,331,5,0.0,0.0,0.0,0.0
807,340,5,0.0,0.0,0.0,0.0
966,436,2,0.0,0.0,0.0,1.0
878,158,5,0.0,0.0,0.0,0.0
583,287,1,0.0,0.0,0.0,0.0
631,154,3,0.0,0.0,0.0,0.0
137,441,1,0.0,0.0,0.0,0.0
171,419,4,0.0,0.0,0.0,0.0
385,472,4,0.0,0.0,0.0,0.0
240,231,3,0.0,0.0,0.0,0.0
670,349,2,0.0,0.0,0.0,0.0
803,369,5,0.0,0.0,0.0,0.0
497,209,5,0.0,0.0,0.0,0.0
557,266,4,0.0,0.0,0.0,0.0
29,297,1,0.0,0.0,0.0,0.0
862,83,2,2.0,1.0,0.0,0.0
818,224,4,0.0,0.0,0.0,0.0
533,123,5,0.0,0.0,0.0,0.0
411,11,3,0.0,0.0,0.0,0.0
28,384,3,0.0,0.0,0.0,0.0
717,85,3,0.0,0.0,0.0,0.0
46,268,1,0.0,0.0,0.0,0.0
735,416,5,0.0,0.0,0.0,0.0
933,432,3,0.0,0.0,0.0,1.0
746,367,1,0.0,0.0,0.0,0.0
209,230,1,0.0,0.0,0.0,0.0
453,272,1,0.0,0.0,0.0,0.0
935,392,1,0.0,0.0,0.0,0.0
669,432,5,0.0,0.0,0.0,0.0
211,302,3,0.0,0.0,0.0,0.0
854,344,3,0.0,0.0,0.0,0.0
8,114,3,1.0,0.0,1.0,0.0
718,122,3,0.0,0.0,0.0,0.0
962,303,4,0.0,0.0,0.0,0.0
477,427,2,0.0,0.0,0.0,0.0
353,116,2,1.0,1.0,0.0,0.0
625,291,2,0.0,0.0,0.0,0.0
84,306,2,0.0,0.0,0.0,0.0
787,186,4,0.0,0.0,0.0,0.0
965,172,1,0.0,0.0,0.0,0.0
472,377,5,0.0,0.0,0.0,0.0
349,376,5,1.0,1.0,0.0,0.0
591,124,5,1.0,0.0,0.0,0.0
139,304,1,1.0,0.0,0.0,0.0
250,61,4,0.0,0.0,0.0,0.0
502,288,2,0.0,0.0,0.0,0.0
184,497,1,1.0,0.0,1.0,0.0
805,353,1,0.0,0.0,0.0,0.0
59,56,5,0.0,0.0,0.0,0.0
479,60,4,0.0,0.0,0.0,0.0
413,50,2,0.0,0.0,0.0,0.0
348,14,5,0.0,0.0,0.0,0.0
853,139,2,0.0,0.0,0.0,0.0
474,411,1,0.0,0.0,0.0,0.0
908,230,1,0.0,0.0,0.0,0.0
193,344,2,0.0,0.0,0.0,0.0
819,324,5,0.0,0.0,0.0,0.0
974,167,5,0.0,0.0,0.0,0.0
735,421,5,0.0,0.0,0.0,0.0
986,13,4,0.0,0.0,0.0,1.0
813,93,3,0.0,0.0,0.0,0.0
513,404,2,1.0,0.0,0.0,0.0
670,296,4,0.0,0.0,0.0,0.0
383,307,3,1.0,0.0,1.0,0.0
771,113,2,0.0,0.0,0.0,0.0
949,349,3,0.0,0.0,0.0,0.0
875,349,2,0.0,0.0,0.0,0.0
492,33,2,0.0,0.0,0.0,0.0
789,363,5,0.0,0.0,0.0,0.0
806,82,3,0.0,0.0,0.0,0.0
705,100,2,0.0,0.0,0.0,0.0
387,158,5,0.0,0.0,0.0,0.0
744,314,4,0.0,0.0,0.0,0.0
357,218,2,0.0,0.0,0.0,0.0
795,324,2,0.0,0.0,0.0,0.0
707,332,4,0.0,0.0,0.0,0.0
605,242,1,0.0,0.0,0.0,0.0
837,102,4,0.0,0.0,0.0,0.0
805,295,3,0.0,0.0,0.0,0.0
653,365,5,0.0,0.0,0.0,0.0
373,314,1,1.0,0.0,0.0,0.0
627,429,4,0.0,0.0,0.0,0.0
939,279,5,0.0,0.0,0.0,0.0
164,325,3,0.0,0.0,0.0,0.0
579,35,5,0.0,0.0,0.0,0.0
358,37,1,0.0,0.0,0.0,0.0
557,111,2,0.0,0.0,0.0,0.0
412,149,2,0.0,0.0,0.0,0.0
569,141,1,0.0,0.0,0.0,0.0
516,25,4,0.0,0.0,0.0,0.0
856,377,2,0.0,0.0,0.0,0.0
405,139,3,0.0,0.0,0.0,0.0
341,80,4,0.0,0.0,0.0,0.0
103,75,4,0.0,0.0,0.0,0.0
132,73,4,0.0,0.0,0.0,0.0
596,277,5,0.0,0.0,0.0,0.0
337,247,4,0.0,0.0,0.0,0.0
468,249,1,0.0,0.0,0.0,0.0
348,8,2,1.0,0.0,1.0,0.0
607,61,1,0.0,0.0,0.0,0.0
68,276,4,0.0,0.0,0.0,0.0
769,58,1,0.0,0.0,0.0,0.0
842,294,4,0.0,0.0,0.0,0.0
719,319,1,0.0,0.0,0.0,0.0
739,302,3,0.0,0.0,0.0,0.0
335,141,5,0.0,0.0,0.0,0.0
779,467,2,0.0,0.0,0.0,0.0
702,82,2,0.0,0.0,0.0,0.0
645,60,5,0.0,0.0,0.0,0.0
47,407,3,0.0,0.0,0.0,0.0
124,440,5,2.0,1.0,0.0,0.0
540,486,3,0.0,0.0,0.0,0.0
290,34,1,0.0,0.0,0.0,0.0
530,229,2,0.0,0.0,0.0,0.0
749,250,3,0.0,0.0,0.0,0.0
763,114,5,0.0,0.0,0.0,0.0
247,170,1,0.0,0.0,0.0,0.0
246,456,5,0.0,0.0,0.0,0.0
584,465,2,0.0,0.0,0.0,0.0
459,256,2,0.0,0.0,0.0,0.0
529,197,5,0.0,0.0,0.0,0.0
877,8,3,0.0,0.0,0.0,0.0
161,245,5,0.0,0.0,0.0,0.0
557,121,5,1.0,1.0,0.0,0.0
835,315,1,0.0,0.0,0.0,0.0
690,458,4,0.0,0.0,0.0,0.0
134,312,4,0.0,0.0,0.0,0.0
828,65,2,1.0,0.0,0.0,0.0
699,223,5,0.0,0.0,0.0,0.0
4,137,5,0.0,0.0,0.0,0.0
119,405,1,0.0,0.0,0.0,0.0
995,175,3,0.0,0.0,0.0,0.0
771,194,3,0.0,0.0,0.0,0.0
903,494,1,0.0,0.0,0.0,0.0
37,18,5,0.0,0.0,0.0,0.0
312,310,2,0.0,0.0,0.0,0.0
729,108,2,0.0,0.0,0.0,0.0
722,116,5,0.0,0.0,0.0,1.0
495,221,4,1.0,1.0,0.0,0.0
633,88,3,0.0,0.0,0.0,0.0
342,189,2,0.0,0.0,0.0,0.0
657,328,4,0.0,0.0,0.0,0.0
280,428,2,0.0,0.0,0.0,0.0
711,353,4,0.0,0.0,0.0,0.0
321,171,2,0.0,0.0,0.0,0.0
411,462,2,0.0,0.0,0.0,0.0
447,2,2,0.0,0.0,0.0,0.0
629,247,2,0.0,0.0,0.0,0.0
416,439,5,0.0,0.0,0.0,0.0
133,21,1,0.0,0.0,0.0,0.0
459,157,5,0.0,0.0,0.0,0.0
288,230,2,0.0,0.0,0.0,0.0
432,220,4,0.0,0.0,0.0,0.0
599,66,4,0.0,0.0,0.0,0.0
704,468,1,0.0,0.0,0.0,0.0
588,435,3,0.0,0.0,0.0,0.0
670,489,2,0.0,0.0,0.0,0.0
38,61,3,0.0,0.0,0.0,0.0
558,395,2,0.0,0.0,0.0,0.0
968,198,3,0.0,0.0,0.0,0.0
766,434,5,0.0,0.0,0.0,0.0
356,97,1,0.0,0.0,0.0,0.0
124,430,3,1.0,1.0,0.0,0.0
340,347,2,0.0,0.0,0.0,0.0
117,428,1,0.0,0.0,0.0,0.0
220,433,5,0.0,0.0,0.0,0.0
140,318,4,0.0,0.0,0.0,0.0
241,12,3,1.0,0.0,0.0,0.0
248,242,3,0.0,0.0,0.0,0.0
402,217,1,0.0,0.0,0.0,0.0
316,336,3,0.0,0.0,0.0,0.0
441,117,4,0.0,0.0,0.0,0.0
115,286,1,0.0,0.0,0.0,0.0
860,252,5,0.0,0.0,0.0,0.0
306,183,1,0.0,0.0,0.0,0.0
900,457,2,0.0,0.0,0.0,0.0
745,242,3,0.0,0.0,0.0,0.0
451,461,3,0.0,0.0,0.0,0.0
905,37,3,1.0,0.0,1.0,0.0
247,116,1,0.0,0.0,0.0,0.0
160,87,5,0.0,0.0,0.0,0.0
32,96,4,0.0,0.0,0.0,0.0
809,246,5,0.0,0.0,0.0,0.0
163,425,2,0.0,0.0,0.0,0.0
343,236,4,0.0,0.0,0.0,0.0
787,265,2,0.0,0.0,0.0,0.0
232,496,1,1.0,0.0,1.0,0.0
142,429,5,0.0,0.0,0.0,0.0
771,285,3,0.0,0.0,0.0,0.0
775,270,2,1.0,0.0,0.0,0.0
413,155,2,0.0,0.0,0.0,0.0
762,364,4,0.0,0.0,0.0,0.0
62,26,1,0.0,0.0,0.0,0.0
159,259,5,0.0,0.0,0.0,0.0
81,436,5,0.0,0.0,0.0,0.0
772,414,5,0.0,0.0,0.0,0.0
886,18,3,0.0,0.0,0.0,0.0
84,369,2,0.0,0.0,0.0,0.0
213,216,3,1.0,1.0,0.0,0.0
386,467,3,0.0,0.0,0.0,0.0
118,168,1,0.0,0.0,0.0,0.0
940,27,1,0.0,0.0,0.0,0.0
551,315,1,0.0,0.0,0.0,1.0
449,465,5,0.0,0.0,0.0,0.0
7,465,1,0.0,0.0,0.0,0.0
120,138,3,0.0,0.0,0.0,0.0
115,440,4,0.0,0.0,0.0,0.0
17,81,5,0.0,0.0,0.0,0.0
979,319,2,0.0,0.0,0.0,0.0
312,171,5,0.0,0.0,0.0,0.0
991,386,3,0.0,0.0,0.0,0.0
341,402,1,0.0,0.0,0.0,0.0
709,223,5,0.0,0.0,0.0,0.0
867,391,4,0.0,0.0,0.0,0.0
954,246,5,0.0,0.0,0.0,0.0
170,375,5,0.0,0.0,0.0,0.0
223,74,5,0.0,0.0,0.0,0.0
120,69,3,0.0,0.0,0.0,0.0
55,74,5,0.0,0.0,0.0,0.0
191,352,2,1.0,0.0,1.0,0.0
388,216,2,0.0,0.0,0.0,0.0
962,116,3,0.0,0.0,0.0,0.0
635,80,5,0.0,0.0,0.0,0.0
411,23,3,0.0,0.0,0.0,0.0
186,178,1,0.0,0.0,0.0,0.0
856,367,3,0.0,0.0,0.0,0.0
950,346,4,0.0,0.0,0.0,0.0
254,142,3,0.0,0.0,0.0,0.0
535,112,4,0.0,0.0,0.0,0.0
200,133,2,0.0,0.0,0.0,0.0
315,259,5,0.0,0.0,0.0,0.0
352,115,3,0.0,0.0,0.0,0.0
75,37,2,0.0,0.0,0.0,0.0
814,287,5,0.0,0.0,0.0,0.0
506,344,5,0.0,0.0,0.0,0.0
380,233,1,1.0,0.0,0.0,0.0
114,84,4,0.0,0.0,0.0,0.0
713,307,5,0.0,0.0,0.0,0.0
393,295,3,0.0,0.0,0.0,0.0
443,341,2,0.0,0.0,0.0,0.0
312,375,4,0.0,0.0,0.0,0.0
449,58,4,0.0,0.0,0.0,0.0
696,111,1,1.0,1.0,0.0,0.0
111,70,1,0.0,0.0,0.0,0.0
173,455,1,0.0,0.0,0.0,0.0
551,240,5,0.0,0.0,0.0,0.0
863,294,2,0.0,0.0,0.0,0.0
34,271,1,0.0,0.0,0.0,0.0
136,115,2,0.0,0.0,0.0,0.0
154,203,5,0.0,0.0,0.0,0.0
682,270,1,1.0,1.0,0.0,0.0
134,115,1,0.0,0.0,0.0,0.0
610,168,3,0.0,0.0,0.0,0.0
991,481,1,0.0,0.0,0.0,0.0
795,205,1,1.0,1.0,0.0,0.0
649,481,4,0.0,0.0,0.0,0.0
281,405,4,0.0,0.0,0.0,0.0
306,203,1,1.0,1.0,0.0,0.0
363,494,1,0.0,0.0,0.0,0.0
950,8,3,0.0,0.0,0.0,0.0
259,340,4,0.0,0.0,0.0,0.0
373,180,5,0.0,0.0,0.0,0.0
422,267,3,0.0,0.0,0.0,0.0
524,334,3,0.0,0.0,0.0,0.0
592,134,5,0.0,0.0,0.0,0.0
575,16,2,0.0,0.0,0.0,0.0
217,83,4,0.0,0.0,0.0,0.0
34,413,3,0.0,0.0,0.0,0.0
354,116,2,0.0,0.0,0.0,0.0
181,96,4,0.0,0.0,0.0,0.0
944,388,1,0.0,0.0,0.0,1.0
474,357,5,0.0,0.0,0.0,0.0
360,497,5,0.0,0.0,0.0,0.0
682,318,2,0.0,0.0,0.0,0.0
585,138,3,0.0,0.0,0.0,0.0
340,311,2,0.0,0.0,0.0,0.0
738,252,5,0.0,0.0,0.0,0.0
73,32,5,1.0,0.0,0.0,0.0
969,432,3,0.0,0.0,0.0,0.0
250,459,5,0.0,0.0,0.0,0.0
890,107,3,0.0,0.0,0.0,0.0
559,372,5,0.0,0.0,0.0,0.0
363,381,1,0.0,0.0,0.0,0.0
524,441,2,0.0,0.0,0.0,0.0
190,225,3,0.0,0.0,0.0,0.0
220,444,1,0.0,0.0,0.0,0.0
524,277,5,0.0,0.0,0.0,1.0
652,75,1,0.0,0.0,0.0,0.0
699,344,4,0.0,0.0,0.0,0.0
541,82,1,0.0,0.0,0.0,0.0
690,498,1,0.0,0.0,0.0,0.0
950,355,4,0.0,0.0,0.0,0.0
662,22,4,0.0,0.0,0.0,0.0
592,104,1,0.0,0.0,0.0,0.0
893,34,4,0.0,0.0,0.0,0.0
101,234,4,1.0,0.0,0.0,0.0
501,114,1,0.0,0.0,0.0,0.0
732,1,1,0.0,0.0,0.0,0.0
294,439,2,0.0,0.0,0.0,0.0
590,39,3,0.0,0.0,0.0,0.0
951,234,2,0.0,0.0,0.0,0.0
48,402,4,0.0,0.0,0.0,0.0
385,323,2,0.0,0.0,0.0,0.0
261,273,2,0.0,0.0,0.0,0.0
633,474,3,0.0,0.0,0.0,0.0
745,220,5,0.0,0.0,0.0,0.0
986,402,1,0.0,0.0,0.0,0.0
244,451,1,0.0,0.0,0.0,0.0
128,287,2,0.0,0.0,0.0,0.0
570,235,5,0.0,0.0,0.0,0.0
57,372,3,0.0,0.0,0.0,0.0
831,276,5,1.0,1.0,0.0,1.0
279,416,2,0.0,0.0,0.0,0.0
889,458,3,0.0,0.0,0.0,0.0
337,316,2,1.0,0.0,0.0,0.0
89,276,5,0.0,0.0,0.0,0.0
817,213,3,0.0,0.0,0.0,0.0
929,119,4,0.0,0.0,0.0,0.0
984,37,4,0.0,0.0,0.0,0.0
513,100,3,1.0,1.0,0.0,0.0
610,230,2,0.0,0.0,0.0,0.0
39,300,5,0.0,0.0,0.0,0.0
678,308,2,0.0,0.0,0.0,0.0
586,349,4,0.0,0.0,0.0,0.0
865,406,2,0.0,0.0,0.0,0.0
521,324,3,0.0,0.0,0.0,0.0
192,428,5,0.0,0.0,0.0,0.0
397,131,2,0.0,0.0,0.0,0.0
664,396,5,0.0,0.0,0.0,0.0
86,20,5,0.0,0.0,0.0,0.0
394,263,3,0.0,0.0,0.0,0.0
691,473,3,0.0,0.0,0.0,0.0
46,486,5,0.0,0.0,0.0,0.0
407,159,5,0.0,0.0,0.0,1.0
787,430,4,0.0,0.0,0.0,0.0
388,206,3,0.0,0.0,0.0,0.0
130,152,4,0.0,0.0,0.0,0.0
259,313,3,0.0,0.0,0.0,0.0
817,360,3,0.0,0.0,0.0,0.0
217,366,2,0.0,0.0,0.0,0.0
934,341,5,0.0,0.0,0.0,0.0
229,462,5,0.0,0.0,0.0,0.0
725,359,4,0.0,0.0,0.0,0.0
44,222,2,0.0,0.0,0.0,0.0
929,439,2,0.0,0.0,0.0,0.0
186,150,4,0.0,0.0,0.0,0.0
648,158,5,0.0,0.0,0.0,0.0
867,144,5,0.0,0.0,0.0,0.0
883,424,1,0.0,0.0,0.0,0.0
689,318,4,2.0,1.0,0.0,0.0
137,462,2,0.0,0.0,0.0,0.0
545,404,2,0.0,0.0,0.0,0.0
758,405,1,0.0,0.0,0.0,0.0
510,121,5,0.0,0.0,0.0,0.0
475,30,4,0.0,0.0,0.0,0.0
511,497,2,0.0,0.0,0.0,0.0
309,341,5,0.0,0.0,0.0,0.0
495,461,3,0.0,0.0,0.0,0.0
395,402,3,0.0,0.0,0.0,0.0
456,361,2,0.0,0.0,0.0,0.0
866,45,3,0.0,0.0,0.0,0.0
574,13,4,0.0,0.0,0.0,0.0
36,105,5,0.0,0.0,0.0,0.0
657,455,3,0.0,0.0,0.0,0.0
793,9,4,0.0,0.0,0.0,0.0
181,369,4,0.0,0.0,0.0,0.0
764,288,4,1.0,0.0,0.0,0.0
715,333,5,0.0,0.0,0.0,0.0
378,427,5,0.0,0.0,0.0,0.0
14,117,4,0.0,0.0,0.0,0.0
626,475,2,0.0,0.0,0.0,0.0
317,291,5,0.0,0.0,0.0,0.0
881,137,5,1.0,1.0,0.0,0.0
61,162,4,0.0,0.0,0.0,0.0
62,273,4,0.0,0.0,0.0,0.0
904,115,1,0.0,0.0,0.0,0.0
62,333,2,0.0,0.0,0.0,0.0
484,334,2,0.0,0.0,0.0,0.0
144,291,2,0.0,0.0,0.0,0.0
479,156,1,0.0,0.0,0.0,0.0
249,409,2,0.0,0.0,0.0,0.0
382,235,5,0.0,0.0,0.0,0.0
398,58,4,0.0,0.0,0.0,0.0
259,497,5,0.0,0.0,0.0,0.0
882,236,1,1.0,0.0,1.0,0.0
779,245,4,0.0,0.0,0.0,0.0
450,492,5,0.0,0.0,0.0,0.0
549,313,4,0.0,0.0,0.0,0.0
652,425,5,0.0,0.0,0.0,0.0
7,189,2,0.0,0.0,0.0,0.0
622,392,1,1.0,0.0,0.0,0.0
685,192,3,0.0,0.0,0.0,0.0
616,37,4,0.0,0.0,0.0,0.0
741,121,2,0.0,0.0,0.0,0.0
197,155,3,0.0,0.0,0.0,0.0
22,103,4,0.0,0.0,0.0,0.0
832,127,5,0.0,0.0,0.0,0.0
330,476,1,0.0,0.0,0.0,0.0
914,188,1,0.0,0.0,0.0,0.0
941,42,1,1.0,1.0,0.0,0.0
253,388,4,0.0,0.0,0.0,0.0
539,358,5,1.0,0.0,0.0,0.0
680,139,5,0.0,0.0,0.0,0.0
2,204,3,0.0,0.0,0.0,0.0
248,494,3,0.0,0.0,0.0,0.0
887,290,2,0.0,0.0,0.0,0.0
308,9,2,0.0,0.0,0.0,0.0
272,312,2,0.0,0.0,0.0,0.0
176,91,1,0.0,0.0,0.0,0.0
393,86,4,0.0,0.0,0.0,0.0
148,476,1,0.0,0.0,0.0,0.0
970,48,5,0.0,0.0,0.0,0.0
725,290,1,0.0,0.0,0.0,0.0
191,403,4,0.0,0.0,0.0,0.0
595,21,1,0.0,0.0,0.0,0.0
280,360,2,0.0,0.0,0.0,0.0
592,401,3,0.0,0.0,0.0,0.0
408,153,5,0.0,0.0,0.0,0.0
250,408,4,0.0,0.0,0.0,0.0
72,179,4,0.0,0.0,0.0,0.0
639,433,3,0.0,0.0,0.0,0.0
140,251,1,0.0,0.0,0.0,0.0
968,174,4,0.0,0.0,0.0,0.0
687,68,2,0.0,0.0,0.0,0.0
762,73,2,1.0,0.0,0.0,0.0
726,458,2,0.0,0.0,0.0,0.0
366,464,2,0.0,0.0,0.0,0.0
67,403,1,0.0,0.0,0.0,0.0
10,96,3,0.0,0.0,0.0,0.0
236,302,2,0.0,0.0,0.0,0.0
452,265,5,0.0,0.0,0.0,1.0
906,182,5,0.0,0.0,0.0,0.0
38,120,4,0.0,0.0,0.0,0.0
743,475,4,0.0,0.0,0.0,0.0
919,429,4,0.0,0.0,0.0,0.0
322,102,1,0.0,0.0,0.0,0.0
515,92,5,0.0,0.0,0.0,0.0
413,76,3,0.0,0.0,0.0,0.0
830,37,3,0.0,0.0,0.0,0.0
297,437,5,1.0,0.0,0.0,0.0
161,477,4,0.0,0.0,0.0,0.0
460,50,4,0.0,0.0,0.0,0.0
696,321,3,0.0,0.0,0.0,0.0
143,226,2,0.0,0.0,0.0,0.0
805,160,4,0.0,0.0,0.0,0.0
702,342,4,0.0,0.0,0.0,0.0
246,249,2,0.0,0.0,0.0,0.0
616,35,2,0.0,0.0,0.0,0.0
447,84,3,1.0,0.0,0.0,0.0
835,313,2,0.0,0.0,0.0,0.0
916,278,2,0.0,0.0,0.0,0.0
99,250,1,0.0,0.0,0.0,0.0
102,249,2,2.0,1.0,0.0,0.0
928,423,2,0.0,0.0,0.0,0.0
896,151,1,0.0,0.0,0.0,0.0
539,409,3,0.0,0.0,0.0,0.0
980,268,3,0.0,0.0,0.0,0.0
790,424,3,0.0,0.0,0.0,0.0
651,209,2,0.0,0.0,0.0,0.0
556,11,1,0.0,0.0,0.0,0.0
709,123,4,0.0,0.0,0.0,0.0
191,151,4,0.0,0.0,0.0,0.0
742,225,1,0.0,0.0,0.0,0.0
667,123,2,0.0,0.0,0.0,0.0
982,108,5,0.0,0.0,0.0,0.0
496,89,3,0.0,0.0,0.0,0.0
178,253,5,0.0,0.0,0.0,0.0
653,288,2,0.0,0.0,0.0,0.0
647,82,2,2.0,1.0,0.0,0.0
98,408,5,0.0,0.0,0.0,0.0
52,15,5,0.0,0.0,0.0,0.0
613,183,3,0.0,0.0,0.0,0.0
24,125,2,0.0,0.0,0.0,0.0
234,385,4,0.0,0.0,0.0,0.0
327,176,4,0.0,0.0,0.0,0.0
777,42,2,0.0,0.0,0.0,0.0
471,129,4,0.0,0.0,0.0,0.0
882,275,2,0.0,0.0,0.0,0.0
280,299,3,0.0,0.0,0.0,0.0
17,469,4,0.0,0.0,0.0,0.0
178,194,2,0.0,0.0,0.0,0.0
185,227,1,0.0,0.0,0.0,0.0
65,238,5,0.0,0.0,0.0,0.0
891,349,1,1.0,0.0,0.0,0.0
148,471,5,0.0,0.0,0.0,0.0
793,325,4,0.0,0.0,0.0,0.0
689,169,1,0.0,0.0,0.0,0.0
600,350,3,0.0,0.0,0.0,0.0
359,253,4,0.0,0.0,0.0,0.0
925,256,1,0.0,0.0,0.0,0.0
879,460,5,0.0,0.0,0.0,0.0
47,459,1,0.0,0.0,0.0,0.0
149,53,1,0.0,0.0,0.0,0.0
702,54,5,0.0,0.0,0.0,0.0
899,121,1,0.0,0.0,0.0,0.0
850,486,4,0.0,0.0,0.0,0.0
206,106,3,0.0,0.0,0.0,0.0
240,196,4,0.0,0.0,0.0,0.0
931,439,5,0.0,0.0,0.0,0.0
445,146,4,0.0,0.0,0.0,0.0
663,124,5,0.0,0.0,0.0,0.0
679,196,5,0.0,0.0,0.0,0.0
316,321,4,0.0,0.0,0.0,0.0
481,157,5,0.0,0.0,0.0,0.0
912,201,4,1.0,0.0,0.0,0.0
656,317,1,0.0,0.0,0.0,0.0
247,329,1,0.0,0.0,0.0,1.0
100,52,1,0.0,0.0,0.0,0.0
370,204,3,1.0,1.0,0.0,0.0
242,316,3,0.0,0.0,0.0,0.0
293,424,3,0.0,0.0,0.0,0.0
826,57,5,0.0,0.0,0.0,0.0
834,44,4,0.0,0.0,0.0,0.0
997,381,3,0.0,0.0,0.0,0.0
460,307,2,0.0,0.0,0.0,0.0
248,300,4,0.0,0.0,0.0,0.0
838,354,4,0.0,0.0,0.0,0.0
452,393,4,0.0,0.0,0.0,0.0
441,428,2,0.0,0.0,0.0,0.0
850,152,3,0.0,0.0,0.0,0.0
486,13,1,1.0,0.0,0.0,0.0
541,193,5,0.0,0.0,0.0,0.0
478,421,2,0.0,0.0,0.0,0.0
542,22,1,0.0,0.0,0.0,0.0
566,170,5,0.0,0.0,0.0,0.0
120,193,4,0.0,0.0,0.0,0.0
503,489,1,0.0,0.0,0.0,0.0
657,113,1,0.0,0.0,0.0,0.0
477,283,4,0.0,0.0,0.0,1.0
262,232,3,0.0,0.0,0.0,0.0
106,379,4,0.0,0.0,0.0,0.0
989,35,4,0.0,0.0,0.0,0.0
768,157,5,1.0,0.0,1.0,0.0
588,54,5,0.0,0.0,0.0,0.0
277,206,4,0.0,0.0,0.0,0.0
506,187,1,0.0,0.0,0.0,0.0
947,206,5,0.0,0.0,0.0,0.0
552,244,5,0.0,0.0,0.0,0.0
698,377,1,0.0,0.0,0.0,0.0
433,276,5,0.0,0.0,0.0,0.0
382,307,1,0.0,0.0,0.0,0.0
319,175,5,0.0,0.0,0.0,0.0
400,424,1,1.0,1.0,0.0,0.0
653,352,1,0.0,0.0,0.0,0.0
252,377,1,0.0,0.0,0.0,0.0
5,282,2,0.0,0.0,0.0,0.0
670,236,5,0.0,0.0,0.0,0.0
444,189,5,0.0,0.0,0.0,0.0
172,368,3,0.0,0.0,0.0,0.0
658,482,3,0.0,0.0,0.0,0.0
539,330,4,0.0,0.0,0.0,0.0
177,463,1,0.0,0.0,0.0,0.0
503,338,4,0.0,0.0,0.0,0.0
302,423,1,0.0,0.0,0.0,0.0
844,477,3,0.0,0.0,0.0,0.0
401,391,3,0.0,0.0,0.0,0.0
892,489,4,0.0,0.0,0.0,0.0
591,67,4,0.0,0.0,0.0,0.0
135,493,4,0.0,0.0,0.0,0.0
814,313,3,0.0,0.0,0.0,0.0
703,183,5,1.0,1.0,0.0,0.0
453,64,4,0.0,0.0,0.0,0.0
404,202,4,1.0,0.0,0.0,0.0
935,138,4,0.0,0.0,0.0,0.0
588,369,1,0.0,0.0,0.0,0.0
131,126,4,0.0,0.0,0.0,0.0
906,27,5,0.0,0.0,0.0,0.0
960,390,3,0.0,0.0,0.0,0.0
151,87,4,0.0,0.0,0.0,0.0
275,38,3,1.0,1.0,0.0,0.0
779,225,4,0.0,0.0,0.0,0.0
48,269,4,0.0,0.0,0.0,0.0
831,105,2,0.0,0.0,0.0,0.0
516,497,5,0.0,0.0,0.0,0.0
351,31,4,0.0,0.0,0.0,0.0
974,122,2,0.0,0.0,0.0,0.0
463,267,3,0.0,0.0,0.0,0.0
146,35,5,0.0,0.0,0.0,0.0
762,252,3,1.0,0.0,1.0,0.0
666,372,5,0.0,0.0,0.0,0.0
836,75,1,0.0,0.0,0.0,0.0
922,136,5,0.0,0.0,0.0,0.0
564,357,5,0.0,0.0,0.0,0.0
652,371,5,0.0,0.0,0.0,0.0
480,124,1,0.0,0.0,0.0,0.0
644,176,4,0.0,0.0,0.0,0.0
923,317,3,0.0,0.0,0.0,0.0
976,244,4,0.0,0.0,0.0,0.0
147,267,2,1.0,1.0,0.0,0.0
955,232,4,0.0,0.0,0.0,0.0
237,67,2,0.0,0.0,0.0,0.0
141,175,4,0.0,0.0,0.0,0.0
817,285,5,0.0,0.0,0.0,0.0
445,24,1,0.0,0.0,0.0,0.0
741,186,5,0.0,0.0,0.0,0.0
51,226,4,0.0,0.0,0.0,0.0
691,53,2,0.0,0.0,0.0,0.0
834,251,1,0.0,0.0,0.0,0.0
260,222,4,0.0,0.0,0.0,0.0
257,203,4,0.0,0.0,0.0,0.0
996,199,2,0.0,0.0,0.0,0.0
296,73,4,0.0,0.0,0.0,0.0
440,103,4,0.0,0.0,0.0,0.0
502,23,1,0.0,0.0,0.0,0.0
303,270,4,0.0,0.0,0.0,0.0
262,440,1,0.0,0.0,0.0,0.0
949,451,4,0.0,0.0,0.0,1.0
508,491,3,0.0,0.0,0.0,0.0
223,425,3,1.0,0.0,1.0,0.0
8,135,4,0.0,0.0,0.0,0.0
484,292,3,1.0,1.0,0.0,0.0
836,301,4,1.0,0.0,1.0,0.0
613,331,2,0.0,0.0,0.0,0.0
764,61,3,0.0,0.0,0.0,0.0
789,472,2,1.0,0.0,0.0,0.0
75,6,4,0.0,0.0,0.0,0.0
664,80,1,0.0,0.0,0.0,0.0
443,483,1,0.0,0.0,0.0,0.0
622,414,2,1.0,0.0,1.0,0.0
212,350,4,0.0,0.0,0.0,0.0
92,32,5,0.0,0.0,0.0,0.0
374,495,2,0.0,0.0,0.0,0.0
159,168,3,0.0,0.0,0.0,0.0
199,392,4,0.0,0.0,0.0,0.0
270,238,1,0.0,0.0,0.0,0.0
390,54,2,0.0,0.0,0.0,0.0
154,440,3,0.0,0.0,0.0,0.0
769,239,4,0.0,0.0,0.0,0.0
639,395,1,0.0,0.0,0.0,0.0
863,69,3,0.0,0.0,0.0,0.0
601,417,5,0.0,0.0,0.0,0.0
488,151,1,0.0,0.0,0.0,0.0
230,305,1,0.0,0.0,0.0,0.0
732,331,5,1.0,0.0,1.0,0.0
485,369,2,0.0,0.0,0.0,0.0
275,161,5,0.0,0.0,0.0,0.0
234,177,1,0.0,0.0,0.0,0.0
648,286,4,0.0,0.0,0.0,0.0
842,52,4,0.0,0.0,0.0,0.0
501,101,2,0.0,0.0,0.0,0.0
524,459,5,0.0,0.0,0.0,0.0
247,354,4,0.0,0.0,0.0,0.0
71,498,5,0.0,0.0,0.0,0.0
329,468,2,0.0,0.0,0.0,0.0
376,296,3,0.0,0.0,0.0,0.0
559,491,4,0.0,0.0,0.0,0.0
988,198,1,0.0,0.0,0.0,0.0
591,178,2,0.0,0.0,0.0,0.0
96,197,2,0.0,0.0,0.0,0.0
902,135,2,0.0,0.0,0.0,0.0
198,249,5,0.0,0.0,0.0,0.0
658,88,2,0.0,0.0,0.0,0.0
965,97,5,0.0,0.0,0.0,0.0
9,231,4,0.0,0.0,0.0,0.0
243,104,2,0.0,0.0,0.0,0.0
754,307,2,0.0,0.0,0.0,0.0
394,413,5,0.0,0.0,0.0,0.0
1000,123,1,0.0,0.0,0.0,0.0
599,287,4,1.0,0.0,0.0,0.0
326,260,1,0.0,0.0,0.0,0.0
591,232,4,0.0,0.0,0.0,0.0
697,59,4,0.0,0.0,0.0,0.0
805,328,4,0.0,0.0,0.0,0.0
9,300,3,0.0,0.0,0.0,0.0
465,102,2,0.0,0.0,0.0,0.0
172,246,2,1.0,1.0,0.0,0.0
826,161,1,0.0,0.0,0.0,0.0
910,377,3,0.0,0.0,0.0,0.0
756,429,4,0.0,0.0,0.0,0.0
545,449,4,0.0,0.0,0.0,0.0
138,42,5,0.0,0.0,0.0,0.0
516,259,5,0.0,0.0,0.0,0.0
123,329,3,0.0,0.0,0.0,0.0
387,423,1,0.0,0.0,0.0,0.0
762,82,3,0.0,0.0,0.0,0.0
798,183,1,0.0,0.0,0.0,0.0
965,88,1,0.0,0.0,0.0,0.0
41,243,1,0.0,0.0,0.0,0.0
98,468,1,0.0,0.0,0.0,0.0
796,240,3,0.0,0.0,0.0,0.0
510,284,4,0.0,0.0,0.0,0.0
878,355,5,0.0,0.0,0.0,0.0
946,196,5,0.0,0.0,0.0,0.0
620,144,3,0.0,0.0,0.0,0.0
541,88,4,0.0,0.0,0.0,0.0
431,279,1,0.0,0.0,0.0,0.0
518,53,5,0.0,0.0,0.0,0.0
770,131,5,0.0,0.0,0.0,0.0
830,10,1,0.0,0.0,0.0,0.0
262,113,3,0.0,0.0,0.0,0.0
897,122,1,0.0,0.0,0.0,0.0
958,421,1,0.0,0.0,0.0,0.0
360,280,4,0.0,0.0,0.0,0.0
132,82,3,0.0,0.0,0.0,0.0
103,448,5,0.0,0.0,0.0,1.0
32,466,1,0.0,0.0,0.0,0.0
196,18,5,0.0,0.0,0.0,0.0
887,481,5,0.0,0.0,0.0,0.0
679,23,3,0.0,0.0,0.0,0.0
2,303,1,0.0,0.0,0.0,0.0
624,276,4,0.0,0.0,0.0,0.0
685,197,5,0.0,0.0,0.0,0.0
951,447,5,0.0,0.0,0.0,0.0
131,355,3,0.0,0.0,0.0,0.0
793,296,2,0.0,0.0,0.0,0.0
297,85,2,0.0,0.0,0.0,0.0
202,181,1,0.0,0.0,0.0,0.0
626,124,1,0.0,0.0,0.0,0.0
30,185,3,0.0,0.0,0.0,0.0
114,387,4,0.0,0.0,0.0,0.0
83,245,3,0.0,0.0,0.0,0.0
731,131,1,0.0,0.0,0.0,0.0
839,290,1,0.0,0.0,0.0,0.0
296,133,5,0.0,0.0,0.0,0.0
85,185,4,0.0,0.0,0.0,0.0
18,61,5,0.0,0.0,0.0,0.0
954,371,2,0.0,0.0,0.0,0.0
481,73,4,0.0,0.0,0.0,0.0
565,28,5,0.0,0.0,0.0,0.0
294,230,5,1.0,0.0,0.0,0.0
396,348,4,0.0,0.0,0.0,0.0
73,405,3,0.0,0.0,0.0,0.0
617,459,2,0.0,0.0,0.0,0.0
345,483,2,0.0,0.0,0.0,0.0
150,100,2,0.0,0.0,0.0,0.0
867,213,5,0.0,0.0,0.0,0.0
564,176,3,0.0,0.0,0.0,0.0
726,72,5,0.0,0.0,0.0,0.0
19,247,2,0.0,0.0,0.0,0.0
921,138,5,1.0,0.0,1.0,0.0
932,260,1,0.0,0.0,0.0,0.0
7,491,4,0.0,0.0,0.0,0.0
737,220,3,0.0,0.0,0.0,0.0
973,458,2,0.0,0.0,0.0,0.0
376,236,1,0.0,0.0,0.0,0.0
180,110,1,0.0,0.0,0.0,0.0
322,227,3,0.0,0.0,0.0,0.0
768,379,1,0.0,0.0,0.0,0.0
137,435,3,0.0,0.0,0.0,0.0
356,393,1,0.0,0.0,0.0,0.0
254,23,1,0.0,0.0,0.0,0.0
90,481,3,1.0,0.0,0.0,0.0
889,86,2,0.0,0.0,0.0,0.0
903,208,5,0.0,0.0,0.0,0.0
740,428,4,0.0,0.0,0.0,0.0
280,366,5,0.0,0.0,0.0,0.0
66,243,5,0.0,0.0,0.0,0.0
314,241,1,1.0,0.0,0.0,0.0
883,107,5,0.0,0.0,0.0,0.0
459,165,2,0.0,0.0,0.0,0.0
86,37,5,0.0,0.0,0.0,0.0
500,493,4,0.0,0.0,0.0,0.0
184,76,2,1.0,0.0,1.0,0.0
937,79,1,0.0,0.0,0.0,0.0
85,211,5,1.0,1.0,0.0,0.0
281,397,1,0.0,0.0,0.0,0.0
697,48,2,0.0,0.0,0.0,0.0
520,437,1,0.0,0.0,0.0,0.0
833,30,2,0.0,0.0,0.0,0.0
792,201,1,0.0,0.0,0.0,0.0
617,423,4,0.0,0.0,0.0,0.0
998,248,4,0.0,0.0,0.0,0.0
99,212,1,1.0,1.0,0.0,0.0
583,97,3,0.0,0.0,0.0,0.0
387,71,2,0.0,0.0,0.0,0.0
156,357,5,0.0,0.0,0.0,0.0
855,246,1,0.0,0.0,0.0,0.0
957,164,3,0.0,0.0,0.0,0.0
648,294,1,1.0,1.0,0.0,0.0
870,327,4,0.0,0.0,0.0,0.0
724,212,4,0.0,0.0,0.0,0.0
74,242,4,1.0,1.0,0.0,0.0
890,364,1,0.0,0.0,0.0,0.0
841,474,3,0.0,0.0,0.0,0.0
989,475,4,1.0,0.0,0.0,0.0
588,340,5,0.0,0.0,0.0,0.0
491,392,3,0.0,0.0,0.0,0.0
683,313,5,0.0,0.0,0.0,0.0
685,132,4,0.0,0.0,0.0,0.0
10,346,5,0.0,0.0,0.0,0.0
48,131,3,0.0,0.0,0.0,0.0
907,66,4,0.0,0.0,0.0,0.0
635,142,2,0.0,0.0,0.0,0.0
783,317,5,0.0,0.0,0.0,0.0
236,397,3,0.0,0.0,0.0,0.0
664,265,2,0.0,0.0,0.0,0.0
793,29,1,0.0,0.0,0.0,0.0
312,460,1,0.0,0.0,0.0,1.0
751,247,1,0.0,0.0,0.0,0.0
781,138,3,0.0,0.0,0.0,0.0
449,287,4,0.0,0.0,0.0,0.0
303,163,3,1.0,0.0,0.0,1.0
380,499,5,0.0,0.0,0.0,0.0
472,263,3,0.0,0.0,0.0,0.0
629,467,5,0.0,0.0,0.0,0.0
146,309,3,1.0,1.0,0.0,0.0
93,483,1,0.0,0.0,0.0,0.0
883,486,5,0.0,0.0,0.0,0.0
302,350,5,0.0,0.0,0.0,0.0
603,276,1,0.0,0.0,0.0,0.0
248,478,2,0.0,0.0,0.0,0.0
893,155,4,0.0,0.0,0.0,0.0
142,12,3,0.0,0.0,0.0,0.0
897,403,3,0.0,0.0,0.0,0.0
710,183,3,0.0,0.0,0.0,0.0
431,156,3,0.0,0.0,0.0,0.0
923,198,4,0.0,0.0,0.0,0.0
288,469,3,0.0,0.0,0.0,0.0
617,270,2,0.0,0.0,0.0,0.0
876,351,5,0.0,0.0,0.0,0.0
29,310,5,0.0,0.0,0.0,0.0
735,445,4,0.0,0.0,0.0,0.0
951,157,3,0.0,0.0,0.0,0.0
313,131,1,0.0,0.0,0.0,0.0
776,258,2,0.0,0.0,0.0,0.0
388,203,2,0.0,0.0,0.0,0.0
860,420,4,0.0,0.0,0.0,0.0
805,102,3,0.0,0.0,0.0,0.0
697,419,5,0.0,0.0,0.0,0.0
576,25,5,0.0,0.0,0.0,0.0
920,135,5,0.0,0.0,0.0,0.0
72,116,1,0.0,0.0,0.0,0.0
831,454,2,0.0,0.0,0.0,0.0
968,27,4,0.0,0.0,0.0,0.0
958,30,1,1.0,1.0,0.0,0.0
197,357,4,0.0,0.0,0.0,0.0
271,128,5,0.0,0.0,0.0,0.0
1000,175,5,0.0,0.0,0.0,0.0
229,79,4,0.0,0.0,0.0,0.0
769,345,5,0.0,0.0,0.0,0.0
445,365,2,0.0,0.0,0.0,0.0
288,303,4,0.0,0.0,0.0,0.0
728,103,5,0.0,0.0,0.0,0.0
855,271,3,0.0,0.0,0.0,0.0
986,6,1,0.0,0.0,0.0,0.0
836,320,4,0.0,0.0,0.0,0.0
692,329,2,0.0,0.0,0.0,0.0
911,309,1,0.0,0.0,0.0,0.0
370,196,3,0.0,0.0,0.0,0.0
284,493,3,0.0,0.0,0.0,0.0
563,258,2,0.0,0.0,0.0,0.0
769,362,5,0.0,0.0,0.0,0.0
394,167,3,0.0,0.0,0.0,0.0
677,476,4,0.0,0.0,0.0,0.0
37,85,4,0.0,0.0,0.0,0.0
946,222,1,0.0,0.0,0.0,0.0
447,26,3,0.0,0.0,0.0,0.0
932,447,5,1.0,0.0,0.0,0.0
344,57,2,0.0,0.0,0.0,0.0
224,475,4,0.0,0.0,0.0,0.0
930,3,2,0.0,0.0,0.0,0.0
764,171,3,0.0,0.0,0.0,0.0
46,10,4,1.0,0.0,0.0,0.0
412,75,2,0.0,0.0,0.0,0.0
510,181,2,0.0,0.0,0.0,0.0
350,371,1,0.0,0.0,0.0,0.0
450,461,4,0.0,0.0,0.0,0.0
617,373,5,0.0,0.0,0.0,0.0
53,165,1,0.0,0.0,0.0,0.0
491,96,4,0.0,0.0,0.0,1.0
118,231,1,0.0,0.0,0.0,0.0
228,26,5,2.0,0.0,1.0,0.0
636,460,1,0.0,0.0,0.0,0.0
717,297,3,0.0,0.0,0.0,0.0
671,360,5,0.0,0.0,0.0,0.0
143,380,5,0.0,0.0,0.0,0.0
715,283,2,0.0,0.0,0.0,0.0
489,258,5,0.0,0.0,0.0,0.0
566,435,1,0.0,0.0,0.0,0.0
852,73,3,0.0,0.0,0.0,0.0
127,155,5,0.0,0.0,0.0,0.0
448,277,5,0.0,0.0,0.0,0.0
467,105,4,0.0,0.0,0.0,0.0
177,271,4,0.0,0.0,0.0,0.0
353,244,5,0.0,0.0,0.0,0.0
992,242,1,1.0,0.0,1.0,0.0
948,148,3,0.0,0.0,0.0,0.0
966,437,5,0.0,0.0,0.0,0.0
897,477,2,0.0,0.0,0.0,0.0
658,105,1,0.0,0.0,0.0,0.0
812,208,1,0.0,0.0,0.0,0.0
412,240,2,0.0,0.0,0.0,0.0
779,200,3,0.0,0.0,0.0,0.0
969,104,2,0.0,0.0,0.0,0.0
555,276,2,0.0,0.0,0.0,0.0
254,147,1,0.0,0.0,0.0,0.0
981,105,1,0.0,0.0,0.0,0.0
948,123,5,0.0,0.0,0.0,0.0
36,273,3,0.0,0.0,0.0,0.0
355,352,4,2.0,0.0,1.0,0.0
622,227,1,0.0,0.0,0.0,0.0
50,441,3,0.0,0.0,0.0,0.0
926,264,1,0.0,0.0,0.0,0.0
12,284,5,0.0,0.0,0.0,0.0
41,87,2,0.0,0.0,0.0,0.0
937,198,5,1.0,0.0,0.0,0.0
312,408,1,0.0,0.0,0.0,0.0
927,143,2,0.0,0.0,0.0,0.0
868,9,4,0.0,0.0,0.0,0.0
818,348,4,0.0,0.0,0.0,0.0
151,295,3,0.0,0.0,0.0,0.0
445,218,3,0.0,0.0,0.0,0.0
76,431,5,0.0,0.0,0.0,0.0
600,132,1,0.0,0.0,0.0,0.0
489,315,4,0.0,0.0,0.0,0.0
968,268,1,0.0,0.0,0.0,0.0
419,355,1,0.0,0.0,0.0,0.0
164,79,2,0.0,0.0,0.0,0.0
421,71,2,0.0,0.0,0.0,0.0
228,127,3,0.0,0.0,0.0,0.0
205,106,5,0.0,0.0,0.0,0.0
838,48,2,0.0,0.0,0.0,0.0
492,412,2,0.0,0.0,0.0,0.0
326,154,5,0.0,0.0,0.0,0.0
991,215,3,0.0,0.0,0.0,0.0
272,226,4,1.0,0.0,1.0,0.0
155,48,3,0.0,0.0,0.0,0.0
461,467,4,0.0,0.0,0.0,0.0
756,381,4,0.0,0.0,0.0,0.0
317,472,1,0.0,0.0,0.0,0.0
841,417,5,0.0,0.0,0.0,0.0
461,435,5,0.0,0.0,0.0,0.0
348,308,4,1.0,0.0,0.0,0.0
92,494,5,1.0,0.0,0.0,0.0
967,88,3,0.0,0.0,0.0,0.0
815,118,2,0.0,0.0,0.0,0.0
397,481,1,0.0,0.0,0.0,0.0
147,70,4,0.0,0.0,0.0,0.0
397,1,1,0.0,0.0,0.0,0.0
570,463,4,0.0,0.0,0.0,0.0
769,415,2,0.0,0.0,0.0,0.0
967,116,3,1.0,1.0,0.0,0.0
511,315,2,0.0,0.0,0.0,0.0
512,200,2,1.0,1.0,0.0,0.0
863,148,5,0.0,0.0,0.0,0.0
361,490,2,0.0,0.0,0.0,0.0
160,229,1,1.0,1.0,0.0,0.0
606,253,2,0.0,0.0,0.0,0.0
301,143,5,1.0,1.0,0.0,0.0
946,6,2,0.0,0.0,0.0,0.0
632,75,3,1.0,1.0,0.0,0.0
902,465,2,0.0,0.0,0.0,0.0
892,197,2,0.0,0.0,0.0,0.0
244,327,4,0.0,0.0,0.0,0.0
427,389,5,0.0,0.0,0.0,0.0
722,444,2,0.0,0.0,0.0,0.0
640,63,1,0.0,0.0,0.0,0.0
8,297,2,0.0,0.0,0.0,0.0
662,43,2,0.0,0.0,0.0,0.0
646,391,3,0.0,0.0,0.0,0.0
930,145,2,0.0,0.0,0.0,0.0
45,353,3,0.0,0.0,0.0,0.0
473,243,2,1.0,1.0,0.0,0.0
219,482,5,0.0,0.0,0.0,0.0
37,230,1,0.0,0.0,0.0,0.0
340,500,4,0.0,0.0,0.0,0.0
223,227,5,1.0,0.0,0.0,0.0
559,162,5,0.0,0.0,0.0,0.0
253,65,5,0.0,0.0,0.0,0.0
188,334,5,0.0,0.0,0.0,0.0
656,294,5,0.0,0.0,0.0,0.0
19,446,3,0.0,0.0,0.0,0.0
389,126,5,0.0,0.0,0.0,0.0
83,197,1,0.0,0.0,0.0,1.0
60,250,3,0.0,0.0,0.0,0.0
733,281,3,0.0,0.0,0.0,0.0
495,446,2,0.0,0.0,0.0,0.0
802,189,2,0.0,0.0,0.0,0.0
574,101,3,1.0,0.0,0.0,0.0
473,443,5,0.0,0.0,0.0,0.0
882,338,4,0.0,0.0,0.0,0.0
770,148,4,0.0,0.0,0.0,0.0
592,101,4,0.0,0.0,0.0,0.0
551,159,5,0.0,0.0,0.0,0.0
918,54,1,0.0,0.0,0.0,0.0
490,176,5,0.0,0.0,0.0,0.0
919,366,1,0.0,0.0,0.0,0.0
258,235,4,0.0,0.0,0.0,0.0
360,83,1,1.0,0.0,1.0,0.0
771,46,5,0.0,0.0,0.0,0.0
897,236,1,0.0,0.0,0.0,0.0
871,239,4,0.0,0.0,0.0,0.0
771,127,1,0.0,0.0,0.0,0.0
209,40,4,0.0,0.0,0.0,0.0
111,290,1,0.0,0.0,0.0,0.0
389,317,4,0.0,0.0,0.0,0.0
818,255,5,0.0,0.0,0.0,0.0
89,187,3,0.0,0.0,0.0,0.0
128,214,2,0.0,0.0,0.0,0.0
326,198,1,0.0,0.0,0.0,0.0
361,46,5,0.0,0.0,0.0,0.0
501,24,5,0.0,0.0,0.0,0.0
70,407,5,0.0,0.0,0.0,0.0
839,95,2,0.0,0.0,0.0,0.0
835,455,2,0.0,0.0,0.0,0.0
888,427,2,1.0,0.0,0.0,0.0
381,367,1,1.0,1.0,0.0,0.0
315,248,2,0.0,0.0,0.0,0.0
190,347,1,0.0,0.0,0.0,0.0
42,172,3,1.0,0.0,0.0,0.0
763,322,5,0.0,0.0,0.0,0.0
511,465,2,0.0,0.0,0.0,0.0
778,298,3,0.0,0.0,0.0,0.0
616,81,5,0.0,0.0,0.0,0.0
647,438,5,0.0,0.0,0.0,0.0
804,332,1,0.0,0.0,0.0,0.0
421,394,1,0.0,0.0,0.0,0.0
273,390,3,0.0,0.0,0.0,0.0
532,188,1,0.0,0.0,0.0,0.0
656,248,4,0.0,0.0,0.0,0.0
663,245,2,0.0,0.0,0.0,0.0
364,285,1,0.0,0.0,0.0,0.0
6,343,2,0.0,0.0,0.0,0.0
470,378,3,0.0,0.0,0.0,0.0
52,33,2,0.0,0.0,0.0,0.0
816,342,4,1.0,0.0,1.0,0.0
728,25,1,0.0,0.0,0.0,0.0
528,395,3,0.0,0.0,0.0,0.0
486,35,2,0.0,0.0,0.0,0.0
326,78,3,0.0,0.0,0.0,0.0
967,397,2,0.0,0.0,0.0,0.0
848,235,3,0.0,0.0,0.0,0.0
615,79,4,0.0,0.0,0.0,0.0
923,346,3,0.0,0.0,0.0,0.0
405,224,3,1.0,0.0,1.0,0.0
704,327,5,0.0,0.0,0.0,0.0
82,334,5,0.0,0.0,0.0,0.0
809,239,1,0.0,0.0,0.0,0.0
785,427,3,0.0,0.0,0.0,0.0
19,53,5,0.0,0.0,0.0,0.0
317,78,5,0.0,0.0,0.0,0.0
135,453,2,1.0,1.0,0.0,0.0
772,229,2,1.0,0.0,0.0,0.0
42,142,4,1.0,1.0,0.0,0.0
110,224,4,0.0,0.0,0.0,0.0
206,435,2,0.0,0.0,0.0,0.0
304,356,1,0.0,0.0,0.0,0.0
791,496,2,0.0,0.0,0.0,0.0
813,226,3,0.0,0.0,0.0,0.0
297,196,1,0.0,0.0,0.0,0.0
336,329,5,0.0,0.0,0.0,0.0
675,17,5,0.0,0.0,0.0,0.0
819,62,4,0.0,0.0,0.0,0.0
309,103,1,0.0,0.0,0.0,0.0
268,310,5,1.0,0.0,0.0,0.0
500,207,3,0.0,0.0,0.0,0.0
359,163,4,0.0,0.0,0.0,0.0
575,444,2,0.0,0.0,0.0,0.0
976,308,4,0.0,0.0,0.0,0.0
501,331,3,0.0,0.0,0.0,0.0
675,335,3,1.0,0.0,0.0,0.0
964,6,5,0.0,0.0,0.0,0.0
707,152,2,0.0,0.0,0.0,0.0
106,222,3,0.0,0.0,0.0,0.0
678,55,1,0.0,0.0,0.0,0.0
834,370,4,0.0,0.0,0.0,0.0
227,485,4,0.0,0.0,0.0,0.0
204,69,2,0.0,0.0,0.0,0.0
881,290,5,0.0,0.0,0.0,0.0
895,453,2,0.0,0.0,0.0,0.0
164,72,1,0.0,0.0,0.0,0.0
409,262,5,0.0,0.0,0.0,0.0
774,231,2,0.0,0.0,0.0,0.0
310,123,3,0.0,0.0,0.0,0.0
666,199,5,0.0,0.0,0.0,0.0
301,120,3,0.0,0.0,0.0,0.0
421,17,5,0.0,0.0,0.0,0.0
95,201,5,0.0,0.0,0.0,0.0
868,467,5,0.0,0.0,0.0,0.0
256,80,2,0.0,0.0,0.0,0.0
225,123,4,0.0,0.0,0.0,0.0
871,19,5,0.0,0.0,0.0,0.0
593,197,4,0.0,0.0,0.0,0.0
748,249,5,0.0,0.0,0.0,0.0
72,246,2,0.0,0.0,0.0,0.0
777,343,1,0.0,0.0,0.0,0.0
39,29,3,0.0,0.0,0.0,0.0
483,450,3,1.0,0.0,1.0,0.0
49,65,5,0.0,0.0,0.0,0.0
73,293,4,1.0,0.0,1.0,0.0
124,42,3,0.0,0.0,0.0,0.0
971,328,2,0.0,0.0,0.0,0.0
815,338,1,0.0,0.0,0.0,0.0
429,222,3,0.0,0.0,0.0,0.0
361,413,4,0.0,0.0,0.0,0.0
481,150,3,0.0,0.0,0.0,0.0
713,129,3,0.0,0.0,0.0,0.0
41,3,3,0.0,0.0,0.0,0.0
585,140,2,0.0,0.0,0.0,0.0
220,343,5,0.0,0.0,0.0,0.0
872,325,1,0.0,0.0,0.0,0.0
271,370,3,1.0,1.0,0.0,0.0
790,435,4,0.0,0.0,0.0,0.0
656,81,3,0.0,0.0,0.0,0.0
259,213,5,0.0,0.0,0.0,0.0
126,55,4,2.0,1.0,1.0,0.0
602,7,2,1.0,0.0,0.0,0.0
659,222,2,0.0,0.0,0.0,0.0
247,100,4,0.0,0.0,0.0,0.0
765,96,2,0.0,0.0,0.0,0.0
635,86,3,0.0,0.0,0.0,0.0
102,233,1,0.0,0.0,0.0,0.0
367,182,4,0.0,0.0,0.0,0.0
291,71,3,0.0,0.0,0.0,0.0
733,250,5,0.0,0.0,0.0,0.0
326,272,4,0.0,0.0,0.0,0.0
990,391,5,0.0,0.0,0.0,0.0
958,461,3,0.0,0.0,0.0,0.0
613,442,2,1.0,1.0,0.0,0.0
802,229,3,0.0,0.0,0.0,0.0
783,355,2,0.0,0.0,0.0,0.0
67,352,1,0.0,0.0,0.0,0.0
593,136,5,0.0,0.0,0.0,0.0
599,285,4,0.0,0.0,0.0,0.0
933,147,4,0.0,0.0,0.0,0.0
560,36,2,0.0,0.0,0.0,0.0
905,371,5,0.0,0.0,0.0,0.0
712,428,1,0.0,0.0,0.0,0.0
116,146,1,0.0,0.0,0.0,0.0
6,439,1,0.0,0.0,0.0,0.0
740,395,2,0.0,0.0,0.0,0.0
844,56,1,0.0,0.0,0.0,0.0
572,363,2,1.0,1.0,0.0,1.0
62,446,5,0.0,0.0,0.0,0.0
33,443,5,1.0,0.0,0.0,0.0
714,408,4,0.0,0.0,0.0,0.0
556,37,5,0.0,0.0,0.0,0.0
394,294,5,0.0,0.0,0.0,0.0
140,344,4,1.0,0.0,0.0,0.0
586,408,2,1.0,0.0,0.0,0.0
411,375,5,0.0,0.0,0.0,0.0
138,229,5,0.0,0.0,0.0,0.0
385,253,5,0.0,0.0,0.0,0.0
59,369,5,0.0,0.0,0.0,0.0
598,444,1,0.0,0.0,0.0,0.0
489,18,3,0.0,0.0,0.0,0.0
300,30,2,0.0,0.0,0.0,0.0
947,172,3,0.0,0.0,0.0,0.0
280,280,4,1.0,1.0,0.0,0.0
226,358,1,0.0,0.0,0.0,0.0
146,459,5,0.0,0.0,0.0,0.0
645,466,2,0.0,0.0,0.0,0.0
13,11,4,0.0,0.0,0.0,0.0
573,258,2,0.0,0.0,0.0,0.0
71,432,3,0.0,0.0,0.0,0.0
3,70,2,0.0,0.0,0.0,0.0
32,256,3,0.0,0.0,0.0,0.0
929,34,3,0.0,0.0,0.0,0.0
754,8,5,0.0,0.0,0.0,0.0
565,64,2,0.0,0.0,0.0,0.0
109,254,1,0.0,0.0,0.0,0.0
676,130,2,0.0,0.0,0.0,0.0
479,322,2,0.0,0.0,0.0,0.0
426,349,4,0.0,0.0,0.0,0.0
247,381,2,1.0,0.0,0.0,1.0
425,455,4,0.0,0.0,0.0,0.0
734,455,5,0.0,0.0,0.0,0.0
572,49,1,0.0,0.0,0.0,0.0
364,138,4,0.0,0.0,0.0,0.0
880,429,2,0.0,0.0,0.0,0.0
179,140,4,0.0,0.0,0.0,0.0
870,315,2,1.0,1.0,0.0,0.0
688,119,1,0.0,0.0,0.0,0.0
490,436,4,0.0,0.0,0.0,0.0
12,32,2,0.0,0.0,0.0,0.0
62,375,4,0.0,0.0,0.0,0.0
523,43,3,0.0,0.0,0.0,0.0
713,126,5,0.0,0.0,0.0,0.0
769,366,1,0.0,0.0,0.0,0.0
491,15,1,0.0,0.0,0.0,0.0
563,238,3,1.0,1.0,0.0,0.0
829,471,5,0.0,0.0,0.0,0.0
629,86,1,0.0,0.0,0.0,0.0
23,102,1,0.0,0.0,0.0,0.0
336,56,1,0.0,0.0,0.0,0.0
485,492,4,0.0,0.0,0.0,0.0
223,366,4,0.0,0.0,0.0,0.0
354,430,1,1.0,1.0,0.0,0.0
21,9,3,0.0,0.0,0.0,0.0
873,110,1,0.0,0.0,0.0,0.0
784,190,4,0.0,0.0,0.0,0.0
136,264,1,1.0,0.0,0.0,0.0
341,482,5,0.0,0.0,0.0,0.0
555,251,2,0.0,0.0,0.0,0.0
384,84,4,0.0,0.0,0.0,0.0
729,427,3,0.0,0.0,0.0,0.0
457,142,2,0.0,0.0,0.0,0.0
555,446,2,0.0,0.0,0.0,0.0
26,284,3,0.0,0.0,0.0,0.0
344,440,5,0.0,0.0,0.0,0.0
311,196,5,0.0,0.0,0.0,0.0
23,320,1,0.0,0.0,0.0,0.0
750,141,5,0.0,0.0,0.0,0.0
507,393,1,0.0,0.0,0.0,0.0
495,428,1,0.0,0.0,0.0,0.0
212,147,3,0.0,0.0,0.0,0.0
421,343,5,0.0,0.0,0.0,0.0
2,165,4,0.0,0.0,0.0,0.0
252,325,5,1.0,0.0,0.0,0.0
540,398,4,0.0,0.0,0.0,0.0
951,421,1,0.0,0.0,0.0,0.0
735,355,5,0.0,0.0,0.0,0.0
158,116,2,0.0,0.0,0.0,0.0
886,36,3,0.0,0.0,0.0,1.0
838,223,3,0.0,0.0,0.0,0.0
649,255,5,0.0,0.0,0.0,0.0
889,105,1,0.0,0.0,0.0,0.0
655,197,1,0.0,0.0,0.0,0.0
352,274,3,0.0,0.0,0.0,0.0
172,75,3,0.0,0.0,0.0,0.0
506,100,2,0.0,0.0,0.0,0.0
471,337,4,0.0,0.0,0.0,0.0
4,132,4,0.0,0.0,0.0,0.0
37,233,2,0.0,0.0,0.0,0.0
442,411,1,0.0,0.0,0.0,0.0
587,23,3,0.0,0.0,0.0,0.0
818,400,2,0.0,0.0,0.0,0.0
602,87,4,0.0,0.0,0.0,0.0
337,93,1,0.0,0.0,0.0,0.0
996,459,4,0.0,0.0,0.0,0.0
667,93,3,0.0,0.0,0.0,0.0
715,444,3,0.0,0.0,0.0,0.0
955,415,2,0.0,0.0,0.0,0.0
519,106,5,1.0,1.0,0.0,0.0
202,155,4,0.0,0.0,0.0,0.0
952,384,3,0.0,0.0,0.0,0.0
702,424,5,0.0,0.0,0.0,0.0
375,159,5,1.0,0.0,0.0,0.0
176,269,2,0.0,0.0,0.0,0.0
578,154,3,0.0,0.0,0.0,0.0
304,35,5,0.0,0.0,0.0,0.0
924,77,2,0.0,0.0,0.0,0.0
926,89,3,0.0,0.0,0.0,0.0
184,22,1,0.0,0.0,0.0,0.0
311,164,4,0.0,0.0,0.0,0.0
40,417,2,0.0,0.0,0.0,0.0
530,72,1,0.0,0.0,0.0,0.0
30,379,1,0.0,0.0,0.0,0.0
362,136,4,1.0,0.0,0.0,0.0
608,208,2,0.0,0.0,0.0,0.0
82,247,4,0.0,0.0,0.0,0.0
824,264,1,0.0,0.0,0.0,0.0
818,325,1,0.0,0.0,0.0,0.0
436,490,4,0.0,0.0,0.0,0.0
203,33,5,0.0,0.0,0.0,0.0
275,110,1,0.0,0.0,0.0,0.0
411,490,2,0.0,0.0,0.0,0.0
23,230,1,0.0,0.0,0.0,0.0
906,175,2,0.0,0.0,0.0,0.0
68,357,5,0.0,0.0,0.0,0.0
418,342,5,0.0,0.0,0.0,0.0
461,393,1,0.0,0.0,0.0,0.0
217,20,1,0.0,0.0,0.0,0.0
89,20,5,0.0,0.0,0.0,0.0
500,58,5,0.0,0.0,0.0,0.0
560,497,4,1.0,0.0,0.0,0.0
836,274,4,0.0,0.0,0.0,0.0
340,488,3,0.0,0.0,0.0,0.0
774,377,4,0.0,0.0,0.0,0.0
928,263,4,0.0,0.0,0.0,0.0
853,273,3,0.0,0.0,0.0,0.0
399,49,1,1.0,0.0,0.0,0.0
869,486,4,0.0,0.0,0.0,0.0
82,191,1,1.0,0.0,0.0,0.0
448,393,4,0.0,0.0,0.0,0.0
460,62,5,1.0,0.0,0.0,0.0
120,150,3,0.0,0.0,0.0,0.0
182,411,3,0.0,0.0,0.0,0.0
440,10,3,0.0,0.0,0.0,0.0
518,17,2,0.0,0.0,0.0,0.0
456,385,1,0.0,0.0,0.0,0.0
69,164,4,0.0,0.0,0.0,0.0
778,323,4,0.0,0.0,0.0,0.0
12,196,1,0.0,0.0,0.0,0.0
757,244,1,0.0,0.0,0.0,0.0
945,368,3,0.0,0.0,0.0,0.0
485,54,5,0.0,0.0,0.0,1.0
647,226,3,1.0,0.0,1.0,0.0
21,472,4,0.0,0.0,0.0,0.0
982,450,3,0.0,0.0,0.0,0.0
192,349,4,0.0,0.0,0.0,1.0
706,280,4,0.0,0.0,0.0,0.0
316,364,4,0.0,0.0,0.0,0.0
54,173,4,0.0,0.0,0.0,0.0
148,203,2,0.0,0.0,0.0,0.0
513,197,3,1.0,1.0,0.0,0.0
374,436,4,0.0,0.0,0.0,0.0
468,50,5,1.0,1.0,0.0,0.0
664,200,4,0.0,0.0,0.0,0.0
319,145,4,0.0,0.0,0.0,0.0
293,7,5,0.0,0.0,0.0,0.0
37,400,2,0.0,0.0,0.0,0.0
728,324,3,0.0,0.0,0.0,0.0
996,18,1,1.0,0.0,0.0,0.0
371,67,5,0.0,0.0,0.0,0.0
148,419,3,1.0,1.0,0.0,0.0
556,242,4,0.0,0.0,0.0,0.0
716,212,5,0.0,0.0,0.0,0.0
48,214,1,0.0,0.0,0.0,0.0
236,180,5,0.0,0.0,0.0,0.0
665,207,4,0.0,0.0,0.0,0.0
236,179,1,0.0,0.0,0.0,0.0
354,244,2,0.0,0.0,0.0,0.0
388,78,4,0.0,0.0,0.0,0.0
492,86,3,0.0,0.0,0.0,0.0
177,49,2,0.0,0.0,0.0,0.0
151,217,5,0.0,0.0,0.0,0.0
55,341,1,0.0,0.0,0.0,0.0
678,449,4,1.0,1.0,0.0,0.0
366,243,4,0.0,0.0,0.0,0.0
663,441,1,0.0,0.0,0.0,0.0
63,361,5,0.0,0.0,0.0,0.0
784,340,1,0.0,0.0,0.0,0.0
756,360,5,0.0,0.0,0.0,0.0
853,412,1,0.0,0.0,0.0,0.0
45,139,2,0.0,0.0,0.0,0.0
356,162,3,0.0,0.0,0.0,0.0
560,397,4,0.0,0.0,0.0,0.0
557,159,2,0.0,0.0,0.0,0.0
506,269,5,0.0,0.0,0.0,0.0
181,106,5,0.0,0.0,0.0,0.0
103,461,2,0.0,0.0,0.0,0.0
943,45,2,1.0,0.0,0.0,0.0
292,149,2,0.0,0.0,0.0,0.0
219,334,3,0.0,0.0,0.0,0.0
707,181,3,0.0,0.0,0.0,0.0
205,64,5,0.0,0.0,0.0,0.0
483,30,5,0.0,0.0,0.0,0.0
97,393,5,0.0,0.0,0.0,0.0
185,247,2,0.0,0.0,0.0,0.0
900,148,1,0.0,0.0,0.0,0.0
948,3,3,2.0,0.0,0.0,0.0
188,125,5,0.0,0.0,0.0,0.0
879,274,1,0.0,0.0,0.0,0.0
738,187,3,0.0,0.0,0.0,0.0
181,467,2,0.0,0.0,0.0,1.0
770,490,3,1.0,1.0,0.0,0.0
147,420,5,1.0,0.0,1.0,0.0
780,364,5,0.0,0.0,0.0,0.0
415,328,1,0.0,0.0,0.0,0.0
552,474,4,0.0,0.0,0.0,0.0
784,213,5,1.0,0.0,0.0,0.0
758,214,2,0.0,0.0,0.0,0.0
11,107,4,0.0,0.0,0.0,0.0
887,195,3,0.0,0.0,0.0,0.0
466,153,1,0.0,0.0,0.0,0.0
547,478,2,0.0,0.0,0.0,0.0
318,70,4,0.0,0.0,0.0,0.0
971,246,4,0.0,0.0,0.0,0.0
94,176,2,0.0,0.0,0.0,0.0
270,370,5,0.0,0.0,0.0,0.0
223,150,2,0.0,0.0,0.0,0.0
933,61,5,1.0,0.0,0.0,0.0
816,45,2,0.0,0.0,0.0,0.0
958,137,2,0.0,0.0,0.0,0.0
749,34,4,0.0,0.0,0.0,0.0
359,40,4,0.0,0.0,0.0,0.0
106,168,3,1.0,0.0,1.0,0.0
109,52,2,0.0,0.0,0.0,0.0
745,55,4,0.0,0.0,0.0,0.0
231,365,4,0.0,0.0,0.0,0.0
516,86,2,1.0,0.0,1.0,0.0
684,115,3,0.0,0.0,0.0,0.0
795,122,1,0.0,0.0,0.0,0.0
910,304,5,0.0,0.0,0.0,0.0
286,236,2,1.0,0.0,0.0,0.0
487,306,1,0.0,0.0,0.0,0.0
474,345,4,0.0,0.0,0.0,0.0
4,341,1,0.0,0.0,0.0,0.0
845,173,2,0.0,0.0,0.0,0.0
943,244,2,0.0,0.0,0.0,0.0
674,209,4,0.0,0.0,0.0,0.0
318,71,2,0.0,0.0,0.0,0.0
245,14,4,0.0,0.0,0.0,0.0
611,16,4,0.0,0.0,0.0,0.0
911,79,3,0.0,0.0,0.0,0.0
976,116,4,0.0,0.0,0.0,0.0
346,378,2,0.0,0.0,0.0,0.0
727,148,2,0.0,0.0,0.0,0.0
48,144,5,0.0,0.0,0.0,0.0
953,120,3,0.0,0.0,0.0,0.0
928,471,4,0.0,0.0,0.0,0.0
552,467,1,0.0,0.0,0.0,0.0
245,468,1,0.0,0.0,0.0,0.0
60,295,2,0.0,0.0,0.0,0.0
710,25,5,0.0,0.0,0.0,0.0
951,89,3,0.0,0.0,0.0,0.0
732,500,4,0.0,0.0,0.0,0.0
253,386,5,0.0,0.0,0.0,0.0
451,83,3,0.0,0.0,0.0,0.0
800,38,1,0.0,0.0,0.0,0.0
237,492,5,0.0,0.0,0.0,0.0
243,266,3,0.0,0.0,0.0,0.0
893,172,3,0.0,0.0,0.0,0.0
697,137,2,0.0,0.0,0.0,0.0
343,280,4,0.0,0.0,0.0,0.0
516,312,5,1.0,0.0,1.0,0.0
542,234,3,0.0,0.0,0.0,0.0
410,71,5,0.0,0.0,0.0,0.0
957,210,1,0.0,0.0,0.0,0.0
543,276,4,0.0,0.0,0.0,0.0
850,91,5,0.0,0.0,0.0,0.0
180,410,2,0.0,0.0,0.0,0.0
540,452,4,0.0,0.0,0.0,0.0
638,325,1,0.0,0.0,0.0,0.0
635,180,4,0.0,0.0,0.0,0.0
356,413,2,0.0,0.0,0.0,0.0
946,73,3,0.0,0.0,0.0,0.0
539,270,5,0.0,0.0,0.0,0.0
50,301,2,0.0,0.0,0.0,1.0
436,5,2,0.0,0.0,0.0,0.0
675,83,1,0.0,0.0,0.0,0.0
168,323,2,0.0,0.0,0.0,0.0
162,468,1,0.0,0.0,0.0,0.0
398,67,1,0.0,0.0,0.0,0.0
571,393,5,0.0,0.0,0.0,0.0
485,218,2,0.0,0.0,0.0,0.0
59,338,3,0.0,0.0,0.0,0.0
60,282,4,0.0,0.0,0.0,0.0
908,77,3,0.0,0.0,0.0,0.0
49,72,4,0.0,0.0,0.0,0.0
727,400,5,0.0,0.0,0.0,0.0
770,140,2,0.0,0.0,0.0,0.0
164,248,1,0.0,0.0,0.0,0.0
643,452,1,0.0,0.0,0.0,0.0
609,358,3,0.0,0.0,0.0,0.0
798,227,1,1.0,1.0,0.0,0.0
15,467,5,0.0,0.0,0.0,0.0
998,111,3,0.0,0.0,0.0,0.0
185,439,4,0.0,0.0,0.0,0.0
115,349,5,0.0,0.0,0.0,0.0
369,176,3,0.0,0.0,0.0,0.0
535,310,1,0.0,0.0,0.0,0.0
926,363,3,0.0,0.0,0.0,0.0
375,166,3,0.0,0.0,0.0,0.0
62,197,2,0.0,0.0,0.0,0.0
601,236,1,0.0,0.0,0.0,0.0
733,124,1,1.0,1.0,0.0,0.0
792,398,5,0.0,0.0,0.0,0.0
555,258,1,0.0,0.0,0.0,0.0
867,104,3,0.0,0.0,0.0,0.0
561,261,1,0.0,0.0,0.0,0.0
972,478,3,0.0,0.0,0.0,0.0
944,312,1,0.0,0.0,0.0,0.0
12,465,1,0.0,0.0,0.0,0.0
525,459,5,0.0,0.0,0.0,0.0
373,104,3,0.0,0.0,0.0,0.0
172,397,1,0.0,0.0,0.0,0.0
172,295,3,0.0,0.0,0.0,0.0
183,463,2,0.0,0.0,0.0,0.0
295,303,3,0.0,0.0,0.0,0.0
934,100,1,1.0,0.0,0.0,0.0
79,184,2,0.0,0.0,0.0,0.0
33,251,3,0.0,0.0,0.0,0.0
339,259,2,0.0,0.0,0.0,0.0
163,316,3,0.0,0.0,0.0,0.0
519,209,5,0.0,0.0,0.0,1.0
754,128,3,0.0,0.0,0.0,0.0
818,459,1,0.0,0.0,0.0,1.0
99,217,4,1.0,0.0,0.0,0.0
234,163,1,1.0,0.0,1.0,0.0
15,451,2,0.0,0.0,0.0,0.0
404,420,4,0.0,0.0,0.0,0.0
672,411,4,0.0,0.0,0.0,0.0
923,382,2,1.0,0.0,0.0,0.0
470,17,2,0.0,0.0,0.0,0.0
605,102,3,0.0,0.0,0.0,0.0
433,355,2,0.0,0.0,0.0,0.0
152,152,4,0.0,0.0,0.0,0.0
474,427,1,0.0,0.0,0.0,0.0
205,286,5,0.0,0.0,0.0,0.0
486,442,2,0.0,0.0,0.0,0.0
830,56,1,0.0,0.0,0.0,0.0
355,75,3,0.0,0.0,0.0,0.0
696,44,3,0.0,0.0,0.0,0.0
277,279,1,0.0,0.0,0.0,0.0
645,9,2,0.0,0.0,0.0,0.0
541,256,3,0.0,0.0,0.0,0.0
605,161,3,0.0,0.0,0.0,0.0
652,225,4,0.0,0.0,0.0,0.0
42,481,2,0.0,0.0,0.0,0.0
654,156,4,0.0,0.0,0.0,0.0
42,114,4,0.0,0.0,0.0,0.0
839,165,1,0.0,0.0,0.0,0.0
780,266,4,0.0,0.0,0.0,0.0
385,317,4,0.0,0.0,0.0,0.0
281,430,2,0.0,0.0,0.0,0.0
113,71,2,0.0,0.0,0.0,0.0
205,261,1,0.0,0.0,0.0,0.0
696,308,5,0.0,0.0,0.0,0.0
171,181,1,0.0,0.0,0.0,0.0
884,266,5,0.0,0.0,0.0,0.0
631,17,3,0.0,0.0,0.0,0.0
38,40,2,0.0,0.0,0.0,0.0
807,157,5,0.0,0.0,0.0,0.0
258,370,1,0.0,0.0,0.0,0.0
370,427,3,0.0,0.0,0.0,1.0
409,70,3,0.0,0.0,0.0,0.0
617,285,3,0.0,0.0,0.0,0.0
597,219,5,0.0,0.0,0.0,0.0
950,144,2,0.0,0.0,0.0,0.0
278,199,3,1.0,0.0,0.0,0.0
4,12,4,0.0,0.0,0.0,0.0
242,113,4,0.0,0.0,0.0,0.0
210,65,3,0.0,0.0,0.0,0.0
687,370,4,0.0,0.0,0.0,0.0
788,209,4,0.0,0.0,0.0,0.0
924,268,1,0.0,0.0,0.0,0.0
486,349,5,0.0,0.0,0.0,0.0
845,82,1,0.0,0.0,0.0,0.0
188,365,2,0.0,0.0,0.0,0.0
790,400,4,0.0,0.0,0.0,0.0
537,493,1,0.0,0.0,0.0,0.0
288,8,3,0.0,0.0,0.0,0.0
781,368,3,0.0,0.0,0.0,0.0
670,114,3,0.0,0.0,0.0,0.0
449,88,4,1.0,0.0,0.0,0.0
783,443,3,0.0,0.0,0.0,0.0
145,278,4,0.0,0.0,0.0,0.0
148,458,3,0.0,0.0,0.0,0.0
475,168,2,0.0,0.0,0.0,0.0
859,14,5,0.0,0.0,0.0,0.0
932,150,3,0.0,0.0,0.0,0.0
280,286,4,0.0,0.0,0.0,0.0
854,387,2,0.0,0.0,0.0,0.0
407,228,3,0.0,0.0,0.0,0.0
409,93,4,0.0,0.0,0.0,0.0
236,351,4,0.0,0.0,0.0,0.0
442,66,5,1.0,0.0,0.0,0.0
187,280,5,0.0,0.0,0.0,0.0
911,266,5,0.0,0.0,0.0,0.0
557,422,3,0.0,0.0,0.0,0.0
413,63,2,0.0,0.0,0.0,0.0
264,205,3,0.0,0.0,0.0,0.0
532,85,3,0.0,0.0,0.0,0.0
856,262,1,0.0,0.0,0.0,0.0
773,102,2,1.0,0.0,0.0,0.0
4,20,1,0.0,0.0,0.0,0.0
928,402,4,0.0,0.0,0.0,0.0
874,187,2,0.0,0.0,0.0,0.0
770,33,5,0.0,0.0,0.0,0.0
745,226,4,0.0,0.0,0.0,0.0
104,314,1,2.0,1.0,0.0,0.0
234,230,1,0.0,0.0,0.0,0.0
733,44,2,0.0,0.0,0.0,0.0
442,474,5,0.0,0.0,0.0,0.0
943,186,3,0.0,0.0,0.0,0.0
60,175,5,0.0,0.0,0.0,0.0
76,8,2,0.0,0.0,0.0,0.0
224,318,1,0.0,0.0,0.0,0.0
147,469,3,0.0,0.0,0.0,0.0
25,246,3,0.0,0.0,0.0,0.0
841,407,1,1.0,1.0,0.0,0.0
441,223,2,0.0,0.0,0.0,0.0
634,300,1,0.0,0.0,0.0,0.0
672,334,3,0.0,0.0,0.0,0.0
27,431,4,1.0,1.0,0.0,0.0
812,255,1,0.0,0.0,0.0,0.0
419,490,1,0.0,0.0,0.0,0.0
798,228,1,0.0,0.0,0.0,0.0
259,416,1,0.0,0.0,0.0,0.0
635,323,5,0.0,0.0,0.0,0.0
759,104,1,0.0,0.0,0.0,0.0
123,286,5,0.0,0.0,0.0,0.0
753,29,4,0.0,0.0,0.0,0.0
850,241,2,0.0,0.0,0.0,0.0
849,380,1,1.0,0.0,0.0,1.0
78,380,1,0.0,0.0,0.0,0.0
153,229,3,0.0,0.0,0.0,0.0
724,76,1,0.0,0.0,0.0,0.0
638,313,5,1.0,1.0,0.0,0.0
41,391,4,0.0,0.0,0.0,0.0
226,257,2,0.0,0.0,0.0,0.0
335,124,3,0.0,0.0,0.0,0.0
849,102,4,0.0,0.0,0.0,0.0
276,305,5,0.0,0.0,0.0,0.0
537,332,2,0.0,0.0,0.0,0.0
508,121,2,0.0,0.0,0.0,0.0
552,65,4,0.0,0.0,0.0,0.0
520,473,2,0.0,0.0,0.0,0.0
953,22,5,0.0,0.0,0.0,0.0
725,79,1,0.0,0.0,0.0,0.0
545,378,2,0.0,0.0,0.0,0.0
341,166,1,0.0,0.0,0.0,0.0
447,127,2,0.0,0.0,0.0,0.0
864,370,5,0.0,0.0,0.0,0.0
458,437,5,1.0,0.0,0.0,0.0
114,313,2,0.0,0.0,0.0,0.0
26,30,3,0.0,0.0,0.0,0.0
619,182,1,0.0,0.0,0.0,0.0
253,488,4,1.0,0.0,0.0,0.0
63,343,4,0.0,0.0,0.0,0.0
751,240,5,0.0,0.0,0.0,0.0
526,429,1,1.0,0.0,0.0,0.0
850,499,3,0.0,0.0,0.0,0.0
929,339,2,0.0,0.0,0.0,0.0
212,479,2,0.0,0.0,0.0,0.0
201,226,1,0.0,0.0,0.0,0.0
767,205,4,0.0,0.0,0.0,0.0
351,368,3,0.0,0.0,0.0,0.0
81,281,5,0.0,0.0,0.0,0.0
448,270,4,0.0,0.0,0.0,0.0
102,274,2,0.0,0.0,0.0,0.0
956,175,3,0.0,0.0,0.0,0.0
684,283,4,0.0,0.0,0.0,0.0
169,354,5,0.0,0.0,0.0,0.0
827,139,5,0.0,0.0,0.0,0.0
728,265,1,0.0,0.0,0.0,0.0
631,426,3,0.0,0.0,0.0,0.0
606,211,2,0.0,0.0,0.0,0.0
256,372,4,0.0,0.0,0.0,0.0
618,200,1,0.0,0.0,0.0,0.0
208,122,4,0.0,0.0,0.0,0.0
